<?xml version="1.0" encoding="UTF-8"?>
<gpx creator="https://gpx.studio" version="1.1" xmlns="http://www.topografix.com/GPX/1/1" xmlns:xsi="http://www.w3.org/2001/XMLSchema-instance" xsi:schemaLocation="http://www.topografix.com/GPX/1/1 http://www.topografix.com/GPX/1/1/gpx.xsd http://www.garmin.com/xmlschemas/GpxExtensions/v3 http://www.garmin.com/xmlschemas/GpxExtensionsv3.xsd http://www.garmin.com/xmlschemas/TrackPointExtension/v1 http://www.garmin.com/xmlschemas/TrackPointExtensionv1.xsd http://www.garmin.com/xmlschemas/PowerExtension/v1 http://www.garmin.com/xmlschemas/PowerExtensionv1.xsd http://www.topografix.com/GPX/gpx_style/0/2 http://www.topografix.com/GPX/gpx_style/0/2/gpx_style.xsd" xmlns:gpxtpx="http://www.garmin.com/xmlschemas/TrackPointExtension/v1" xmlns:gpxx="http://www.garmin.com/xmlschemas/GpxExtensions/v3" xmlns:gpxpx="http://www.garmin.com/xmlschemas/PowerExtension/v1" xmlns:gpx_style="http://www.topografix.com/GPX/gpx_style/0/2">
  <metadata>
    <name>New file 1</name>
    <author>
      <name>gpx.studio</name>
      <link href="https://gpx.studio"/>
    </author>
  </metadata>
  <trk>
    <name>New file 1</name>
    <trkseg>
      <trkpt lat="51.48478" lon="-0.156019">
        <ele>4.92</ele>
      </trkpt>
      <trkpt lat="51.484912" lon="-0.155082">
        <ele>5</ele>
      </trkpt>
      <trkpt lat="51.484993" lon="-0.154573">
        <ele>4.76</ele>
      </trkpt>
      <trkpt lat="51.485189" lon="-0.153449">
        <ele>5</ele>
      </trkpt>
      <trkpt lat="51.48539" lon="-0.152082">
        <ele>5.19</ele>
      </trkpt>
      <trkpt lat="51.485541" lon="-0.151274">
        <ele>7.48</ele>
      </trkpt>
      <trkpt lat="51.485627" lon="-0.151083">
        <ele>8</ele>
      </trkpt>
      <trkpt lat="51.485738" lon="-0.150652">
        <ele>9</ele>
      </trkpt>
      <trkpt lat="51.485825" lon="-0.150262">
        <ele>9.39</ele>
      </trkpt>
      <trkpt lat="51.485847" lon="-0.150141">
        <ele>9.83</ele>
      </trkpt>
      <trkpt lat="51.485871" lon="-0.149912">
        <ele>9.36</ele>
      </trkpt>
      <trkpt lat="51.485864" lon="-0.149711">
        <ele>8.81</ele>
      </trkpt>
      <trkpt lat="51.485838" lon="-0.14953">
        <ele>8.79</ele>
      </trkpt>
      <trkpt lat="51.485794" lon="-0.149443">
        <ele>8.6</ele>
      </trkpt>
      <trkpt lat="51.485772" lon="-0.149115">
        <ele>2.23</ele>
      </trkpt>
      <trkpt lat="51.485768" lon="-0.148686">
        <ele>7.03</ele>
      </trkpt>
      <trkpt lat="51.485765" lon="-0.14775">
        <ele>5.99</ele>
      </trkpt>
      <trkpt lat="51.48578" lon="-0.146951">
        <ele>5</ele>
      </trkpt>
      <trkpt lat="51.485778" lon="-0.146598">
        <ele>5.31</ele>
      </trkpt>
      <trkpt lat="51.485767" lon="-0.146305">
        <ele>5</ele>
      </trkpt>
      <trkpt lat="51.485697" lon="-0.145449">
        <ele>5</ele>
      </trkpt>
      <trkpt lat="51.485578" lon="-0.144408">
        <ele>5</ele>
      </trkpt>
      <trkpt lat="51.485447" lon="-0.143459">
        <ele>4.96</ele>
      </trkpt>
      <trkpt lat="51.485346" lon="-0.142768">
        <ele>6</ele>
      </trkpt>
      <trkpt lat="51.485315" lon="-0.142562">
        <ele>5</ele>
      </trkpt>
      <trkpt lat="51.485069" lon="-0.14108">
        <ele>5</ele>
      </trkpt>
      <trkpt lat="51.484931" lon="-0.140115">
        <ele>5</ele>
      </trkpt>
      <trkpt lat="51.484912" lon="-0.139708">
        <ele>5</ele>
      </trkpt>
      <trkpt lat="51.484932" lon="-0.139243">
        <ele>5</ele>
      </trkpt>
      <trkpt lat="51.484963" lon="-0.138973">
        <ele>5</ele>
      </trkpt>
      <trkpt lat="51.485204" lon="-0.137543">
        <ele>5</ele>
      </trkpt>
      <trkpt lat="51.485263" lon="-0.137139">
        <ele>5</ele>
      </trkpt>
      <trkpt lat="51.485669" lon="-0.134786">
        <ele>5</ele>
      </trkpt>
      <trkpt lat="51.485725" lon="-0.134705">
        <ele>4.96</ele>
      </trkpt>
      <trkpt lat="51.485775" lon="-0.134434">
        <ele>5</ele>
      </trkpt>
      <trkpt lat="51.485867" lon="-0.133917">
        <ele>5</ele>
      </trkpt>
      <trkpt lat="51.485839" lon="-0.133821">
        <ele>5</ele>
      </trkpt>
      <trkpt lat="51.486019" lon="-0.132849">
        <ele>5</ele>
      </trkpt>
      <trkpt lat="51.486072" lon="-0.132773">
        <ele>5</ele>
      </trkpt>
      <trkpt lat="51.486107" lon="-0.13262">
        <ele>5</ele>
      </trkpt>
      <trkpt lat="51.486231" lon="-0.132167">
        <ele>5</ele>
      </trkpt>
      <trkpt lat="51.486343" lon="-0.131839">
        <ele>5</ele>
      </trkpt>
      <trkpt lat="51.486412" lon="-0.131666">
        <ele>5</ele>
      </trkpt>
      <trkpt lat="51.486502" lon="-0.131473">
        <ele>5.11</ele>
      </trkpt>
      <trkpt lat="51.486568" lon="-0.131354">
        <ele>5</ele>
      </trkpt>
      <trkpt lat="51.48671" lon="-0.131158">
        <ele>5.66</ele>
      </trkpt>
      <trkpt lat="51.486823" lon="-0.131037">
        <ele>5.71</ele>
      </trkpt>
      <trkpt lat="51.486979" lon="-0.130911">
        <ele>5.75</ele>
      </trkpt>
      <trkpt lat="51.487695" lon="-0.130506">
        <ele>6</ele>
      </trkpt>
      <trkpt lat="51.488071" lon="-0.130228">
        <ele>5.86</ele>
      </trkpt>
      <trkpt lat="51.48824" lon="-0.130083">
        <ele>6</ele>
      </trkpt>
      <trkpt lat="51.488496" lon="-0.129817">
        <ele>6</ele>
      </trkpt>
      <trkpt lat="51.488706" lon="-0.129536">
        <ele>6</ele>
      </trkpt>
      <trkpt lat="51.488794" lon="-0.129431">
        <ele>6</ele>
      </trkpt>
      <trkpt lat="51.488905" lon="-0.129247">
        <ele>6</ele>
      </trkpt>
      <trkpt lat="51.489058" lon="-0.128962">
        <ele>5.84</ele>
      </trkpt>
      <trkpt lat="51.489221" lon="-0.128631">
        <ele>5</ele>
      </trkpt>
      <trkpt lat="51.489389" lon="-0.128244">
        <ele>4.84</ele>
      </trkpt>
      <trkpt lat="51.489575" lon="-0.127754">
        <ele>5</ele>
      </trkpt>
      <trkpt lat="51.489603" lon="-0.127701">
        <ele>4.64</ele>
      </trkpt>
      <trkpt lat="51.489668" lon="-0.127517">
        <ele>4.66</ele>
      </trkpt>
      <trkpt lat="51.489785" lon="-0.127301">
        <ele>4.05</ele>
      </trkpt>
      <trkpt lat="51.48986" lon="-0.127185">
        <ele>4</ele>
      </trkpt>
      <trkpt lat="51.489952" lon="-0.127076">
        <ele>4</ele>
      </trkpt>
      <trkpt lat="51.490156" lon="-0.12687">
        <ele>4</ele>
      </trkpt>
      <trkpt lat="51.490196" lon="-0.126831">
        <ele>4</ele>
      </trkpt>
      <trkpt lat="51.490498" lon="-0.126601">
        <ele>4</ele>
      </trkpt>
      <trkpt lat="51.491417" lon="-0.12583">
        <ele>4</ele>
      </trkpt>
      <trkpt lat="51.491555" lon="-0.125728">
        <ele>4</ele>
      </trkpt>
      <trkpt lat="51.492425" lon="-0.125331">
        <ele>4</ele>
      </trkpt>
      <trkpt lat="51.492744" lon="-0.125224">
        <ele>4</ele>
      </trkpt>
      <trkpt lat="51.492827" lon="-0.12513">
        <ele>4</ele>
      </trkpt>
      <trkpt lat="51.49293" lon="-0.125111">
        <ele>4</ele>
      </trkpt>
      <trkpt lat="51.493416" lon="-0.125119">
        <ele>4.85</ele>
      </trkpt>
      <trkpt lat="51.493826" lon="-0.125153">
        <ele>5</ele>
      </trkpt>
      <trkpt lat="51.494192" lon="-0.125168">
        <ele>5.73</ele>
      </trkpt>
      <trkpt lat="51.494491" lon="-0.125161">
        <ele>5.97</ele>
      </trkpt>
      <trkpt lat="51.494537" lon="-0.125228">
        <ele>6</ele>
      </trkpt>
      <trkpt lat="51.494854" lon="-0.125224">
        <ele>6.67</ele>
      </trkpt>
      <trkpt lat="51.494994" lon="-0.125206">
        <ele>6.02</ele>
      </trkpt>
      <trkpt lat="51.495055" lon="-0.12516">
        <ele>5.95</ele>
      </trkpt>
      <trkpt lat="51.495182" lon="-0.125173">
        <ele>5.5</ele>
      </trkpt>
      <trkpt lat="51.495407" lon="-0.125241">
        <ele>5</ele>
      </trkpt>
      <trkpt lat="51.495981" lon="-0.125388">
        <ele>5</ele>
      </trkpt>
      <trkpt lat="51.496944" lon="-0.125606">
        <ele>4</ele>
      </trkpt>
      <trkpt lat="51.497563" lon="-0.1257">
        <ele>4.65</ele>
      </trkpt>
      <trkpt lat="51.497915" lon="-0.12573">
        <ele>5</ele>
      </trkpt>
      <trkpt lat="51.498258" lon="-0.125742">
        <ele>4.07</ele>
      </trkpt>
      <trkpt lat="51.498697" lon="-0.125863">
        <ele>5</ele>
      </trkpt>
      <trkpt lat="51.4995" lon="-0.126156">
        <ele>4.532420586177314</ele>
      </trkpt>
      <trkpt lat="51.49994920080926" lon="-0.1261233579410921">
        <ele>3.61056713407255</ele>
      </trkpt>
      <trkpt lat="51.50014412791327" lon="-0.126109193180298">
        <ele>3.48123989421373</ele>
      </trkpt>
      <trkpt lat="51.5003915415096" lon="-0.12616880986306">
        <ele>4.644129266709035</ele>
      </trkpt>
      <trkpt lat="51.50084111442128" lon="-0.1261545791638274">
        <ele>5.27478495305799</ele>
      </trkpt>
      <trkpt lat="51.50101934104484" lon="-0.12614893761067947">
        <ele>5.625744796039729</ele>
      </trkpt>
      <trkpt lat="51.50098824312394" lon="-0.1254283229417891">
        <ele>5.931067154245981</ele>
      </trkpt>
      <trkpt lat="51.50095714520304" lon="-0.12470770827289875">
        <ele>7.246535900636546</ele>
      </trkpt>
      <trkpt lat="51.50093777185856" lon="-0.1242587806334825">
        <ele>7.821480106358072</ele>
      </trkpt>
      <trkpt lat="51.50137973034485" lon="-0.12412566019760266">
        <ele>7.581118855577758</ele>
      </trkpt>
      <trkpt lat="51.501481" lon="-0.124085">
        <ele>7</ele>
      </trkpt>
      <trkpt lat="51.501495" lon="-0.124064">
        <ele>7</ele>
      </trkpt>
      <trkpt lat="51.501692" lon="-0.124051">
        <ele>7</ele>
      </trkpt>
      <trkpt lat="51.501953" lon="-0.123995">
        <ele>6.41</ele>
      </trkpt>
      <trkpt lat="51.502491" lon="-0.123857">
        <ele>5.39</ele>
      </trkpt>
      <trkpt lat="51.503786" lon="-0.123485">
        <ele>4.54</ele>
      </trkpt>
      <trkpt lat="51.504655" lon="-0.123225">
        <ele>4.46</ele>
      </trkpt>
      <trkpt lat="51.506046" lon="-0.122701">
        <ele>4</ele>
      </trkpt>
      <trkpt lat="51.506265" lon="-0.122588">
        <ele>4.63</ele>
      </trkpt>
      <trkpt lat="51.50632" lon="-0.122522">
        <ele>4.59</ele>
      </trkpt>
      <trkpt lat="51.506393" lon="-0.12248">
        <ele>5</ele>
      </trkpt>
      <trkpt lat="51.506463" lon="-0.122418">
        <ele>4.74</ele>
      </trkpt>
      <trkpt lat="51.506907" lon="-0.122112">
        <ele>4</ele>
      </trkpt>
      <trkpt lat="51.507944" lon="-0.121267">
        <ele>4</ele>
      </trkpt>
      <trkpt lat="51.508197" lon="-0.121028">
        <ele>4.37</ele>
      </trkpt>
      <trkpt lat="51.508419" lon="-0.120801">
        <ele>4.65</ele>
      </trkpt>
      <trkpt lat="51.508613" lon="-0.120586">
        <ele>4.19</ele>
      </trkpt>
      <trkpt lat="51.509113" lon="-0.11986">
        <ele>4.94</ele>
      </trkpt>
      <trkpt lat="51.509442" lon="-0.11928">
        <ele>4.77</ele>
      </trkpt>
      <trkpt lat="51.509553" lon="-0.119058">
        <ele>5</ele>
      </trkpt>
      <trkpt lat="51.509596" lon="-0.119047">
        <ele>5</ele>
      </trkpt>
      <trkpt lat="51.509651" lon="-0.118924">
        <ele>5</ele>
      </trkpt>
      <trkpt lat="51.509709" lon="-0.118767">
        <ele>5</ele>
      </trkpt>
      <trkpt lat="51.509723" lon="-0.11867">
        <ele>5</ele>
      </trkpt>
      <trkpt lat="51.509765" lon="-0.118565">
        <ele>5</ele>
      </trkpt>
      <trkpt lat="51.509997" lon="-0.117864">
        <ele>4.47</ele>
      </trkpt>
      <trkpt lat="51.510157" lon="-0.117348">
        <ele>4</ele>
      </trkpt>
      <trkpt lat="51.510299" lon="-0.116858">
        <ele>4.27</ele>
      </trkpt>
      <trkpt lat="51.510391" lon="-0.116489">
        <ele>4.44</ele>
      </trkpt>
      <trkpt lat="51.510572" lon="-0.115652">
        <ele>4.96</ele>
      </trkpt>
      <trkpt lat="51.510619" lon="-0.115572">
        <ele>5</ele>
      </trkpt>
      <trkpt lat="51.510679" lon="-0.115271">
        <ele>5</ele>
      </trkpt>
      <trkpt lat="51.510669" lon="-0.115092">
        <ele>5</ele>
      </trkpt>
      <trkpt lat="51.51075" lon="-0.114602">
        <ele>5</ele>
      </trkpt>
      <trkpt lat="51.510912" lon="-0.113454">
        <ele>4.54</ele>
      </trkpt>
      <trkpt lat="51.511009" lon="-0.112485">
        <ele>5</ele>
      </trkpt>
      <trkpt lat="51.511044" lon="-0.112026">
        <ele>5</ele>
      </trkpt>
      <trkpt lat="51.51106" lon="-0.111562">
        <ele>4.65</ele>
      </trkpt>
      <trkpt lat="51.511072" lon="-0.110721">
        <ele>4.2</ele>
      </trkpt>
      <trkpt lat="51.511048" lon="-0.107798">
        <ele>5</ele>
      </trkpt>
      <trkpt lat="51.511032" lon="-0.107019">
        <ele>5</ele>
      </trkpt>
      <trkpt lat="51.511026" lon="-0.105888">
        <ele>4.36</ele>
      </trkpt>
      <trkpt lat="51.511016" lon="-0.104093">
        <ele>2.8</ele>
      </trkpt>
      <trkpt lat="51.511004" lon="-0.102855">
        <ele>4.13</ele>
      </trkpt>
      <trkpt lat="51.511033" lon="-0.102657">
        <ele>4.34</ele>
      </trkpt>
      <trkpt lat="51.511057" lon="-0.102363">
        <ele>4.34</ele>
      </trkpt>
      <trkpt lat="51.511058" lon="-0.102348">
        <ele>4.34</ele>
      </trkpt>
      <trkpt lat="51.511099" lon="-0.102375">
        <ele>4.01</ele>
      </trkpt>
      <trkpt lat="51.511145" lon="-0.102365">
        <ele>4.38</ele>
      </trkpt>
      <trkpt lat="51.511382" lon="-0.102297">
        <ele>5</ele>
      </trkpt>
      <trkpt lat="51.511896" lon="-0.102179">
        <ele>6.5</ele>
      </trkpt>
      <trkpt lat="51.51198" lon="-0.102127">
        <ele>7</ele>
      </trkpt>
      <trkpt lat="51.512174" lon="-0.102042">
        <ele>7.73</ele>
      </trkpt>
      <trkpt lat="51.512179" lon="-0.10204">
        <ele>7.76</ele>
      </trkpt>
      <trkpt lat="51.512178" lon="-0.101942">
        <ele>8</ele>
      </trkpt>
      <trkpt lat="51.512175" lon="-0.101735">
        <ele>8</ele>
      </trkpt>
      <trkpt lat="51.512149" lon="-0.101332">
        <ele>8.82</ele>
      </trkpt>
      <trkpt lat="51.512105" lon="-0.101248">
        <ele>8.55</ele>
      </trkpt>
      <trkpt lat="51.512015" lon="-0.099734">
        <ele>10</ele>
      </trkpt>
      <trkpt lat="51.512036" lon="-0.099557">
        <ele>10</ele>
      </trkpt>
      <trkpt lat="51.511994" lon="-0.098816">
        <ele>11</ele>
      </trkpt>
      <trkpt lat="51.511964" lon="-0.09875">
        <ele>11</ele>
      </trkpt>
      <trkpt lat="51.511912" lon="-0.097847">
        <ele>12</ele>
      </trkpt>
      <trkpt lat="51.511929" lon="-0.097793">
        <ele>12</ele>
      </trkpt>
      <trkpt lat="51.511924" lon="-0.09765">
        <ele>12</ele>
      </trkpt>
      <trkpt lat="51.511906" lon="-0.097535">
        <ele>12</ele>
      </trkpt>
      <trkpt lat="51.511904" lon="-0.097347">
        <ele>12</ele>
      </trkpt>
      <trkpt lat="51.511915" lon="-0.097235">
        <ele>12</ele>
      </trkpt>
      <trkpt lat="51.511925" lon="-0.096694">
        <ele>13</ele>
      </trkpt>
      <trkpt lat="51.511946" lon="-0.096427">
        <ele>13.92</ele>
      </trkpt>
      <trkpt lat="51.511995" lon="-0.095965">
        <ele>14</ele>
      </trkpt>
      <trkpt lat="51.511977" lon="-0.095798">
        <ele>14</ele>
      </trkpt>
      <trkpt lat="51.512262" lon="-0.09432">
        <ele>14</ele>
      </trkpt>
      <trkpt lat="51.512316" lon="-0.094264">
        <ele>14</ele>
      </trkpt>
      <trkpt lat="51.512385" lon="-0.093898">
        <ele>14</ele>
      </trkpt>
      <trkpt lat="51.512435" lon="-0.093732">
        <ele>14</ele>
      </trkpt>
      <trkpt lat="51.512524" lon="-0.093274">
        <ele>14.1</ele>
      </trkpt>
      <trkpt lat="51.512695" lon="-0.092499">
        <ele>13</ele>
      </trkpt>
      <trkpt lat="51.512744" lon="-0.092255">
        <ele>13</ele>
      </trkpt>
      <trkpt lat="51.512729" lon="-0.092198">
        <ele>13</ele>
      </trkpt>
      <trkpt lat="51.51287" lon="-0.091621">
        <ele>11.949169272446106</ele>
      </trkpt>
      <trkpt lat="51.51301464972636" lon="-0.0909368684739106">
        <ele>12.276087485162504</ele>
      </trkpt>
      <trkpt lat="51.51315929945272" lon="-0.09025273694782118">
        <ele>12.377371083919357</ele>
      </trkpt>
      <trkpt lat="51.51330394917907" lon="-0.08956860542173178">
        <ele>12.822924394736745</ele>
      </trkpt>
      <trkpt lat="51.51342658185462" lon="-0.08898860515776619">
        <ele>13.789666104799611</ele>
      </trkpt>
      <trkpt lat="51.513432" lon="-0.08896">
        <ele>13.71</ele>
      </trkpt>
      <trkpt lat="51.513406" lon="-0.088946">
        <ele>13.87</ele>
      </trkpt>
      <trkpt lat="51.513403" lon="-0.088706">
        <ele>14</ele>
      </trkpt>
      <trkpt lat="51.513382" lon="-0.088538">
        <ele>14</ele>
      </trkpt>
      <trkpt lat="51.513372" lon="-0.088268">
        <ele>14.2</ele>
      </trkpt>
      <trkpt lat="51.51336" lon="-0.088135">
        <ele>14.13</ele>
      </trkpt>
      <trkpt lat="51.513372" lon="-0.088059">
        <ele>14.26</ele>
      </trkpt>
      <trkpt lat="51.51337" lon="-0.087933">
        <ele>14.81</ele>
      </trkpt>
      <trkpt lat="51.513361" lon="-0.087878">
        <ele>15</ele>
      </trkpt>
      <trkpt lat="51.513331" lon="-0.087815">
        <ele>15</ele>
      </trkpt>
      <trkpt lat="51.513323" lon="-0.087446">
        <ele>15</ele>
      </trkpt>
      <trkpt lat="51.513363" lon="-0.086412">
        <ele>16</ele>
      </trkpt>
      <trkpt lat="51.513367" lon="-0.086071">
        <ele>16.12</ele>
      </trkpt>
      <trkpt lat="51.513406" lon="-0.084963">
        <ele>17.02</ele>
      </trkpt>
      <trkpt lat="51.513416" lon="-0.084138">
        <ele>18</ele>
      </trkpt>
      <trkpt lat="51.513428" lon="-0.083605">
        <ele>17.02</ele>
      </trkpt>
      <trkpt lat="51.513468" lon="-0.082503">
        <ele>15.9</ele>
      </trkpt>
      <trkpt lat="51.513505" lon="-0.081729">
        <ele>16</ele>
      </trkpt>
      <trkpt lat="51.513519" lon="-0.08133">
        <ele>16.38</ele>
      </trkpt>
      <trkpt lat="51.513513" lon="-0.081168">
        <ele>16.45</ele>
      </trkpt>
      <trkpt lat="51.513448" lon="-0.080343">
        <ele>16</ele>
      </trkpt>
      <trkpt lat="51.513389" lon="-0.079838">
        <ele>16</ele>
      </trkpt>
      <trkpt lat="51.513317" lon="-0.079306">
        <ele>16.27</ele>
      </trkpt>
      <trkpt lat="51.513273" lon="-0.078618">
        <ele>16</ele>
      </trkpt>
      <trkpt lat="51.513244" lon="-0.077991">
        <ele>16</ele>
      </trkpt>
      <trkpt lat="51.513252" lon="-0.077692">
        <ele>16</ele>
      </trkpt>
      <trkpt lat="51.513296" lon="-0.077653">
        <ele>16</ele>
      </trkpt>
      <trkpt lat="51.513346" lon="-0.077527">
        <ele>15.98</ele>
      </trkpt>
      <trkpt lat="51.513489" lon="-0.077117">
        <ele>15.76</ele>
      </trkpt>
      <trkpt lat="51.513581" lon="-0.076771">
        <ele>16</ele>
      </trkpt>
      <trkpt lat="51.513573" lon="-0.076713">
        <ele>16</ele>
      </trkpt>
      <trkpt lat="51.513759" lon="-0.076106">
        <ele>16</ele>
      </trkpt>
      <trkpt lat="51.514028" lon="-0.075297">
        <ele>16</ele>
      </trkpt>
      <trkpt lat="51.514333" lon="-0.074432">
        <ele>15</ele>
      </trkpt>
      <trkpt lat="51.514408" lon="-0.074345">
        <ele>15</ele>
      </trkpt>
      <trkpt lat="51.514536" lon="-0.074001">
        <ele>15</ele>
      </trkpt>
      <trkpt lat="51.514589" lon="-0.07386">
        <ele>15</ele>
      </trkpt>
      <trkpt lat="51.514635" lon="-0.07368">
        <ele>15</ele>
      </trkpt>
      <trkpt lat="51.514637" lon="-0.073561">
        <ele>15</ele>
      </trkpt>
      <trkpt lat="51.51494" lon="-0.072691">
        <ele>14</ele>
      </trkpt>
      <trkpt lat="51.515044" lon="-0.072368">
        <ele>14</ele>
      </trkpt>
      <trkpt lat="51.515094" lon="-0.072331">
        <ele>14</ele>
      </trkpt>
      <trkpt lat="51.515246" lon="-0.07191">
        <ele>14</ele>
      </trkpt>
      <trkpt lat="51.515268" lon="-0.071861">
        <ele>14</ele>
      </trkpt>
      <trkpt lat="51.515325" lon="-0.071773">
        <ele>14</ele>
      </trkpt>
      <trkpt lat="51.515364" lon="-0.071658">
        <ele>14</ele>
      </trkpt>
      <trkpt lat="51.515397" lon="-0.071521">
        <ele>13.86</ele>
      </trkpt>
      <trkpt lat="51.515837" lon="-0.070263">
        <ele>13</ele>
      </trkpt>
      <trkpt lat="51.515899" lon="-0.070114">
        <ele>13</ele>
      </trkpt>
      <trkpt lat="51.516079" lon="-0.069746">
        <ele>13</ele>
      </trkpt>
      <trkpt lat="51.51624" lon="-0.069383">
        <ele>13</ele>
      </trkpt>
      <trkpt lat="51.516259" lon="-0.069335">
        <ele>13</ele>
      </trkpt>
      <trkpt lat="51.51626" lon="-0.069263">
        <ele>13.23</ele>
      </trkpt>
      <trkpt lat="51.516797" lon="-0.068104">
        <ele>13.01</ele>
      </trkpt>
      <trkpt lat="51.516907" lon="-0.067883">
        <ele>13.49</ele>
      </trkpt>
      <trkpt lat="51.517113" lon="-0.0674">
        <ele>13.8</ele>
      </trkpt>
      <trkpt lat="51.517221" lon="-0.067121">
        <ele>13</ele>
      </trkpt>
      <trkpt lat="51.51762" lon="-0.065897">
        <ele>13</ele>
      </trkpt>
      <trkpt lat="51.518141" lon="-0.06406">
        <ele>13</ele>
      </trkpt>
      <trkpt lat="51.518341" lon="-0.063272">
        <ele>13</ele>
      </trkpt>
      <trkpt lat="51.5184" lon="-0.063191">
        <ele>13</ele>
      </trkpt>
      <trkpt lat="51.51843" lon="-0.063011">
        <ele>13</ele>
      </trkpt>
      <trkpt lat="51.518445" lon="-0.062937">
        <ele>13</ele>
      </trkpt>
      <trkpt lat="51.518493" lon="-0.062819">
        <ele>13</ele>
      </trkpt>
      <trkpt lat="51.518603" lon="-0.062842">
        <ele>12.88</ele>
      </trkpt>
      <trkpt lat="51.518718" lon="-0.062904">
        <ele>11.65</ele>
      </trkpt>
      <trkpt lat="51.519122" lon="-0.063112">
        <ele>13</ele>
      </trkpt>
      <trkpt lat="51.519607" lon="-0.06334">
        <ele>13</ele>
      </trkpt>
      <trkpt lat="51.519692" lon="-0.063394">
        <ele>13</ele>
      </trkpt>
      <trkpt lat="51.519705" lon="-0.063428">
        <ele>13</ele>
      </trkpt>
      <trkpt lat="51.519741" lon="-0.063457">
        <ele>13</ele>
      </trkpt>
      <trkpt lat="51.519774" lon="-0.063443">
        <ele>13.01</ele>
      </trkpt>
      <trkpt lat="51.519856" lon="-0.063499">
        <ele>13</ele>
      </trkpt>
      <trkpt lat="51.520347" lon="-0.063783">
        <ele>12.93</ele>
      </trkpt>
      <trkpt lat="51.520964" lon="-0.064069">
        <ele>12</ele>
      </trkpt>
      <trkpt lat="51.521809" lon="-0.064394">
        <ele>11</ele>
      </trkpt>
      <trkpt lat="51.52204" lon="-0.064381">
        <ele>10.92</ele>
      </trkpt>
      <trkpt lat="51.522401" lon="-0.064317">
        <ele>11</ele>
      </trkpt>
      <trkpt lat="51.522936" lon="-0.064203">
        <ele>11</ele>
      </trkpt>
      <trkpt lat="51.523147" lon="-0.064142">
        <ele>11</ele>
      </trkpt>
      <trkpt lat="51.523304" lon="-0.064087">
        <ele>11</ele>
      </trkpt>
      <trkpt lat="51.523521" lon="-0.063991">
        <ele>11</ele>
      </trkpt>
      <trkpt lat="51.523662" lon="-0.063948">
        <ele>11</ele>
      </trkpt>
      <trkpt lat="51.523737" lon="-0.06394">
        <ele>11.09</ele>
      </trkpt>
      <trkpt lat="51.524084" lon="-0.063957">
        <ele>12.05</ele>
      </trkpt>
      <trkpt lat="51.524166" lon="-0.063976">
        <ele>12.13</ele>
      </trkpt>
      <trkpt lat="51.524327" lon="-0.064037">
        <ele>12.88</ele>
      </trkpt>
      <trkpt lat="51.525101" lon="-0.064246">
        <ele>13</ele>
      </trkpt>
      <trkpt lat="51.525658" lon="-0.064413">
        <ele>14</ele>
      </trkpt>
      <trkpt lat="51.526538" lon="-0.064648">
        <ele>15</ele>
      </trkpt>
      <trkpt lat="51.526462" lon="-0.064622">
        <ele>15</ele>
      </trkpt>
      <trkpt lat="51.52656" lon="-0.063684">
        <ele>15</ele>
      </trkpt>
      <trkpt lat="51.526608" lon="-0.063139">
        <ele>15</ele>
      </trkpt>
      <trkpt lat="51.526905" lon="-0.060564">
        <ele>15</ele>
      </trkpt>
      <trkpt lat="51.52694" lon="-0.060185">
        <ele>14.02</ele>
      </trkpt>
      <trkpt lat="51.527111" lon="-0.058798">
        <ele>14</ele>
      </trkpt>
      <trkpt lat="51.527184" lon="-0.058146">
        <ele>14.65</ele>
      </trkpt>
      <trkpt lat="51.527335" lon="-0.056962">
        <ele>14</ele>
      </trkpt>
      <trkpt lat="51.527375" lon="-0.056689">
        <ele>14</ele>
      </trkpt>
      <trkpt lat="51.527454" lon="-0.055995">
        <ele>14</ele>
      </trkpt>
      <trkpt lat="51.527465" lon="-0.05584">
        <ele>14</ele>
      </trkpt>
      <trkpt lat="51.527474" lon="-0.05551">
        <ele>14</ele>
      </trkpt>
      <trkpt lat="51.527517" lon="-0.055509">
        <ele>14</ele>
      </trkpt>
      <trkpt lat="51.527993" lon="-0.055505">
        <ele>14</ele>
      </trkpt>
      <trkpt lat="51.528615" lon="-0.0556">
        <ele>14</ele>
      </trkpt>
      <trkpt lat="51.528799" lon="-0.05566">
        <ele>14</ele>
      </trkpt>
      <trkpt lat="51.529483" lon="-0.055921">
        <ele>14</ele>
      </trkpt>
      <trkpt lat="51.530524" lon="-0.05627">
        <ele>14</ele>
      </trkpt>
      <trkpt lat="51.530652" lon="-0.056328">
        <ele>14</ele>
      </trkpt>
      <trkpt lat="51.530676" lon="-0.056392">
        <ele>14</ele>
      </trkpt>
      <trkpt lat="51.530766" lon="-0.056434">
        <ele>14</ele>
      </trkpt>
      <trkpt lat="51.530806" lon="-0.056404">
        <ele>14</ele>
      </trkpt>
      <trkpt lat="51.531442" lon="-0.056723">
        <ele>14</ele>
      </trkpt>
      <trkpt lat="51.532019" lon="-0.056905">
        <ele>15</ele>
      </trkpt>
      <trkpt lat="51.532361" lon="-0.056997">
        <ele>15</ele>
      </trkpt>
      <trkpt lat="51.532399" lon="-0.057057">
        <ele>15.04</ele>
      </trkpt>
      <trkpt lat="51.532548" lon="-0.057132">
        <ele>16</ele>
      </trkpt>
      <trkpt lat="51.532761" lon="-0.057187">
        <ele>16</ele>
      </trkpt>
      <trkpt lat="51.532806" lon="-0.057147">
        <ele>16</ele>
      </trkpt>
      <trkpt lat="51.533323" lon="-0.057259">
        <ele>16</ele>
      </trkpt>
      <trkpt lat="51.533526" lon="-0.057289">
        <ele>16</ele>
      </trkpt>
      <trkpt lat="51.533887" lon="-0.057312">
        <ele>16</ele>
      </trkpt>
      <trkpt lat="51.534246" lon="-0.057298">
        <ele>17</ele>
      </trkpt>
      <trkpt lat="51.534421" lon="-0.05729">
        <ele>15.94</ele>
      </trkpt>
      <trkpt lat="51.534601" lon="-0.057274">
        <ele>16.61</ele>
      </trkpt>
      <trkpt lat="51.534877" lon="-0.057211">
        <ele>16.7</ele>
      </trkpt>
      <trkpt lat="51.535153" lon="-0.057189">
        <ele>17</ele>
      </trkpt>
      <trkpt lat="51.535193" lon="-0.057219">
        <ele>17</ele>
      </trkpt>
      <trkpt lat="51.535225" lon="-0.057219">
        <ele>17</ele>
      </trkpt>
      <trkpt lat="51.536002" lon="-0.057183">
        <ele>17</ele>
      </trkpt>
      <trkpt lat="51.536052" lon="-0.057128">
        <ele>17</ele>
      </trkpt>
      <trkpt lat="51.536162" lon="-0.057123">
        <ele>17</ele>
      </trkpt>
      <trkpt lat="51.536303" lon="-0.057098">
        <ele>17</ele>
      </trkpt>
      <trkpt lat="51.536858" lon="-0.056966">
        <ele>17</ele>
      </trkpt>
      <trkpt lat="51.537379" lon="-0.056893">
        <ele>17</ele>
      </trkpt>
      <trkpt lat="51.537598" lon="-0.05691">
        <ele>17</ele>
      </trkpt>
      <trkpt lat="51.537659" lon="-0.056927">
        <ele>17</ele>
      </trkpt>
      <trkpt lat="51.537756" lon="-0.05699">
        <ele>17</ele>
      </trkpt>
      <trkpt lat="51.537887" lon="-0.057019">
        <ele>17</ele>
      </trkpt>
      <trkpt lat="51.537977" lon="-0.057082">
        <ele>17</ele>
      </trkpt>
      <trkpt lat="51.538055" lon="-0.05712">
        <ele>17.01</ele>
      </trkpt>
      <trkpt lat="51.538127" lon="-0.05714">
        <ele>17</ele>
      </trkpt>
      <trkpt lat="51.538299" lon="-0.057147">
        <ele>17</ele>
      </trkpt>
      <trkpt lat="51.538361" lon="-0.057139">
        <ele>17</ele>
      </trkpt>
      <trkpt lat="51.538515" lon="-0.057086">
        <ele>17</ele>
      </trkpt>
      <trkpt lat="51.538555" lon="-0.057003">
        <ele>17</ele>
      </trkpt>
      <trkpt lat="51.538811" lon="-0.056804">
        <ele>17.02</ele>
      </trkpt>
      <trkpt lat="51.539764" lon="-0.055973">
        <ele>16</ele>
      </trkpt>
      <trkpt lat="51.539826" lon="-0.055971">
        <ele>16</ele>
      </trkpt>
      <trkpt lat="51.540253" lon="-0.055638">
        <ele>16</ele>
      </trkpt>
      <trkpt lat="51.540282" lon="-0.05557">
        <ele>16</ele>
      </trkpt>
      <trkpt lat="51.540335" lon="-0.055524">
        <ele>16</ele>
      </trkpt>
      <trkpt lat="51.540744" lon="-0.055231">
        <ele>16</ele>
      </trkpt>
      <trkpt lat="51.540797" lon="-0.055209">
        <ele>16.01</ele>
      </trkpt>
      <trkpt lat="51.540892" lon="-0.055197">
        <ele>16.47</ele>
      </trkpt>
      <trkpt lat="51.541538" lon="-0.055225">
        <ele>17</ele>
      </trkpt>
      <trkpt lat="51.541575" lon="-0.055283">
        <ele>17</ele>
      </trkpt>
      <trkpt lat="51.541886" lon="-0.0553">
        <ele>17</ele>
      </trkpt>
      <trkpt lat="51.54234" lon="-0.055312">
        <ele>17</ele>
      </trkpt>
      <trkpt lat="51.542395" lon="-0.055259">
        <ele>17</ele>
      </trkpt>
      <trkpt lat="51.543214" lon="-0.055311">
        <ele>17</ele>
      </trkpt>
      <trkpt lat="51.54336" lon="-0.055328">
        <ele>17</ele>
      </trkpt>
      <trkpt lat="51.543395" lon="-0.055392">
        <ele>17</ele>
      </trkpt>
      <trkpt lat="51.543499" lon="-0.055399">
        <ele>16.2</ele>
      </trkpt>
      <trkpt lat="51.543552" lon="-0.0554">
        <ele>16</ele>
      </trkpt>
      <trkpt lat="51.543585" lon="-0.055332">
        <ele>16.12</ele>
      </trkpt>
      <trkpt lat="51.544433" lon="-0.055346">
        <ele>16</ele>
      </trkpt>
      <trkpt lat="51.54474" lon="-0.055326">
        <ele>16</ele>
      </trkpt>
      <trkpt lat="51.54568" lon="-0.05521">
        <ele>14.01</ele>
      </trkpt>
      <trkpt lat="51.545743" lon="-0.055216">
        <ele>14</ele>
      </trkpt>
      <trkpt lat="51.545779" lon="-0.055239">
        <ele>14</ele>
      </trkpt>
      <trkpt lat="51.545992" lon="-0.055234">
        <ele>13.99</ele>
      </trkpt>
      <trkpt lat="51.546728" lon="-0.055138">
        <ele>12.01</ele>
      </trkpt>
      <trkpt lat="51.546894" lon="-0.055098">
        <ele>12</ele>
      </trkpt>
      <trkpt lat="51.546938" lon="-0.055042">
        <ele>12</ele>
      </trkpt>
      <trkpt lat="51.547096" lon="-0.05501">
        <ele>12.1</ele>
      </trkpt>
      <trkpt lat="51.54717" lon="-0.055023">
        <ele>12</ele>
      </trkpt>
      <trkpt lat="51.547193" lon="-0.055062">
        <ele>11.857101722704273</ele>
      </trkpt>
      <trkpt lat="51.54746612561729" lon="-0.05480251284129167">
        <ele>12.26057448868555</ele>
      </trkpt>
      <trkpt lat="51.54790779483398" lon="-0.05493822741891607">
        <ele>13.928777562772268</ele>
      </trkpt>
      <trkpt lat="51.54834946405067" lon="-0.05507394199654047">
        <ele>14.982772572439677</ele>
      </trkpt>
      <trkpt lat="51.54843685109725" lon="-0.055100793983655194">
        <ele>15.101640129771651</ele>
      </trkpt>
      <trkpt lat="51.548789274968414" lon="-0.05508090857463799">
        <ele>15.619006268481826</ele>
      </trkpt>
      <trkpt lat="51.54923595522168" lon="-0.05499779752712459">
        <ele>16.175261969728346</ele>
      </trkpt>
      <trkpt lat="51.549536" lon="-0.054943">
        <ele>16</ele>
      </trkpt>
      <trkpt lat="51.549554" lon="-0.054978">
        <ele>16</ele>
      </trkpt>
      <trkpt lat="51.549582" lon="-0.05494">
        <ele>16</ele>
      </trkpt>
      <trkpt lat="51.549627" lon="-0.054721">
        <ele>16</ele>
      </trkpt>
      <trkpt lat="51.549629" lon="-0.054638">
        <ele>16</ele>
      </trkpt>
      <trkpt lat="51.549657" lon="-0.054542">
        <ele>16</ele>
      </trkpt>
      <trkpt lat="51.549789" lon="-0.054301">
        <ele>16</ele>
      </trkpt>
      <trkpt lat="51.550118" lon="-0.053854">
        <ele>16.29</ele>
      </trkpt>
      <trkpt lat="51.550479" lon="-0.053462">
        <ele>17</ele>
      </trkpt>
      <trkpt lat="51.55063" lon="-0.05325">
        <ele>17.68</ele>
      </trkpt>
      <trkpt lat="51.550648" lon="-0.053192">
        <ele>17.9</ele>
      </trkpt>
      <trkpt lat="51.550704" lon="-0.052872">
        <ele>17</ele>
      </trkpt>
      <trkpt lat="51.550794" lon="-0.052331">
        <ele>17</ele>
      </trkpt>
      <trkpt lat="51.55084" lon="-0.052006">
        <ele>17.28</ele>
      </trkpt>
      <trkpt lat="51.550859" lon="-0.051944">
        <ele>17.61</ele>
      </trkpt>
      <trkpt lat="51.550921" lon="-0.051889">
        <ele>18</ele>
      </trkpt>
      <trkpt lat="51.550989" lon="-0.051696">
        <ele>18</ele>
      </trkpt>
      <trkpt lat="51.551012" lon="-0.051649">
        <ele>18</ele>
      </trkpt>
      <trkpt lat="51.551071" lon="-0.051588">
        <ele>18</ele>
      </trkpt>
      <trkpt lat="51.551083" lon="-0.051578">
        <ele>18</ele>
      </trkpt>
      <trkpt lat="51.551135" lon="-0.051583">
        <ele>18</ele>
      </trkpt>
      <trkpt lat="51.551165" lon="-0.051562">
        <ele>18</ele>
      </trkpt>
      <trkpt lat="51.551334" lon="-0.051633">
        <ele>18</ele>
      </trkpt>
      <trkpt lat="51.551532" lon="-0.051751">
        <ele>18</ele>
      </trkpt>
      <trkpt lat="51.551611" lon="-0.051817">
        <ele>18</ele>
      </trkpt>
      <trkpt lat="51.552384" lon="-0.052616">
        <ele>19</ele>
      </trkpt>
      <trkpt lat="51.552405" lon="-0.052637">
        <ele>19</ele>
      </trkpt>
      <trkpt lat="51.552431" lon="-0.05271">
        <ele>19.14</ele>
      </trkpt>
      <trkpt lat="51.552491" lon="-0.052763">
        <ele>19.66</ele>
      </trkpt>
      <trkpt lat="51.552515" lon="-0.052779">
        <ele>19.87</ele>
      </trkpt>
      <trkpt lat="51.552562" lon="-0.052773">
        <ele>19.92</ele>
      </trkpt>
      <trkpt lat="51.553539" lon="-0.053427">
        <ele>20</ele>
      </trkpt>
      <trkpt lat="51.553752" lon="-0.053592">
        <ele>20</ele>
      </trkpt>
      <trkpt lat="51.554681" lon="-0.054381">
        <ele>20</ele>
      </trkpt>
      <trkpt lat="51.555021" lon="-0.054627">
        <ele>20</ele>
      </trkpt>
      <trkpt lat="51.555383" lon="-0.054833">
        <ele>20</ele>
      </trkpt>
      <trkpt lat="51.555898" lon="-0.055163">
        <ele>20</ele>
      </trkpt>
      <trkpt lat="51.555927" lon="-0.055258">
        <ele>20</ele>
      </trkpt>
      <trkpt lat="51.556068" lon="-0.055362">
        <ele>20</ele>
      </trkpt>
      <trkpt lat="51.556139" lon="-0.055355">
        <ele>20</ele>
      </trkpt>
      <trkpt lat="51.55655" lon="-0.055657">
        <ele>20</ele>
      </trkpt>
      <trkpt lat="51.556822" lon="-0.055771">
        <ele>20.37</ele>
      </trkpt>
      <trkpt lat="51.557434" lon="-0.055863">
        <ele>21</ele>
      </trkpt>
      <trkpt lat="51.557656" lon="-0.055881">
        <ele>21</ele>
      </trkpt>
      <trkpt lat="51.557785" lon="-0.055876">
        <ele>21</ele>
      </trkpt>
      <trkpt lat="51.55784" lon="-0.055922">
        <ele>20.903876519071616</ele>
      </trkpt>
      <trkpt lat="51.558194481212496" lon="-0.05547701934632443">
        <ele>20.666494082497906</ele>
      </trkpt>
      <trkpt lat="51.55831083770113" lon="-0.055330956918908214">
        <ele>20.497138419019393</ele>
      </trkpt>
      <trkpt lat="51.558611644503955" lon="-0.054793364340882965">
        <ele>19.219871185018004</ele>
      </trkpt>
      <trkpt lat="51.558614" lon="-0.054789">
        <ele>19.46</ele>
      </trkpt>
      <trkpt lat="51.558591" lon="-0.054779">
        <ele>19.53</ele>
      </trkpt>
      <trkpt lat="51.558958" lon="-0.05319">
        <ele>16</ele>
      </trkpt>
      <trkpt lat="51.559015" lon="-0.053026">
        <ele>15.38</ele>
      </trkpt>
      <trkpt lat="51.559845" lon="-0.051083">
        <ele>10.37</ele>
      </trkpt>
      <trkpt lat="51.56054" lon="-0.049429">
        <ele>8</ele>
      </trkpt>
      <trkpt lat="51.561361" lon="-0.047521">
        <ele>7</ele>
      </trkpt>
      <trkpt lat="51.561784" lon="-0.046553">
        <ele>7</ele>
      </trkpt>
      <trkpt lat="51.561915" lon="-0.046274">
        <ele>8</ele>
      </trkpt>
      <trkpt lat="51.562059" lon="-0.045934">
        <ele>6.72</ele>
      </trkpt>
      <trkpt lat="51.562087" lon="-0.045878">
        <ele>6.78</ele>
      </trkpt>
      <trkpt lat="51.562144" lon="-0.045827">
        <ele>6.84</ele>
      </trkpt>
      <trkpt lat="51.562261" lon="-0.045561">
        <ele>7.08</ele>
      </trkpt>
      <trkpt lat="51.562275" lon="-0.045424">
        <ele>7.2</ele>
      </trkpt>
      <trkpt lat="51.562563" lon="-0.04476">
        <ele>7</ele>
      </trkpt>
      <trkpt lat="51.562726" lon="-0.044412">
        <ele>7</ele>
      </trkpt>
      <trkpt lat="51.562851" lon="-0.044061">
        <ele>7</ele>
      </trkpt>
      <trkpt lat="51.563963" lon="-0.041481">
        <ele>6.02</ele>
      </trkpt>
      <trkpt lat="51.56416" lon="-0.041">
        <ele>7</ele>
      </trkpt>
      <trkpt lat="51.564556" lon="-0.04012">
        <ele>6.18</ele>
      </trkpt>
      <trkpt lat="51.564759" lon="-0.039639">
        <ele>7</ele>
      </trkpt>
      <trkpt lat="51.564866" lon="-0.039337">
        <ele>7</ele>
      </trkpt>
      <trkpt lat="51.565151" lon="-0.038655">
        <ele>6.52</ele>
      </trkpt>
      <trkpt lat="51.565258" lon="-0.038409">
        <ele>7.92</ele>
      </trkpt>
      <trkpt lat="51.565608" lon="-0.037548">
        <ele>7.31</ele>
      </trkpt>
      <trkpt lat="51.566166" lon="-0.036231">
        <ele>6</ele>
      </trkpt>
      <trkpt lat="51.566371" lon="-0.035732">
        <ele>7.67</ele>
      </trkpt>
      <trkpt lat="51.566485" lon="-0.035417">
        <ele>10</ele>
      </trkpt>
      <trkpt lat="51.566597" lon="-0.035028">
        <ele>9</ele>
      </trkpt>
      <trkpt lat="51.566755" lon="-0.03461">
        <ele>8.22</ele>
      </trkpt>
      <trkpt lat="51.566818" lon="-0.034469">
        <ele>8</ele>
      </trkpt>
      <trkpt lat="51.566975" lon="-0.034184">
        <ele>7.92</ele>
      </trkpt>
      <trkpt lat="51.567147" lon="-0.033801">
        <ele>7</ele>
      </trkpt>
      <trkpt lat="51.567591" lon="-0.032705">
        <ele>6</ele>
      </trkpt>
      <trkpt lat="51.568041" lon="-0.031552">
        <ele>6</ele>
      </trkpt>
      <trkpt lat="51.568189" lon="-0.031159">
        <ele>6</ele>
      </trkpt>
      <trkpt lat="51.568423" lon="-0.030503">
        <ele>6</ele>
      </trkpt>
      <trkpt lat="51.56859" lon="-0.029984">
        <ele>6</ele>
      </trkpt>
      <trkpt lat="51.569011" lon="-0.028769">
        <ele>6</ele>
      </trkpt>
      <trkpt lat="51.569081" lon="-0.028593">
        <ele>6</ele>
      </trkpt>
      <trkpt lat="51.569257" lon="-0.028101">
        <ele>6</ele>
      </trkpt>
      <trkpt lat="51.569424" lon="-0.027605">
        <ele>6</ele>
      </trkpt>
      <trkpt lat="51.570132" lon="-0.02575">
        <ele>9.24</ele>
      </trkpt>
      <trkpt lat="51.570319" lon="-0.025284">
        <ele>11</ele>
      </trkpt>
      <trkpt lat="51.570481" lon="-0.024779">
        <ele>12</ele>
      </trkpt>
      <trkpt lat="51.57065" lon="-0.024323">
        <ele>12</ele>
      </trkpt>
      <trkpt lat="51.57094" lon="-0.023478">
        <ele>13</ele>
      </trkpt>
      <trkpt lat="51.571312" lon="-0.022433">
        <ele>14</ele>
      </trkpt>
      <trkpt lat="51.571999" lon="-0.020349">
        <ele>14</ele>
      </trkpt>
      <trkpt lat="51.572228" lon="-0.019588">
        <ele>14.46</ele>
      </trkpt>
      <trkpt lat="51.572297" lon="-0.019331">
        <ele>14</ele>
      </trkpt>
      <trkpt lat="51.572695" lon="-0.017582">
        <ele>14</ele>
      </trkpt>
      <trkpt lat="51.572888" lon="-0.016996">
        <ele>14</ele>
      </trkpt>
      <trkpt lat="51.573266" lon="-0.015966">
        <ele>14.32</ele>
      </trkpt>
      <trkpt lat="51.573407" lon="-0.015645">
        <ele>15</ele>
      </trkpt>
      <trkpt lat="51.573644" lon="-0.015233">
        <ele>15</ele>
      </trkpt>
      <trkpt lat="51.573689" lon="-0.015173">
        <ele>15</ele>
      </trkpt>
      <trkpt lat="51.573839" lon="-0.014931">
        <ele>15</ele>
      </trkpt>
      <trkpt lat="51.573948" lon="-0.014795">
        <ele>15</ele>
      </trkpt>
      <trkpt lat="51.574404" lon="-0.014145">
        <ele>15</ele>
      </trkpt>
      <trkpt lat="51.574485" lon="-0.014032">
        <ele>15.51</ele>
      </trkpt>
      <trkpt lat="51.574648" lon="-0.01384">
        <ele>16</ele>
      </trkpt>
      <trkpt lat="51.574815" lon="-0.013611">
        <ele>16</ele>
      </trkpt>
      <trkpt lat="51.574911" lon="-0.013479">
        <ele>16</ele>
      </trkpt>
      <trkpt lat="51.575259" lon="-0.012947">
        <ele>17</ele>
      </trkpt>
      <trkpt lat="51.575347" lon="-0.012866">
        <ele>17</ele>
      </trkpt>
      <trkpt lat="51.575408" lon="-0.012833">
        <ele>17</ele>
      </trkpt>
      <trkpt lat="51.575497" lon="-0.012701">
        <ele>17</ele>
      </trkpt>
      <trkpt lat="51.575933" lon="-0.012118">
        <ele>18</ele>
      </trkpt>
      <trkpt lat="51.576222" lon="-0.011755">
        <ele>19</ele>
      </trkpt>
      <trkpt lat="51.576612" lon="-0.011313">
        <ele>20</ele>
      </trkpt>
      <trkpt lat="51.576718" lon="-0.011189">
        <ele>20</ele>
      </trkpt>
      <trkpt lat="51.576754" lon="-0.011131">
        <ele>20.23</ele>
      </trkpt>
      <trkpt lat="51.576807" lon="-0.011012">
        <ele>20.98</ele>
      </trkpt>
      <trkpt lat="51.576897" lon="-0.01074">
        <ele>21</ele>
      </trkpt>
      <trkpt lat="51.577479" lon="-0.008801">
        <ele>23</ele>
      </trkpt>
      <trkpt lat="51.577557" lon="-0.008509">
        <ele>24</ele>
      </trkpt>
      <trkpt lat="51.577657" lon="-0.008138">
        <ele>24</ele>
      </trkpt>
      <trkpt lat="51.577785" lon="-0.007705">
        <ele>25</ele>
      </trkpt>
      <trkpt lat="51.577825" lon="-0.007606">
        <ele>25</ele>
      </trkpt>
      <trkpt lat="51.577934" lon="-0.007407">
        <ele>25</ele>
      </trkpt>
      <trkpt lat="51.578163" lon="-0.007133">
        <ele>25.99</ele>
      </trkpt>
      <trkpt lat="51.578455" lon="-0.006807">
        <ele>26</ele>
      </trkpt>
      <trkpt lat="51.578662" lon="-0.006539">
        <ele>26</ele>
      </trkpt>
      <trkpt lat="51.578822" lon="-0.006279">
        <ele>26.07</ele>
      </trkpt>
      <trkpt lat="51.578924" lon="-0.006064">
        <ele>26</ele>
      </trkpt>
      <trkpt lat="51.57916" lon="-0.005472">
        <ele>25</ele>
      </trkpt>
      <trkpt lat="51.579278" lon="-0.005139">
        <ele>25</ele>
      </trkpt>
      <trkpt lat="51.579588" lon="-0.004325">
        <ele>24</ele>
      </trkpt>
      <trkpt lat="51.579644" lon="-0.004202">
        <ele>23.53</ele>
      </trkpt>
      <trkpt lat="51.579759" lon="-0.003873">
        <ele>23</ele>
      </trkpt>
      <trkpt lat="51.580056" lon="-0.003147">
        <ele>23</ele>
      </trkpt>
      <trkpt lat="51.580175" lon="-0.002843">
        <ele>23</ele>
      </trkpt>
      <trkpt lat="51.580353" lon="-0.002406">
        <ele>23</ele>
      </trkpt>
      <trkpt lat="51.580508" lon="-0.002069">
        <ele>23</ele>
      </trkpt>
      <trkpt lat="51.580603" lon="-0.001885">
        <ele>24</ele>
      </trkpt>
      <trkpt lat="51.581056" lon="-0.000944">
        <ele>26.03</ele>
      </trkpt>
      <trkpt lat="51.581451" lon="-0.000147">
        <ele>29</ele>
      </trkpt>
      <trkpt lat="51.581517" lon="-0.000108">
        <ele>29</ele>
      </trkpt>
      <trkpt lat="51.581551" lon="-0.000001">
        <ele>29</ele>
      </trkpt>
      <trkpt lat="51.581595" lon="0.000189">
        <ele>30.1</ele>
      </trkpt>
      <trkpt lat="51.581639" lon="0.000772">
        <ele>31</ele>
      </trkpt>
      <trkpt lat="51.581697" lon="0.001157">
        <ele>32</ele>
      </trkpt>
      <trkpt lat="51.581744" lon="0.001345">
        <ele>32</ele>
      </trkpt>
      <trkpt lat="51.581873" lon="0.00174">
        <ele>33</ele>
      </trkpt>
      <trkpt lat="51.581947" lon="0.001918">
        <ele>33</ele>
      </trkpt>
      <trkpt lat="51.582027" lon="0.002101">
        <ele>33</ele>
      </trkpt>
      <trkpt lat="51.582406" lon="0.002896">
        <ele>34</ele>
      </trkpt>
      <trkpt lat="51.582746" lon="0.003568">
        <ele>34</ele>
      </trkpt>
      <trkpt lat="51.583284" lon="0.004665">
        <ele>36</ele>
      </trkpt>
      <trkpt lat="51.583364" lon="0.004862">
        <ele>36.17</ele>
      </trkpt>
      <trkpt lat="51.583695" lon="0.005541">
        <ele>37</ele>
      </trkpt>
      <trkpt lat="51.583698" lon="0.005623">
        <ele>37</ele>
      </trkpt>
      <trkpt lat="51.583758" lon="0.005732">
        <ele>37</ele>
      </trkpt>
      <trkpt lat="51.583794" lon="0.005782">
        <ele>37</ele>
      </trkpt>
      <trkpt lat="51.583825" lon="0.005858">
        <ele>37</ele>
      </trkpt>
      <trkpt lat="51.583783" lon="0.005948">
        <ele>37</ele>
      </trkpt>
      <trkpt lat="51.583731" lon="0.006059">
        <ele>36.77</ele>
      </trkpt>
      <trkpt lat="51.583638" lon="0.006225">
        <ele>36.8</ele>
      </trkpt>
      <trkpt lat="51.583605" lon="0.006301">
        <ele>36.94</ele>
      </trkpt>
      <trkpt lat="51.583564" lon="0.006443">
        <ele>36.28</ele>
      </trkpt>
      <trkpt lat="51.583537" lon="0.006632">
        <ele>36</ele>
      </trkpt>
      <trkpt lat="51.583522" lon="0.006922">
        <ele>36</ele>
      </trkpt>
      <trkpt lat="51.583419" lon="0.010161">
        <ele>35</ele>
      </trkpt>
      <trkpt lat="51.583368" lon="0.012358">
        <ele>33</ele>
      </trkpt>
      <trkpt lat="51.583298" lon="0.015034">
        <ele>28</ele>
      </trkpt>
      <trkpt lat="51.583287" lon="0.015805">
        <ele>27</ele>
      </trkpt>
      <trkpt lat="51.583228" lon="0.018727">
        <ele>27.37</ele>
      </trkpt>
      <trkpt lat="51.583216" lon="0.019881">
        <ele>26</ele>
      </trkpt>
      <trkpt lat="51.583233" lon="0.019968">
        <ele>26</ele>
      </trkpt>
      <trkpt lat="51.583231" lon="0.020171">
        <ele>26</ele>
      </trkpt>
      <trkpt lat="51.583336" lon="0.020169">
        <ele>26</ele>
      </trkpt>
      <trkpt lat="51.583432" lon="0.020194">
        <ele>26</ele>
      </trkpt>
      <trkpt lat="51.583496" lon="0.020251">
        <ele>26</ele>
      </trkpt>
      <trkpt lat="51.584166" lon="0.020396">
        <ele>28</ele>
      </trkpt>
      <trkpt lat="51.584603" lon="0.020543">
        <ele>29.1</ele>
      </trkpt>
      <trkpt lat="51.586053" lon="0.021086">
        <ele>31</ele>
      </trkpt>
      <trkpt lat="51.586501" lon="0.021208">
        <ele>32</ele>
      </trkpt>
      <trkpt lat="51.586985" lon="0.021313">
        <ele>32</ele>
      </trkpt>
      <trkpt lat="51.587479" lon="0.021444">
        <ele>32.1</ele>
      </trkpt>
      <trkpt lat="51.588613" lon="0.021847">
        <ele>33.02</ele>
      </trkpt>
      <trkpt lat="51.589218" lon="0.022031">
        <ele>34</ele>
      </trkpt>
      <trkpt lat="51.589784" lon="0.022157">
        <ele>35</ele>
      </trkpt>
      <trkpt lat="51.591302" lon="0.022439">
        <ele>38</ele>
      </trkpt>
      <trkpt lat="51.591634" lon="0.022485">
        <ele>39</ele>
      </trkpt>
      <trkpt lat="51.591926" lon="0.022496">
        <ele>39.16</ele>
      </trkpt>
      <trkpt lat="51.592165" lon="0.022467">
        <ele>40</ele>
      </trkpt>
      <trkpt lat="51.592615" lon="0.022436">
        <ele>41</ele>
      </trkpt>
      <trkpt lat="51.593278" lon="0.022426">
        <ele>42</ele>
      </trkpt>
      <trkpt lat="51.593549" lon="0.022406">
        <ele>42</ele>
      </trkpt>
      <trkpt lat="51.593947" lon="0.022343">
        <ele>42.7</ele>
      </trkpt>
      <trkpt lat="51.594571" lon="0.022265">
        <ele>43.28</ele>
      </trkpt>
      <trkpt lat="51.594611" lon="0.022215">
        <ele>43.74</ele>
      </trkpt>
      <trkpt lat="51.594997" lon="0.022125">
        <ele>44</ele>
      </trkpt>
      <trkpt lat="51.595467" lon="0.021965">
        <ele>44.36</ele>
      </trkpt>
      <trkpt lat="51.59564" lon="0.021882">
        <ele>44.37</ele>
      </trkpt>
      <trkpt lat="51.595732" lon="0.021832">
        <ele>41.62</ele>
      </trkpt>
      <trkpt lat="51.595834" lon="0.021796">
        <ele>41.46</ele>
      </trkpt>
      <trkpt lat="51.595938" lon="0.02184">
        <ele>41.03</ele>
      </trkpt>
      <trkpt lat="51.596165" lon="0.021745">
        <ele>39.98</ele>
      </trkpt>
      <trkpt lat="51.596307" lon="0.021695">
        <ele>45.36</ele>
      </trkpt>
      <trkpt lat="51.596583" lon="0.021607">
        <ele>46</ele>
      </trkpt>
      <trkpt lat="51.596654" lon="0.021499">
        <ele>46</ele>
      </trkpt>
      <trkpt lat="51.597023" lon="0.021316">
        <ele>47</ele>
      </trkpt>
      <trkpt lat="51.597347" lon="0.021182">
        <ele>48</ele>
      </trkpt>
      <trkpt lat="51.597423" lon="0.021217">
        <ele>48</ele>
      </trkpt>
      <trkpt lat="51.597944" lon="0.02098">
        <ele>49</ele>
      </trkpt>
      <trkpt lat="51.599045" lon="0.020522">
        <ele>51</ele>
      </trkpt>
      <trkpt lat="51.599674" lon="0.020229">
        <ele>51</ele>
      </trkpt>
      <trkpt lat="51.600375" lon="0.019811">
        <ele>50</ele>
      </trkpt>
      <trkpt lat="51.600676" lon="0.019645">
        <ele>49.86</ele>
      </trkpt>
      <trkpt lat="51.600854" lon="0.01956">
        <ele>49.28</ele>
      </trkpt>
      <trkpt lat="51.601121" lon="0.019453">
        <ele>48.92</ele>
      </trkpt>
      <trkpt lat="51.601346" lon="0.019389">
        <ele>48.32</ele>
      </trkpt>
      <trkpt lat="51.601557" lon="0.019342">
        <ele>48.55</ele>
      </trkpt>
      <trkpt lat="51.601642" lon="0.019333">
        <ele>49.29</ele>
      </trkpt>
      <trkpt lat="51.602098" lon="0.019329">
        <ele>50.96</ele>
      </trkpt>
      <trkpt lat="51.602409" lon="0.019311">
        <ele>52.88</ele>
      </trkpt>
      <trkpt lat="51.602652" lon="0.019283">
        <ele>54</ele>
      </trkpt>
      <trkpt lat="51.603298" lon="0.019113">
        <ele>56</ele>
      </trkpt>
      <trkpt lat="51.603723" lon="0.019022">
        <ele>57</ele>
      </trkpt>
      <trkpt lat="51.604682" lon="0.018757">
        <ele>58</ele>
      </trkpt>
      <trkpt lat="51.604709" lon="0.018722">
        <ele>58.26593338583273</ele>
      </trkpt>
      <trkpt lat="51.60515863090194" lon="0.018713737901091463">
        <ele>58.684384497859135</ele>
      </trkpt>
      <trkpt lat="51.60560826180389" lon="0.018705475802182927">
        <ele>59.36540605617215</ele>
      </trkpt>
      <trkpt lat="51.60579626771988" lon="0.01870202113866526">
        <ele>59.9540270986329</ele>
      </trkpt>
      <trkpt lat="51.606215353109846" lon="0.018964438037303577">
        <ele>60.757718958107205</ele>
      </trkpt>
      <trkpt lat="51.606478" lon="0.019118">
        <ele>61.8</ele>
      </trkpt>
      <trkpt lat="51.607078" lon="0.019819">
        <ele>62.91</ele>
      </trkpt>
      <trkpt lat="51.607157" lon="0.019805">
        <ele>63</ele>
      </trkpt>
      <trkpt lat="51.607672" lon="0.020224">
        <ele>63.14</ele>
      </trkpt>
      <trkpt lat="51.607694" lon="0.020327">
        <ele>63.29</ele>
      </trkpt>
      <trkpt lat="51.608117" lon="0.020629">
        <ele>64</ele>
      </trkpt>
      <trkpt lat="51.608608" lon="0.020963">
        <ele>64</ele>
      </trkpt>
      <trkpt lat="51.608669" lon="0.020934">
        <ele>64</ele>
      </trkpt>
      <trkpt lat="51.608844" lon="0.021054">
        <ele>64</ele>
      </trkpt>
      <trkpt lat="51.608876" lon="0.021149">
        <ele>64</ele>
      </trkpt>
      <trkpt lat="51.609594" lon="0.021624">
        <ele>64.38</ele>
      </trkpt>
      <trkpt lat="51.610568" lon="0.02233">
        <ele>65.26</ele>
      </trkpt>
      <trkpt lat="51.611208" lon="0.022891">
        <ele>66</ele>
      </trkpt>
      <trkpt lat="51.611949" lon="0.023432">
        <ele>67.81</ele>
      </trkpt>
      <trkpt lat="51.612805" lon="0.024007">
        <ele>69</ele>
      </trkpt>
      <trkpt lat="51.614024" lon="0.02467">
        <ele>72</ele>
      </trkpt>
      <trkpt lat="51.614516" lon="0.024904">
        <ele>73.22</ele>
      </trkpt>
      <trkpt lat="51.614591" lon="0.024884">
        <ele>73.93</ele>
      </trkpt>
      <trkpt lat="51.615058" lon="0.025066">
        <ele>74</ele>
      </trkpt>
      <trkpt lat="51.615733" lon="0.025334">
        <ele>74</ele>
      </trkpt>
      <trkpt lat="51.616558" lon="0.025709">
        <ele>72</ele>
      </trkpt>
      <trkpt lat="51.617034" lon="0.025951">
        <ele>71</ele>
      </trkpt>
      <trkpt lat="51.617536" lon="0.026227">
        <ele>69.26</ele>
      </trkpt>
      <trkpt lat="51.618203" lon="0.026551">
        <ele>69</ele>
      </trkpt>
      <trkpt lat="51.618567" lon="0.026747">
        <ele>69</ele>
      </trkpt>
      <trkpt lat="51.618992" lon="0.027">
        <ele>69</ele>
      </trkpt>
      <trkpt lat="51.619542" lon="0.027289">
        <ele>69</ele>
      </trkpt>
      <trkpt lat="51.620136" lon="0.027532">
        <ele>70</ele>
      </trkpt>
      <trkpt lat="51.620647" lon="0.027677">
        <ele>71.63</ele>
      </trkpt>
      <trkpt lat="51.620883" lon="0.027728">
        <ele>72</ele>
      </trkpt>
      <trkpt lat="51.620917" lon="0.02777">
        <ele>72.09</ele>
      </trkpt>
      <trkpt lat="51.622759" lon="0.028305">
        <ele>74</ele>
      </trkpt>
      <trkpt lat="51.624633" lon="0.028851">
        <ele>72</ele>
      </trkpt>
      <trkpt lat="51.624769" lon="0.028878">
        <ele>71.9</ele>
      </trkpt>
      <trkpt lat="51.625768" lon="0.02917">
        <ele>70</ele>
      </trkpt>
      <trkpt lat="51.626393" lon="0.029395">
        <ele>69.9</ele>
      </trkpt>
      <trkpt lat="51.626966" lon="0.029577">
        <ele>69</ele>
      </trkpt>
      <trkpt lat="51.627404" lon="0.029738">
        <ele>69</ele>
      </trkpt>
      <trkpt lat="51.629137" lon="0.030323">
        <ele>67.9</ele>
      </trkpt>
      <trkpt lat="51.630994" lon="0.03097">
        <ele>64.99</ele>
      </trkpt>
      <trkpt lat="51.631999" lon="0.031323">
        <ele>66.24</ele>
      </trkpt>
      <trkpt lat="51.633623" lon="0.031878">
        <ele>64</ele>
      </trkpt>
      <trkpt lat="51.634683" lon="0.032255">
        <ele>62</ele>
      </trkpt>
      <trkpt lat="51.635219" lon="0.032417">
        <ele>60.53</ele>
      </trkpt>
      <trkpt lat="51.636245" lon="0.032757">
        <ele>59.09</ele>
      </trkpt>
      <trkpt lat="51.637515" lon="0.033201">
        <ele>60</ele>
      </trkpt>
      <trkpt lat="51.637903" lon="0.03327">
        <ele>59.32</ele>
      </trkpt>
      <trkpt lat="51.638966" lon="0.033544">
        <ele>58.02</ele>
      </trkpt>
      <trkpt lat="51.639601" lon="0.033673">
        <ele>58</ele>
      </trkpt>
      <trkpt lat="51.639748" lon="0.033741">
        <ele>58.17</ele>
      </trkpt>
      <trkpt lat="51.6402" lon="0.033801">
        <ele>58</ele>
      </trkpt>
      <trkpt lat="51.640654" lon="0.033895">
        <ele>57.07</ele>
      </trkpt>
      <trkpt lat="51.641534" lon="0.034123">
        <ele>56.45</ele>
      </trkpt>
      <trkpt lat="51.642081" lon="0.034364">
        <ele>55</ele>
      </trkpt>
      <trkpt lat="51.642749" lon="0.034621">
        <ele>53.71</ele>
      </trkpt>
      <trkpt lat="51.644844" lon="0.035387">
        <ele>52.39</ele>
      </trkpt>
      <trkpt lat="51.648052" lon="0.036567">
        <ele>54</ele>
      </trkpt>
      <trkpt lat="51.648973" lon="0.036887">
        <ele>55.52</ele>
      </trkpt>
      <trkpt lat="51.649911" lon="0.03725">
        <ele>57.86</ele>
      </trkpt>
      <trkpt lat="51.650572" lon="0.037491">
        <ele>59.72</ele>
      </trkpt>
      <trkpt lat="51.652053" lon="0.038031">
        <ele>63.89</ele>
      </trkpt>
      <trkpt lat="51.652722" lon="0.03829">
        <ele>66.44</ele>
      </trkpt>
      <trkpt lat="51.654279" lon="0.038834">
        <ele>72.93</ele>
      </trkpt>
      <trkpt lat="51.654538" lon="0.038934">
        <ele>73.8</ele>
      </trkpt>
      <trkpt lat="51.65516" lon="0.039242">
        <ele>75.32</ele>
      </trkpt>
      <trkpt lat="51.65542" lon="0.039283">
        <ele>76</ele>
      </trkpt>
      <trkpt lat="51.655522" lon="0.039253">
        <ele>76</ele>
      </trkpt>
      <trkpt lat="51.655646" lon="0.039268">
        <ele>76</ele>
      </trkpt>
      <trkpt lat="51.65569" lon="0.039304">
        <ele>76</ele>
      </trkpt>
      <trkpt lat="51.655754" lon="0.039492">
        <ele>76</ele>
      </trkpt>
      <trkpt lat="51.655812" lon="0.039608">
        <ele>76</ele>
      </trkpt>
      <trkpt lat="51.655906" lon="0.039754">
        <ele>75.99</ele>
      </trkpt>
      <trkpt lat="51.656209" lon="0.039966">
        <ele>75.92</ele>
      </trkpt>
      <trkpt lat="51.657427" lon="0.040881">
        <ele>81.68</ele>
      </trkpt>
      <trkpt lat="51.658644" lon="0.041796">
        <ele>82.58</ele>
      </trkpt>
      <trkpt lat="51.659431" lon="0.042395">
        <ele>85.02</ele>
      </trkpt>
      <trkpt lat="51.659869" lon="0.042698">
        <ele>87.31</ele>
      </trkpt>
      <trkpt lat="51.660581" lon="0.043227">
        <ele>88.68</ele>
      </trkpt>
      <trkpt lat="51.661155" lon="0.043702">
        <ele>88.9</ele>
      </trkpt>
      <trkpt lat="51.663063" lon="0.04534">
        <ele>95.01</ele>
      </trkpt>
      <trkpt lat="51.663882" lon="0.046145">
        <ele>96.98</ele>
      </trkpt>
      <trkpt lat="51.664303" lon="0.04663">
        <ele>96.46</ele>
      </trkpt>
      <trkpt lat="51.66494" lon="0.047575">
        <ele>96.23</ele>
      </trkpt>
      <trkpt lat="51.665339" lon="0.048187">
        <ele>95</ele>
      </trkpt>
      <trkpt lat="51.665852" lon="0.048923">
        <ele>94.27</ele>
      </trkpt>
      <trkpt lat="51.667235" lon="0.050961">
        <ele>95.46</ele>
      </trkpt>
      <trkpt lat="51.668242" lon="0.052444">
        <ele>94.21</ele>
      </trkpt>
      <trkpt lat="51.669284" lon="0.053968">
        <ele>94.9</ele>
      </trkpt>
      <trkpt lat="51.670269" lon="0.055422">
        <ele>99.56</ele>
      </trkpt>
      <trkpt lat="51.670762" lon="0.056136">
        <ele>102</ele>
      </trkpt>
      <trkpt lat="51.67352" lon="0.0602">
        <ele>111.99</ele>
      </trkpt>
      <trkpt lat="51.674826" lon="0.062127">
        <ele>112</ele>
      </trkpt>
      <trkpt lat="51.674888" lon="0.062202">
        <ele>112</ele>
      </trkpt>
      <trkpt lat="51.674956" lon="0.062253">
        <ele>112</ele>
      </trkpt>
      <trkpt lat="51.675018" lon="0.062262">
        <ele>112</ele>
      </trkpt>
      <trkpt lat="51.675082" lon="0.062248">
        <ele>112</ele>
      </trkpt>
      <trkpt lat="51.675197" lon="0.062109">
        <ele>112</ele>
      </trkpt>
      <trkpt lat="51.675269" lon="0.061899">
        <ele>112</ele>
      </trkpt>
      <trkpt lat="51.675273" lon="0.061834">
        <ele>112</ele>
      </trkpt>
      <trkpt lat="51.675377" lon="0.061866">
        <ele>112</ele>
      </trkpt>
      <trkpt lat="51.675414" lon="0.061895">
        <ele>112</ele>
      </trkpt>
      <trkpt lat="51.675428" lon="0.06196">
        <ele>112</ele>
      </trkpt>
      <trkpt lat="51.67542" lon="0.062027">
        <ele>112</ele>
      </trkpt>
      <trkpt lat="51.675386" lon="0.062156">
        <ele>112</ele>
      </trkpt>
      <trkpt lat="51.67538" lon="0.062212">
        <ele>112</ele>
      </trkpt>
      <trkpt lat="51.675393" lon="0.062515">
        <ele>112</ele>
      </trkpt>
      <trkpt lat="51.67541" lon="0.062585">
        <ele>112</ele>
      </trkpt>
      <trkpt lat="51.675441" lon="0.062633">
        <ele>112.14</ele>
      </trkpt>
      <trkpt lat="51.675481" lon="0.062665">
        <ele>112.19</ele>
      </trkpt>
      <trkpt lat="51.675523" lon="0.062673">
        <ele>112.07</ele>
      </trkpt>
      <trkpt lat="51.675652" lon="0.062661">
        <ele>112.01</ele>
      </trkpt>
      <trkpt lat="51.675523" lon="0.062673">
        <ele>112.07</ele>
      </trkpt>
      <trkpt lat="51.675481" lon="0.062665">
        <ele>112.19</ele>
      </trkpt>
      <trkpt lat="51.675441" lon="0.062633">
        <ele>112.14</ele>
      </trkpt>
      <trkpt lat="51.67541" lon="0.062585">
        <ele>112</ele>
      </trkpt>
      <trkpt lat="51.675393" lon="0.062515">
        <ele>112</ele>
      </trkpt>
      <trkpt lat="51.67538" lon="0.062212">
        <ele>112</ele>
      </trkpt>
      <trkpt lat="51.675386" lon="0.062156">
        <ele>112</ele>
      </trkpt>
      <trkpt lat="51.67542" lon="0.062027">
        <ele>112</ele>
      </trkpt>
      <trkpt lat="51.675428" lon="0.06196">
        <ele>112</ele>
      </trkpt>
      <trkpt lat="51.675414" lon="0.061895">
        <ele>112</ele>
      </trkpt>
      <trkpt lat="51.675377" lon="0.061866">
        <ele>112</ele>
      </trkpt>
      <trkpt lat="51.675273" lon="0.061834">
        <ele>112</ele>
      </trkpt>
      <trkpt lat="51.675257" lon="0.062127">
        <ele>112</ele>
      </trkpt>
      <trkpt lat="51.675255" lon="0.062311">
        <ele>112</ele>
      </trkpt>
      <trkpt lat="51.675265" lon="0.062494">
        <ele>112</ele>
      </trkpt>
      <trkpt lat="51.675273" lon="0.062578">
        <ele>112</ele>
      </trkpt>
      <trkpt lat="51.675272" lon="0.062749">
        <ele>112</ele>
      </trkpt>
      <trkpt lat="51.675221" lon="0.062848">
        <ele>112</ele>
      </trkpt>
      <trkpt lat="51.675197" lon="0.06287">
        <ele>112.11</ele>
      </trkpt>
      <trkpt lat="51.675107" lon="0.062863">
        <ele>112.51</ele>
      </trkpt>
      <trkpt lat="51.674998" lon="0.062819">
        <ele>112.7</ele>
      </trkpt>
      <trkpt lat="51.674957" lon="0.062791">
        <ele>112.49</ele>
      </trkpt>
      <trkpt lat="51.674911" lon="0.062611">
        <ele>112.08</ele>
      </trkpt>
      <trkpt lat="51.67491" lon="0.062478">
        <ele>112.08</ele>
      </trkpt>
      <trkpt lat="51.674925" lon="0.062406">
        <ele>112.18</ele>
      </trkpt>
      <trkpt lat="51.674912" lon="0.062313">
        <ele>112.03</ele>
      </trkpt>
      <trkpt lat="51.674882" lon="0.062232">
        <ele>112</ele>
      </trkpt>
      <trkpt lat="51.674826" lon="0.062127">
        <ele>112</ele>
      </trkpt>
      <trkpt lat="51.67352" lon="0.0602">
        <ele>111.99</ele>
      </trkpt>
      <trkpt lat="51.670762" lon="0.056136">
        <ele>102</ele>
      </trkpt>
      <trkpt lat="51.670269" lon="0.055422">
        <ele>99.56</ele>
      </trkpt>
      <trkpt lat="51.669284" lon="0.053968">
        <ele>94.9</ele>
      </trkpt>
      <trkpt lat="51.668242" lon="0.052444">
        <ele>94.21</ele>
      </trkpt>
      <trkpt lat="51.667235" lon="0.050961">
        <ele>95.46</ele>
      </trkpt>
      <trkpt lat="51.665852" lon="0.048923">
        <ele>94.27</ele>
      </trkpt>
      <trkpt lat="51.665339" lon="0.048187">
        <ele>95</ele>
      </trkpt>
      <trkpt lat="51.66494" lon="0.047575">
        <ele>96.23</ele>
      </trkpt>
      <trkpt lat="51.664303" lon="0.04663">
        <ele>96.46</ele>
      </trkpt>
      <trkpt lat="51.663882" lon="0.046145">
        <ele>96.98</ele>
      </trkpt>
      <trkpt lat="51.663063" lon="0.04534">
        <ele>95.01</ele>
      </trkpt>
      <trkpt lat="51.661155" lon="0.043702">
        <ele>88.9</ele>
      </trkpt>
      <trkpt lat="51.660581" lon="0.043227">
        <ele>88.68</ele>
      </trkpt>
      <trkpt lat="51.659869" lon="0.042698">
        <ele>87.31</ele>
      </trkpt>
      <trkpt lat="51.659431" lon="0.042395">
        <ele>85.02</ele>
      </trkpt>
      <trkpt lat="51.658644" lon="0.041796">
        <ele>82.58</ele>
      </trkpt>
      <trkpt lat="51.657427" lon="0.040881">
        <ele>81.68</ele>
      </trkpt>
      <trkpt lat="51.65601" lon="0.03982">
        <ele>76</ele>
      </trkpt>
      <trkpt lat="51.655906" lon="0.039754">
        <ele>75.99</ele>
      </trkpt>
      <trkpt lat="51.655712" lon="0.039709">
        <ele>76</ele>
      </trkpt>
      <trkpt lat="51.655637" lon="0.039756">
        <ele>75.86</ele>
      </trkpt>
      <trkpt lat="51.655536" lon="0.039764">
        <ele>75.91</ele>
      </trkpt>
      <trkpt lat="51.655457" lon="0.039738">
        <ele>76.27</ele>
      </trkpt>
      <trkpt lat="51.655377" lon="0.039602">
        <ele>76.27</ele>
      </trkpt>
      <trkpt lat="51.655357" lon="0.039537">
        <ele>76.18</ele>
      </trkpt>
      <trkpt lat="51.655349" lon="0.039467">
        <ele>76.13</ele>
      </trkpt>
      <trkpt lat="51.65516" lon="0.039242">
        <ele>75.32</ele>
      </trkpt>
      <trkpt lat="51.654538" lon="0.038934">
        <ele>73.8</ele>
      </trkpt>
      <trkpt lat="51.654279" lon="0.038834">
        <ele>72.93</ele>
      </trkpt>
      <trkpt lat="51.652722" lon="0.03829">
        <ele>66.44</ele>
      </trkpt>
      <trkpt lat="51.652053" lon="0.038031">
        <ele>63.89</ele>
      </trkpt>
      <trkpt lat="51.649911" lon="0.03725">
        <ele>57.86</ele>
      </trkpt>
      <trkpt lat="51.648973" lon="0.036887">
        <ele>55.52</ele>
      </trkpt>
      <trkpt lat="51.648052" lon="0.036567">
        <ele>54</ele>
      </trkpt>
      <trkpt lat="51.644844" lon="0.035387">
        <ele>52.39</ele>
      </trkpt>
      <trkpt lat="51.642749" lon="0.034621">
        <ele>53.71</ele>
      </trkpt>
      <trkpt lat="51.642081" lon="0.034364">
        <ele>55</ele>
      </trkpt>
      <trkpt lat="51.641534" lon="0.034123">
        <ele>56.45</ele>
      </trkpt>
      <trkpt lat="51.640654" lon="0.033895">
        <ele>57.07</ele>
      </trkpt>
      <trkpt lat="51.6402" lon="0.033801">
        <ele>58</ele>
      </trkpt>
      <trkpt lat="51.639748" lon="0.033741">
        <ele>58.17</ele>
      </trkpt>
      <trkpt lat="51.639601" lon="0.033673">
        <ele>58</ele>
      </trkpt>
      <trkpt lat="51.638966" lon="0.033544">
        <ele>58.02</ele>
      </trkpt>
      <trkpt lat="51.637903" lon="0.03327">
        <ele>59.32</ele>
      </trkpt>
      <trkpt lat="51.637515" lon="0.033201">
        <ele>60</ele>
      </trkpt>
      <trkpt lat="51.636245" lon="0.032757">
        <ele>59.09</ele>
      </trkpt>
      <trkpt lat="51.635219" lon="0.032417">
        <ele>60.53</ele>
      </trkpt>
      <trkpt lat="51.634683" lon="0.032255">
        <ele>62</ele>
      </trkpt>
      <trkpt lat="51.633623" lon="0.031878">
        <ele>64</ele>
      </trkpt>
      <trkpt lat="51.631999" lon="0.031323">
        <ele>66.24</ele>
      </trkpt>
      <trkpt lat="51.630994" lon="0.03097">
        <ele>64.99</ele>
      </trkpt>
      <trkpt lat="51.629137" lon="0.030323">
        <ele>67.9</ele>
      </trkpt>
      <trkpt lat="51.627404" lon="0.029738">
        <ele>69</ele>
      </trkpt>
      <trkpt lat="51.626966" lon="0.029577">
        <ele>69</ele>
      </trkpt>
      <trkpt lat="51.626393" lon="0.029395">
        <ele>69.9</ele>
      </trkpt>
      <trkpt lat="51.625768" lon="0.02917">
        <ele>70</ele>
      </trkpt>
      <trkpt lat="51.624769" lon="0.028878">
        <ele>71.9</ele>
      </trkpt>
      <trkpt lat="51.624633" lon="0.028851">
        <ele>72</ele>
      </trkpt>
      <trkpt lat="51.622759" lon="0.028305">
        <ele>74</ele>
      </trkpt>
      <trkpt lat="51.620917" lon="0.02777">
        <ele>72.09</ele>
      </trkpt>
      <trkpt lat="51.620882" lon="0.027798">
        <ele>72</ele>
      </trkpt>
      <trkpt lat="51.620739" lon="0.027809">
        <ele>72</ele>
      </trkpt>
      <trkpt lat="51.620569" lon="0.027804">
        <ele>71</ele>
      </trkpt>
      <trkpt lat="51.620435" lon="0.027774">
        <ele>70.83</ele>
      </trkpt>
      <trkpt lat="51.620331" lon="0.027736">
        <ele>70.74</ele>
      </trkpt>
      <trkpt lat="51.619925" lon="0.027543">
        <ele>69.74</ele>
      </trkpt>
      <trkpt lat="51.619544" lon="0.027393">
        <ele>68.82</ele>
      </trkpt>
      <trkpt lat="51.618531" lon="0.02689">
        <ele>68.66</ele>
      </trkpt>
      <trkpt lat="51.617518" lon="0.02633">
        <ele>69</ele>
      </trkpt>
      <trkpt lat="51.61675" lon="0.02592">
        <ele>71.86</ele>
      </trkpt>
      <trkpt lat="51.616248" lon="0.025675">
        <ele>73</ele>
      </trkpt>
      <trkpt lat="51.615653" lon="0.025414">
        <ele>74</ele>
      </trkpt>
      <trkpt lat="51.614831" lon="0.025113">
        <ele>73.99</ele>
      </trkpt>
      <trkpt lat="51.614586" lon="0.025003">
        <ele>73.56</ele>
      </trkpt>
      <trkpt lat="51.614516" lon="0.024904">
        <ele>73.22</ele>
      </trkpt>
      <trkpt lat="51.614024" lon="0.02467">
        <ele>72</ele>
      </trkpt>
      <trkpt lat="51.612805" lon="0.024007">
        <ele>69</ele>
      </trkpt>
      <trkpt lat="51.611949" lon="0.023432">
        <ele>67.81</ele>
      </trkpt>
      <trkpt lat="51.611208" lon="0.022891">
        <ele>66</ele>
      </trkpt>
      <trkpt lat="51.610568" lon="0.02233">
        <ele>65.26</ele>
      </trkpt>
      <trkpt lat="51.609594" lon="0.021624">
        <ele>64.38</ele>
      </trkpt>
      <trkpt lat="51.608876" lon="0.021149">
        <ele>64</ele>
      </trkpt>
      <trkpt lat="51.608814" lon="0.021186">
        <ele>63.97</ele>
      </trkpt>
      <trkpt lat="51.608637" lon="0.021065">
        <ele>64</ele>
      </trkpt>
      <trkpt lat="51.608608" lon="0.020963">
        <ele>64</ele>
      </trkpt>
      <trkpt lat="51.608117" lon="0.020629">
        <ele>64</ele>
      </trkpt>
      <trkpt lat="51.607694" lon="0.020327">
        <ele>63.29</ele>
      </trkpt>
      <trkpt lat="51.607638" lon="0.020346">
        <ele>63</ele>
      </trkpt>
      <trkpt lat="51.607119" lon="0.019927">
        <ele>62.98</ele>
      </trkpt>
      <trkpt lat="51.607078" lon="0.019819">
        <ele>62.91</ele>
      </trkpt>
      <trkpt lat="51.606473" lon="0.019112">
        <ele>61.81</ele>
      </trkpt>
      <trkpt lat="51.606064" lon="0.018859">
        <ele>60.41</ele>
      </trkpt>
      <trkpt lat="51.605896" lon="0.018779">
        <ele>60.43</ele>
      </trkpt>
      <trkpt lat="51.605706" lon="0.018712">
        <ele>59.8</ele>
      </trkpt>
      <trkpt lat="51.605477" lon="0.018682">
        <ele>59.38</ele>
      </trkpt>
      <trkpt lat="51.604994" lon="0.018692">
        <ele>59</ele>
      </trkpt>
      <trkpt lat="51.604893" lon="0.018629">
        <ele>58.73</ele>
      </trkpt>
      <trkpt lat="51.604863" lon="0.018588">
        <ele>58.93</ele>
      </trkpt>
      <trkpt lat="51.604837" lon="0.018531">
        <ele>59</ele>
      </trkpt>
      <trkpt lat="51.604822" lon="0.018461">
        <ele>59</ele>
      </trkpt>
      <trkpt lat="51.604831" lon="0.018287">
        <ele>59</ele>
      </trkpt>
      <trkpt lat="51.604846" lon="0.018213">
        <ele>59.11</ele>
      </trkpt>
      <trkpt lat="51.604829" lon="0.017925">
        <ele>60.42</ele>
      </trkpt>
      <trkpt lat="51.604775" lon="0.017655">
        <ele>61</ele>
      </trkpt>
      <trkpt lat="51.604724" lon="0.017585">
        <ele>60.89</ele>
      </trkpt>
      <trkpt lat="51.603465" lon="0.016438">
        <ele>62</ele>
      </trkpt>
      <trkpt lat="51.602568" lon="0.015655">
        <ele>62.35</ele>
      </trkpt>
      <trkpt lat="51.601551" lon="0.014746">
        <ele>64.38</ele>
      </trkpt>
      <trkpt lat="51.600545" lon="0.013836">
        <ele>66.81</ele>
      </trkpt>
      <trkpt lat="51.600168" lon="0.013482">
        <ele>67</ele>
      </trkpt>
      <trkpt lat="51.599103" lon="0.012687">
        <ele>67</ele>
      </trkpt>
      <trkpt lat="51.598377" lon="0.012285">
        <ele>64.63</ele>
      </trkpt>
      <trkpt lat="51.596959" lon="0.011575">
        <ele>61</ele>
      </trkpt>
      <trkpt lat="51.596796" lon="0.0115">
        <ele>61</ele>
      </trkpt>
      <trkpt lat="51.596669" lon="0.011546">
        <ele>60.02</ele>
      </trkpt>
      <trkpt lat="51.596367" lon="0.011732">
        <ele>58.79</ele>
      </trkpt>
      <trkpt lat="51.596238" lon="0.011792">
        <ele>58.44</ele>
      </trkpt>
      <trkpt lat="51.596033" lon="0.011864">
        <ele>57.22</ele>
      </trkpt>
      <trkpt lat="51.595893" lon="0.01195">
        <ele>56.22</ele>
      </trkpt>
      <trkpt lat="51.595734" lon="0.012011">
        <ele>57.9</ele>
      </trkpt>
      <trkpt lat="51.595578" lon="0.012088">
        <ele>53.09</ele>
      </trkpt>
      <trkpt lat="51.595498" lon="0.012096">
        <ele>53.11</ele>
      </trkpt>
      <trkpt lat="51.595418" lon="0.012071">
        <ele>53.13</ele>
      </trkpt>
      <trkpt lat="51.595346" lon="0.012014">
        <ele>53.16</ele>
      </trkpt>
      <trkpt lat="51.595296" lon="0.011945">
        <ele>53.18</ele>
      </trkpt>
      <trkpt lat="51.595239" lon="0.011844">
        <ele>55.34</ele>
      </trkpt>
      <trkpt lat="51.595132" lon="0.011633">
        <ele>55.85</ele>
      </trkpt>
      <trkpt lat="51.594967" lon="0.011213">
        <ele>54.48</ele>
      </trkpt>
      <trkpt lat="51.594814" lon="0.010849">
        <ele>54.98</ele>
      </trkpt>
      <trkpt lat="51.59474" lon="0.010691">
        <ele>55</ele>
      </trkpt>
      <trkpt lat="51.594699" lon="0.01062">
        <ele>54.78</ele>
      </trkpt>
      <trkpt lat="51.59465" lon="0.010565">
        <ele>54.69</ele>
      </trkpt>
      <trkpt lat="51.594221" lon="0.010283">
        <ele>53.4</ele>
      </trkpt>
      <trkpt lat="51.594117" lon="0.01005">
        <ele>53.69</ele>
      </trkpt>
      <trkpt lat="51.594089" lon="0.009957">
        <ele>53.89</ele>
      </trkpt>
      <trkpt lat="51.59406" lon="0.009677">
        <ele>53</ele>
      </trkpt>
      <trkpt lat="51.593786" lon="0.008065">
        <ele>52.89</ele>
      </trkpt>
      <trkpt lat="51.593464" lon="0.006113">
        <ele>51</ele>
      </trkpt>
      <trkpt lat="51.593301" lon="0.005297">
        <ele>49</ele>
      </trkpt>
      <trkpt lat="51.593265" lon="0.005131">
        <ele>48.83</ele>
      </trkpt>
      <trkpt lat="51.593074" lon="0.004024">
        <ele>46.39</ele>
      </trkpt>
      <trkpt lat="51.592912" lon="0.002925">
        <ele>42.01</ele>
      </trkpt>
      <trkpt lat="51.592793" lon="0.00195">
        <ele>39.1</ele>
      </trkpt>
      <trkpt lat="51.592641" lon="0.000735">
        <ele>35.6</ele>
      </trkpt>
      <trkpt lat="51.592526" lon="-0.0003">
        <ele>33</ele>
      </trkpt>
      <trkpt lat="51.592483" lon="-0.000754">
        <ele>32.99</ele>
      </trkpt>
      <trkpt lat="51.592458" lon="-0.001014">
        <ele>30.72</ele>
      </trkpt>
      <trkpt lat="51.592409" lon="-0.001438">
        <ele>32.36</ele>
      </trkpt>
      <trkpt lat="51.59226" lon="-0.002489">
        <ele>28.53</ele>
      </trkpt>
      <trkpt lat="51.59218" lon="-0.002912">
        <ele>27.07</ele>
      </trkpt>
      <trkpt lat="51.592104" lon="-0.00326">
        <ele>26</ele>
      </trkpt>
      <trkpt lat="51.591897" lon="-0.003995">
        <ele>24</ele>
      </trkpt>
      <trkpt lat="51.59161" lon="-0.005031">
        <ele>24</ele>
      </trkpt>
      <trkpt lat="51.591332" lon="-0.006656">
        <ele>25.8</ele>
      </trkpt>
      <trkpt lat="51.591247" lon="-0.007085">
        <ele>26.11</ele>
      </trkpt>
      <trkpt lat="51.591188" lon="-0.007345">
        <ele>27</ele>
      </trkpt>
      <trkpt lat="51.591055" lon="-0.007776">
        <ele>27.31</ele>
      </trkpt>
      <trkpt lat="51.590916" lon="-0.008172">
        <ele>27</ele>
      </trkpt>
      <trkpt lat="51.590889" lon="-0.008237">
        <ele>27</ele>
      </trkpt>
      <trkpt lat="51.590823" lon="-0.008288">
        <ele>27</ele>
      </trkpt>
      <trkpt lat="51.590748" lon="-0.008449">
        <ele>26.65</ele>
      </trkpt>
      <trkpt lat="51.590673" lon="-0.008631">
        <ele>26</ele>
      </trkpt>
      <trkpt lat="51.590582" lon="-0.008905">
        <ele>26</ele>
      </trkpt>
      <trkpt lat="51.590414" lon="-0.00975">
        <ele>25</ele>
      </trkpt>
      <trkpt lat="51.590314" lon="-0.010207">
        <ele>24</ele>
      </trkpt>
      <trkpt lat="51.59015" lon="-0.011125">
        <ele>24</ele>
      </trkpt>
      <trkpt lat="51.590083" lon="-0.011573">
        <ele>24</ele>
      </trkpt>
      <trkpt lat="51.589994" lon="-0.012383">
        <ele>25</ele>
      </trkpt>
      <trkpt lat="51.589954" lon="-0.012869">
        <ele>25.95</ele>
      </trkpt>
      <trkpt lat="51.589847" lon="-0.014627">
        <ele>25.99</ele>
      </trkpt>
      <trkpt lat="51.589868" lon="-0.014711">
        <ele>25.73</ele>
      </trkpt>
      <trkpt lat="51.58985" lon="-0.015314">
        <ele>25</ele>
      </trkpt>
      <trkpt lat="51.589865" lon="-0.015549">
        <ele>25</ele>
      </trkpt>
      <trkpt lat="51.589888" lon="-0.015715">
        <ele>25</ele>
      </trkpt>
      <trkpt lat="51.590122" lon="-0.01712">
        <ele>22.12</ele>
      </trkpt>
      <trkpt lat="51.590223" lon="-0.017609">
        <ele>21.68</ele>
      </trkpt>
      <trkpt lat="51.590424" lon="-0.018483">
        <ele>20</ele>
      </trkpt>
      <trkpt lat="51.590715" lon="-0.019603">
        <ele>18</ele>
      </trkpt>
      <trkpt lat="51.590793" lon="-0.019952">
        <ele>17</ele>
      </trkpt>
      <trkpt lat="51.590841" lon="-0.020253">
        <ele>17</ele>
      </trkpt>
      <trkpt lat="51.59085" lon="-0.020368">
        <ele>17</ele>
      </trkpt>
      <trkpt lat="51.590849" lon="-0.020594">
        <ele>16.27</ele>
      </trkpt>
      <trkpt lat="51.590824" lon="-0.02086">
        <ele>16</ele>
      </trkpt>
      <trkpt lat="51.590775" lon="-0.021282">
        <ele>16</ele>
      </trkpt>
      <trkpt lat="51.590704" lon="-0.021649">
        <ele>16</ele>
      </trkpt>
      <trkpt lat="51.590503" lon="-0.022449">
        <ele>16</ele>
      </trkpt>
      <trkpt lat="51.590355" lon="-0.023002">
        <ele>16</ele>
      </trkpt>
      <trkpt lat="51.590279" lon="-0.023364">
        <ele>16.94</ele>
      </trkpt>
      <trkpt lat="51.590243" lon="-0.02357">
        <ele>17</ele>
      </trkpt>
      <trkpt lat="51.590101" lon="-0.024519">
        <ele>19</ele>
      </trkpt>
      <trkpt lat="51.58997" lon="-0.025521">
        <ele>21.2</ele>
      </trkpt>
      <trkpt lat="51.589865" lon="-0.026473">
        <ele>23.96</ele>
      </trkpt>
      <trkpt lat="51.589802" lon="-0.026957">
        <ele>24.76</ele>
      </trkpt>
      <trkpt lat="51.589719" lon="-0.02749">
        <ele>25</ele>
      </trkpt>
      <trkpt lat="51.589582" lon="-0.028593">
        <ele>23</ele>
      </trkpt>
      <trkpt lat="51.589505" lon="-0.028984">
        <ele>23</ele>
      </trkpt>
      <trkpt lat="51.58934" lon="-0.029577">
        <ele>21.04</ele>
      </trkpt>
      <trkpt lat="51.589233" lon="-0.02987">
        <ele>20.33</ele>
      </trkpt>
      <trkpt lat="51.589132" lon="-0.030113">
        <ele>20</ele>
      </trkpt>
      <trkpt lat="51.588944" lon="-0.030496">
        <ele>19.69</ele>
      </trkpt>
      <trkpt lat="51.588901" lon="-0.030613">
        <ele>19.01</ele>
      </trkpt>
      <trkpt lat="51.58819" lon="-0.032981">
        <ele>15</ele>
      </trkpt>
      <trkpt lat="51.588028" lon="-0.033452">
        <ele>15</ele>
      </trkpt>
      <trkpt lat="51.587966" lon="-0.03371">
        <ele>15</ele>
      </trkpt>
      <trkpt lat="51.58792" lon="-0.033979">
        <ele>15</ele>
      </trkpt>
      <trkpt lat="51.587746" lon="-0.035272">
        <ele>15</ele>
      </trkpt>
      <trkpt lat="51.587681" lon="-0.035812">
        <ele>14.03</ele>
      </trkpt>
      <trkpt lat="51.587616" lon="-0.036427">
        <ele>14</ele>
      </trkpt>
      <trkpt lat="51.587534" lon="-0.037378">
        <ele>14</ele>
      </trkpt>
      <trkpt lat="51.587431" lon="-0.038465">
        <ele>14.11</ele>
      </trkpt>
      <trkpt lat="51.587333" lon="-0.039266">
        <ele>13</ele>
      </trkpt>
      <trkpt lat="51.587242" lon="-0.040337">
        <ele>12</ele>
      </trkpt>
      <trkpt lat="51.587196" lon="-0.040759">
        <ele>12</ele>
      </trkpt>
      <trkpt lat="51.587132" lon="-0.041508">
        <ele>10</ele>
      </trkpt>
      <trkpt lat="51.586911" lon="-0.04334">
        <ele>8</ele>
      </trkpt>
      <trkpt lat="51.586855" lon="-0.043837">
        <ele>8</ele>
      </trkpt>
      <trkpt lat="51.586837" lon="-0.044074">
        <ele>8</ele>
      </trkpt>
      <trkpt lat="51.586768" lon="-0.044589">
        <ele>8</ele>
      </trkpt>
      <trkpt lat="51.586658" lon="-0.045782">
        <ele>9.54</ele>
      </trkpt>
      <trkpt lat="51.586278" lon="-0.049613">
        <ele>10</ele>
      </trkpt>
      <trkpt lat="51.58618" lon="-0.050587">
        <ele>10</ele>
      </trkpt>
      <trkpt lat="51.586168" lon="-0.050927">
        <ele>10</ele>
      </trkpt>
      <trkpt lat="51.586173" lon="-0.051074">
        <ele>10</ele>
      </trkpt>
      <trkpt lat="51.586203" lon="-0.051313">
        <ele>9.79</ele>
      </trkpt>
      <trkpt lat="51.58625" lon="-0.051583">
        <ele>9.94</ele>
      </trkpt>
      <trkpt lat="51.586287" lon="-0.051717">
        <ele>10</ele>
      </trkpt>
      <trkpt lat="51.586343" lon="-0.051855">
        <ele>9.48</ele>
      </trkpt>
      <trkpt lat="51.586824" lon="-0.05292">
        <ele>8.98</ele>
      </trkpt>
      <trkpt lat="51.586984" lon="-0.053313">
        <ele>6.99</ele>
      </trkpt>
      <trkpt lat="51.587026" lon="-0.053415">
        <ele>8.42</ele>
      </trkpt>
      <trkpt lat="51.587112" lon="-0.053681">
        <ele>9</ele>
      </trkpt>
      <trkpt lat="51.587516" lon="-0.05536">
        <ele>9</ele>
      </trkpt>
      <trkpt lat="51.587731" lon="-0.056182">
        <ele>9.64</ele>
      </trkpt>
      <trkpt lat="51.587763" lon="-0.056337">
        <ele>9.61</ele>
      </trkpt>
      <trkpt lat="51.587854" lon="-0.056894">
        <ele>9.49</ele>
      </trkpt>
      <trkpt lat="51.587893" lon="-0.057162">
        <ele>9.66</ele>
      </trkpt>
      <trkpt lat="51.587916" lon="-0.057393">
        <ele>9</ele>
      </trkpt>
      <trkpt lat="51.587953" lon="-0.057957">
        <ele>9.97</ele>
      </trkpt>
      <trkpt lat="51.587963" lon="-0.058212">
        <ele>10</ele>
      </trkpt>
      <trkpt lat="51.588001" lon="-0.059681">
        <ele>11.96</ele>
      </trkpt>
      <trkpt lat="51.58801" lon="-0.060074">
        <ele>8.79</ele>
      </trkpt>
      <trkpt lat="51.588017" lon="-0.060397">
        <ele>11.82</ele>
      </trkpt>
      <trkpt lat="51.588021" lon="-0.060556">
        <ele>11.72</ele>
      </trkpt>
      <trkpt lat="51.588046" lon="-0.06105">
        <ele>10</ele>
      </trkpt>
      <trkpt lat="51.588015" lon="-0.061149">
        <ele>10</ele>
      </trkpt>
      <trkpt lat="51.588041" lon="-0.061958">
        <ele>8.91</ele>
      </trkpt>
      <trkpt lat="51.588086" lon="-0.062036">
        <ele>8.43</ele>
      </trkpt>
      <trkpt lat="51.588114" lon="-0.062265">
        <ele>8</ele>
      </trkpt>
      <trkpt lat="51.58817" lon="-0.062498">
        <ele>8</ele>
      </trkpt>
      <trkpt lat="51.588209" lon="-0.062625">
        <ele>8</ele>
      </trkpt>
      <trkpt lat="51.588209" lon="-0.062729">
        <ele>8</ele>
      </trkpt>
      <trkpt lat="51.588184" lon="-0.062783">
        <ele>8</ele>
      </trkpt>
      <trkpt lat="51.588172" lon="-0.063051">
        <ele>8</ele>
      </trkpt>
      <trkpt lat="51.588114" lon="-0.063375">
        <ele>8</ele>
      </trkpt>
      <trkpt lat="51.588041" lon="-0.063434">
        <ele>8</ele>
      </trkpt>
      <trkpt lat="51.587971" lon="-0.06347">
        <ele>8</ele>
      </trkpt>
      <trkpt lat="51.587555" lon="-0.063608">
        <ele>8</ele>
      </trkpt>
      <trkpt lat="51.587117" lon="-0.063716">
        <ele>8</ele>
      </trkpt>
      <trkpt lat="51.586932" lon="-0.063749">
        <ele>8</ele>
      </trkpt>
      <trkpt lat="51.5862" lon="-0.063829">
        <ele>8</ele>
      </trkpt>
      <trkpt lat="51.585291" lon="-0.063977">
        <ele>8</ele>
      </trkpt>
      <trkpt lat="51.585026" lon="-0.064043">
        <ele>8</ele>
      </trkpt>
      <trkpt lat="51.584979" lon="-0.06407">
        <ele>8</ele>
      </trkpt>
      <trkpt lat="51.584895" lon="-0.064176">
        <ele>8</ele>
      </trkpt>
      <trkpt lat="51.584866" lon="-0.064311">
        <ele>8</ele>
      </trkpt>
      <trkpt lat="51.584845" lon="-0.0645">
        <ele>8</ele>
      </trkpt>
      <trkpt lat="51.584724" lon="-0.065968">
        <ele>8</ele>
      </trkpt>
      <trkpt lat="51.58465" lon="-0.066524">
        <ele>8</ele>
      </trkpt>
      <trkpt lat="51.584456" lon="-0.067697">
        <ele>8</ele>
      </trkpt>
      <trkpt lat="51.584396" lon="-0.06802">
        <ele>8</ele>
      </trkpt>
      <trkpt lat="51.584224" lon="-0.068793">
        <ele>8.98</ele>
      </trkpt>
      <trkpt lat="51.58413" lon="-0.069126">
        <ele>9</ele>
      </trkpt>
      <trkpt lat="51.58408" lon="-0.069355">
        <ele>9</ele>
      </trkpt>
      <trkpt lat="51.584042" lon="-0.069854">
        <ele>9</ele>
      </trkpt>
      <trkpt lat="51.584049" lon="-0.070523">
        <ele>10</ele>
      </trkpt>
      <trkpt lat="51.584059" lon="-0.070892">
        <ele>10</ele>
      </trkpt>
      <trkpt lat="51.584075" lon="-0.071502">
        <ele>10</ele>
      </trkpt>
      <trkpt lat="51.584071" lon="-0.071605">
        <ele>10</ele>
      </trkpt>
      <trkpt lat="51.584031" lon="-0.071677">
        <ele>10.08</ele>
      </trkpt>
      <trkpt lat="51.583969" lon="-0.072124">
        <ele>10.33</ele>
      </trkpt>
      <trkpt lat="51.583932" lon="-0.072234">
        <ele>10.97</ele>
      </trkpt>
      <trkpt lat="51.583886" lon="-0.072419">
        <ele>11</ele>
      </trkpt>
      <trkpt lat="51.583885" lon="-0.072577">
        <ele>11</ele>
      </trkpt>
      <trkpt lat="51.583915" lon="-0.072728">
        <ele>11</ele>
      </trkpt>
      <trkpt lat="51.583997" lon="-0.073551">
        <ele>11</ele>
      </trkpt>
      <trkpt lat="51.584153" lon="-0.074859">
        <ele>11.02</ele>
      </trkpt>
      <trkpt lat="51.584224" lon="-0.075296">
        <ele>11.63</ele>
      </trkpt>
      <trkpt lat="51.58425" lon="-0.075417">
        <ele>11</ele>
      </trkpt>
      <trkpt lat="51.58441" lon="-0.07596">
        <ele>11</ele>
      </trkpt>
      <trkpt lat="51.585138" lon="-0.078144">
        <ele>11</ele>
      </trkpt>
      <trkpt lat="51.585179" lon="-0.078318">
        <ele>11.35</ele>
      </trkpt>
      <trkpt lat="51.585207" lon="-0.078968">
        <ele>12</ele>
      </trkpt>
      <trkpt lat="51.585223" lon="-0.080571">
        <ele>12.46</ele>
      </trkpt>
      <trkpt lat="51.585241" lon="-0.081428">
        <ele>13</ele>
      </trkpt>
      <trkpt lat="51.585301" lon="-0.082219">
        <ele>13</ele>
      </trkpt>
      <trkpt lat="51.585416" lon="-0.082996">
        <ele>14</ele>
      </trkpt>
      <trkpt lat="51.585532" lon="-0.083571">
        <ele>14</ele>
      </trkpt>
      <trkpt lat="51.585669" lon="-0.084188">
        <ele>14.11</ele>
      </trkpt>
      <trkpt lat="51.585803" lon="-0.084683">
        <ele>15</ele>
      </trkpt>
      <trkpt lat="51.586056" lon="-0.085736">
        <ele>15.91</ele>
      </trkpt>
      <trkpt lat="51.586155" lon="-0.086225">
        <ele>16</ele>
      </trkpt>
      <trkpt lat="51.586255" lon="-0.086772">
        <ele>16.69</ele>
      </trkpt>
      <trkpt lat="51.586332" lon="-0.087414">
        <ele>17</ele>
      </trkpt>
      <trkpt lat="51.586469" lon="-0.088334">
        <ele>17.69</ele>
      </trkpt>
      <trkpt lat="51.586471" lon="-0.088488">
        <ele>17.71</ele>
      </trkpt>
      <trkpt lat="51.586429" lon="-0.088871">
        <ele>17.32</ele>
      </trkpt>
      <trkpt lat="51.586378" lon="-0.089195">
        <ele>17.49</ele>
      </trkpt>
      <trkpt lat="51.586332" lon="-0.089331">
        <ele>17.41</ele>
      </trkpt>
      <trkpt lat="51.586337" lon="-0.089493">
        <ele>17.46</ele>
      </trkpt>
      <trkpt lat="51.586223" lon="-0.090405">
        <ele>17</ele>
      </trkpt>
      <trkpt lat="51.586156" lon="-0.091036">
        <ele>17</ele>
      </trkpt>
      <trkpt lat="51.586092" lon="-0.091771">
        <ele>18</ele>
      </trkpt>
      <trkpt lat="51.586089" lon="-0.092325">
        <ele>18</ele>
      </trkpt>
      <trkpt lat="51.586053" lon="-0.093548">
        <ele>18.72</ele>
      </trkpt>
      <trkpt lat="51.586049" lon="-0.093986">
        <ele>18.9</ele>
      </trkpt>
      <trkpt lat="51.586085" lon="-0.094262">
        <ele>19</ele>
      </trkpt>
      <trkpt lat="51.586124" lon="-0.094456">
        <ele>19</ele>
      </trkpt>
      <trkpt lat="51.586537" lon="-0.095617">
        <ele>20</ele>
      </trkpt>
      <trkpt lat="51.586736" lon="-0.096246">
        <ele>21.11</ele>
      </trkpt>
      <trkpt lat="51.58708" lon="-0.097602">
        <ele>22</ele>
      </trkpt>
      <trkpt lat="51.58739" lon="-0.09849">
        <ele>22.544113104848314</ele>
      </trkpt>
      <trkpt lat="51.58763004295381" lon="-0.09910197460050925">
        <ele>22.76880809613899</ele>
      </trkpt>
      <trkpt lat="51.58787008590763" lon="-0.0997139492010185">
        <ele>22.58680033095912</ele>
      </trkpt>
      <trkpt lat="51.588110128861445" lon="-0.10032592380152777">
        <ele>22.28076971685442</ele>
      </trkpt>
      <trkpt lat="51.58829287480313" lon="-0.10079182322860447">
        <ele>22.187798044603547</ele>
      </trkpt>
      <trkpt lat="51.58855177952184" lon="-0.10138355421715728">
        <ele>22.145202414391235</ele>
      </trkpt>
      <trkpt lat="51.58881068424056" lon="-0.10197528520571009">
        <ele>22.23999640757772</ele>
      </trkpt>
      <trkpt lat="51.588894930407804" lon="-0.1021678312051506">
        <ele>22.21556727891732</ele>
      </trkpt>
      <trkpt lat="51.588905" lon="-0.102124">
        <ele>22</ele>
      </trkpt>
      <trkpt lat="51.589689" lon="-0.102614">
        <ele>22</ele>
      </trkpt>
      <trkpt lat="51.589853" lon="-0.102746">
        <ele>21.24</ele>
      </trkpt>
      <trkpt lat="51.590069" lon="-0.102949">
        <ele>21</ele>
      </trkpt>
      <trkpt lat="51.590383" lon="-0.103277">
        <ele>21</ele>
      </trkpt>
      <trkpt lat="51.5903" lon="-0.103412">
        <ele>21</ele>
      </trkpt>
      <trkpt lat="51.590115" lon="-0.103913">
        <ele>21</ele>
      </trkpt>
      <trkpt lat="51.59011" lon="-0.10398">
        <ele>21</ele>
      </trkpt>
      <trkpt lat="51.590116" lon="-0.104052">
        <ele>21</ele>
      </trkpt>
      <trkpt lat="51.590037" lon="-0.104363">
        <ele>21</ele>
      </trkpt>
      <trkpt lat="51.589918" lon="-0.104912">
        <ele>21</ele>
      </trkpt>
      <trkpt lat="51.589758" lon="-0.105657">
        <ele>21</ele>
      </trkpt>
      <trkpt lat="51.58947" lon="-0.107364">
        <ele>22</ele>
      </trkpt>
      <trkpt lat="51.589424" lon="-0.107716">
        <ele>22</ele>
      </trkpt>
      <trkpt lat="51.58934" lon="-0.10822">
        <ele>22</ele>
      </trkpt>
      <trkpt lat="51.588967" lon="-0.109796">
        <ele>23</ele>
      </trkpt>
      <trkpt lat="51.588929" lon="-0.109838">
        <ele>23</ele>
      </trkpt>
      <trkpt lat="51.588919" lon="-0.109871">
        <ele>23</ele>
      </trkpt>
      <trkpt lat="51.588861" lon="-0.110065">
        <ele>23</ele>
      </trkpt>
      <trkpt lat="51.588799" lon="-0.11033">
        <ele>23</ele>
      </trkpt>
      <trkpt lat="51.588762" lon="-0.110758">
        <ele>23</ele>
      </trkpt>
      <trkpt lat="51.58879" lon="-0.111069">
        <ele>23.9</ele>
      </trkpt>
      <trkpt lat="51.5887" lon="-0.111369">
        <ele>24</ele>
      </trkpt>
      <trkpt lat="51.588464" lon="-0.111992">
        <ele>26.17</ele>
      </trkpt>
      <trkpt lat="51.58819" lon="-0.112752">
        <ele>30.29</ele>
      </trkpt>
      <trkpt lat="51.588121" lon="-0.112952">
        <ele>30.96</ele>
      </trkpt>
      <trkpt lat="51.588049" lon="-0.113058">
        <ele>31.52</ele>
      </trkpt>
      <trkpt lat="51.58801" lon="-0.113156">
        <ele>31.88</ele>
      </trkpt>
      <trkpt lat="51.587889" lon="-0.113031">
        <ele>32</ele>
      </trkpt>
      <trkpt lat="51.58733" lon="-0.112591">
        <ele>33.39</ele>
      </trkpt>
      <trkpt lat="51.586896" lon="-0.11232">
        <ele>34.01</ele>
      </trkpt>
      <trkpt lat="51.586678" lon="-0.11228">
        <ele>35</ele>
      </trkpt>
      <trkpt lat="51.586368" lon="-0.112278">
        <ele>36</ele>
      </trkpt>
      <trkpt lat="51.586218" lon="-0.112288">
        <ele>36</ele>
      </trkpt>
      <trkpt lat="51.586107" lon="-0.112323">
        <ele>36.05</ele>
      </trkpt>
      <trkpt lat="51.585961" lon="-0.112395">
        <ele>37.03</ele>
      </trkpt>
      <trkpt lat="51.585822" lon="-0.112503">
        <ele>37.42</ele>
      </trkpt>
      <trkpt lat="51.5857" lon="-0.112676">
        <ele>38</ele>
      </trkpt>
      <trkpt lat="51.585612" lon="-0.112871">
        <ele>38.48</ele>
      </trkpt>
      <trkpt lat="51.585556" lon="-0.11312">
        <ele>39</ele>
      </trkpt>
      <trkpt lat="51.585527" lon="-0.11332">
        <ele>39.87</ele>
      </trkpt>
      <trkpt lat="51.585497" lon="-0.113787">
        <ele>41.56</ele>
      </trkpt>
      <trkpt lat="51.58546" lon="-0.114119">
        <ele>43</ele>
      </trkpt>
      <trkpt lat="51.585405" lon="-0.114376">
        <ele>43.98</ele>
      </trkpt>
      <trkpt lat="51.58534" lon="-0.114581">
        <ele>44.15</ele>
      </trkpt>
      <trkpt lat="51.585141" lon="-0.115001">
        <ele>46</ele>
      </trkpt>
      <trkpt lat="51.584905" lon="-0.115359">
        <ele>47</ele>
      </trkpt>
      <trkpt lat="51.584824" lon="-0.115469">
        <ele>47.8</ele>
      </trkpt>
      <trkpt lat="51.584778" lon="-0.115569">
        <ele>48</ele>
      </trkpt>
      <trkpt lat="51.584518" lon="-0.115783">
        <ele>48</ele>
      </trkpt>
      <trkpt lat="51.584215" lon="-0.116032">
        <ele>48.37</ele>
      </trkpt>
      <trkpt lat="51.583997" lon="-0.116239">
        <ele>48</ele>
      </trkpt>
      <trkpt lat="51.583717" lon="-0.11653">
        <ele>48</ele>
      </trkpt>
      <trkpt lat="51.583374" lon="-0.116943">
        <ele>47.74</ele>
      </trkpt>
      <trkpt lat="51.583228" lon="-0.117143">
        <ele>47.42</ele>
      </trkpt>
      <trkpt lat="51.583197" lon="-0.117133">
        <ele>47.09</ele>
      </trkpt>
      <trkpt lat="51.583094" lon="-0.117287">
        <ele>47.1</ele>
      </trkpt>
      <trkpt lat="51.583092" lon="-0.117343">
        <ele>47.31</ele>
      </trkpt>
      <trkpt lat="51.582918" lon="-0.117718">
        <ele>47</ele>
      </trkpt>
      <trkpt lat="51.582809" lon="-0.118028">
        <ele>45.88</ele>
      </trkpt>
      <trkpt lat="51.582432" lon="-0.119026">
        <ele>42</ele>
      </trkpt>
      <trkpt lat="51.58239" lon="-0.118994">
        <ele>42</ele>
      </trkpt>
      <trkpt lat="51.58236" lon="-0.119001">
        <ele>42</ele>
      </trkpt>
      <trkpt lat="51.582341" lon="-0.11902">
        <ele>42</ele>
      </trkpt>
      <trkpt lat="51.582325" lon="-0.119056">
        <ele>42</ele>
      </trkpt>
      <trkpt lat="51.582319" lon="-0.119105">
        <ele>42</ele>
      </trkpt>
      <trkpt lat="51.582326" lon="-0.119148">
        <ele>42</ele>
      </trkpt>
      <trkpt lat="51.582361" lon="-0.119199">
        <ele>42</ele>
      </trkpt>
      <trkpt lat="51.582018" lon="-0.120148">
        <ele>41</ele>
      </trkpt>
      <trkpt lat="51.581662" lon="-0.12106">
        <ele>41.85</ele>
      </trkpt>
      <trkpt lat="51.581494" lon="-0.121379">
        <ele>42</ele>
      </trkpt>
      <trkpt lat="51.581424" lon="-0.121497">
        <ele>42</ele>
      </trkpt>
      <trkpt lat="51.581189" lon="-0.121824">
        <ele>42</ele>
      </trkpt>
      <trkpt lat="51.58011" lon="-0.123187">
        <ele>44</ele>
      </trkpt>
      <trkpt lat="51.579934" lon="-0.123362">
        <ele>44.45</ele>
      </trkpt>
      <trkpt lat="51.579539" lon="-0.123677">
        <ele>45</ele>
      </trkpt>
      <trkpt lat="51.579367" lon="-0.123762">
        <ele>45.34</ele>
      </trkpt>
      <trkpt lat="51.57877" lon="-0.12384">
        <ele>47</ele>
      </trkpt>
      <trkpt lat="51.578565" lon="-0.123888">
        <ele>47</ele>
      </trkpt>
      <trkpt lat="51.57833" lon="-0.123984">
        <ele>48</ele>
      </trkpt>
      <trkpt lat="51.578192" lon="-0.124087">
        <ele>48</ele>
      </trkpt>
      <trkpt lat="51.577792" lon="-0.124533">
        <ele>50.02</ele>
      </trkpt>
      <trkpt lat="51.577336" lon="-0.124989">
        <ele>52.92</ele>
      </trkpt>
      <trkpt lat="51.576405" lon="-0.125885">
        <ele>62.47</ele>
      </trkpt>
      <trkpt lat="51.576176" lon="-0.126065">
        <ele>64.61</ele>
      </trkpt>
      <trkpt lat="51.575747" lon="-0.126386">
        <ele>67.51</ele>
      </trkpt>
      <trkpt lat="51.575408" lon="-0.126586">
        <ele>69</ele>
      </trkpt>
      <trkpt lat="51.575117" lon="-0.126742">
        <ele>69.88</ele>
      </trkpt>
      <trkpt lat="51.574894" lon="-0.126858">
        <ele>69.73</ele>
      </trkpt>
      <trkpt lat="51.574783" lon="-0.126919">
        <ele>67.39</ele>
      </trkpt>
      <trkpt lat="51.574592" lon="-0.127027">
        <ele>67.6</ele>
      </trkpt>
      <trkpt lat="51.574469" lon="-0.127112">
        <ele>69.02</ele>
      </trkpt>
      <trkpt lat="51.574365" lon="-0.127145">
        <ele>68.57</ele>
      </trkpt>
      <trkpt lat="51.574353" lon="-0.12725">
        <ele>68.89</ele>
      </trkpt>
      <trkpt lat="51.574302" lon="-0.127397">
        <ele>69.55</ele>
      </trkpt>
      <trkpt lat="51.574248" lon="-0.127476">
        <ele>69.36</ele>
      </trkpt>
      <trkpt lat="51.574178" lon="-0.127623">
        <ele>69.01</ele>
      </trkpt>
      <trkpt lat="51.574052" lon="-0.128306">
        <ele>70.8</ele>
      </trkpt>
      <trkpt lat="51.573885" lon="-0.129192">
        <ele>73.13</ele>
      </trkpt>
      <trkpt lat="51.573773" lon="-0.129948">
        <ele>75.05</ele>
      </trkpt>
      <trkpt lat="51.57368" lon="-0.130504">
        <ele>76.03</ele>
      </trkpt>
      <trkpt lat="51.57358" lon="-0.131022">
        <ele>77.69</ele>
      </trkpt>
      <trkpt lat="51.573489" lon="-0.131409">
        <ele>78.75</ele>
      </trkpt>
      <trkpt lat="51.573259" lon="-0.132208">
        <ele>81</ele>
      </trkpt>
      <trkpt lat="51.573145" lon="-0.132637">
        <ele>82.15</ele>
      </trkpt>
      <trkpt lat="51.572909" lon="-0.133367">
        <ele>84.4</ele>
      </trkpt>
      <trkpt lat="51.572832" lon="-0.13353">
        <ele>85</ele>
      </trkpt>
      <trkpt lat="51.571916" lon="-0.135245">
        <ele>91.32</ele>
      </trkpt>
      <trkpt lat="51.571606" lon="-0.135886">
        <ele>94.02</ele>
      </trkpt>
      <trkpt lat="51.571481" lon="-0.136226">
        <ele>95.02</ele>
      </trkpt>
      <trkpt lat="51.571446" lon="-0.136265">
        <ele>95.25</ele>
      </trkpt>
      <trkpt lat="51.571212" lon="-0.136793">
        <ele>96.35</ele>
      </trkpt>
      <trkpt lat="51.570898" lon="-0.137652">
        <ele>98.31</ele>
      </trkpt>
      <trkpt lat="51.570759" lon="-0.137945">
        <ele>98.66</ele>
      </trkpt>
      <trkpt lat="51.570692" lon="-0.138091">
        <ele>93.17</ele>
      </trkpt>
      <trkpt lat="51.57048" lon="-0.138599">
        <ele>91.94</ele>
      </trkpt>
      <trkpt lat="51.570385" lon="-0.13876">
        <ele>99.7</ele>
      </trkpt>
      <trkpt lat="51.570332" lon="-0.138845">
        <ele>100.59</ele>
      </trkpt>
      <trkpt lat="51.570288" lon="-0.138945">
        <ele>100.77</ele>
      </trkpt>
      <trkpt lat="51.570008" lon="-0.139449">
        <ele>101.14</ele>
      </trkpt>
      <trkpt lat="51.569688" lon="-0.140037">
        <ele>99.57</ele>
      </trkpt>
      <trkpt lat="51.569504" lon="-0.140461">
        <ele>99</ele>
      </trkpt>
      <trkpt lat="51.569417" lon="-0.140761">
        <ele>99.49</ele>
      </trkpt>
      <trkpt lat="51.569382" lon="-0.140922">
        <ele>99.89</ele>
      </trkpt>
      <trkpt lat="51.569232" lon="-0.141856">
        <ele>100.43</ele>
      </trkpt>
      <trkpt lat="51.56916" lon="-0.142166">
        <ele>100.31</ele>
      </trkpt>
      <trkpt lat="51.569168" lon="-0.142193">
        <ele>100.55</ele>
      </trkpt>
      <trkpt lat="51.569146" lon="-0.14233">
        <ele>100.82</ele>
      </trkpt>
      <trkpt lat="51.569109" lon="-0.142385">
        <ele>100.88</ele>
      </trkpt>
      <trkpt lat="51.569064" lon="-0.14242">
        <ele>100.96</ele>
      </trkpt>
      <trkpt lat="51.568958" lon="-0.142465">
        <ele>100.17</ele>
      </trkpt>
      <trkpt lat="51.568928" lon="-0.142464">
        <ele>99.88</ele>
      </trkpt>
      <trkpt lat="51.568857" lon="-0.142419">
        <ele>98.95</ele>
      </trkpt>
      <trkpt lat="51.568682" lon="-0.142189">
        <ele>96.39</ele>
      </trkpt>
      <trkpt lat="51.56853" lon="-0.142053">
        <ele>94.8</ele>
      </trkpt>
      <trkpt lat="51.568013" lon="-0.141757">
        <ele>90.06</ele>
      </trkpt>
      <trkpt lat="51.567824" lon="-0.141667">
        <ele>88.51</ele>
      </trkpt>
      <trkpt lat="51.567427" lon="-0.141517">
        <ele>85.22</ele>
      </trkpt>
      <trkpt lat="51.566976" lon="-0.141424">
        <ele>81.93</ele>
      </trkpt>
      <trkpt lat="51.566481" lon="-0.141366">
        <ele>77.52</ele>
      </trkpt>
      <trkpt lat="51.566178" lon="-0.141311">
        <ele>74.45</ele>
      </trkpt>
      <trkpt lat="51.56591" lon="-0.141261">
        <ele>72.11</ele>
      </trkpt>
      <trkpt lat="51.565599" lon="-0.14117">
        <ele>69.58</ele>
      </trkpt>
      <trkpt lat="51.565367" lon="-0.141097">
        <ele>68.28</ele>
      </trkpt>
      <trkpt lat="51.565146" lon="-0.140989">
        <ele>67.72</ele>
      </trkpt>
      <trkpt lat="51.564574" lon="-0.140656">
        <ele>65.81</ele>
      </trkpt>
      <trkpt lat="51.564405" lon="-0.140618">
        <ele>66</ele>
      </trkpt>
      <trkpt lat="51.564343" lon="-0.140619">
        <ele>66</ele>
      </trkpt>
      <trkpt lat="51.564156" lon="-0.140661">
        <ele>66</ele>
      </trkpt>
      <trkpt lat="51.563914" lon="-0.140733">
        <ele>66</ele>
      </trkpt>
      <trkpt lat="51.563736" lon="-0.14077">
        <ele>66</ele>
      </trkpt>
      <trkpt lat="51.563556" lon="-0.140778">
        <ele>66</ele>
      </trkpt>
      <trkpt lat="51.563189" lon="-0.140657">
        <ele>67.02</ele>
      </trkpt>
      <trkpt lat="51.562869" lon="-0.140572">
        <ele>68.08</ele>
      </trkpt>
      <trkpt lat="51.562783" lon="-0.140555">
        <ele>68.88</ele>
      </trkpt>
      <trkpt lat="51.562658" lon="-0.140547">
        <ele>69.05</ele>
      </trkpt>
      <trkpt lat="51.562495" lon="-0.140559">
        <ele>69.79</ele>
      </trkpt>
      <trkpt lat="51.562257" lon="-0.140611">
        <ele>70.38</ele>
      </trkpt>
      <trkpt lat="51.561997" lon="-0.140693">
        <ele>70.32</ele>
      </trkpt>
      <trkpt lat="51.561771" lon="-0.140832">
        <ele>70.26</ele>
      </trkpt>
      <trkpt lat="51.561551" lon="-0.140947">
        <ele>70.02</ele>
      </trkpt>
      <trkpt lat="51.561425" lon="-0.140987">
        <ele>69.59</ele>
      </trkpt>
      <trkpt lat="51.561215" lon="-0.141021">
        <ele>69.25</ele>
      </trkpt>
      <trkpt lat="51.560634" lon="-0.141045">
        <ele>67.02</ele>
      </trkpt>
      <trkpt lat="51.560408" lon="-0.14101">
        <ele>67</ele>
      </trkpt>
      <trkpt lat="51.560309" lon="-0.140965">
        <ele>66.99</ele>
      </trkpt>
      <trkpt lat="51.560179" lon="-0.140879">
        <ele>66.06</ele>
      </trkpt>
      <trkpt lat="51.560041" lon="-0.140757">
        <ele>65.47</ele>
      </trkpt>
      <trkpt lat="51.559795" lon="-0.14049">
        <ele>62.84</ele>
      </trkpt>
      <trkpt lat="51.559663" lon="-0.140392">
        <ele>61.23</ele>
      </trkpt>
      <trkpt lat="51.558323" lon="-0.139467">
        <ele>49.54</ele>
      </trkpt>
      <trkpt lat="51.558204" lon="-0.139384">
        <ele>44.28</ele>
      </trkpt>
      <trkpt lat="51.557963" lon="-0.139217">
        <ele>47.49</ele>
      </trkpt>
      <trkpt lat="51.557137" lon="-0.138618">
        <ele>46</ele>
      </trkpt>
      <trkpt lat="51.556968" lon="-0.138472">
        <ele>46</ele>
      </trkpt>
      <trkpt lat="51.556941" lon="-0.138363">
        <ele>45.45</ele>
      </trkpt>
      <trkpt lat="51.556862" lon="-0.138404">
        <ele>45.69</ele>
      </trkpt>
      <trkpt lat="51.556796" lon="-0.138477">
        <ele>46</ele>
      </trkpt>
      <trkpt lat="51.555358" lon="-0.139504">
        <ele>49</ele>
      </trkpt>
      <trkpt lat="51.555131" lon="-0.139677">
        <ele>48.96</ele>
      </trkpt>
      <trkpt lat="51.555145" lon="-0.139729">
        <ele>48.9</ele>
      </trkpt>
      <trkpt lat="51.555131" lon="-0.139677">
        <ele>48.96</ele>
      </trkpt>
      <trkpt lat="51.553966" lon="-0.140528">
        <ele>44.97</ele>
      </trkpt>
      <trkpt lat="51.553709" lon="-0.140679">
        <ele>44</ele>
      </trkpt>
      <trkpt lat="51.553231" lon="-0.14089">
        <ele>41.89</ele>
      </trkpt>
      <trkpt lat="51.552977" lon="-0.140974">
        <ele>41</ele>
      </trkpt>
      <trkpt lat="51.551942" lon="-0.141106">
        <ele>39</ele>
      </trkpt>
      <trkpt lat="51.55172" lon="-0.141152">
        <ele>38</ele>
      </trkpt>
      <trkpt lat="51.551682" lon="-0.141134">
        <ele>38</ele>
      </trkpt>
      <trkpt lat="51.551529" lon="-0.140986">
        <ele>38</ele>
      </trkpt>
      <trkpt lat="51.551221" lon="-0.140719">
        <ele>36.85</ele>
      </trkpt>
      <trkpt lat="51.551052" lon="-0.140663">
        <ele>36.59</ele>
      </trkpt>
      <trkpt lat="51.551003" lon="-0.140659">
        <ele>36.51</ele>
      </trkpt>
      <trkpt lat="51.550744" lon="-0.140686">
        <ele>36.68</ele>
      </trkpt>
      <trkpt lat="51.550171" lon="-0.140772">
        <ele>36</ele>
      </trkpt>
      <trkpt lat="51.548599" lon="-0.141099">
        <ele>34</ele>
      </trkpt>
      <trkpt lat="51.548274" lon="-0.141177">
        <ele>33.08</ele>
      </trkpt>
      <trkpt lat="51.547341" lon="-0.141543">
        <ele>32</ele>
      </trkpt>
      <trkpt lat="51.546721" lon="-0.141731">
        <ele>31</ele>
      </trkpt>
      <trkpt lat="51.546362" lon="-0.141795">
        <ele>30</ele>
      </trkpt>
      <trkpt lat="51.546192" lon="-0.14179">
        <ele>30</ele>
      </trkpt>
      <trkpt lat="51.545976" lon="-0.141765">
        <ele>30</ele>
      </trkpt>
      <trkpt lat="51.545791" lon="-0.141721">
        <ele>30</ele>
      </trkpt>
      <trkpt lat="51.545704" lon="-0.141689">
        <ele>30</ele>
      </trkpt>
      <trkpt lat="51.545498" lon="-0.141616">
        <ele>30</ele>
      </trkpt>
      <trkpt lat="51.545456" lon="-0.141575">
        <ele>30</ele>
      </trkpt>
      <trkpt lat="51.545114" lon="-0.141481">
        <ele>29</ele>
      </trkpt>
      <trkpt lat="51.544912" lon="-0.141452">
        <ele>29</ele>
      </trkpt>
      <trkpt lat="51.544772" lon="-0.141447">
        <ele>28.89</ele>
      </trkpt>
      <trkpt lat="51.544728" lon="-0.14148">
        <ele>28.59</ele>
      </trkpt>
      <trkpt lat="51.544113" lon="-0.141495">
        <ele>27</ele>
      </trkpt>
      <trkpt lat="51.544001" lon="-0.141517">
        <ele>27</ele>
      </trkpt>
      <trkpt lat="51.543813" lon="-0.141609">
        <ele>27</ele>
      </trkpt>
      <trkpt lat="51.54373" lon="-0.141668">
        <ele>26.97</ele>
      </trkpt>
      <trkpt lat="51.543662" lon="-0.1417">
        <ele>26.43</ele>
      </trkpt>
      <trkpt lat="51.543596" lon="-0.141725">
        <ele>26.01</ele>
      </trkpt>
      <trkpt lat="51.543434" lon="-0.141751">
        <ele>26.300201360688863</ele>
      </trkpt>
      <trkpt lat="51.542986666212556" lon="-0.14182444815749082">
        <ele>26.333922244728406</ele>
      </trkpt>
      <trkpt lat="51.542539332425115" lon="-0.14189789631498165">
        <ele>26.067985307093743</ele>
      </trkpt>
      <trkpt lat="51.54209199863767" lon="-0.14197134447247245">
        <ele>26.075240263846275</ele>
      </trkpt>
      <trkpt lat="51.54164466485023" lon="-0.14204479262996328">
        <ele>26.45184010873319</ele>
      </trkpt>
      <trkpt lat="51.54119733106279" lon="-0.1421182407874541">
        <ele>26.300050670459964</ele>
      </trkpt>
      <trkpt lat="51.54074999727535" lon="-0.14219168894494494">
        <ele>25.789890350507967</ele>
      </trkpt>
      <trkpt lat="51.54030266348791" lon="-0.14226513710243577">
        <ele>25.871924993878725</ele>
      </trkpt>
      <trkpt lat="51.539855329700465" lon="-0.1423385852599266">
        <ele>25.908958075948703</ele>
      </trkpt>
      <trkpt lat="51.539407995913024" lon="-0.1424120334174174">
        <ele>26.539587685716604</ele>
      </trkpt>
      <trkpt lat="51.539205683515746" lon="-0.14244525128120245">
        <ele>26.92112626883054</ele>
      </trkpt>
      <trkpt lat="51.538756331425866" lon="-0.14241849383383645">
        <ele>27.510054002782702</ele>
      </trkpt>
      <trkpt lat="51.538656085911896" lon="-0.1424125245413279">
        <ele>27.659748549118376</ele>
      </trkpt>
      <trkpt lat="51.538251612909725" lon="-0.14209667077046842">
        <ele>28.19125938434793</ele>
      </trkpt>
      <trkpt lat="51.53794363469615" lon="-0.14185616997170314">
        <ele>28.574047864927266</ele>
      </trkpt>
      <trkpt lat="51.53755805427118" lon="-0.14148422684570383">
        <ele>28.713099858494868</ele>
      </trkpt>
      <trkpt lat="51.53753651470822" lon="-0.1414634490990636">
        <ele>28.70572718548074</ele>
      </trkpt>
      <trkpt lat="51.53715849303351" lon="-0.14107197558928028">
        <ele>28.11442215825859</ele>
      </trkpt>
      <trkpt lat="51.536780471358796" lon="-0.14068050207949692">
        <ele>26.973611646258238</ele>
      </trkpt>
      <trkpt lat="51.53640244968408" lon="-0.1402890285697136">
        <ele>25.824545377246725</ele>
      </trkpt>
      <trkpt lat="51.53602442800937" lon="-0.13989755505993026">
        <ele>24.972551184448548</ele>
      </trkpt>
      <trkpt lat="51.535646406334656" lon="-0.1395060815501469">
        <ele>24.43864592487425</ele>
      </trkpt>
      <trkpt lat="51.53526838465994" lon="-0.13911460804036357">
        <ele>24.043840436512006</ele>
      </trkpt>
      <trkpt lat="51.53523750767101" lon="-0.1390826322991927">
        <ele>24.034534437521316</ele>
      </trkpt>
      <trkpt lat="51.53480720864761" lon="-0.1390332209504095">
        <ele>24.038663305002874</ele>
      </trkpt>
      <trkpt lat="51.534362622654164" lon="-0.1391415111930249">
        <ele>23.663774980942772</ele>
      </trkpt>
      <trkpt lat="51.53391803666072" lon="-0.1392498014356403">
        <ele>23.686289344542054</ele>
      </trkpt>
      <trkpt lat="51.53379291628215" lon="-0.13928027769074447">
        <ele>23.798589784256734</ele>
      </trkpt>
      <trkpt lat="51.53334374169459" lon="-0.13931386251366043">
        <ele>24.14868674429477</ele>
      </trkpt>
      <trkpt lat="51.532894567107014" lon="-0.1393474473365764">
        <ele>24.62075695451651</ele>
      </trkpt>
      <trkpt lat="51.53247122868203" lon="-0.139379100387373">
        <ele>25.169136068570804</ele>
      </trkpt>
      <trkpt lat="51.53202997096288" lon="-0.13924001717917397">
        <ele>25.600433219410217</ele>
      </trkpt>
      <trkpt lat="51.53158871324374" lon="-0.13910093397097498">
        <ele>19.65757258242309</ele>
      </trkpt>
      <trkpt lat="51.5311474555246" lon="-0.13896185076277595">
        <ele>24.174511035203636</ele>
      </trkpt>
      <trkpt lat="51.53090359596578" lon="-0.13888498690675988">
        <ele>24.497354419286978</ele>
      </trkpt>
      <trkpt lat="51.530907" lon="-0.138858">
        <ele>24.77</ele>
      </trkpt>
      <trkpt lat="51.531084" lon="-0.138917">
        <ele>24.5</ele>
      </trkpt>
      <trkpt lat="51.531213" lon="-0.13896">
        <ele>21.01</ele>
      </trkpt>
      <trkpt lat="51.531695" lon="-0.139111">
        <ele>22.86</ele>
      </trkpt>
      <trkpt lat="51.531767" lon="-0.139131">
        <ele>25.2</ele>
      </trkpt>
      <trkpt lat="51.531911" lon="-0.139174">
        <ele>26</ele>
      </trkpt>
      <trkpt lat="51.531912" lon="-0.139041">
        <ele>26</ele>
      </trkpt>
      <trkpt lat="51.531123" lon="-0.138783">
        <ele>22.25</ele>
      </trkpt>
      <trkpt lat="51.531009" lon="-0.138741">
        <ele>24.16</ele>
      </trkpt>
      <trkpt lat="51.530751" lon="-0.138661">
        <ele>24.53</ele>
      </trkpt>
      <trkpt lat="51.530379" lon="-0.138623">
        <ele>23.2</ele>
      </trkpt>
      <trkpt lat="51.530333" lon="-0.138679">
        <ele>23</ele>
      </trkpt>
      <trkpt lat="51.529591" lon="-0.138624">
        <ele>22.97</ele>
      </trkpt>
      <trkpt lat="51.529564" lon="-0.138585">
        <ele>22.74</ele>
      </trkpt>
      <trkpt lat="51.529245" lon="-0.13859">
        <ele>23.1</ele>
      </trkpt>
      <trkpt lat="51.529229" lon="-0.138594">
        <ele>23.12</ele>
      </trkpt>
      <trkpt lat="51.529211" lon="-0.138631">
        <ele>23</ele>
      </trkpt>
      <trkpt lat="51.528349" lon="-0.138629">
        <ele>23.99</ele>
      </trkpt>
      <trkpt lat="51.527783" lon="-0.138641">
        <ele>25.1</ele>
      </trkpt>
      <trkpt lat="51.526573" lon="-0.138625">
        <ele>27</ele>
      </trkpt>
      <trkpt lat="51.525915" lon="-0.138593">
        <ele>27</ele>
      </trkpt>
      <trkpt lat="51.525739" lon="-0.13854">
        <ele>27</ele>
      </trkpt>
      <trkpt lat="51.525492" lon="-0.138417">
        <ele>27</ele>
      </trkpt>
      <trkpt lat="51.525451" lon="-0.138295">
        <ele>27</ele>
      </trkpt>
      <trkpt lat="51.525369" lon="-0.138236">
        <ele>27.46</ele>
      </trkpt>
      <trkpt lat="51.525056" lon="-0.138044">
        <ele>23.45</ele>
      </trkpt>
      <trkpt lat="51.524962" lon="-0.137977">
        <ele>27.12</ele>
      </trkpt>
      <trkpt lat="51.524838" lon="-0.137894">
        <ele>27.72</ele>
      </trkpt>
      <trkpt lat="51.524745" lon="-0.137845">
        <ele>27.44</ele>
      </trkpt>
      <trkpt lat="51.524691" lon="-0.137828">
        <ele>27.34</ele>
      </trkpt>
      <trkpt lat="51.52465" lon="-0.137861">
        <ele>27.33</ele>
      </trkpt>
      <trkpt lat="51.524525" lon="-0.137791">
        <ele>27</ele>
      </trkpt>
      <trkpt lat="51.524109" lon="-0.137523">
        <ele>27</ele>
      </trkpt>
      <trkpt lat="51.523636" lon="-0.137186">
        <ele>27</ele>
      </trkpt>
      <trkpt lat="51.522935" lon="-0.13658">
        <ele>28</ele>
      </trkpt>
      <trkpt lat="51.522636" lon="-0.136307">
        <ele>28</ele>
      </trkpt>
      <trkpt lat="51.521605" lon="-0.1353">
        <ele>27.94</ele>
      </trkpt>
      <trkpt lat="51.521303" lon="-0.135031">
        <ele>27.95</ele>
      </trkpt>
      <trkpt lat="51.520933" lon="-0.134667">
        <ele>28</ele>
      </trkpt>
      <trkpt lat="51.520121" lon="-0.133807">
        <ele>28</ele>
      </trkpt>
      <trkpt lat="51.518966" lon="-0.132633">
        <ele>28</ele>
      </trkpt>
      <trkpt lat="51.518559" lon="-0.132221">
        <ele>27</ele>
      </trkpt>
      <trkpt lat="51.51767" lon="-0.131356">
        <ele>26.41</ele>
      </trkpt>
      <trkpt lat="51.517223" lon="-0.130907">
        <ele>26</ele>
      </trkpt>
      <trkpt lat="51.517086" lon="-0.130778">
        <ele>26</ele>
      </trkpt>
      <trkpt lat="51.516868" lon="-0.130609">
        <ele>26</ele>
      </trkpt>
      <trkpt lat="51.516603" lon="-0.130434">
        <ele>25.589779761924724</ele>
      </trkpt>
      <trkpt lat="51.51616257904393" lon="-0.13028827578455604">
        <ele>25.381484090966964</ele>
      </trkpt>
      <trkpt lat="51.515722158087854" lon="-0.13014255156911209">
        <ele>24.9925922412894</ele>
      </trkpt>
      <trkpt lat="51.51528173713178" lon="-0.12999682735366813">
        <ele>24.955503857538066</ele>
      </trkpt>
      <trkpt lat="51.5148413161757" lon="-0.12985110313822418">
        <ele>24.70524693870429</ele>
      </trkpt>
      <trkpt lat="51.51459837159001" lon="-0.12977071888616365">
        <ele>24.348144518018387</ele>
      </trkpt>
      <trkpt lat="51.51416559629363" lon="-0.12957457450285023">
        <ele>23.80204531408011</ele>
      </trkpt>
      <trkpt lat="51.51373282099725" lon="-0.12937843011953679">
        <ele>23.021812235826182</ele>
      </trkpt>
      <trkpt lat="51.513708155228926" lon="-0.12936725098811053">
        <ele>23.034736639223738</ele>
      </trkpt>
      <trkpt lat="51.51328265610167" lon="-0.1291335941119649">
        <ele>23.261226782136674</ele>
      </trkpt>
      <trkpt lat="51.51286304612998" lon="-0.12890317118296934">
        <ele>22.829966282171785</ele>
      </trkpt>
      <trkpt lat="51.512438525662695" lon="-0.12866496638194488">
        <ele>21.567581249143196</ele>
      </trkpt>
      <trkpt lat="51.51217264488716" lon="-0.12851577669118797">
        <ele>20.917154109165118</ele>
      </trkpt>
      <trkpt lat="51.511726856050096" lon="-0.12842117148332102">
        <ele>20.206869628547597</ele>
      </trkpt>
      <trkpt lat="51.51159182303897" lon="-0.12839251480772873">
        <ele>20.011221732954215</ele>
      </trkpt>
      <trkpt lat="51.51114330557859" lon="-0.1284439913430485">
        <ele>19.185359811246162</ele>
      </trkpt>
      <trkpt lat="51.510978116436746" lon="-0.12846295016950648">
        <ele>18.868330037002554</ele>
      </trkpt>
      <trkpt lat="51.5105835863979" lon="-0.12837490596757561">
        <ele>17.741124922034523</ele>
      </trkpt>
      <trkpt lat="51.51022193086126" lon="-0.12826925292418423">
        <ele>17.242438952632632</ele>
      </trkpt>
      <trkpt lat="51.50981817166565" lon="-0.12795124535882182">
        <ele>16.361252487299684</ele>
      </trkpt>
      <trkpt lat="51.50966300302076" lon="-0.12782903191200035">
        <ele>15.589512794034897</ele>
      </trkpt>
      <trkpt lat="51.509356191672374" lon="-0.12730085950351222">
        <ele>15.18866667776898</ele>
      </trkpt>
      <trkpt lat="51.50935613776153" lon="-0.1273007666965782">
        <ele>15.188492963495891</ele>
      </trkpt>
      <trkpt lat="51.508907257177405" lon="-0.12725824229641328">
        <ele>13.911827630441714</ele>
      </trkpt>
      <trkpt lat="51.508458376593275" lon="-0.12721571789624836">
        <ele>12.059861416246232</ele>
      </trkpt>
      <trkpt lat="51.508184245910485" lon="-0.12718974831042829">
        <ele>10.421297268195866</ele>
      </trkpt>
      <trkpt lat="51.508182" lon="-0.127216">
        <ele>10.29</ele>
      </trkpt>
      <trkpt lat="51.508256" lon="-0.127235">
        <ele>10.59</ele>
      </trkpt>
      <trkpt lat="51.508465" lon="-0.127326">
        <ele>11.67</ele>
      </trkpt>
      <trkpt lat="51.508556" lon="-0.127279">
        <ele>12.26</ele>
      </trkpt>
      <trkpt lat="51.508569" lon="-0.127248">
        <ele>12.38</ele>
      </trkpt>
      <trkpt lat="51.508574" lon="-0.12718">
        <ele>12.42</ele>
      </trkpt>
      <trkpt lat="51.508476" lon="-0.127174">
        <ele>12</ele>
      </trkpt>
      <trkpt lat="51.50796" lon="-0.127041">
        <ele>9.69</ele>
      </trkpt>
      <trkpt lat="51.507804" lon="-0.127012">
        <ele>9</ele>
      </trkpt>
      <trkpt lat="51.507683" lon="-0.127054">
        <ele>9</ele>
      </trkpt>
      <trkpt lat="51.507509" lon="-0.127222">
        <ele>8</ele>
      </trkpt>
      <trkpt lat="51.507463" lon="-0.127284">
        <ele>8</ele>
      </trkpt>
      <trkpt lat="51.50736" lon="-0.127301">
        <ele>7.09</ele>
      </trkpt>
      <trkpt lat="51.507302" lon="-0.127341">
        <ele>7</ele>
      </trkpt>
      <trkpt lat="51.507254" lon="-0.127413">
        <ele>7</ele>
      </trkpt>
      <trkpt lat="51.5072" lon="-0.12757">
        <ele>6.59</ele>
      </trkpt>
      <trkpt lat="51.507163" lon="-0.127761">
        <ele>6.626173139519441</ele>
      </trkpt>
      <trkpt lat="51.50685906406644" lon="-0.1282934169834086">
        <ele>7.23890223785142</ele>
      </trkpt>
      <trkpt lat="51.50673571788931" lon="-0.1285094875176469">
        <ele>6.551410832376587</ele>
      </trkpt>
      <trkpt lat="51.50651428967218" lon="-0.12913825371616316">
        <ele>7.281445318597504</ele>
      </trkpt>
      <trkpt lat="51.50629286145506" lon="-0.12976701991467943">
        <ele>6.819622982578633</ele>
      </trkpt>
      <trkpt lat="51.50607143323793" lon="-0.13039578611319572">
        <ele>6.58990433170281</ele>
      </trkpt>
      <trkpt lat="51.505992882906696" lon="-0.13061883714888722">
        <ele>6.482263851298278</ele>
      </trkpt>
      <trkpt lat="51.50574211211098" lon="-0.13121847975448347">
        <ele>6.382639847303244</ele>
      </trkpt>
      <trkpt lat="51.50549134131526" lon="-0.13181812236007973">
        <ele>6.234885227848115</ele>
      </trkpt>
      <trkpt lat="51.505250035813106" lon="-0.13239513157537885">
        <ele>6.157255037936507</ele>
      </trkpt>
      <trkpt lat="51.504993828604775" lon="-0.13298880204867297">
        <ele>6.094372168298554</ele>
      </trkpt>
      <trkpt lat="51.504737621396444" lon="-0.1335824725219671">
        <ele>6.08732817032233</ele>
      </trkpt>
      <trkpt lat="51.50448141418812" lon="-0.13417614299526118">
        <ele>6.018588234625524</ele>
      </trkpt>
      <trkpt lat="51.50435169291774" lon="-0.1344767266068061">
        <ele>6.037902035690638</ele>
      </trkpt>
      <trkpt lat="51.50409440563722" lon="-0.1350691810378972">
        <ele>6.184441148435593</ele>
      </trkpt>
      <trkpt lat="51.5038371183567" lon="-0.1356616354689883">
        <ele>6.363249095543989</ele>
      </trkpt>
      <trkpt lat="51.50383341011408" lon="-0.13567017442500173">
        <ele>6.36386041705835</ele>
      </trkpt>
      <trkpt lat="51.503591223299686" lon="-0.13627882054508822">
        <ele>6.504033126291006</ele>
      </trkpt>
      <trkpt lat="51.50334903648529" lon="-0.1368874666651747">
        <ele>6.581134376099488</ele>
      </trkpt>
      <trkpt lat="51.503106849670885" lon="-0.1374961127852612">
        <ele>6.572167784233714</ele>
      </trkpt>
      <trkpt lat="51.50286466285649" lon="-0.13810475890534768">
        <ele>6.388162023734708</ele>
      </trkpt>
      <trkpt lat="51.50262247604209" lon="-0.13871340502543417">
        <ele>6.1704574097161355</ele>
      </trkpt>
      <trkpt lat="51.502380289227695" lon="-0.13932205114552065">
        <ele>5.981850946914185</ele>
      </trkpt>
      <trkpt lat="51.5021381024133" lon="-0.13993069726560714">
        <ele>5.824190980029034</ele>
      </trkpt>
      <trkpt lat="51.50208848134528" lon="-0.14005540129045357">
        <ele>5.859501893432735</ele>
      </trkpt>
    </trkseg>
  </trk>
</gpx>
