{"type": "FeatureCollection", "features": [{"type": "Feature", "geometry": {"type": "LineString", "coordinates": [[-0.01876, 51.54489, 11.1], [-0.01887, 51.54501, 11.0], [-0.01888, 51.54504, 11.1], [-0.01895, 51.54516, 11.3], [-0.01895, 51.54516, 11.3], [-0.01793, 51.54554, 12.0], [-0.01777, 51.5456, 11.8], [-0.01753, 51.5457, 11.6], [-0.01752, 51.5457, 11.6], [-0.01727, 51.5458, 11.1], [-0.01711, 51.54585, 10.8], [-0.01686, 51.54594, 10.4], [-0.01671, 51.546, 10.1], [-0.01662, 51.54604, 10.0], [-0.01637, 51.54613, 9.6], [-0.016119, 51.54623, 9.3], [-0.0159, 51.54631, 9.1], [-0.01566, 51.54641, 8.8], [-0.01563, 51.54642, 8.8], [-0.01553, 51.54645, 8.6], [-0.01542, 51.5465, 8.5], [-0.01532, 51.54654, 8.4], [-0.0152, 51.54659, 8.2], [-0.01505, 51.54665, 8.1], [-0.01505, 51.54665, 8.1], [-0.01498, 51.54666, 8.0], [-0.0149, 51.54666, 8.0], [-0.01481, 51.54666, 8.0], [-0.01473, 51.54666, 8.0], [-0.01467, 51.54666, 8.0], [-0.01459, 51.54665, 8.0], [-0.01459, 51.54665, 8.0], [-0.0145, 51.54681, 8.9], [-0.01449, 51.54683, 9.0], [-0.01449, 51.54684, 9.1], [-0.01449, 51.54686, 9.2], [-0.01449, 51.54686, 9.2], [-0.01424, 51.54695, 9.4], [-0.01403, 51.54702, 9.5], [-0.014, 51.54704, 9.5], [-0.01399, 51.54704, 9.5], [-0.01397, 51.54706, 9.6], [-0.01394, 51.54708, 9.6], [-0.01371, 51.54721, 9.5], [-0.01369, 51.54722, 9.5], [-0.0135, 51.54733, 9.3], [-0.01343, 51.54737, 9.1], [-0.01324, 51.54748, 9.0], [-0.01319, 51.54751, 9.0], [-0.01305, 51.54759, 9.2], [-0.01291, 51.54767, 9.3], [-0.01274, 51.54777, 9.4], [-0.01267, 51.54782, 9.5], [-0.01261, 51.54785, 9.5], [-0.01255, 51.54789, 9.5], [-0.01253, 51.5479, 9.5], [-0.01249, 51.54792, 9.5], [-0.01243, 51.54796, 9.5], [-0.01236, 51.548, 9.4], [-0.0123, 51.54804, 9.3], [-0.01221, 51.54809, 9.2], [-0.01205, 51.54818, 8.9], [-0.01189, 51.54828, 8.6], [-0.01176, 51.54835, 8.2], [-0.01155, 51.54847, 7.9], [-0.01152, 51.54848, 7.9], [-0.01138, 51.54855, 7.7], [-0.01126, 51.54862, 7.7], [-0.01115, 51.54867, 7.6], [-0.0108, 51.54886, 7.6], [-0.01037, 51.54909, 7.4], [-0.01025, 51.54915, 7.3], [-0.01009, 51.54924, 7.4], [-0.01001, 51.54928, 7.4], [-0.00989, 51.54933, 7.5], [-0.00982, 51.54937, 7.5], [-0.00972, 51.54941, 7.5], [-0.00962, 51.54944, 7.5], [-0.00955, 51.54947, 7.6], [-0.00947, 51.54949, 7.5], [-0.00946, 51.54949, 7.5], [-0.0094, 51.54951, 7.5], [-0.00928, 51.54955, 7.5], [-0.00918, 51.54957, 7.5], [-0.00907, 51.5496, 7.3], [-0.00898, 51.54962, 7.2], [-0.00866, 51.54969, 6.7], [-0.00866, 51.54969, 6.7], [-0.00849, 51.54975, 6.5], [-0.00836, 51.54978, 6.3], [-0.00834, 51.54979, 6.3], [-0.008, 51.54988, 6.6], [-0.00778, 51.54995, 6.8], [-0.00766, 51.54999, 7.0], [-0.00753, 51.55005, 6.9], [-0.00715, 51.55016, 6.4], [-0.00687, 51.55024, 6.1], [-0.00675, 51.55028, 6.0], [-0.0063, 51.5504, 6.7], [-0.0061, 51.55046, 7.0], [-0.00604, 51.55048, 7.1], [-0.00581, 51.55054, 7.5], [-0.00573, 51.55056, 7.6], [-0.00555, 51.55062, 7.9], [-0.00506, 51.55076, 8.8], [-0.00497, 51.55079, 9.0], [-0.00482, 51.55083, 9.2], [-0.00435, 51.55097, 9.8], [-0.00431, 51.55098, 9.8], [-0.00415, 51.55101, 10.0], [-0.00415, 51.55101, 10.0], [-0.00415, 51.55106, 10.0], [-0.00416, 51.55114, 10.0], [-0.00416, 51.55114, 10.0], [-0.00408, 51.55115, 10.1], [-0.0037, 51.55118, 10.6], [-0.00362, 51.5512, 10.7], [-0.00326, 51.5513, 11.0], [-0.00241, 51.55155, 11.0], [-0.00203, 51.55165, 11.0], [-0.00145, 51.55181, 11.2], [-0.00132, 51.55183, 11.2], [-0.00125, 51.55185, 11.2], [-0.00118, 51.55186, 11.2], [-0.00096, 51.55191, 11.3], [-0.00082, 51.55193, 11.0], [-0.00062, 51.55196, 11.0], [-0.00024, 51.55201, 12.0], [9e-05, 51.55205, 11.5], [0.00056, 51.5521, 11.1], [0.00151, 51.55221, 9.9], [0.00194, 51.55226, 9.6], [0.00208, 51.55227, 9.6], [0.00304, 51.55235, 9.8], [0.00332, 51.55238, 10.0], [0.00347, 51.55239, 10.0], [0.00375, 51.55242, 10.0], [0.00475, 51.55251, 10.7], [0.00487, 51.55252, 10.9], [0.00528, 51.55256, 11.1], [0.00559, 51.55259, 11.2], [0.00559, 51.55259, 11.2], [0.00579, 51.55264, 11.3], [0.00614, 51.55274, 11.5], [0.00622, 51.55276, 11.5], [0.00646, 51.55285, 11.5], [0.00692, 51.55301, 11.7], [0.00706, 51.55306, 11.8], [0.00722, 51.55312, 11.9], [0.00735, 51.55318, 12.0], [0.00743, 51.55321, 12.0], [0.00749, 51.55324, 12.0], [0.00754, 51.55326, 12.0], [0.0076, 51.55329, 12.1], [0.00769, 51.55334, 12.2], [0.00777, 51.55339, 12.4], [0.00791, 51.5535, 12.8], [0.00801, 51.55357, 13.0], [0.008109, 51.55365, 13.2], [0.00846, 51.55391, 13.7], [0.00869, 51.55408, 13.9], [0.00916, 51.55442, 14.3], [0.00954, 51.5547, 14.6], [0.00962, 51.55475, 14.7], [0.00969, 51.5548, 14.8], [0.00976, 51.55484, 14.8], [0.00988, 51.5549, 14.9], [0.0104, 51.55509, 15.1], [0.01044, 51.55511, 15.1], [0.01067, 51.55519, 15.2], [0.0108, 51.55524, 15.3], [0.01098, 51.55531, 15.4], [0.01139, 51.55544, 15.5], [0.01161, 51.55552, 15.4], [0.01186, 51.5556, 15.3], [0.01268, 51.55588, 15.3], [0.01293, 51.55596, 15.6], [0.01392, 51.55631, 16.0], [0.0141, 51.55639, 16.0], [0.01478, 51.55664, 15.3], [0.015, 51.55672, 15.0], [0.01542, 51.55688, 15.0], [0.01552, 51.55691, 15.0], [0.01584, 51.55703, 15.0], [0.01593, 51.55707, 15.1], [0.01644, 51.55725, 15.2], [0.01651, 51.55728, 15.2], [0.0166, 51.55731, 15.2], [0.0167, 51.55735, 15.2], [0.01685, 51.55741, 15.3], [0.01699, 51.55746, 15.4], [0.01711, 51.5575, 15.5], [0.01735, 51.5576, 16.1], [0.01767, 51.55773, 16.7], [0.0179, 51.55782, 17.1], [0.01794, 51.55784, 17.1], [0.01812, 51.55794, 17.4], [0.0182, 51.55802, 17.6], [0.0182, 51.55802, 17.6], [0.01826, 51.55814, 17.7], [0.01847, 51.5585, 18.6], [0.01849, 51.55853, 18.7], [0.01888, 51.5592, 20.3], [0.01889, 51.55922, 20.2], [0.01911, 51.5596, 19.5], [0.01925, 51.55984, 19.3], [0.01926, 51.55986, 19.3], [0.01989, 51.56096, 18.2], [0.01993, 51.56103, 18.3], [0.01995, 51.56106, 18.3], [0.01996, 51.56107, 18.3], [0.01998, 51.56109, 18.3], [0.02001, 51.56112, 18.3], [0.02005, 51.56115, 18.4], [0.0201, 51.56117, 18.4], [0.02014, 51.5612, 18.4], [0.0202, 51.56122, 18.5], [0.02026, 51.56124, 18.5], [0.02029, 51.56125, 18.5], [0.02038, 51.56128, 18.5], [0.02069, 51.56137, 18.6], [0.02108, 51.56149, 18.8], [0.02119, 51.56152, 18.8], [0.02125, 51.56155, 18.9], [0.02131, 51.56157, 18.9], [0.02135, 51.56159, 18.9], [0.02137, 51.5616, 18.9], [0.02151, 51.56168, 19.0], [0.02158, 51.56172, 19.1], [0.02261, 51.56234, 19.7], [0.02323, 51.56271, 19.1], [0.02352, 51.56288, 19.1], [0.02358, 51.56291, 19.1], [0.02415, 51.56325, 19.9], [0.02423, 51.56329, 20.1], [0.0247, 51.56357, 21.1], [0.02475, 51.5636, 21.2], [0.02479, 51.56362, 21.2], [0.0248, 51.56363, 21.2], [0.02482, 51.56364, 21.3], [0.02495, 51.56369, 21.5], [0.02495, 51.56369, 21.5], [0.02495, 51.5637, 21.5], [0.02495, 51.56371, 21.5], [0.02495, 51.56372, 21.4], [0.02495, 51.56373, 21.4], [0.02496, 51.56373, 21.5], [0.02496, 51.56374, 21.4], [0.02497, 51.56374, 21.5], [0.02498, 51.56374, 21.5], [0.02498, 51.56375, 21.5], [0.02499, 51.56375, 21.5], [0.025, 51.56375, 21.5], [0.02501, 51.56375, 21.5], [0.02502, 51.56375, 21.5], [0.02502, 51.56379, 21.4], [0.02502, 51.5638, 21.4], [0.02501, 51.56382, 21.4], [0.02501, 51.56384, 21.4], [0.02497, 51.56398, 21.2], [0.02495, 51.56406, 21.1], [0.02495, 51.56408, 21.0], [0.02495, 51.56414, 21.0], [0.02496, 51.56418, 20.9], [0.02497, 51.56423, 20.9], [0.02496, 51.56423, 20.9], [0.02496, 51.56424, 20.9], [0.02495, 51.56424, 20.9], [0.02494, 51.56424, 20.8], [0.02493, 51.56425, 20.8], [0.02492, 51.56425, 20.8], [0.02492, 51.56426, 20.8], [0.02491, 51.56426, 20.8], [0.02491, 51.56427, 20.8], [0.02491, 51.56428, 20.8], [0.02491, 51.56429, 20.7], [0.02491, 51.5643, 20.7], [0.02491, 51.56431, 20.7], [0.02492, 51.56431, 20.7], [0.02492, 51.56432, 20.7], [0.02493, 51.56432, 20.7], [0.02494, 51.56432, 20.7], [0.02494, 51.56433, 20.7], [0.02495, 51.56433, 20.7], [0.02496, 51.56433, 20.8], [0.02497, 51.56433, 20.8], [0.02497, 51.56434, 20.8], [0.02498, 51.56434, 20.8], [0.02499, 51.56434, 20.8], [0.025, 51.56434, 20.8], [0.02501, 51.56434, 20.8], [0.02501, 51.56433, 20.8], [0.02502, 51.56433, 20.8], [0.02503, 51.56433, 20.8], [0.02504, 51.56433, 20.8], [0.02504, 51.56432, 20.8], [0.02505, 51.56432, 20.8], [0.02506, 51.56431, 20.8], [0.02507, 51.56431, 20.8], [0.02507, 51.5643, 20.8], [0.02507, 51.56429, 20.9], [0.02508, 51.56429, 20.9], [0.02508, 51.56428, 20.9], [0.02507, 51.56428, 20.9], [0.02507, 51.56427, 20.9], [0.02507, 51.56426, 20.9], [0.02506, 51.56426, 20.9], [0.02506, 51.56425, 20.9], [0.02505, 51.56425, 20.9], [0.02505, 51.56424, 20.9], [0.02504, 51.56424, 20.9], [0.02503, 51.56424, 20.9], [0.02502, 51.56423, 20.9], [0.02501, 51.56423, 20.9], [0.025, 51.56423, 20.9], [0.02499, 51.56423, 20.9], [0.02498, 51.56423, 20.9], [0.02497, 51.56423, 20.9], [0.02496, 51.56423, 20.9], [0.02496, 51.56424, 20.9], [0.02495, 51.56424, 20.9], [0.02494, 51.56424, 20.8], [0.02493, 51.56425, 20.8], [0.02492, 51.56425, 20.8], [0.02492, 51.56426, 20.8], [0.02491, 51.56426, 20.8], [0.02491, 51.56427, 20.8], [0.02491, 51.56428, 20.8], [0.02491, 51.56429, 20.7], [0.02491, 51.5643, 20.7], [0.02491, 51.56431, 20.7], [0.02492, 51.56431, 20.7], [0.02492, 51.56432, 20.7], [0.02493, 51.56432, 20.7], [0.02494, 51.56432, 20.7], [0.02494, 51.56433, 20.7], [0.02495, 51.56433, 20.7], [0.02496, 51.56433, 20.8], [0.02497, 51.56433, 20.8], [0.02497, 51.56434, 20.8], [0.02497, 51.56434, 20.8], [0.02496, 51.56452, 20.5], [0.02496, 51.56461, 20.4], [0.02494, 51.56489, 20.1], [0.02492, 51.56527, 21.2], [0.0249, 51.56561, 22.8], [0.02489, 51.5659, 23.9], [0.02486, 51.56617, 24.0], [0.02483, 51.56633, 24.0], [0.02481, 51.56638, 24.1], [0.02472, 51.56656, 24.3], [0.02467, 51.56667, 24.4], [0.02464, 51.56673, 24.5], [0.0246, 51.5668, 24.7], [0.02451, 51.56698, 25.2], [0.0245, 51.56702, 25.3], [0.02449, 51.56703, 25.3], [0.02441, 51.56719, 25.8], [0.02438, 51.56724, 25.9], [0.02432, 51.56736, 26.3], [0.02427, 51.56747, 26.7], [0.02423, 51.56758, 26.7], [0.02409, 51.56791, 26.7], [0.02396, 51.56824, 26.8], [0.02386, 51.56848, 27.7], [0.02382, 51.56859, 28.2], [0.02376, 51.56874, 28.9], [0.0237, 51.5689, 29.6], [0.02366, 51.569, 30.1], [0.0236, 51.56917, 30.7], [0.02356, 51.56932, 30.9], [0.02353, 51.56949, 31.2], [0.02351, 51.56955, 31.2], [0.02351, 51.56958, 31.3], [0.0235, 51.56964, 31.4], [0.02349, 51.56968, 31.4], [0.0235, 51.56973, 31.5], [0.02347, 51.57004, 31.8], [0.02348, 51.57017, 31.8], [0.02348, 51.5703, 31.8], [0.0235, 51.57054, 31.8], [0.02351, 51.57073, 31.8], [0.02352, 51.57096, 31.9], [0.02352, 51.571, 32.0], [0.02353, 51.57121, 32.2], [0.02354, 51.57143, 32.5], [0.02356, 51.57191, 33.3], [0.02357, 51.57216, 33.9], [0.02359, 51.57265, 34.2], [0.0236, 51.57278, 33.8], [0.0236, 51.57294, 33.3], [0.02362, 51.57316, 32.6], [0.02362, 51.57339, 32.2], [0.02362, 51.57342, 32.2], [0.02361, 51.57345, 32.2], [0.0236, 51.57348, 32.1], [0.02357, 51.57351, 32.1], [0.02355, 51.57354, 32.0], [0.02354, 51.57355, 32.0], [0.02345, 51.57365, 31.8], [0.02339, 51.57372, 31.7], [0.02326, 51.57385, 31.5], [0.02326, 51.57385, 31.5], [0.02344, 51.57392, 31.3], [0.02354, 51.57395, 31.3], [0.02371, 51.57402, 31.2], [0.02383, 51.57407, 31.1], [0.02406, 51.57416, 31.0], [0.02449, 51.57432, 30.9], [0.02496, 51.57451, 30.9], [0.02538, 51.57465, 31.4], [0.0255, 51.57469, 31.5], [0.02588, 51.57482, 31.8], [0.02607, 51.57488, 31.9], [0.02629, 51.57494, 32.0], [0.02635, 51.57496, 32.0], [0.02642, 51.57498, 32.0], [0.0266, 51.57505, 31.9], [0.02666, 51.57507, 31.9], [0.02671, 51.57509, 31.9], [0.02709, 51.57523, 31.7], [0.02722, 51.57528, 31.7], [0.02742, 51.57536, 31.6], [0.02756, 51.57541, 31.4], [0.02774, 51.57548, 31.1], [0.02777, 51.57552, 31.1], [0.02778, 51.57554, 31.0], [0.02782, 51.57557, 30.9], [0.02788, 51.5756, 30.8], [0.02797, 51.57567, 30.6], [0.02797, 51.57567, 30.6], [0.02783, 51.57587, 30.6], [0.02784, 51.57587, 30.6], [0.02783, 51.57587, 30.6], [0.02782, 51.5759, 30.6], [0.02775, 51.576, 30.6], [0.02765, 51.57617, 30.7], [0.02745, 51.57652, 31.0], [0.02743, 51.57654, 31.1], [0.02742, 51.57656, 31.1], [0.02731, 51.57674, 31.1], [0.02727, 51.5768, 31.0], [0.02725, 51.57683, 31.0], [0.02722, 51.57686, 30.9], [0.0272, 51.57689, 30.9], [0.02716, 51.57692, 30.9], [0.02712, 51.57694, 30.9], [0.02707, 51.57698, 31.0], [0.02689, 51.5771, 31.1], [0.02686, 51.57712, 31.1], [0.02682, 51.57717, 31.1], [0.02671, 51.57727, 31.2], [0.02654, 51.57744, 31.4], [0.02651, 51.57747, 31.4], [0.02641, 51.5776, 31.2], [0.02638, 51.57764, 31.1], [0.02614, 51.57794, 30.3], [0.0259, 51.57823, 29.4], [0.02583, 51.57833, 29.0], [0.02576, 51.5784, 29.1], [0.02561, 51.57861, 29.2], [0.02552, 51.57873, 29.2], [0.0255, 51.57875, 29.2], [0.02549, 51.57876, 29.2], [0.02547, 51.57878, 29.2], [0.02545, 51.57879, 29.2], [0.02543, 51.57881, 29.2], [0.0254, 51.57883, 29.2], [0.02531, 51.57889, 29.2], [0.02528, 51.57891, 29.2], [0.02525, 51.57893, 29.2], [0.02521, 51.57895, 29.2], [0.02494, 51.57911, 29.2], [0.02486, 51.57916, 29.3], [0.0248, 51.5792, 29.3], [0.02474, 51.57924, 29.2], [0.02468, 51.57927, 29.2], [0.02449, 51.57939, 29.0], [0.02387, 51.57977, 27.7], [0.02375, 51.57985, 27.4], [0.02368, 51.57989, 27.2], [0.02358, 51.57996, 26.9], [0.02345, 51.58004, 26.8], [0.02333, 51.58011, 26.9], [0.02315, 51.58023, 26.9], [0.023, 51.58033, 27.0], [0.02264, 51.58054, 27.2], [0.0226, 51.58056, 27.2], [0.02223, 51.58079, 27.1], [0.0219, 51.58101, 26.9], [0.02182, 51.58105, 27.0], [0.02166, 51.58114, 27.0], [0.02161, 51.58116, 27.1], [0.02121, 51.58142, 28.1], [0.02118, 51.58143, 28.2], [0.02113, 51.58147, 28.3], [0.021, 51.58155, 28.6], [0.02088, 51.58162, 28.9], [0.02076, 51.58171, 29.2], [0.02065, 51.58179, 29.4], [0.0206, 51.58183, 29.6], [0.02057, 51.58184, 29.6], [0.02048, 51.58188, 29.8], [0.02043, 51.5819, 30.0], [0.02028, 51.58195, 30.3], [0.02028, 51.58195, 30.3], [0.0203, 51.58212, 30.3], [0.02029, 51.58223, 30.3], [0.02029, 51.58235, 30.3], [0.02028, 51.58243, 30.3], [0.02027, 51.5826, 30.2], [0.02027, 51.58266, 30.1], [0.02026, 51.58281, 29.9], [0.02025, 51.58288, 29.8], [0.02024, 51.58299, 29.6], [0.02023, 51.58303, 29.5], [0.02022, 51.58313, 29.4], [0.02022, 51.58316, 29.3], [0.02022, 51.58316, 29.3], [0.02022, 51.58316, 29.3], [0.02022, 51.58326, 29.1], [0.02023, 51.58335, 29.1], [0.02024, 51.5834, 29.4], [0.02025, 51.58344, 29.6], [0.02026, 51.58351, 29.9], [0.02027, 51.58356, 30.2], [0.0203, 51.58372, 31.0], [0.02032, 51.5838, 31.4], [0.02034, 51.58393, 32.0], [0.02041, 51.58417, 33.0], [0.02043, 51.58426, 33.0], [0.02043, 51.58426, 33.0], [0.0205, 51.58448, 32.9], [0.02055, 51.58461, 32.9], [0.02056, 51.58463, 32.8], [0.02062, 51.58479, 32.9], [0.02073, 51.58509, 33.0], [0.02075, 51.58516, 33.0], [0.0208, 51.58528, 33.0], [0.0208, 51.58528, 33.0], [0.02086, 51.58543, 33.0], [0.0209, 51.58553, 33.0], [0.02096, 51.58569, 33.0], [0.021, 51.5858, 33.0], [0.02104, 51.5859, 33.1], [0.02109, 51.58605, 33.3], [0.02116, 51.5863, 33.6], [0.02122, 51.58649, 33.8], [0.02129, 51.5868, 34.2], [0.02132, 51.58697, 34.5], [0.02134, 51.58706, 34.7], [0.02135, 51.58708, 34.7], [0.02135, 51.58712, 34.8], [0.02137, 51.58718, 34.8], [0.02137, 51.58719, 34.9], [0.0214, 51.58728, 35.0], [0.02145, 51.58748, 35.2], [0.02152, 51.58767, 35.4], [0.02158, 51.58784, 35.5], [0.02177, 51.58838, 36.1], [0.02185, 51.58861, 36.3], [0.02186, 51.58862, 36.3], [0.02192, 51.5888, 36.6], [0.02193, 51.58885, 36.6], [0.02197, 51.58896, 36.8], [0.02199, 51.58903, 36.8], [0.02201, 51.58911, 36.9], [0.02203, 51.58918, 37.0], [0.02204, 51.58925, 37.1], [0.02205, 51.58929, 37.1], [0.02208, 51.5894, 37.1], [0.02212, 51.58956, 37.2], [0.02212, 51.58958, 37.2], [0.02214, 51.58967, 37.3], [0.02216, 51.58979, 37.3], [0.0222, 51.58999, 37.4], [0.02224, 51.59019, 37.8], [0.02224, 51.59022, 37.8], [0.02225, 51.59024, 37.9], [0.02225, 51.59026, 37.9], [0.0223, 51.59051, 38.5], [0.02235, 51.59076, 39.0], [0.02238, 51.59095, 39.6], [0.02244, 51.59127, 40.7], [0.02245, 51.59132, 40.8], [0.02245, 51.59133, 40.9], [0.02245, 51.59135, 41.0], [0.02246, 51.59146, 41.3], [0.02249, 51.59175, 42.0], [0.0225, 51.59186, 42.0], [0.02251, 51.59193, 42.0], [0.02249, 51.59207, 42.0], [0.02247, 51.59236, 42.0], [0.02246, 51.59248, 42.0], [0.02245, 51.59256, 42.2], [0.02245, 51.59258, 42.3], [0.02244, 51.59261, 42.3], [0.02244, 51.59305, 43.4], [0.02244, 51.59328, 43.9], [0.02243, 51.59336, 44.1], [0.02242, 51.59343, 44.2], [0.02241, 51.59356, 44.4], [0.0224, 51.59365, 44.5], [0.02239, 51.5937, 44.6], [0.02238, 51.59382, 44.8], [0.02236, 51.59395, 45.0], [0.0223, 51.59434, 45.7], [0.02229, 51.59442, 45.8], [0.02229, 51.59445, 45.8], [0.02225, 51.59456, 46.1], [0.02223, 51.59463, 46.2], [0.0222, 51.5947, 46.4], [0.0222, 51.59473, 46.4], [0.02217, 51.59484, 46.6], [0.02216, 51.59491, 46.7], [0.02213, 51.59502, 46.9], [0.02208, 51.59516, 46.8], [0.02206, 51.59521, 46.8], [0.02193, 51.59554, 46.7], [0.02188, 51.59564, 46.9], [0.02185, 51.59572, 47.1], [0.02181, 51.59581, 47.3], [0.02181, 51.59582, 47.3], [0.02175, 51.59599, 47.7], [0.0217, 51.59612, 48.1], [0.02167, 51.5962, 48.3], [0.02167, 51.5962, 48.3], [0.02166, 51.59624, 48.5], [0.02165, 51.59626, 48.6], [0.02161, 51.59636, 49.0], [0.02158, 51.59646, 49.4], [0.02157, 51.59648, 49.5], [0.02155, 51.59656, 49.9], [0.02149, 51.59669, 50.5], [0.02147, 51.59674, 50.6], [0.02139, 51.59688, 50.9], [0.02123, 51.59725, 51.7], [0.0211, 51.59754, 52.3], [0.0211, 51.59755, 52.3], [0.0211, 51.59756, 52.3], [0.02105, 51.59766, 52.4], [0.02098, 51.59784, 52.6], [0.02093, 51.59796, 52.7], [0.02092, 51.59797, 52.7], [0.0208, 51.59824, 53.1], [0.02074, 51.59844, 53.2], [0.02066, 51.59866, 53.3], [0.02062, 51.59878, 53.4], [0.02059, 51.59884, 53.4], [0.02059, 51.59884, 53.4], [0.02058, 51.59887, 53.4], [0.02058, 51.59894, 53.4], [0.02053, 51.59905, 53.4], [0.02048, 51.59916, 53.4], [0.02039, 51.59934, 53.2], [0.02035, 51.59944, 53.1], [0.02024, 51.59966, 52.9], [0.02014, 51.59982, 52.9], [0.0201, 51.5999, 52.9], [0.01999, 51.60008, 52.5], [0.01983, 51.60035, 51.5], [0.01982, 51.60037, 51.4], [0.01976, 51.60048, 51.0], [0.01956, 51.60084, 50.1], [0.01954, 51.60087, 50.3], [0.01947, 51.60109, 51.1], [0.01945, 51.60113, 51.2], [0.01938, 51.60134, 51.9], [0.01934, 51.60153, 52.4], [0.01934, 51.60158, 52.4], [0.01933, 51.60162, 52.5], [0.01933, 51.60164, 52.6], [0.01933, 51.60164, 52.6], [0.01933, 51.60171, 52.8], [0.01933, 51.60172, 52.8], [0.01932, 51.60201, 53.9], [0.01933, 51.60209, 54.1], [0.01932, 51.60225, 54.7], [0.01932, 51.60239, 55.2], [0.01931, 51.60246, 55.5], [0.01931, 51.60248, 55.6], [0.01929, 51.60259, 56.0], [0.01929, 51.60264, 56.2], [0.01928, 51.60266, 56.3], [0.01927, 51.60268, 56.4], [0.01924, 51.60283, 57.0], [0.01924, 51.60284, 57.0], [0.01918, 51.60301, 57.8], [0.01917, 51.60305, 58.0], [0.01912, 51.60329, 59.0], [0.0191, 51.60336, 59.2], [0.01907, 51.60347, 59.6], [0.01906, 51.60355, 59.8], [0.01902, 51.60371, 60.4], [0.01902, 51.60373, 60.5], [0.01896, 51.60395, 61.3], [0.0189, 51.60414, 62.2], [0.0189, 51.60414, 62.2], [0.018804, 51.604654, 62.5], [0.018804, 51.604654, 62.5], [0.018702, 51.604999, 62.7], [0.018702, 51.604999, 62.7], [0.018691, 51.605423, 61.6], [0.018691, 51.605423, 61.6], [0.018734, 51.605825, 60.5], [0.018734, 51.605825, 60.5], [0.018954, 51.606213, 62.0], [0.018954, 51.606213, 62.0], [0.019185, 51.606524, 63.3], [0.019351, 51.606659, 63.7], [0.019549, 51.60678, 63.9], [0.019549, 51.60678, 63.9], [0.019957, 51.60717, 65.4], [0.019957, 51.60717, 65.4], [0.020429, 51.607753, 65.9], [0.020429, 51.607753, 65.9], [0.020794, 51.608309, 66.0], [0.020794, 51.608309, 66.0], [0.020955, 51.608486, 65.6], [0.020955, 51.608486, 65.6], [0.021126, 51.608509, 65.3], [0.02112, 51.60851, 65.3], [0.02093, 51.60856, 65.6], [0.02093, 51.60856, 65.6], [0.02072, 51.60827, 66.1], [0.02072, 51.60827, 66.1], [0.02045, 51.60834, 66.9], [0.02025, 51.6084, 67.2], [0.02025, 51.6084, 67.2], [0.02045, 51.60834, 66.9], [0.02072, 51.60827, 66.1], [0.02072, 51.60827, 66.1], [0.02093, 51.60856, 65.6], [0.02104, 51.60872, 65.4], [0.02114, 51.60887, 65.3], [0.02126, 51.60906, 65.4], [0.02131, 51.60913, 65.5], [0.02138, 51.60922, 65.7], [0.02146, 51.60934, 65.8], [0.02152, 51.60943, 65.8], [0.02157, 51.60951, 65.9], [0.02164, 51.6096, 66.0], [0.02194, 51.61001, 66.0], [0.02208, 51.6102, 66.6], [0.0222, 51.61035, 67.0], [0.02226, 51.61043, 67.2], [0.02228, 51.61046, 67.2], [0.02237, 51.61057, 67.5], [0.02278, 51.61108, 68.2], [0.0229, 51.61122, 68.4], [0.02308, 51.61145, 69.1], [0.02309, 51.61147, 69.1], [0.02315, 51.61155, 69.4], [0.02319, 51.61161, 69.6], [0.02326, 51.61171, 70.1], [0.02337, 51.61186, 70.6], [0.02343, 51.61196, 70.9], [0.02352, 51.6121, 71.2], [0.02356, 51.61215, 71.3], [0.02361, 51.61224, 71.5], [0.02369, 51.61236, 71.7], [0.02377, 51.61249, 71.9], [0.02395, 51.61277, 71.8], [0.02394, 51.61277, 71.9], [0.02394, 51.61278, 71.9], [0.02393, 51.61278, 71.9], [0.02392, 51.61278, 71.9], [0.02392, 51.61279, 71.9], [0.02391, 51.61279, 72.0], [0.02391, 51.6128, 72.0], [0.02391, 51.61281, 72.0], [0.02391, 51.61282, 72.0], [0.02391, 51.61283, 72.0], [0.02392, 51.61283, 72.0], [0.02392, 51.61284, 72.0], [0.02393, 51.61284, 72.0], [0.02394, 51.61284, 72.0], [0.02394, 51.61285, 72.0], [0.02395, 51.61285, 71.9], [0.02396, 51.61285, 71.9], [0.02397, 51.61285, 71.9], [0.02398, 51.61285, 71.9], [0.02399, 51.61285, 71.8], [0.024, 51.61285, 71.8], [0.02413, 51.61308, 71.8], [0.02419, 51.61318, 71.7], [0.02448, 51.61364, 72.4], [0.02455, 51.61375, 72.8], [0.02462, 51.61388, 73.4], [0.02466, 51.61397, 73.9], [0.0247, 51.61404, 74.3], [0.02477, 51.61419, 75.0], [0.02478, 51.61422, 75.1], [0.02483, 51.61434, 75.3], [0.02486, 51.61441, 75.3], [0.02489, 51.61448, 75.4], [0.02488, 51.61455, 75.5], [0.02497, 51.61482, 75.8], [0.02508, 51.61512, 75.7], [0.02518, 51.61533, 75.3], [0.02524, 51.61547, 75.0], [0.02535, 51.61573, 74.7], [0.02553, 51.61615, 74.4], [0.02567, 51.61647, 74.2], [0.02571, 51.61656, 74.1], [0.02589, 51.61691, 73.6], [0.02601, 51.61713, 73.0], [0.02607, 51.61724, 72.7], [0.0261, 51.61729, 72.6], [0.02618, 51.61745, 72.2], [0.02623, 51.61754, 71.9], [0.02627, 51.61761, 71.7], [0.02647, 51.61802, 70.6], [0.02674, 51.6186, 70.1], [0.02699, 51.619, 69.6], [0.02717, 51.61932, 69.6], [0.02721, 51.61938, 69.6], [0.02729, 51.61954, 69.9], [0.02731, 51.6196, 70.0], [0.02732, 51.61962, 70.0], [0.02743, 51.61987, 70.6], [0.02753, 51.62012, 71.5], [0.02754, 51.62014, 71.6], [0.02756, 51.62021, 72.0], [0.02757, 51.62027, 72.2], [0.02763, 51.62046, 73.1], [0.02766, 51.62055, 73.6], [0.02768, 51.62063, 74.0], [0.02771, 51.6207, 74.3], [0.02771, 51.6207, 74.3], [0.0278, 51.62072, 74.4], [0.02797, 51.6208, 74.8], [0.02809, 51.62087, 75.2], [0.02819, 51.62094, 75.6], [0.02824, 51.62097, 75.8], [0.0283, 51.62102, 76.1], [0.02843, 51.62114, 76.7], [0.02859, 51.62129, 77.4], [0.02895, 51.62162, 79.0], [0.02897, 51.62164, 79.1], [0.02914, 51.6218, 79.2], [0.02928, 51.62192, 79.2], [0.02931, 51.62195, 79.2], [0.02941, 51.62205, 79.3], [0.02948, 51.62211, 79.4], [0.0297, 51.62232, 80.0], [0.0298, 51.62241, 80.4], [0.02985, 51.62247, 80.7], [0.02989, 51.62252, 80.9], [0.02994, 51.62258, 80.9], [0.02999, 51.62266, 81.0], [0.03016, 51.62295, 80.9], [0.03028, 51.62317, 80.9], [0.03034, 51.62328, 81.0], [0.03052, 51.62356, 80.6], [0.03063, 51.62375, 80.4], [0.03071, 51.62386, 80.3], [0.03079, 51.62398, 80.2], [0.03094, 51.62421, 80.3], [0.0311, 51.62444, 80.7], [0.03113, 51.62449, 80.9], [0.03123, 51.62464, 81.2], [0.031399, 51.62488, 81.9], [0.03143, 51.62493, 82.1], [0.03155, 51.62509, 82.4], [0.031759, 51.62537, 82.2], [0.03194, 51.62563, 81.7], [0.03196, 51.62565, 81.7], [0.032169, 51.62593, 81.5], [0.03229, 51.6261, 81.4], [0.032488, 51.62632, 81.4], [0.03262, 51.62646, 81.5], [0.03291, 51.62685, 82.2], [0.03291, 51.62686, 82.2], [0.0329, 51.62686, 82.2], [0.03289, 51.62686, 82.2], [0.03289, 51.62687, 82.2], [0.03288, 51.62687, 82.2], [0.03288, 51.62688, 82.2], [0.03288, 51.62689, 82.2], [0.03287, 51.62689, 82.2], [0.03288, 51.62689, 82.2], [0.03288, 51.6269, 82.2], [0.03288, 51.62691, 82.2], [0.03289, 51.62691, 82.2], [0.03289, 51.62692, 82.2], [0.0329, 51.62692, 82.3], [0.03291, 51.62692, 82.3], [0.03292, 51.62692, 82.3], [0.03293, 51.62693, 82.3], [0.03294, 51.62693, 82.4], [0.03294, 51.62692, 82.4], [0.03295, 51.62692, 82.4], [0.03296, 51.62692, 82.4], [0.03299, 51.62696, 82.5], [0.03299, 51.62696, 82.5], [0.03298, 51.62696, 82.5], [0.03297, 51.62696, 82.5], [0.03297, 51.62697, 82.5], [0.03296, 51.62698, 82.5], [0.03297, 51.62699, 82.5], [0.03297, 51.627, 82.5], [0.03298, 51.62701, 82.6], [0.03299, 51.62702, 82.6], [0.033, 51.62702, 82.6], [0.03301, 51.62703, 82.7], [0.03302, 51.62703, 82.7], [0.03303, 51.62703, 82.7], [0.03304, 51.62703, 82.7], [0.03305, 51.62702, 82.7], [0.03306, 51.62702, 82.8], [0.03307, 51.62702, 82.8], [0.03307, 51.62701, 82.8], [0.03308, 51.62701, 82.8], [0.03308, 51.627, 82.8], [0.03308, 51.62699, 82.8], [0.03308, 51.62698, 82.8], [0.03307, 51.62698, 82.7], [0.03307, 51.62697, 82.7], [0.03306, 51.62697, 82.7], [0.03306, 51.62696, 82.7], [0.03309, 51.62696, 82.8], [0.03312, 51.62695, 82.8], [0.03315, 51.62695, 82.9], [0.03319, 51.62695, 83.0], [0.03333, 51.62695, 83.3], [0.03364, 51.62697, 82.7], [0.03374, 51.62698, 82.5], [0.03382, 51.62698, 82.4], [0.03421, 51.627, 81.5], [0.03482, 51.62703, 79.7], [0.03555, 51.62707, 77.4], [0.0357, 51.62707, 76.9], [0.03652, 51.62711, 73.9], [0.03676, 51.62713, 73.1], [0.03716, 51.62715, 72.1], [0.03783, 51.62718, 70.0], [0.03788, 51.62718, 69.8], [0.03842, 51.62721, 67.8], [0.03851, 51.62721, 67.6], [0.03851, 51.62722, 67.6], [0.03852, 51.62723, 67.5], [0.03853, 51.62723, 67.5], [0.03853, 51.62724, 67.5], [0.03854, 51.62724, 67.4], [0.03855, 51.62724, 67.4], [0.03856, 51.62724, 67.4], [0.03857, 51.62724, 67.4], [0.03857, 51.62723, 67.4], [0.03858, 51.62723, 67.4], [0.03859, 51.62723, 67.4], [0.03859, 51.62722, 67.4], [0.03859, 51.62721, 67.4], [0.03865, 51.62721, 67.3], [0.03895, 51.62721, 66.6], [0.03903, 51.62721, 66.4], [0.03933, 51.62722, 65.5], [0.03944, 51.62722, 65.1], [0.03965, 51.62722, 64.5], [0.03965, 51.62722, 64.5], [0.03963, 51.62717, 64.7], [0.03962, 51.62716, 64.8], [0.03962, 51.62715, 64.9], [0.03961, 51.62715, 64.9], [0.0396, 51.62714, 65.0], [0.03959, 51.62714, 65.0], [0.03958, 51.62713, 65.1], [0.03957, 51.62713, 65.1], [0.03957, 51.62712, 65.1], [0.03956, 51.62712, 65.2], [0.03955, 51.62711, 65.2], [0.03954, 51.62711, 65.3], [0.03954, 51.6271, 65.3], [0.03953, 51.627, 65.8], [0.03952, 51.62692, 66.1], [0.03952, 51.62692, 66.1], [0.03953, 51.627, 65.8], [0.03954, 51.6271, 65.3], [0.03954, 51.62711, 65.3], [0.03955, 51.62711, 65.2], [0.03956, 51.62712, 65.2], [0.03957, 51.62712, 65.1], [0.03957, 51.62713, 65.1], [0.03958, 51.62713, 65.1], [0.03959, 51.62714, 65.0], [0.0396, 51.62714, 65.0], [0.03961, 51.62715, 64.9], [0.03962, 51.62715, 64.9], [0.03962, 51.62716, 64.8], [0.03963, 51.62717, 64.7], [0.03965, 51.62722, 64.5], [0.03965, 51.62722, 64.5], [0.04004, 51.6272, 63.3], [0.04015, 51.62719, 62.9], [0.04025, 51.62719, 62.6], [0.04037, 51.62719, 62.2], [0.04044, 51.62718, 62.0], [0.04059, 51.62718, 61.4], [0.04077, 51.62717, 60.8], [0.04094, 51.62716, 60.2], [0.04111, 51.62716, 59.6], [0.04115, 51.62715, 59.5], [0.04118, 51.62715, 59.4], [0.0412, 51.62715, 59.4], [0.04192, 51.62711, 56.8], [0.04206, 51.62711, 56.2], [0.0421, 51.6271, 56.1], [0.04223, 51.62709, 55.6], [0.04236, 51.62708, 55.1], [0.0425, 51.62706, 54.6], [0.04268, 51.62704, 54.0], [0.04284, 51.62701, 53.5], [0.04299, 51.62699, 53.1], [0.04315, 51.62697, 52.6], [0.04319, 51.62696, 52.5], [0.04326, 51.62695, 52.3], [0.04336, 51.62694, 52.0], [0.04344, 51.62694, 51.7], [0.04355, 51.62694, 51.4], [0.04363, 51.62694, 51.2], [0.04375, 51.62695, 50.8], [0.04392, 51.62696, 50.3], [0.04493, 51.62704, 46.4], [0.04392, 51.62696, 50.3], [0.04375, 51.62695, 50.8], [0.04363, 51.62694, 51.2], [0.04355, 51.62694, 51.4], [0.04344, 51.62694, 51.7], [0.04344, 51.62694, 51.7], [0.04339, 51.6268, 52.9], [0.04339, 51.6268, 52.9], [0.04344, 51.62694, 51.7], [0.04344, 51.62694, 51.7], [0.04355, 51.62694, 51.4], [0.04363, 51.62694, 51.2], [0.04375, 51.62695, 50.8], [0.04392, 51.62696, 50.3], [0.04493, 51.62704, 46.4], [0.04566, 51.62709, 43.6], [0.04591, 51.62711, 42.7], [0.04606, 51.62712, 42.1], [0.04612, 51.62712, 41.9], [0.04616, 51.62712, 41.7], [0.04621, 51.62712, 41.6], [0.047, 51.62709, 39.2], [0.04714, 51.62709, 38.8], [0.04724, 51.62708, 38.5], [0.04728, 51.62708, 38.4], [0.04731, 51.62708, 38.3], [0.04735, 51.62708, 38.2], [0.04767, 51.6271, 37.3], [0.04817, 51.62714, 35.5], [0.04875, 51.62716, 34.2], [0.04928, 51.62718, 33.4], [0.04962, 51.62721, 32.7], [0.0499, 51.62724, 32.3], [0.05066, 51.62731, 30.7], [0.05076, 51.62732, 30.5], [0.05085, 51.62733, 30.3], [0.05101, 51.62734, 29.8], [0.05117, 51.62735, 29.3], [0.05129, 51.62735, 28.9], [0.05148, 51.62736, 28.3], [0.05162, 51.62736, 27.8], [0.05176, 51.62736, 27.3], [0.05196, 51.62736, 26.6], [0.052, 51.62736, 26.5], [0.05248, 51.62735, 24.7], [0.05288, 51.62734, 22.9], [0.05289, 51.62734, 22.8], [0.05335, 51.62733, 20.8], [0.05374, 51.62731, 20.3], [0.05394, 51.6273, 20.0], [0.05411, 51.6273, 19.8], [0.0542, 51.62729, 19.7], [0.05442, 51.62728, 19.4], [0.05465, 51.62727, 19.0], [0.0548, 51.62726, 18.7], [0.05486, 51.62726, 18.6], [0.05518, 51.62723, 18.1], [0.05526, 51.62723, 18.0], [0.05541, 51.62721, 17.8], [0.05555, 51.6272, 17.6], [0.05585, 51.62718, 17.2], [0.05623, 51.62715, 16.7], [0.05628, 51.62714, 16.6], [0.05657, 51.62712, 16.2], [0.05678, 51.6271, 16.0], [0.05727, 51.62707, 16.0], [0.05767, 51.62704, 15.9], [0.05776, 51.62704, 15.9], [0.05796, 51.62703, 15.9], [0.05841, 51.627, 16.1], [0.05911, 51.62696, 17.0], [0.05925, 51.62695, 17.1], [0.05929, 51.62695, 17.2], [0.05936, 51.62695, 17.3], [0.05948, 51.62693, 17.5], [0.05963, 51.62691, 17.7], [0.05969, 51.6269, 17.8], [0.05999, 51.62686, 18.5], [0.06062, 51.62676, 20.2], [0.06081, 51.62673, 20.7], [0.06092, 51.62672, 21.0], [0.06109, 51.62669, 21.5], [0.06189, 51.62657, 23.8], [0.06202, 51.62655, 24.1], [0.0621, 51.62654, 24.2], [0.06228, 51.62651, 24.5], [0.0625, 51.62648, 24.9], [0.06271, 51.62645, 25.2], [0.0629, 51.62642, 25.4], [0.06311, 51.62638, 25.6], [0.06332, 51.62634, 25.8], [0.063547, 51.62629, 26.0], [0.06364, 51.62628, 26.1], [0.06376, 51.62625, 26.3], [0.06397, 51.62619, 26.5], [0.06413, 51.62615, 26.6], [0.06415, 51.62615, 26.6], [0.06433, 51.62609, 26.6], [0.06449, 51.62604, 26.6], [0.06457, 51.62601, 26.6], [0.06474, 51.62596, 26.7], [0.06481, 51.62593, 26.7], [0.065018, 51.62585, 26.8], [0.06504, 51.62585, 26.8], [0.06515, 51.6258, 27.2], [0.06524, 51.62576, 27.5], [0.065268, 51.62575, 27.5], [0.0653, 51.62574, 27.6], [0.06543, 51.62568, 28.0], [0.06566, 51.62557, 28.8], [0.06587, 51.62546, 29.5], [0.06601, 51.62539, 30.0], [0.06605, 51.62537, 30.1], [0.06624, 51.62526, 30.8], [0.06649, 51.6251, 32.1], [0.06658, 51.62504, 32.5], [0.06663, 51.625, 32.8], [0.06672, 51.62494, 33.3], [0.06682, 51.62486, 33.9], [0.06689, 51.6248, 34.2], [0.06709, 51.62465, 35.2], [0.06723, 51.62453, 35.8], [0.06734, 51.62443, 36.2], [0.06741, 51.62437, 36.5], [0.0675, 51.62428, 36.9], [0.06777, 51.624, 37.7], [0.06791, 51.62385, 38.2], [0.06816, 51.6236, 39.1], [0.06836, 51.62341, 40.0], [0.06842, 51.62335, 40.2], [0.06849, 51.62329, 40.4], [0.06872, 51.62306, 41.3], [0.06888, 51.62291, 41.8], [0.06901, 51.62278, 42.3], [0.06915, 51.62265, 42.8], [0.0692, 51.62261, 43.0], [0.06924, 51.62258, 43.1], [0.06925, 51.62257, 43.1], [0.0693, 51.62254, 43.3], [0.06937, 51.62248, 43.5], [0.06952, 51.62239, 43.7], [0.06959, 51.62235, 43.7], [0.06972, 51.62228, 43.9], [0.06981, 51.62223, 44.0], [0.06999, 51.62214, 44.1], [0.07019, 51.62206, 43.9], [0.07036, 51.62199, 43.8], [0.07041, 51.62197, 43.7], [0.0707, 51.62188, 43.5], [0.07101, 51.62179, 43.3], [0.07129, 51.62173, 43.2], [0.07147, 51.6217, 43.1], [0.07153, 51.62169, 43.1], [0.0718, 51.62165, 42.9], [0.0721, 51.62162, 42.7], [0.07218, 51.62162, 42.7], [0.07238, 51.6216, 42.5], [0.07261, 51.62159, 42.3], [0.07264, 51.62159, 42.3], [0.07301, 51.62157, 41.8], [0.07331, 51.62155, 41.3], [0.07359, 51.62153, 41.2], [0.07382, 51.62151, 41.1], [0.07397, 51.6215, 41.0], [0.07414, 51.62148, 40.9], [0.07434, 51.62146, 41.0], [0.07439, 51.62145, 41.0], [0.07459, 51.62143, 41.1], [0.07479, 51.62139, 41.1], [0.07503, 51.62135, 41.1], [0.07526, 51.6213, 40.8], [0.07542, 51.62125, 40.5], [0.07574, 51.62116, 40.0], [0.07598, 51.62109, 39.4], [0.07612, 51.62105, 39.0], [0.07639, 51.62096, 38.1], [0.07669, 51.62088, 37.3], [0.07669, 51.62088, 37.3], [0.07669, 51.62089, 37.4], [0.0767, 51.62089, 37.4], [0.07671, 51.6209, 37.5], [0.07672, 51.6209, 37.5], [0.07673, 51.6209, 37.5], [0.07674, 51.6209, 37.5], [0.07674, 51.62091, 37.6], [0.07675, 51.62091, 37.6], [0.07675, 51.6209, 37.5], [0.07676, 51.6209, 37.5], [0.07677, 51.6209, 37.5], [0.07678, 51.6209, 37.5], [0.07679, 51.6209, 37.6], [0.07679, 51.62089, 37.5], [0.07695, 51.62106, 38.8], [0.07696, 51.62107, 38.9], [0.07707, 51.62118, 39.8], [0.07719, 51.62129, 40.7], [0.0772, 51.62131, 40.9], [0.07734, 51.62144, 42.0], [0.07736, 51.62146, 42.2], [0.0775, 51.6216, 43.5], [0.07762, 51.62172, 44.5], [0.07763, 51.62173, 44.6], [0.07772, 51.62181, 45.2], [0.07781, 51.6219, 45.8], [0.07789, 51.62196, 46.2], [0.07791, 51.62198, 46.3], [0.078, 51.62207, 46.8], [0.07825, 51.6223, 48.2], [0.07831, 51.62234, 48.4], [0.07847, 51.62248, 49.1], [0.07873, 51.6227, 50.3], [0.07885, 51.6228, 50.9], [0.07904, 51.62296, 52.0], [0.07909, 51.62301, 52.3], [0.07921, 51.62311, 53.1], [0.0796, 51.62343, 55.8], [0.07972, 51.62354, 56.6], [0.07978, 51.62359, 56.9], [0.07985, 51.62365, 57.3], [0.07989, 51.62368, 57.5], [0.08008, 51.62384, 58.2], [0.0802, 51.62394, 58.4], [0.08024, 51.62399, 58.5], [0.08047, 51.62418, 59.1], [0.0805, 51.62421, 59.2], [0.08053, 51.62423, 59.3], [0.08059, 51.62428, 59.5], [0.08067, 51.62435, 59.9], [0.08071, 51.62438, 60.0], [0.08086, 51.6245, 60.6], [0.08093, 51.62455, 60.8], [0.081, 51.62459, 60.9], [0.0811, 51.62467, 61.3], [0.08115, 51.62471, 61.5], [0.08123, 51.62478, 61.8], [0.08132, 51.62484, 62.1], [0.08146, 51.62495, 62.7], [0.08149, 51.62498, 62.9], [0.08168, 51.62513, 63.3], [0.08179, 51.62522, 63.5], [0.08193, 51.62533, 63.8], [0.08202, 51.6254, 64.0], [0.08209, 51.62546, 64.1], [0.08212, 51.62548, 64.2], [0.0823, 51.62563, 64.5], [0.0824, 51.62571, 64.7], [0.08249, 51.62578, 64.9], [0.08255, 51.62583, 65.1], [0.08258, 51.62586, 65.1], [0.08258, 51.62586, 65.1], [0.08257, 51.62586, 65.1], [0.08257, 51.62587, 65.1], [0.08257, 51.62588, 65.1], [0.08257, 51.62589, 65.1], [0.08257, 51.6259, 65.2], [0.08258, 51.6259, 65.2], [0.08258, 51.62591, 65.2], [0.08259, 51.62591, 65.2], [0.0826, 51.62591, 65.2], [0.0826, 51.62592, 65.2], [0.08261, 51.62592, 65.2], [0.08262, 51.62592, 65.2], [0.08263, 51.62592, 65.2], [0.08264, 51.62592, 65.3], [0.08265, 51.62592, 65.3], [0.08266, 51.62592, 65.3], [0.08266, 51.62591, 65.3], [0.08267, 51.62591, 65.3], [0.08268, 51.6259, 65.3], [0.08268, 51.62589, 65.3], [0.08268, 51.62588, 65.3], [0.08269, 51.62588, 65.3], [0.08268, 51.62588, 65.3], [0.08268, 51.62587, 65.3], [0.0827, 51.62585, 65.3], [0.08271, 51.62584, 65.3], [0.08273, 51.62583, 65.3], [0.08276, 51.62582, 65.3], [0.08279, 51.62581, 65.3], [0.08282, 51.6258, 65.3], [0.08287, 51.62578, 65.3], [0.08291, 51.62576, 65.3], [0.08295, 51.62574, 65.3], [0.08303, 51.62569, 65.3], [0.08329, 51.62549, 65.1], [0.08333, 51.62546, 65.1], [0.08344, 51.62538, 64.9], [0.08382, 51.62507, 64.2], [0.08388, 51.62502, 64.0], [0.08399, 51.62492, 63.6], [0.08409, 51.62483, 63.2], [0.08412, 51.62481, 63.1], [0.08437, 51.62458, 62.0], [0.08442, 51.62453, 61.7], [0.08447, 51.62448, 61.4], [0.08454, 51.62441, 61.0], [0.08459, 51.62434, 60.5], [0.08464, 51.62428, 60.1], [0.08469, 51.62421, 59.6], [0.08482, 51.62403, 58.5], [0.08489, 51.62389, 57.7], [0.08492, 51.6238, 57.3], [0.08494, 51.62371, 56.8], [0.08495, 51.62356, 56.1], [0.08495, 51.62345, 55.5], [0.08497, 51.62331, 54.8], [0.08501, 51.62317, 54.0], [0.08505, 51.62306, 53.3], [0.08511, 51.62295, 52.6], [0.08523, 51.6228, 51.6], [0.08535, 51.62268, 50.8], [0.08543, 51.62262, 50.3], [0.08552, 51.62258, 49.9], [0.08562, 51.62254, 49.5], [0.0857, 51.62251, 49.2], [0.08583, 51.62248, 48.9], [0.08594, 51.62245, 48.6], [0.086, 51.62244, 48.5], [0.08632, 51.62237, 48.0], [0.08656, 51.62232, 47.6], [0.0867, 51.62229, 47.5], [0.08682, 51.62226, 47.5], [0.08695, 51.62223, 47.5], [0.0871, 51.62219, 47.4], [0.08741, 51.6221, 47.5], [0.08772, 51.62202, 47.5], [0.08787, 51.62198, 47.5], [0.08789, 51.62198, 47.5], [0.08793, 51.62197, 47.5], [0.08799, 51.62195, 47.5], [0.08818, 51.62191, 47.6], [0.08833, 51.62188, 47.7], [0.08839, 51.62185, 47.8], [0.08848, 51.62182, 48.0], [0.08865, 51.62175, 48.3], [0.08872, 51.62172, 48.4], [0.08879, 51.62168, 48.5], [0.08889, 51.62164, 48.7], [0.08894, 51.62161, 48.8], [0.08906, 51.62155, 49.0], [0.08924, 51.62146, 49.4], [0.08933, 51.62141, 49.6], [0.08938, 51.62139, 49.7], [0.08983, 51.62117, 50.9], [0.08996, 51.62111, 51.3], [0.0903, 51.62094, 52.4], [0.09048, 51.62086, 53.1], [0.09048, 51.62085, 53.1], [0.09049, 51.62085, 53.1], [0.09064, 51.62078, 53.5], [0.09072, 51.62075, 53.6], [0.09073, 51.62074, 53.6], [0.09088, 51.62067, 54.0], [0.09094, 51.62065, 54.2], [0.09098, 51.62063, 54.3], [0.09166, 51.62031, 56.3], [0.09173, 51.62028, 56.3], [0.09205, 51.62012, 56.1], [0.09232, 51.61998, 56.0], [0.0924, 51.61994, 56.0], [0.09254, 51.61987, 56.1], [0.09257, 51.61985, 56.1], [0.09273, 51.61976, 56.4], [0.0929, 51.61967, 56.7], [0.09311, 51.61954, 57.1], [0.09318, 51.6195, 57.3], [0.09319, 51.61949, 57.3], [0.09341, 51.61936, 58.0], [0.09341, 51.61935, 58.0], [0.09342, 51.61935, 58.0], [0.09359, 51.61924, 58.5], [0.09381, 51.61913, 59.3], [0.09402, 51.61905, 60.2], [0.09417, 51.61899, 60.9], [0.09428, 51.61895, 61.5], [0.09429, 51.61895, 61.5], [0.09442, 51.61892, 62.2], [0.09451, 51.61891, 62.6], [0.09461, 51.61889, 63.1], [0.09472, 51.61889, 63.5], [0.0948, 51.61889, 63.9], [0.09489, 51.6189, 64.2], [0.09501, 51.61892, 64.5], [0.09515, 51.61896, 64.8], [0.09534, 51.61901, 65.2], [0.09562, 51.61908, 65.8], [0.09569, 51.61909, 65.9], [0.09576, 51.61909, 66.2], [0.09585, 51.6191, 66.5], [0.09589, 51.61909, 66.7], [0.09591, 51.61909, 66.7], [0.09597, 51.61907, 67.1], [0.09603, 51.61905, 67.4], [0.09608, 51.61902, 67.8], [0.09611, 51.619, 68.0], [0.09613, 51.61898, 68.2], [0.09622, 51.61888, 69.1], [0.09627, 51.61884, 69.5], [0.09653, 51.61851, 72.4], [0.09661, 51.61842, 73.3], [0.09666, 51.61836, 73.8], [0.09666, 51.61835, 73.9], [0.09669, 51.61832, 74.1], [0.09676, 51.61825, 74.7], [0.09697, 51.61806, 76.4], [0.09699, 51.61804, 76.6], [0.09699, 51.61804, 76.6], [0.09705, 51.61808, 76.6], [0.09708, 51.6181, 76.6], [0.0971, 51.61812, 76.6], [0.0971, 51.61813, 76.5], [0.0971, 51.61815, 76.4], [0.09709, 51.61817, 76.3], [0.09708, 51.61819, 76.2], [0.09705, 51.6182, 76.0], [0.09701, 51.61823, 75.7], [0.09698, 51.61825, 75.5], [0.09697, 51.61827, 75.4], [0.09696, 51.61829, 75.3], [0.09696, 51.6183, 75.2], [0.09696, 51.61831, 75.2], [0.09696, 51.61833, 75.1], [0.09697, 51.61834, 75.0], [0.09698, 51.61836, 75.0], [0.097, 51.61838, 74.9], [0.09702, 51.61839, 74.9], [0.09704, 51.6184, 74.9], [0.09707, 51.61841, 74.9], [0.09709, 51.61842, 75.0], [0.09712, 51.61842, 75.1], [0.09714, 51.61843, 75.1], [0.09717, 51.61844, 75.1], [0.09718, 51.61846, 75.0], [0.09719, 51.61847, 75.0], [0.0972, 51.61848, 74.9], [0.0972, 51.6185, 74.8], [0.09721, 51.61851, 74.8], [0.09722, 51.61852, 74.7], [0.09728, 51.61855, 74.7], [0.09732, 51.61857, 74.7], [0.09734, 51.61858, 74.7], [0.09736, 51.61858, 74.8], [0.09739, 51.61858, 74.9], [0.09741, 51.61858, 74.9], [0.09744, 51.61858, 75.0], [0.09746, 51.61858, 75.1], [0.09749, 51.61857, 75.3], [0.0976, 51.61853, 75.9], [0.0976, 51.61853, 75.9], [0.09749, 51.61857, 75.3], [0.09746, 51.61858, 75.1], [0.09744, 51.61858, 75.0], [0.09741, 51.61858, 74.9], [0.09739, 51.61858, 74.9], [0.09736, 51.61858, 74.8], [0.09734, 51.61858, 74.7], [0.09732, 51.61857, 74.7], [0.09728, 51.61855, 74.7], [0.09722, 51.61852, 74.7], [0.09721, 51.61851, 74.8], [0.0972, 51.6185, 74.8], [0.0972, 51.61848, 74.9], [0.09719, 51.61847, 75.0], [0.09718, 51.61846, 75.0], [0.09717, 51.61844, 75.1], [0.09714, 51.61843, 75.1], [0.09712, 51.61842, 75.1], [0.09709, 51.61842, 75.0], [0.09707, 51.61841, 74.9], [0.09704, 51.6184, 74.9], [0.09702, 51.61839, 74.9], [0.097, 51.61838, 74.9], [0.09698, 51.61836, 75.0], [0.09697, 51.61834, 75.0], [0.09696, 51.61833, 75.1], [0.09696, 51.61831, 75.2], [0.09696, 51.6183, 75.2], [0.09696, 51.61829, 75.3], [0.09697, 51.61827, 75.4], [0.09698, 51.61825, 75.5], [0.09701, 51.61823, 75.7], [0.09705, 51.6182, 76.0], [0.09708, 51.61819, 76.2], [0.09709, 51.61817, 76.3], [0.0971, 51.61815, 76.4], [0.0971, 51.61813, 76.5], [0.0971, 51.61812, 76.6], [0.09708, 51.6181, 76.6], [0.09705, 51.61808, 76.6], [0.09699, 51.61804, 76.6], [0.09699, 51.61804, 76.6], [0.09712, 51.61793, 77.6], [0.09752, 51.61763, 80.4], [0.0977, 51.61749, 81.8], [0.09774, 51.61747, 82.0], [0.09795, 51.61731, 83.3], [0.0982, 51.61714, 84.8], [0.09824, 51.61711, 85.1], [0.09833, 51.61704, 85.6], [0.09837, 51.61701, 85.8], [0.09843, 51.61697, 86.0], [0.09858, 51.61687, 86.4], [0.09882, 51.61669, 86.9], [0.09902, 51.61655, 85.8], [0.09933, 51.61634, 83.4], [0.09974, 51.6163, 82.7], [0.09974, 51.6163, 82.7], [0.09995, 51.61636, 83.3], [0.10026, 51.61645, 84.6], [0.10091, 51.61662, 86.6], [0.10131, 51.61674, 87.7], [0.10149, 51.61679, 87.9], [0.10162, 51.61682, 88.1], [0.10174, 51.61686, 88.2], [0.10205, 51.61691, 88.2], [0.10232, 51.61697, 88.1], [0.1029, 51.61709, 87.8], [0.10327, 51.61716, 87.5], [0.10334, 51.61717, 87.4], [0.10334, 51.61717, 87.4], [0.10334, 51.61717, 87.4], [0.10394, 51.61727, 87.3], [0.10419, 51.61732, 87.2], [0.10459, 51.61739, 86.6], [0.10515, 51.61747, 86.0], [0.10554, 51.61753, 86.0], [0.10601, 51.61761, 85.8], [0.10652, 51.6177, 85.2], [0.1071, 51.61779, 84.1], [0.10747, 51.61785, 83.5], [0.10754, 51.61787, 83.4], [0.10764, 51.61789, 83.2], [0.10797, 51.61795, 82.7], [0.10821, 51.618, 82.4], [0.10852, 51.61806, 82.2], [0.10856, 51.61807, 82.2], [0.10892, 51.61815, 82.0], [0.10906, 51.61819, 81.9], [0.10922, 51.61823, 81.8], [0.10924, 51.61824, 81.8], [0.11033, 51.61857, 80.5], [0.11045, 51.61861, 80.5], [0.11055, 51.61864, 80.5], [0.11139, 51.61891, 80.8], [0.11145, 51.61893, 80.8], [0.11171, 51.61901, 81.0], [0.11196, 51.61909, 81.0], [0.11228, 51.6192, 80.9], [0.11276, 51.61935, 80.8], [0.11286, 51.61938, 80.9], [0.11335, 51.61954, 81.0], [0.11349, 51.61959, 81.1], [0.1138, 51.61969, 81.2], [0.11393, 51.61974, 81.2], [0.11419, 51.61981, 81.3], [0.11421, 51.61982, 81.3], [0.11437, 51.61987, 81.4], [0.11453, 51.61991, 81.5], [0.11454, 51.61992, 81.5], [0.11464, 51.61994, 81.6], [0.11479, 51.61997, 81.8], [0.11507, 51.62004, 81.9], [0.11509, 51.62004, 81.9], [0.11529, 51.62009, 81.8], [0.11547, 51.62014, 81.7], [0.11552, 51.62014, 81.7], [0.11556, 51.62015, 81.6], [0.11558, 51.62016, 81.6], [0.11562, 51.62018, 81.6], [0.1158, 51.62027, 81.4], [0.11592, 51.62033, 81.2], [0.11628, 51.62049, 80.9], [0.11632, 51.6205, 80.9], [0.11654, 51.62059, 80.9], [0.11679, 51.6207, 80.9], [0.11683, 51.62072, 80.8], [0.11709, 51.62081, 80.5], [0.11734, 51.6209, 80.3], [0.11769, 51.62103, 80.0], [0.11779, 51.62106, 79.9], [0.11831, 51.62121, 79.5], [0.11833, 51.62122, 79.5], [0.1186, 51.6213, 79.4], [0.11866, 51.62132, 79.4], [0.11898, 51.62142, 79.2], [0.11918, 51.62148, 79.0], [0.11918, 51.62148, 79.0], [0.11929, 51.62151, 78.7], [0.11932, 51.62152, 78.7], [0.11951, 51.62157, 78.2], [0.11964, 51.62161, 77.9], [0.11968, 51.62162, 77.8], [0.11991, 51.62171, 77.2], [0.12004, 51.62176, 76.8], [0.12015, 51.6218, 76.7], [0.12028, 51.62185, 76.5], [0.1203, 51.62186, 76.5], [0.12036, 51.62188, 76.4], [0.12047, 51.62191, 76.3], [0.12058, 51.62195, 76.2], [0.12064, 51.62196, 76.2], [0.12102, 51.62207, 75.7], [0.12118, 51.62211, 75.4], [0.12137, 51.62217, 75.1], [0.12143, 51.62219, 75.0], [0.12163, 51.62225, 74.8], [0.12177, 51.6223, 74.8], [0.12194, 51.62236, 74.8], [0.12196, 51.62236, 74.8], [0.12208, 51.6224, 74.9], [0.1227, 51.62262, 75.1], [0.12282, 51.62266, 75.1], [0.12289, 51.62269, 75.2], [0.12296, 51.62271, 75.3], [0.12391, 51.62304, 76.3], [0.12399, 51.62307, 76.4], [0.12418, 51.62314, 76.5], [0.12442, 51.62322, 77.0], [0.12447, 51.62324, 77.1], [0.12494, 51.62342, 77.8], [0.12543, 51.62361, 78.5], [0.125517, 51.62364, 78.7], [0.12581, 51.62375, 79.0], [0.12581, 51.62375, 79.0], [0.12627, 51.62393, 79.2], [0.12678, 51.62415, 79.6], [0.126847, 51.62418, 79.8], [0.12712, 51.62429, 80.8], [0.12747, 51.62444, 81.9], [0.12776, 51.62456, 82.7], [0.12808, 51.6247, 83.4], [0.128097, 51.6247, 83.5], [0.12813, 51.62472, 83.5], [0.12828, 51.62479, 83.8], [0.12841, 51.62486, 84.1], [0.128457, 51.62488, 84.3], [0.128457, 51.62489, 84.3], [0.12849, 51.6249, 84.4], [0.12855, 51.62494, 84.6], [0.12872, 51.62505, 84.9], [0.12874, 51.62506, 84.9], [0.12891, 51.62518, 84.9], [0.12914, 51.62533, 85.1], [0.12924, 51.6254, 85.1], [0.12934, 51.62547, 85.2], [0.12972, 51.62573, 85.8], [0.13002, 51.62594, 86.1], [0.13011, 51.626, 85.8], [0.13012, 51.62601, 85.8], [0.13023, 51.62608, 85.6], [0.13041, 51.62621, 85.3], [0.1307, 51.6264, 85.2], [0.130817, 51.62649, 85.2], [0.13085, 51.62651, 85.2], [0.13089, 51.62653, 85.3], [0.13108, 51.62666, 85.5], [0.13133, 51.62683, 85.7], [0.13151, 51.62695, 85.7], [0.13153, 51.62696, 85.8], [0.1317, 51.6271, 85.5], [0.13179, 51.62716, 85.4], [0.13183, 51.6272, 85.2], [0.132, 51.62735, 84.8], [0.13205, 51.6274, 84.6], [0.13212, 51.62745, 84.6], [0.13221, 51.62754, 84.3], [0.13237, 51.62768, 84.0], [0.13247, 51.62775, 84.0], [0.13257, 51.62782, 84.1], [0.13265, 51.62787, 84.3], [0.13275, 51.62796, 84.4], [0.13278, 51.62798, 84.5], [0.13282, 51.62801, 84.6], [0.13284, 51.62803, 84.6], [0.13287, 51.62805, 84.7], [0.1329, 51.62807, 84.8], [0.1329, 51.62807, 84.8], [0.13293, 51.62809, 84.9], [0.133, 51.62815, 85.1], [0.13301, 51.62816, 85.1], [0.13303, 51.62818, 85.2], [0.13307, 51.6282, 85.4], [0.1331, 51.62823, 85.5], [0.13335, 51.62842, 86.5], [0.13345, 51.62849, 86.5], [0.13362, 51.62862, 86.3], [0.13363, 51.62863, 86.3], [0.13366, 51.62865, 86.3], [0.13369, 51.62868, 86.2], [0.13374, 51.62871, 86.2], [0.13379, 51.62875, 86.1], [0.13384, 51.62878, 86.1], [0.13389, 51.62881, 86.1], [0.13391, 51.62882, 86.2], [0.13397, 51.62884, 86.3], [0.13407, 51.62888, 86.4], [0.13408, 51.62889, 86.3], [0.13415, 51.62891, 86.5], [0.13429, 51.62894, 86.8], [0.13441, 51.62897, 87.1], [0.13451, 51.62899, 87.3], [0.13462, 51.62901, 87.6], [0.13466, 51.62902, 87.7], [0.13483, 51.62906, 88.0], [0.13489, 51.62907, 88.2], [0.13516, 51.62914, 88.9], [0.13526, 51.62917, 89.2], [0.13541, 51.62921, 89.8], [0.13543, 51.62922, 89.9], [0.13568, 51.62929, 90.8], [0.13569, 51.62929, 90.9], [0.13576, 51.62931, 91.1], [0.13603, 51.62939, 92.1], [0.13608, 51.62941, 92.2], [0.13618, 51.62944, 92.5], [0.13628, 51.62949, 92.8], [0.13637, 51.62953, 93.0], [0.13644, 51.62957, 93.1], [0.13651, 51.62962, 93.2], [0.13653, 51.62963, 93.2], [0.1366, 51.62969, 93.2], [0.13675, 51.62985, 92.7], [0.13676, 51.62986, 92.7], [0.13679, 51.62992, 92.4], [0.13683, 51.62998, 92.1], [0.13685, 51.63003, 92.0], [0.13687, 51.63007, 92.0], [0.13694, 51.63022, 92.0], [0.13695, 51.63023, 92.0], [0.13699, 51.63034, 92.0], [0.13708, 51.63057, 92.0], [0.13713, 51.6307, 92.0], [0.13714, 51.63073, 92.0], [0.13724, 51.63097, 92.3], [0.13733, 51.63112, 92.7], [0.1374, 51.63124, 93.0], [0.13741, 51.63125, 93.0], [0.13742, 51.63126, 93.0], [0.13746, 51.63132, 93.2], [0.1376, 51.63149, 93.6], [0.13769, 51.63158, 93.8], [0.13778, 51.63168, 94.0], [0.13795, 51.63185, 94.5], [0.13807, 51.63196, 94.8], [0.13817, 51.63205, 95.2], [0.13841, 51.63228, 96.2], [0.13848, 51.63235, 96.5], [0.1385, 51.63237, 96.5], [0.13855, 51.63244, 96.8], [0.13865, 51.63255, 97.2], [0.13876, 51.63273, 97.7], [0.13883, 51.63284, 98.0], [0.13886, 51.63293, 98.2], [0.13889, 51.63304, 98.5], [0.1389, 51.63312, 98.7], [0.13891, 51.63317, 98.9], [0.13893, 51.63357, 99.1], [0.13893, 51.63358, 99.1], [0.13894, 51.63365, 99.0], [0.13895, 51.63368, 99.0], [0.13898, 51.63381, 98.8], [0.13899, 51.63385, 98.7], [0.13901, 51.63388, 98.7], [0.13902, 51.63389, 98.6], [0.13904, 51.63393, 98.5], [0.1392, 51.63399, 98.1], [0.13934, 51.63402, 97.8], [0.13942, 51.63403, 97.6], [0.13958, 51.63404, 97.2], [0.13993, 51.63406, 96.3], [0.14014, 51.63406, 96.0], [0.14083, 51.63403, 95.2], [0.14114, 51.63401, 94.8], [0.14134, 51.63398, 94.5], [0.14151, 51.63395, 94.2], [0.14164, 51.63391, 94.0], [0.14174, 51.63387, 93.9], [0.14189, 51.63383, 93.7], [0.14198, 51.63381, 93.6], [0.14208, 51.63379, 93.5], [0.14222, 51.63377, 93.3], [0.14222, 51.63376, 93.3], [0.14223, 51.63376, 93.3], [0.14235, 51.63375, 93.2], [0.14248, 51.63374, 93.0], [0.14261, 51.63373, 92.9], [0.14277, 51.63372, 92.7], [0.14299, 51.63372, 92.4], [0.14309, 51.63371, 92.3], [0.14331, 51.63371, 92.0], [0.14374, 51.63369, 91.7], [0.14392, 51.63368, 91.6], [0.14398, 51.63367, 91.5], [0.14435, 51.63364, 91.1], [0.1445, 51.63363, 91.0], [0.14497, 51.63358, 90.3], [0.14535, 51.63356, 90.2], [0.1456, 51.63354, 90.1], [0.14606, 51.63353, 90.1], [0.14631, 51.63352, 90.3], [0.1466, 51.63349, 90.6], [0.14664, 51.63349, 90.6], [0.14664, 51.63349, 90.6], [0.14673, 51.63347, 90.5], [0.14677, 51.63347, 90.5], [0.14689, 51.63344, 90.3], [0.14699, 51.6334, 90.1], [0.14699, 51.6334, 90.1], [0.1471, 51.63352, 89.7], [0.14713, 51.63356, 89.6], [0.14716, 51.63359, 89.6], [0.14725, 51.63374, 89.3], [0.14727, 51.63378, 89.3], [0.14737, 51.634, 89.1], [0.14747, 51.63425, 88.7], [0.14754, 51.6344, 88.1], [0.14773, 51.63487, 86.7], [0.14787, 51.63523, 85.9], [0.1479, 51.63528, 85.8], [0.14791, 51.63533, 85.7], [0.14794, 51.6354, 85.6], [0.14796, 51.63559, 85.1], [0.14797, 51.63577, 84.7], [0.14798, 51.63615, 83.4], [0.14801, 51.6363, 82.9], [0.14803, 51.63636, 82.7], [0.14808, 51.63644, 82.5], [0.1481, 51.63648, 82.4], [0.14816, 51.63654, 82.2], [0.14823, 51.6366, 82.1], [0.14827, 51.63662, 82.1], [0.14834, 51.63665, 82.1], [0.14849, 51.63672, 81.8], [0.1485, 51.63673, 81.8], [0.1486, 51.63676, 81.7], [0.14864, 51.63677, 81.7], [0.14876, 51.63681, 81.6], [0.14888, 51.63685, 81.5], [0.14931, 51.63699, 81.4], [0.14954, 51.63705, 81.5], [0.14967, 51.63709, 81.6], [0.14968, 51.63709, 81.6], [0.1498, 51.63712, 81.7], [0.15008, 51.63719, 81.7], [0.15035, 51.63723, 81.6], [0.15054, 51.63725, 81.6], [0.15064, 51.63725, 81.6], [0.15073, 51.63725, 81.6], [0.15092, 51.63724, 81.6], [0.15093, 51.63724, 81.6], [0.15132, 51.6372, 81.7], [0.15165, 51.63715, 81.8], [0.15166, 51.63715, 81.8], [0.15178, 51.63714, 81.9], [0.15194, 51.63713, 81.9], [0.15197, 51.63713, 81.9], [0.15207, 51.63712, 81.9], [0.15245, 51.63712, 81.9], [0.15265, 51.63711, 82.0], [0.15323, 51.63711, 82.3], [0.15334, 51.63711, 82.4], [0.15352, 51.6371, 82.3], [0.15368, 51.63709, 82.3], [0.15391, 51.63709, 82.1], [0.1543, 51.63708, 81.8], [0.15449, 51.6371, 81.3], [0.15467, 51.63714, 80.8], [0.1547, 51.63715, 80.7], [0.15505, 51.63723, 79.6], [0.15529, 51.6373, 79.2], [0.15545, 51.63733, 79.0], [0.15548, 51.63733, 79.0], [0.15562, 51.63735, 78.9], [0.15598, 51.63737, 78.9], [0.15636, 51.63741, 79.0], [0.15654, 51.63744, 79.1], [0.15681, 51.6375, 79.0], [0.15697, 51.63754, 78.8], [0.15697, 51.63754, 78.8], [0.1572, 51.63759, 78.6], [0.1573, 51.63762, 78.5], [0.15733, 51.63763, 78.5], [0.15741, 51.63767, 78.4], [0.15745, 51.6377, 78.3], [0.15757, 51.63777, 78.1], [0.15778, 51.63791, 78.0], [0.15798, 51.63803, 78.0], [0.15813, 51.6381, 78.1], [0.15824, 51.63815, 78.2], [0.15826, 51.63816, 78.3], [0.15838, 51.6382, 78.3], [0.15851, 51.63825, 78.2], [0.15899, 51.63843, 77.7], [0.15913, 51.6385, 77.6], [0.15997, 51.6389, 78.3], [0.16035, 51.63907, 78.1], [0.16038, 51.63909, 78.1], [0.16052, 51.63917, 78.0], [0.16067, 51.63926, 77.8], [0.16104, 51.63956, 77.3], [0.16105, 51.63957, 77.3], [0.16122, 51.63972, 77.3], [0.1613, 51.63979, 77.3], [0.16161, 51.64006, 77.8], [0.16191, 51.6403, 77.5], [0.16199, 51.64036, 77.4], [0.16218, 51.64052, 77.0], [0.16232, 51.64062, 76.7], [0.16235, 51.64064, 76.6], [0.16244, 51.64071, 76.4], [0.16257, 51.64079, 76.0], [0.16298, 51.64102, 74.6], [0.16319, 51.64115, 73.7], [0.1632, 51.64115, 73.7], [0.1632, 51.64116, 73.7], [0.16335, 51.64127, 72.9], [0.16338, 51.64129, 72.9], [0.16354, 51.64141, 72.7], [0.16356, 51.64143, 72.6], [0.16363, 51.64147, 72.6], [0.16375, 51.64154, 72.5], [0.16377, 51.64155, 72.5], [0.16379, 51.64156, 72.5], [0.16384, 51.64158, 72.6], [0.16402, 51.64164, 72.7], [0.16428, 51.64172, 73.2], [0.16429, 51.64173, 73.2], [0.16436, 51.64175, 73.3], [0.16468, 51.64185, 73.9], [0.1648, 51.64188, 74.2], [0.16512, 51.64198, 74.7], [0.16512, 51.64198, 74.7], [0.1651, 51.64201, 74.7], [0.16504, 51.64213, 74.5], [0.16496, 51.64235, 74.0], [0.16495, 51.64245, 73.9], [0.16495, 51.64247, 73.9], [0.16494, 51.64255, 73.7], [0.16495, 51.64274, 73.2], [0.16497, 51.64293, 72.9], [0.16499, 51.64302, 72.7], [0.16499, 51.64302, 72.7], [0.165, 51.64307, 72.6], [0.16504, 51.64319, 72.4], [0.16505, 51.64325, 72.3], [0.16516, 51.64363, 71.5], [0.16523, 51.6439, 70.9], [0.1653, 51.6442, 70.3], [0.16531, 51.64431, 70.1], [0.16533, 51.64447, 69.9], [0.16538, 51.64489, 69.2], [0.1654, 51.64508, 68.7], [0.16543, 51.64526, 67.9], [0.16554, 51.64556, 66.7], [0.16562, 51.6457, 66.3], [0.16569, 51.64582, 65.9], [0.16578, 51.64594, 65.7], [0.16588, 51.64605, 65.5], [0.16589, 51.64606, 65.5], [0.16594, 51.64612, 65.4], [0.16605, 51.64622, 65.3], [0.16622, 51.64636, 65.2], [0.16653, 51.64657, 65.1], [0.16687, 51.64678, 64.1], [0.16726, 51.64703, 62.4], [0.1675, 51.64717, 61.6], [0.16769, 51.64731, 61.0], [0.1679, 51.6475, 60.5], [0.16811, 51.64773, 59.7], [0.16838, 51.64808, 58.1], [0.16839, 51.6481, 58.0], [0.16841, 51.64812, 57.8], [0.16842, 51.64812, 57.8], [0.16857, 51.64839, 56.1], [0.16858, 51.64842, 55.9], [0.16859, 51.64843, 55.9], [0.16867, 51.6486, 54.9], [0.16877, 51.6488, 53.7], [0.16877, 51.64881, 53.7], [0.16884, 51.64893, 53.1], [0.16888, 51.64902, 52.6], [0.16906, 51.64926, 51.6], [0.16907, 51.64926, 51.6], [0.16918, 51.64939, 50.9], [0.16923, 51.64944, 50.7], [0.16955, 51.64985, 49.1], [0.16955, 51.64985, 49.1], [0.16985, 51.65023, 47.5], [0.17, 51.65047, 46.2], [0.17015, 51.65074, 44.7], [0.17016, 51.65076, 44.6], [0.17018, 51.6508, 44.4], [0.17035, 51.65118, 43.8], [0.17042, 51.65134, 43.6], [0.17053, 51.65167, 43.0], [0.17058, 51.65178, 42.5], [0.17062, 51.65188, 42.0], [0.1707, 51.65208, 41.0], [0.17115, 51.65318, 36.1], [0.17117, 51.65324, 35.9], [0.17122, 51.65335, 35.4], [0.17129, 51.65353, 35.3], [0.17139, 51.65377, 35.3], [0.17145, 51.65392, 35.4], [0.1715, 51.65405, 35.5], [0.1716, 51.65428, 35.2], [0.17167, 51.65446, 34.6], [0.17171, 51.65456, 34.1], [0.17178, 51.65469, 33.4], [0.17178, 51.65469, 33.4], [0.17174, 51.65471, 33.4], [0.1717, 51.65472, 33.3], [0.17167, 51.65474, 33.2], [0.17165, 51.65476, 33.1], [0.17162, 51.65478, 33.0], [0.1716, 51.6548, 32.8], [0.17158, 51.65483, 32.7], [0.17157, 51.65485, 32.6], [0.17156, 51.65488, 32.4], [0.17156, 51.6549, 32.3], [0.17156, 51.65493, 32.2], [0.17156, 51.65495, 32.1], [0.17157, 51.65498, 32.0], [0.17159, 51.65502, 31.8], [0.17162, 51.65504, 31.8], [0.17165, 51.65506, 31.7], [0.17167, 51.65508, 31.6], [0.17171, 51.6551, 31.5], [0.17174, 51.65512, 31.4], [0.17178, 51.65513, 31.4], [0.17181, 51.65514, 31.3], [0.17185, 51.65515, 31.3], [0.1719, 51.65515, 31.3], [0.17194, 51.65515, 31.3], [0.17198, 51.65515, 31.3], [0.17202, 51.65515, 31.3], [0.17206, 51.65514, 31.3], [0.17211, 51.65513, 31.4], [0.17234, 51.65541, 30.9], [0.17277, 51.65595, 29.9], [0.1729, 51.65609, 29.7], [0.17307, 51.65626, 29.4], [0.17309, 51.65628, 29.5], [0.17323, 51.65639, 29.9], [0.17339, 51.65652, 30.5], [0.17361, 51.65669, 31.1], [0.17379, 51.6568, 31.3], [0.17389, 51.65687, 31.5], [0.17389, 51.65687, 31.5], [0.17397, 51.65692, 31.6], [0.17426, 51.65708, 32.0], [0.1743, 51.6571, 32.1], [0.17443, 51.65716, 32.4], [0.17463, 51.65723, 32.7], [0.17508, 51.65738, 33.6], [0.17515, 51.6574, 33.6], [0.1752, 51.65742, 33.7], [0.17536, 51.65747, 33.9], [0.17557, 51.65754, 34.1], [0.1758, 51.65762, 34.3], [0.17596, 51.65768, 34.6], [0.17672, 51.65794, 36.2], [0.17774, 51.65828, 40.6], [0.17778, 51.65829, 40.8], [0.17825, 51.65845, 43.1], [0.17899, 51.6587, 44.3], [0.17905, 51.65873, 44.4], [0.1793, 51.65882, 44.8], [0.17969, 51.65897, 45.8], [0.18048, 51.65929, 47.8], [0.18091, 51.65947, 48.9], [0.18099, 51.65952, 49.2], [0.18124, 51.65965, 50.1], [0.18144, 51.65978, 50.9], [0.18162, 51.6599, 51.6], [0.18208, 51.66023, 52.8], [0.18216, 51.66028, 52.9], [0.18234, 51.6604, 53.3], [0.18279, 51.66065, 54.1], [0.18306, 51.66079, 54.6], [0.18325, 51.66088, 54.9], [0.18332, 51.66091, 55.0], [0.18334, 51.66092, 55.0], [0.18349, 51.66098, 54.8], [0.18367, 51.66106, 54.7], [0.18379, 51.66111, 54.6], [0.18442, 51.66135, 54.2], [0.18465, 51.66144, 54.0], [0.18482, 51.66151, 53.9], [0.1849, 51.66154, 53.8], [0.18491, 51.66154, 53.8], [0.18516, 51.66162, 53.7], [0.18541, 51.66171, 53.6], [0.18565, 51.66179, 53.5], [0.18592, 51.66188, 53.3], [0.18593, 51.66189, 53.3], [0.18596, 51.6619, 53.3], [0.18618, 51.66197, 52.9], [0.18619, 51.66197, 52.9], [0.18626, 51.66199, 52.8], [0.18646, 51.66204, 52.4], [0.18671, 51.66211, 52.0], [0.18712, 51.6622, 51.5], [0.18753, 51.66229, 51.2], [0.18779, 51.66236, 51.1], [0.18782, 51.66237, 51.1], [0.18794, 51.6624, 51.0], [0.18809, 51.66244, 51.0], [0.18821, 51.66248, 51.1], [0.18855, 51.66259, 50.4], [0.18884, 51.6627, 49.6], [0.18926, 51.66289, 48.6], [0.18963, 51.66308, 47.7], [0.18963, 51.66308, 47.7], [0.18972, 51.66312, 47.5], [0.19029, 51.6634, 46.6], [0.19044, 51.66348, 46.6], [0.19096, 51.66371, 46.4], [0.19147, 51.66392, 46.1], [0.19161, 51.66398, 46.0], [0.1928, 51.66451, 45.5], [0.19341, 51.6648, 45.6], [0.19369, 51.66493, 45.7], [0.19393, 51.66502, 45.6], [0.19413, 51.6651, 45.2], [0.19447, 51.66519, 44.6], [0.19457, 51.66522, 44.4], [0.19473, 51.66527, 44.2], [0.1949, 51.66532, 44.0], [0.19522, 51.6654, 43.4], [0.19527, 51.66541, 43.3], [0.19553, 51.66548, 42.9], [0.19568, 51.66553, 42.6], [0.19606, 51.66563, 42.0], [0.1963, 51.6657, 41.6], [0.19633, 51.6657, 41.5], [0.1966, 51.66576, 41.0], [0.19688, 51.66582, 41.2], [0.19716, 51.66587, 41.7], [0.19738, 51.66591, 42.1], [0.19775, 51.66599, 42.9], [0.19803, 51.66606, 43.6], [0.19851, 51.66619, 44.8], [0.19877, 51.66626, 45.3], [0.19882, 51.66627, 45.4], [0.19901, 51.66633, 45.7], [0.1993, 51.66641, 46.1], [0.19955, 51.66651, 46.5], [0.19962, 51.66654, 46.6], [0.20001, 51.66668, 47.0], [0.2001, 51.66673, 47.2], [0.20033, 51.66684, 47.4], [0.20055, 51.66694, 47.7], [0.20079, 51.66706, 47.9], [0.20103, 51.66717, 48.0], [0.20124, 51.66728, 48.0], [0.2014, 51.66737, 48.0], [0.20175, 51.66757, 47.7], [0.20189, 51.66766, 47.3], [0.20207, 51.66779, 46.7], [0.20287, 51.66836, 43.0], [0.20396, 51.669, 37.9], [0.20427, 51.66919, 36.7], [0.20443, 51.66929, 36.3], [0.20443, 51.66929, 36.3], [0.20477, 51.6695, 35.4], [0.20484, 51.66955, 35.3], [0.20546, 51.66995, 35.0], [0.2058, 51.67017, 35.2], [0.20607, 51.67036, 35.1], [0.20653, 51.67069, 35.0], [0.20678, 51.6709, 35.1], [0.20688, 51.67098, 35.2], [0.20704, 51.67112, 35.3], [0.20773, 51.67177, 35.9], [0.20809, 51.67213, 36.2], [0.20842, 51.67247, 36.9], [0.20844, 51.67249, 37.0], [0.20859, 51.67263, 37.2], [0.20875, 51.67278, 37.3], [0.20906, 51.67307, 37.7], [0.20908, 51.67309, 37.7], [0.20935, 51.67334, 38.0], [0.21003, 51.67391, 41.4], [0.21014, 51.67399, 41.8], [0.21111, 51.67477, 44.2], [0.21127, 51.67489, 44.4], [0.21127, 51.6749, 44.5], [0.21128, 51.6749, 44.4], [0.21152, 51.67509, 44.7], [0.21199, 51.67546, 45.1], [0.21204, 51.67551, 45.2], [0.21215, 51.67559, 45.4], [0.21217, 51.67561, 45.4], [0.21251, 51.67588, 46.1], [0.21258, 51.67593, 46.0], [0.21258, 51.67593, 46.0], [0.2126, 51.67595, 46.0], [0.21277, 51.67608, 45.8], [0.21303, 51.6763, 45.5], [0.21306, 51.67631, 45.4], [0.21373, 51.67679, 44.3], [0.2138, 51.67684, 44.3], [0.21436, 51.67716, 44.6], [0.21445, 51.6772, 44.7], [0.21454, 51.67724, 44.8], [0.2147, 51.67732, 45.1], [0.2151, 51.67749, 45.9], [0.21537, 51.67758, 46.4], [0.21575, 51.67771, 47.0], [0.21652, 51.67791, 48.0], [0.21739, 51.67806, 48.7], [0.21754, 51.67807, 48.7], [0.2184, 51.67816, 48.4], [0.21841, 51.67816, 48.4], [0.21869, 51.67818, 48.4], [0.21928, 51.67822, 48.6], [0.21967, 51.67825, 48.7], [0.21978, 51.67826, 48.7], [0.21985, 51.67827, 48.8], [0.22017, 51.67829, 48.8], [0.22055, 51.67831, 48.9], [0.22091, 51.67834, 48.9], [0.221, 51.67834, 48.8], [0.22216, 51.67842, 48.2], [0.22316, 51.67854, 48.7], [0.22327, 51.67856, 48.8], [0.22346, 51.67859, 48.8], [0.22347, 51.67859, 48.8], [0.22355, 51.67861, 48.7], [0.22373, 51.67864, 48.6], [0.22382, 51.67867, 48.6], [0.22408, 51.67874, 48.6], [0.22436, 51.67882, 48.4], [0.22484, 51.67902, 48.0], [0.22524, 51.67926, 48.2], [0.22546, 51.67939, 48.5], [0.22558, 51.67947, 48.7], [0.2259, 51.67969, 49.2], [0.22608, 51.6798, 49.2], [0.22656, 51.68011, 49.3], [0.22658, 51.68013, 49.3], [0.2266, 51.68014, 49.2], [0.22664, 51.68017, 49.2], [0.22679, 51.68026, 49.0], [0.22695, 51.68037, 48.8], [0.22703, 51.68043, 48.6], [0.22719, 51.68056, 48.4], [0.22734, 51.6807, 48.2], [0.22754, 51.68086, 47.8], [0.22758, 51.6809, 47.5], [0.2278, 51.68106, 46.2], [0.22781, 51.68106, 46.2], [0.2281, 51.68125, 44.7], [0.22832, 51.68139, 43.7], [0.22858, 51.68156, 42.9], [0.22876, 51.6817, 42.5], [0.22897, 51.68185, 42.2], [0.22905, 51.68192, 42.1], [0.22927, 51.68209, 41.8], [0.22969, 51.68241, 41.3], [0.22979, 51.68248, 41.2], [0.22987, 51.68253, 41.1], [0.23018, 51.68273, 40.5], [0.23042, 51.68289, 40.0], [0.23055, 51.68299, 39.9], [0.23072, 51.68313, 39.7], [0.23092, 51.68334, 39.5], [0.23097, 51.68341, 39.5], [0.231, 51.68347, 39.4], [0.23112, 51.68367, 39.3], [0.23117, 51.68375, 39.4], [0.23118, 51.68378, 39.5], [0.23131, 51.68404, 40.0], [0.23144, 51.68445, 40.4], [0.23145, 51.68446, 40.4], [0.23153, 51.6847, 40.3], [0.23162, 51.6849, 40.1], [0.23176, 51.68516, 40.7], [0.23192, 51.68538, 41.5], [0.23211, 51.68559, 42.3], [0.23232, 51.6858, 43.1], [0.23285, 51.68624, 44.8], [0.23298, 51.68634, 45.2], [0.23335, 51.68662, 46.6], [0.23355, 51.68676, 47.1], [0.23364, 51.68684, 47.3], [0.23379, 51.68696, 47.5], [0.23389, 51.68706, 47.7], [0.23392, 51.68708, 47.8], [0.23401, 51.6872, 48.1], [0.23406, 51.68728, 48.3], [0.23412, 51.68744, 48.8], [0.23415, 51.68757, 49.4], [0.23419, 51.68787, 50.7], [0.2342, 51.68807, 51.6], [0.23421, 51.6881, 51.7], [0.23422, 51.68826, 52.5], [0.23422, 51.68829, 52.6], [0.23422, 51.68829, 52.6], [0.23423, 51.68839, 52.9], [0.23425, 51.68846, 52.9], [0.23426, 51.6885, 52.9], [0.23428, 51.68859, 53.0], [0.23432, 51.68867, 53.0], [0.23436, 51.68874, 53.0], [0.23444, 51.68884, 53.0], [0.23452, 51.68891, 53.0], [0.23456, 51.68895, 53.0], [0.2346, 51.68898, 53.0], [0.23467, 51.68903, 53.0], [0.23521, 51.68939, 54.1], [0.23576, 51.68975, 55.8], [0.23595, 51.68986, 56.3], [0.23657, 51.69024, 57.3], [0.23671, 51.69032, 57.4], [0.23704, 51.69048, 57.6], [0.2373, 51.69061, 57.7], [0.23764, 51.69078, 57.8], [0.23776, 51.69084, 57.7], [0.238, 51.69094, 57.3], [0.23823, 51.69105, 56.9], [0.23846, 51.69116, 56.3], [0.2388, 51.69132, 55.3], [0.23916, 51.69148, 54.2], [0.23939, 51.69159, 53.6], [0.2396, 51.69168, 53.0], [0.23992, 51.69181, 52.2], [0.24013, 51.69187, 51.8], [0.24036, 51.69193, 51.5], [0.24051, 51.69196, 51.4], [0.2407, 51.692, 51.3], [0.24079, 51.69202, 51.3], [0.24101, 51.69206, 51.4], [0.24106, 51.69207, 51.4], [0.24123, 51.69212, 51.7], [0.24133, 51.69214, 51.9], [0.2414, 51.69216, 52.0], [0.2415, 51.6922, 52.4], [0.24158, 51.69224, 52.7], [0.24168, 51.6923, 53.3], [0.24181, 51.69238, 54.0], [0.24194, 51.69248, 54.8], [0.24206, 51.6926, 55.4], [0.24245, 51.69324, 57.7], [0.2425, 51.69335, 58.1], [0.24259, 51.69352, 58.8], [0.2427, 51.69368, 59.6], [0.24271, 51.69371, 59.7], [0.24292, 51.69401, 61.3], [0.24304, 51.69419, 62.4], [0.24305, 51.6942, 62.4], [0.24312, 51.69431, 63.0], [0.24327, 51.69452, 64.1], [0.24341, 51.69472, 64.8], [0.24352, 51.69488, 65.1], [0.24354, 51.69492, 65.2], [0.2436, 51.69501, 65.4], [0.24365, 51.69509, 65.2], [0.24366, 51.69515, 65.2], [0.24367, 51.69523, 65.1], [0.24365, 51.69533, 65.1], [0.24364, 51.6954, 65.1], [0.24364, 51.6954, 65.1], [0.24364, 51.69542, 65.1], [0.24363, 51.69544, 65.1], [0.24362, 51.69552, 65.1], [0.24361, 51.69554, 65.1], [0.2436, 51.69562, 65.1], [0.24358, 51.69575, 65.0], [0.24356, 51.69591, 64.7], [0.24354, 51.6961, 64.0], [0.24353, 51.69623, 63.6], [0.24354, 51.69634, 63.2], [0.24355, 51.69646, 62.7], [0.24365, 51.69683, 61.5], [0.2437, 51.69702, 61.0], [0.2437, 51.69702, 61.0], [0.24369, 51.69702, 61.0], [0.24368, 51.69702, 61.0], [0.24367, 51.69702, 61.0], [0.24366, 51.69702, 61.0], [0.24365, 51.69702, 61.0], [0.24364, 51.69703, 61.0], [0.24363, 51.69703, 61.0], [0.24362, 51.69703, 61.0], [0.24362, 51.69704, 60.9], [0.24361, 51.69704, 61.0], [0.24361, 51.69705, 60.9], [0.2436, 51.69705, 60.9], [0.2436, 51.69706, 60.9], [0.24359, 51.69706, 60.9], [0.24359, 51.69707, 60.9], [0.24358, 51.69708, 60.9], [0.24358, 51.69709, 60.8], [0.24358, 51.6971, 60.8], [0.24358, 51.69711, 60.8], [0.24359, 51.69712, 60.7], [0.24359, 51.69713, 60.7], [0.2436, 51.69713, 60.7], [0.2436, 51.69714, 60.7], [0.24361, 51.69714, 60.7], [0.24361, 51.69715, 60.6], [0.24362, 51.69715, 60.6], [0.24363, 51.69715, 60.6], [0.24363, 51.69716, 60.6], [0.24364, 51.69716, 60.6], [0.24365, 51.69717, 60.6], [0.24366, 51.69717, 60.6], [0.24367, 51.69717, 60.5], [0.24368, 51.69717, 60.5], [0.24369, 51.69717, 60.5], [0.24371, 51.69717, 60.5], [0.24372, 51.69717, 60.5], [0.24371, 51.69723, 60.3], [0.2437, 51.69731, 60.1], [0.2437, 51.69744, 59.7], [0.2437, 51.69753, 59.4], [0.2437, 51.69758, 59.2], [0.24371, 51.69769, 58.7], [0.24373, 51.69786, 58.0], [0.24374, 51.698, 57.4], [0.24389, 51.69851, 54.9], [0.24393, 51.6988, 53.2], [0.24392, 51.69888, 52.7], [0.24392, 51.69894, 52.4], [0.2439, 51.69899, 52.1], [0.24389, 51.69904, 51.8], [0.24385, 51.69911, 51.3], [0.24376, 51.69925, 50.4], [0.24365, 51.69943, 49.1], [0.24362, 51.69946, 48.9], [0.24343, 51.69974, 46.9], [0.24339, 51.69981, 46.4], [0.24326, 51.70003, 45.1], [0.2431, 51.7002, 45.3], [0.24303, 51.70028, 45.3], [0.24286, 51.70048, 45.2], [0.24282, 51.70052, 45.2], [0.24282, 51.70053, 45.2], [0.24282, 51.70053, 45.2], [0.2428, 51.70057, 45.2], [0.24278, 51.70064, 45.0], [0.24278, 51.70068, 45.0], [0.24279, 51.70074, 44.8], [0.24279, 51.70077, 44.8], [0.24286, 51.70085, 44.6], [0.24297, 51.70099, 44.4], [0.24305, 51.70107, 44.4], [0.2432, 51.70122, 44.4], [0.2432, 51.70122, 44.4], [0.24321, 51.70123, 44.5], [0.24346, 51.70151, 44.6], [0.24355, 51.7016, 44.6], [0.24388, 51.70196, 44.8], [0.24408, 51.70218, 45.7], [0.24409, 51.70219, 45.8], [0.24492, 51.70296, 50.4], [0.24504, 51.70307, 51.1], [0.2452, 51.7032, 51.7], [0.24524, 51.70324, 51.9], [0.24526, 51.70326, 52.0], [0.24532, 51.70333, 52.4], [0.24533, 51.70336, 52.4], [0.24536, 51.70342, 52.5], [0.24539, 51.70346, 52.6], [0.24546, 51.70359, 52.9], [0.24549, 51.70374, 53.2], [0.24553, 51.70387, 53.5], [0.24553, 51.70391, 53.5], [0.24557, 51.70413, 54.0], [0.24557, 51.70417, 54.1], [0.24559, 51.70429, 54.2], [0.24559, 51.70429, 54.2], [0.2456, 51.70437, 54.3], [0.24559, 51.70445, 54.4], [0.2456, 51.70446, 54.4], [0.2456, 51.70466, 54.6], [0.24559, 51.70474, 54.6], [0.24558, 51.7048, 54.6], [0.24558, 51.70484, 54.7], [0.24554, 51.70506, 54.7], [0.24547, 51.70534, 54.9], [0.24546, 51.70554, 55.2], [0.24543, 51.70562, 55.2], [0.24541, 51.70567, 55.2], [0.24538, 51.70575, 55.1], [0.24519, 51.70623, 54.8], [0.24516, 51.70638, 54.9], [0.24515, 51.70642, 54.9], [0.2451, 51.70674, 55.2], [0.24509, 51.70682, 55.2], [0.24492, 51.7076, 55.0], [0.24492, 51.70761, 55.1], [0.24488, 51.70783, 55.4], [0.24485, 51.70803, 55.8], [0.24482, 51.70815, 56.0], [0.2448, 51.70829, 56.2], [0.2448, 51.70829, 56.2], [0.24476, 51.70851, 56.4], [0.24473, 51.70867, 56.6], [0.24461, 51.7093, 57.4], [0.2446, 51.70936, 57.5], [0.2446, 51.70948, 57.8], [0.24461, 51.70961, 58.1], [0.24465, 51.70975, 58.6], [0.24467, 51.7098, 58.7], [0.24471, 51.70986, 59.0], [0.24478, 51.70996, 59.4], [0.24485, 51.71009, 60.0], [0.2452, 51.71064, 62.4], [0.24521, 51.71066, 62.4], [0.24529, 51.71083, 63.0], [0.24534, 51.71095, 63.1], [0.24537, 51.71107, 63.3], [0.24539, 51.71113, 63.4], [0.24541, 51.71119, 63.4], [0.24541, 51.71127, 63.5], [0.2454, 51.71133, 63.6], [0.24539, 51.71142, 63.7], [0.24537, 51.71155, 63.9], [0.24537, 51.71156, 63.9], [0.24536, 51.71162, 63.9], [0.24527, 51.71185, 64.2], [0.24523, 51.71195, 64.3], [0.2452, 51.71204, 64.4], [0.2452, 51.71204, 64.4], [0.245156, 51.712225, 64.7], [0.245156, 51.712225, 64.7], [0.245198, 51.712396, 64.9], [0.245198, 51.712396, 64.9], [0.245343, 51.712597, 65.0], [0.245343, 51.712597, 65.0], [0.24551, 51.712662, 64.9], [0.24551, 51.712662, 64.9], [0.245756, 51.712717, 64.8], [0.24576, 51.71272, 64.8], [0.24588, 51.71271, 64.7], [0.2462, 51.7127, 64.3], [0.24649, 51.7127, 64.0], [0.24677, 51.71269, 63.6], [0.24866, 51.71267, 61.3], [0.24972, 51.71269, 59.7], [0.25023, 51.7127, 58.7], [0.25113, 51.71273, 56.5], [0.25219, 51.71277, 54.2], [0.25322, 51.71281, 51.7], [0.25411, 51.71285, 49.6], [0.25489, 51.7129, 47.7], [0.25541, 51.71293, 46.5], [0.25552, 51.71294, 46.3], [0.25607, 51.71297, 44.9], [0.25667, 51.71301, 43.2], [0.25696, 51.71302, 43.1], [0.257089, 51.71303, 43.1], [0.25744, 51.71303, 43.0], [0.257749, 51.71303, 43.0], [0.257969, 51.71302, 43.1], [0.258249, 51.71301, 43.1], [0.25854, 51.71299, 43.5], [0.25874, 51.71297, 43.8], [0.25876, 51.71297, 43.8], [0.25906, 51.71293, 44.3], [0.25938, 51.71288, 45.0], [0.25977, 51.71282, 46.0], [0.259809, 51.71281, 46.1], [0.26006, 51.71275, 46.9], [0.26035, 51.71268, 48.0], [0.26078, 51.71258, 49.5], [0.26116, 51.71248, 50.8], [0.261689, 51.71236, 52.0], [0.26269, 51.71211, 53.5], [0.26274, 51.7121, 53.6], [0.263, 51.71205, 54.2], [0.26316, 51.71202, 54.6], [0.26317, 51.71202, 54.6], [0.26333, 51.71198, 55.0], [0.26365, 51.71192, 55.3], [0.26402, 51.71186, 55.6], [0.26425, 51.71182, 55.9], [0.26445, 51.71179, 56.2], [0.26461, 51.71177, 56.4], [0.26496, 51.71172, 56.9], [0.26528, 51.71169, 57.0], [0.26538, 51.71168, 57.0], [0.26548, 51.71167, 57.0], [0.26604, 51.71162, 56.9], [0.26605, 51.71162, 56.9], [0.26635, 51.7116, 56.9], [0.26669, 51.71157, 56.7], [0.26721, 51.71153, 56.0], [0.26778, 51.71149, 54.9], [0.26794, 51.71148, 54.5], [0.26821, 51.71146, 53.8], [0.269, 51.71139, 53.1], [0.26941, 51.71136, 53.0], [0.2704, 51.71128, 52.9], [0.27053, 51.71127, 52.9], [0.27081, 51.71125, 53.0], [0.27129, 51.71121, 52.9], [0.27168, 51.71118, 52.8], [0.27185, 51.71117, 52.9], [0.27197, 51.71116, 53.0], [0.27249, 51.71111, 53.3], [0.27283, 51.71108, 53.9], [0.27287, 51.71107, 54.0], [0.27328, 51.71102, 54.9], [0.27368, 51.71097, 55.7], [0.27401, 51.71092, 56.4], [0.27439, 51.71085, 57.5], [0.27476, 51.71078, 58.5], [0.2748, 51.71077, 58.6], [0.27508, 51.71071, 59.2], [0.27547, 51.71063, 59.4], [0.27584, 51.71054, 59.7], [0.27602, 51.71049, 59.9], [0.27624, 51.71043, 60.2], [0.27678, 51.71029, 61.0], [0.2775, 51.7101, 61.8], [0.27762, 51.71007, 62.0], [0.27771, 51.71004, 62.2], [0.27785, 51.71001, 62.4], [0.27801, 51.70998, 62.7], [0.27829, 51.70993, 63.1], [0.27858, 51.70989, 63.3], [0.2789, 51.70987, 63.3], [0.27949, 51.70985, 63.4], [0.27986, 51.70985, 63.5], [0.28031, 51.70984, 64.2], [0.28032, 51.70984, 64.3], [0.28083, 51.70983, 65.4], [0.28098, 51.70983, 65.9], [0.28118, 51.70983, 66.6], [0.28141, 51.70982, 67.4], [0.282, 51.70981, 68.6], [0.28227, 51.7098, 69.0], [0.28248, 51.70979, 69.2], [0.28297, 51.70977, 70.0], [0.28314, 51.70976, 70.3], [0.28388, 51.7097, 71.4], [0.28438, 51.70966, 72.2], [0.28466, 51.70964, 72.7], [0.28466, 51.70964, 72.7], [0.28488, 51.70963, 73.1], [0.28526, 51.70961, 73.7], [0.28562, 51.7096, 74.2], [0.28618, 51.7096, 75.1], [0.28659, 51.7096, 75.9], [0.28704, 51.70962, 76.2], [0.28752, 51.70963, 76.5], [0.28841, 51.70964, 77.0], [0.28881, 51.70965, 77.4], [0.28959, 51.70965, 78.6], [0.28997, 51.70964, 79.4], [0.29026, 51.70964, 79.6], [0.29077, 51.70962, 79.9], [0.29113, 51.7096, 80.3], [0.29184, 51.70956, 81.1], [0.29234, 51.70951, 81.4], [0.29292, 51.70945, 81.6], [0.29336, 51.70941, 81.8], [0.29364, 51.70937, 82.0], [0.29396, 51.70934, 82.2], [0.29478, 51.70924, 82.0], [0.29571, 51.70912, 81.1], [0.29592, 51.7091, 80.8], [0.29619, 51.70907, 80.2], [0.29644, 51.70905, 79.6], [0.29686, 51.70902, 79.2], [0.29711, 51.70901, 79.2], [0.29747, 51.709, 79.2], [0.29785, 51.70899, 78.9], [0.2981, 51.70899, 78.6], [0.29848, 51.70898, 78.4], [0.29876, 51.70898, 78.4], [0.29881, 51.70898, 78.4], [0.29916, 51.70898, 78.4], [0.29944, 51.70898, 78.4], [0.29981, 51.70899, 78.4], [0.29992, 51.70899, 78.4], [0.30017, 51.709, 78.4], [0.30064, 51.70903, 78.3], [0.30095, 51.70906, 78.3], [0.30112, 51.70907, 78.3], [0.30129, 51.7091, 78.2], [0.30157, 51.70913, 78.1], [0.30181, 51.70917, 78.2], [0.30203, 51.70921, 78.4], [0.30208, 51.70922, 78.5], [0.30227, 51.70925, 78.7], [0.30262, 51.70931, 79.2], [0.30312, 51.70941, 80.0], [0.30371, 51.70951, 80.9], [0.30395, 51.70956, 81.2], [0.30395, 51.70956, 81.2], [0.30568, 51.70987, 85.5], [0.30724, 51.71015, 89.2], [0.30772, 51.71024, 90.3], [0.30796, 51.71028, 91.0], [0.308, 51.71029, 91.1], [0.30808, 51.71031, 91.3], [0.3086, 51.7104, 92.3], [0.30906, 51.71048, 92.9], [0.30942, 51.71053, 93.5], [0.30994, 51.71061, 94.6], [0.31042, 51.71067, 95.3], [0.31082, 51.71072, 95.8], [0.31088, 51.71073, 96.0], [0.31107, 51.71075, 96.5], [0.31135, 51.71078, 97.2], [0.31151, 51.7108, 97.6], [0.31177, 51.71082, 98.0], [0.31219, 51.71086, 98.0], [0.31257, 51.7109, 98.0], [0.31289, 51.71093, 98.4], [0.3133, 51.71099, 99.0], [0.31346, 51.71101, 99.0], [0.3136, 51.71103, 99.0], [0.31384, 51.71108, 99.0], [0.31412, 51.71114, 99.0], [0.31414, 51.71114, 99.0], [0.31428, 51.71118, 98.9], [0.31441, 51.71121, 98.8], [0.31479, 51.71131, 98.7], [0.31518, 51.71143, 98.7], [0.31557, 51.71155, 98.9], [0.31573, 51.7116, 98.9], [0.31573, 51.7116, 98.9], [0.3158, 51.71162, 98.9], [0.31583, 51.71163, 99.0], [0.31603, 51.7117, 99.0], [0.31655, 51.71187, 98.8], [0.31659, 51.71188, 98.8], [0.31685, 51.71197, 98.6], [0.31714, 51.71206, 98.5], [0.3175, 51.71218, 98.4], [0.3178, 51.71228, 98.3], [0.31864, 51.71256, 98.0], [0.32002, 51.71302, 96.4], [0.32061, 51.71322, 95.4], [0.32087, 51.7133, 95.0], [0.32112, 51.71339, 94.4], [0.32219, 51.71374, 92.9], [0.32297, 51.714, 92.1], [0.32343, 51.71415, 91.8], [0.32387, 51.71429, 91.3], [0.32462, 51.71452, 89.5], [0.32544, 51.71477, 87.7], [0.32638, 51.71505, 86.4], [0.32709, 51.71525, 85.5], [0.32722, 51.71529, 85.3], [0.32733, 51.71532, 85.2], [0.32733, 51.71532, 85.2], [0.32754, 51.71538, 84.9], [0.32794, 51.71549, 84.3], [0.32855, 51.71566, 83.3], [0.32947, 51.71591, 81.4], [0.32948, 51.71592, 81.4], [0.32974, 51.71599, 80.9], [0.33108, 51.71634, 80.3], [0.33302, 51.71682, 79.6], [0.33405, 51.71707, 78.6], [0.3342, 51.71711, 78.5], [0.33441, 51.71716, 78.1], [0.33502, 51.71731, 77.0], [0.33559, 51.71744, 76.9], [0.336, 51.71754, 76.9], [0.33624, 51.71759, 76.7], [0.33654, 51.71765, 76.5], [0.33681, 51.7177, 76.3], [0.33712, 51.71775, 76.1], [0.33749, 51.71781, 75.8], [0.33799, 51.71789, 74.8], [0.33832, 51.71793, 74.1], [0.33833, 51.71793, 74.0], [0.33861, 51.71797, 74.1], [0.33865, 51.71797, 74.1], [0.33911, 51.71802, 74.2], [0.33925, 51.71804, 74.2], [0.33925, 51.71804, 74.2], [0.3395, 51.71806, 74.1], [0.34014, 51.71813, 73.8], [0.34082, 51.7182, 73.8], [0.34184, 51.7183, 73.7], [0.34234, 51.71834, 73.2], [0.34274, 51.71836, 72.5], [0.34307, 51.71838, 71.9], [0.3432, 51.71838, 71.6], [0.34348, 51.71839, 71.5], [0.344, 51.71839, 72.1], [0.34441, 51.71839, 72.5], [0.34474, 51.71837, 72.8], [0.34558, 51.71832, 73.0], [0.34644, 51.71826, 73.6], [0.34699, 51.71822, 73.7], [0.34764, 51.71817, 73.6], [0.34769, 51.71816, 73.6], [0.34841, 51.71811, 73.5], [0.34914, 51.71807, 73.4], [0.34926, 51.71807, 73.3], [0.34991, 51.71805, 73.0], [0.3505, 51.71806, 72.6], [0.35075, 51.71807, 72.4], [0.35075, 51.71807, 72.4], [0.351, 51.71808, 72.3], [0.35127, 51.7181, 72.1], [0.35158, 51.71812, 71.8], [0.3518, 51.71814, 71.6], [0.35206, 51.71817, 71.3], [0.35257, 51.71823, 70.7], [0.35304, 51.71829, 69.7], [0.35336, 51.71834, 69.0], [0.35372, 51.71839, 68.7], [0.35475, 51.71854, 67.6], [0.35677, 51.71886, 67.1], [0.35715, 51.71892, 66.8], [0.35741, 51.71896, 66.6], [0.35775, 51.71902, 66.1], [0.35811, 51.71908, 65.4], [0.35826, 51.71911, 65.1], [0.3586, 51.71917, 64.4], [0.35885, 51.71922, 63.7], [0.35908, 51.71926, 63.2], [0.35914, 51.71928, 63.1], [0.3597, 51.7194, 61.7], [0.36051, 51.71958, 60.4], [0.36078, 51.71965, 60.1], [0.36089, 51.71967, 59.9], [0.3616, 51.71983, 59.1], [0.36186, 51.71989, 59.3], [0.3627, 51.72007, 60.1], [0.36297, 51.72013, 60.3], [0.36354, 51.72026, 60.8], [0.36392, 51.72034, 61.3], [0.36424, 51.72041, 61.7], [0.36465, 51.72051, 62.3], [0.36498, 51.72058, 62.9], [0.36582, 51.72077, 63.2], [0.36619, 51.72086, 63.9], [0.36619, 51.72085, 63.9], [0.36645, 51.72091, 64.5], [0.36701, 51.72104, 65.7], [0.3673, 51.7211, 66.3], [0.36758, 51.72116, 66.8], [0.36787, 51.72123, 67.2], [0.36839, 51.72135, 67.9], [0.36847, 51.72137, 68.0], [0.36962, 51.72162, 70.7], [0.37042, 51.72179, 71.9], [0.37086, 51.72188, 72.0], [0.37112, 51.72193, 72.5], [0.37136, 51.72197, 72.9], [0.37162, 51.72202, 73.3], [0.37196, 51.72208, 73.5], [0.37244, 51.72216, 73.6], [0.37264, 51.7222, 73.5], [0.37319, 51.72229, 73.1], [0.37319, 51.72229, 73.1], [0.37304, 51.7225, 73.4], [0.37299, 51.72257, 73.4], [0.37295, 51.72266, 73.5], [0.37295, 51.72281, 73.5], [0.37296, 51.72295, 73.5], [0.37297, 51.72305, 73.5], [0.37303, 51.72355, 73.8], [0.3731, 51.72408, 74.4], [0.37313, 51.72429, 74.4], [0.37317, 51.72472, 73.9], [0.37325, 51.72534, 73.4], [0.37328, 51.72556, 73.2], [0.37328, 51.72582, 73.0], [0.37327, 51.72592, 72.8], [0.37325, 51.72602, 72.7], [0.37318, 51.72627, 72.5], [0.37315, 51.72634, 72.4], [0.37311, 51.72644, 72.4], [0.37297, 51.72669, 72.5], [0.3728, 51.72701, 73.1], [0.37267, 51.72724, 73.5], [0.37265, 51.72729, 73.6], [0.37254, 51.72757, 73.8], [0.37242, 51.72784, 73.2], [0.37237, 51.72799, 72.9], [0.37227, 51.72828, 72.4], [0.37224, 51.72837, 72.3], [0.37221, 51.72847, 72.3], [0.37204, 51.72899, 72.6], [0.37193, 51.72929, 72.5], [0.37184, 51.72954, 72.3], [0.37183, 51.72956, 72.3], [0.37162, 51.72994, 72.0], [0.37146, 51.73018, 71.4], [0.37133, 51.73035, 71.1], [0.37126, 51.73046, 70.9], [0.37108, 51.73072, 70.8], [0.37094, 51.73093, 70.8], [0.37081, 51.7311, 70.7], [0.37073, 51.73119, 70.6], [0.37067, 51.73126, 70.5], [0.3705, 51.73148, 70.2], [0.37033, 51.73173, 69.9], [0.37019, 51.73196, 69.6], [0.37019, 51.73196, 69.6], [0.37011, 51.73218, 69.4], [0.37002, 51.73243, 69.1], [0.36995, 51.73263, 68.8], [0.36993, 51.73267, 68.7], [0.36989, 51.73282, 68.5], [0.36987, 51.73287, 68.4], [0.3698, 51.73305, 68.1], [0.36977, 51.73313, 68.0], [0.36973, 51.73322, 67.8], [0.36973, 51.73323, 67.8], [0.36963, 51.73352, 67.3], [0.3696, 51.73359, 67.2], [0.36958, 51.73362, 67.2], [0.36957, 51.73364, 67.1], [0.36954, 51.73367, 67.0], [0.36953, 51.7337, 67.0], [0.36948, 51.73374, 66.9], [0.36948, 51.73374, 66.9], [0.36938, 51.73382, 66.7], [0.36935, 51.73384, 66.6], [0.36902, 51.73406, 66.1], [0.36895, 51.73411, 66.1], [0.36892, 51.73413, 66.0], [0.36878, 51.73421, 65.9], [0.3687, 51.73425, 65.9], [0.36859, 51.73431, 65.8], [0.36842, 51.73439, 65.7], [0.36822, 51.73446, 65.5], [0.368, 51.73457, 65.1], [0.36799, 51.73457, 65.1], [0.36787, 51.73464, 64.9], [0.36779, 51.7347, 64.7], [0.36771, 51.73475, 64.6], [0.36761, 51.73484, 64.3], [0.36737, 51.73504, 63.9], [0.36719, 51.73522, 63.4], [0.36689, 51.73552, 62.3], [0.36665, 51.73574, 61.3], [0.3664, 51.73598, 60.5], [0.36607, 51.73624, 59.8], [0.36537, 51.73671, 58.3], [0.36537, 51.73671, 58.3], [0.36557, 51.73686, 58.1], [0.36566, 51.73692, 58.1], [0.36574, 51.73697, 58.1], [0.36582, 51.73701, 58.2], [0.36587, 51.73705, 58.1], [0.36591, 51.73708, 58.1], [0.36595, 51.73712, 58.1], [0.36598, 51.73715, 58.1], [0.36601, 51.73719, 58.1], [0.36604, 51.73723, 58.1], [0.36607, 51.73728, 58.0], [0.36618, 51.73743, 58.0], [0.36619, 51.73744, 58.0], [0.3663, 51.73755, 58.0], [0.36639, 51.73764, 57.9], [0.36659, 51.73784, 58.0], [0.3667, 51.73794, 58.0], [0.36682, 51.73804, 57.8], [0.36719, 51.7383, 57.7], [0.36721, 51.73831, 57.7], [0.3674, 51.73845, 57.4], [0.36746, 51.7385, 57.3], [0.36773, 51.73872, 57.0], [0.36775, 51.73874, 57.0], [0.36797, 51.73894, 56.8], [0.36821, 51.73918, 56.7], [0.36823, 51.73919, 56.7], [0.36839, 51.73934, 56.4], [0.36841, 51.73935, 56.4], [0.36848, 51.73941, 56.3], [0.36875, 51.73961, 55.9], [0.36887, 51.73971, 55.7], [0.36899, 51.73981, 55.5], [0.36904, 51.73987, 55.3], [0.36909, 51.73992, 55.2], [0.3692, 51.74004, 54.9], [0.36931, 51.74014, 54.8], [0.36944, 51.74023, 54.7], [0.36965, 51.74037, 54.6], [0.36997, 51.74056, 54.3], [0.37029, 51.74077, 54.0], [0.37044, 51.74089, 53.9], [0.37061, 51.74103, 54.0], [0.3708, 51.74118, 54.1], [0.37081, 51.74118, 54.1], [0.37089, 51.74125, 54.1], [0.37098, 51.74132, 54.2], [0.37106, 51.74138, 54.2], [0.37131, 51.74159, 54.3], [0.37141, 51.74169, 54.3], [0.37151, 51.74181, 54.1], [0.37156, 51.74189, 54.0], [0.37166, 51.74204, 53.6], [0.3717, 51.74209, 53.5], [0.37172, 51.74212, 53.4], [0.3718, 51.74226, 52.9], [0.3719, 51.74242, 52.3], [0.37204, 51.74268, 51.9], [0.37206, 51.74273, 51.9], [0.37212, 51.74285, 51.8], [0.37215, 51.74293, 51.8], [0.37217, 51.743, 51.8], [0.37217, 51.74306, 51.7], [0.37218, 51.74314, 51.7], [0.37218, 51.74321, 51.7], [0.37218, 51.74322, 51.7], [0.37218, 51.74342, 51.6], [0.3722, 51.74352, 51.6], [0.37222, 51.74357, 51.7], [0.37224, 51.74362, 51.7], [0.37227, 51.74368, 51.7], [0.3723, 51.74373, 51.8], [0.37235, 51.74379, 51.8], [0.3724, 51.74385, 51.9], [0.37247, 51.74391, 52.0], [0.37249, 51.74393, 52.0], [0.37253, 51.74396, 52.1], [0.37268, 51.74406, 52.4], [0.37285, 51.74419, 52.8], [0.37301, 51.74429, 53.1], [0.37318, 51.7444, 53.4], [0.37333, 51.74451, 53.6], [0.37357, 51.74471, 53.5], [0.37368, 51.74479, 53.6], [0.3738, 51.7449, 53.6], [0.37391, 51.745, 53.7], [0.37405, 51.74515, 53.3], [0.37414, 51.74525, 53.1], [0.37435, 51.7455, 52.4], [0.37447, 51.74563, 52.1], [0.37449, 51.74566, 52.0], [0.37463, 51.74583, 51.6], [0.3747, 51.74594, 51.4], [0.37476, 51.74605, 51.2], [0.37482, 51.74616, 51.0], [0.37489, 51.7463, 50.7], [0.37491, 51.74634, 50.7], [0.37499, 51.74646, 50.5], [0.37514, 51.74669, 50.0], [0.37539, 51.74708, 49.7], [0.37553, 51.7473, 49.7], [0.37563, 51.74747, 49.8], [0.37572, 51.74762, 49.6], [0.37575, 51.74765, 49.5], [0.37583, 51.74781, 49.3], [0.37593, 51.74798, 49.1], [0.37608, 51.74825, 48.8], [0.37613, 51.74836, 48.6], [0.37617, 51.74843, 48.5], [0.37624, 51.74857, 48.1], [0.37631, 51.74868, 47.9], [0.3764, 51.74881, 47.6], [0.37657, 51.74906, 47.2], [0.37665, 51.74916, 47.0], [0.37667, 51.74919, 46.9], [0.37673, 51.74924, 46.8], [0.3771, 51.74964, 45.9], [0.37719, 51.74973, 45.6], [0.37732, 51.74985, 45.4], [0.37742, 51.74994, 45.1], [0.37752, 51.75003, 44.9], [0.37763, 51.75011, 44.7], [0.37769, 51.75013, 44.7], [0.37772, 51.75014, 44.6], [0.37775, 51.75014, 44.6], [0.37782, 51.75015, 44.6], [0.37791, 51.75015, 44.6], [0.37795, 51.75015, 44.5], [0.37827, 51.75013, 44.5], [0.3783, 51.75013, 44.5], [0.37833, 51.75013, 44.5], [0.37836, 51.75013, 44.5], [0.37838, 51.75013, 44.5], [0.3784, 51.75014, 44.5], [0.37841, 51.75014, 44.5], [0.37842, 51.75014, 44.5], [0.37844, 51.75015, 44.5], [0.37846, 51.75017, 44.4], [0.37849, 51.7502, 44.3], [0.37852, 51.75027, 44.0], [0.37854, 51.75039, 43.6], [0.37856, 51.75048, 43.3], [0.3786, 51.75077, 42.2], [0.37864, 51.75096, 41.7], [0.37867, 51.75109, 41.4], [0.37873, 51.75142, 40.6], [0.37875, 51.75148, 40.4], [0.37876, 51.75154, 40.3], [0.37877, 51.75157, 40.2], [0.37878, 51.7516, 40.2], [0.3788, 51.75163, 40.1], [0.37882, 51.75165, 40.0], [0.37884, 51.75168, 40.0], [0.37887, 51.7517, 40.0], [0.37889, 51.75173, 39.9], [0.37892, 51.75175, 39.9], [0.37895, 51.75176, 39.9], [0.37898, 51.75178, 39.9], [0.37901, 51.75179, 39.9], [0.37903, 51.75181, 39.8], [0.37906, 51.75182, 39.8], [0.37909, 51.75182, 39.8], [0.37913, 51.75183, 39.8], [0.37938, 51.75189, 39.8], [0.37938, 51.75189, 39.8], [0.37941, 51.75186, 39.8], [0.37944, 51.75184, 39.9], [0.37949, 51.75181, 39.9], [0.37956, 51.75178, 39.9], [0.37966, 51.75176, 40.0], [0.38006, 51.75171, 40.0], [0.38042, 51.75164, 40.1], [0.3807, 51.75159, 40.3], [0.3814, 51.75141, 41.1], [0.38158, 51.75136, 41.4], [0.38188, 51.75129, 41.8], [0.3822, 51.75122, 42.1], [0.38234, 51.7512, 42.2], [0.38259, 51.75117, 42.3], [0.38267, 51.75116, 42.4], [0.38274, 51.75116, 42.3], [0.38278, 51.75116, 42.3], [0.38284, 51.75116, 42.3], [0.38293, 51.75118, 42.1], [0.38316, 51.7512, 41.9], [0.38346, 51.75122, 41.4], [0.38356, 51.75123, 41.2], [0.38374, 51.75124, 40.8], [0.38378, 51.75123, 40.8], [0.38381, 51.75123, 40.7], [0.38383, 51.75122, 40.8], [0.38384, 51.75121, 40.8], [0.38386, 51.7512, 40.8], [0.38388, 51.75117, 40.9], [0.38389, 51.75116, 41.0], [0.38391, 51.75113, 41.1], [0.38392, 51.75107, 41.4], [0.38394, 51.751, 41.7], [0.38395, 51.7509, 42.2], [0.38398, 51.75076, 42.6], [0.38398, 51.75076, 42.6], [0.38399, 51.75069, 42.7], [0.38401, 51.75063, 42.8], [0.38401, 51.75052, 43.1], [0.384, 51.75036, 43.4], [0.38399, 51.75027, 43.6], [0.38396, 51.75007, 44.1], [0.38391, 51.74987, 44.6], [0.38383, 51.74958, 45.2], [0.38382, 51.74955, 45.3], [0.38382, 51.74951, 45.3], [0.38382, 51.74949, 45.4], [0.38382, 51.74945, 45.5], [0.38384, 51.74941, 45.5], [0.38385, 51.74938, 45.6], [0.38387, 51.74935, 45.6], [0.3839, 51.74933, 45.7], [0.38393, 51.7493, 45.7], [0.38398, 51.74928, 45.8], [0.38407, 51.74924, 45.8], [0.3847, 51.74901, 46.5], [0.38532, 51.7488, 47.2], [0.38542, 51.74877, 47.2], [0.38558, 51.74872, 47.2], [0.38579, 51.74867, 47.2], [0.38644, 51.74854, 46.2], [0.387, 51.74842, 45.5], [0.38731, 51.74834, 45.2], [0.38791, 51.74818, 44.3], [0.38793, 51.74818, 44.3], [0.38842, 51.74804, 43.5], [0.38845, 51.74803, 43.5], [0.38851, 51.74801, 43.4], [0.38907, 51.74785, 42.5], [0.38986, 51.74764, 40.5], [0.39048, 51.74747, 40.0], [0.39074, 51.7474, 40.0], [0.39084, 51.74739, 40.0], [0.39096, 51.74737, 39.8], [0.39125, 51.74735, 39.5], [0.39133, 51.74735, 39.4], [0.39176, 51.74734, 39.0], [0.39257, 51.74734, 38.9], [0.39287, 51.74733, 38.6], [0.39292, 51.74733, 38.5], [0.39333, 51.74727, 38.0], [0.39401, 51.74719, 38.0], [0.39421, 51.74717, 38.0], [0.39424, 51.74717, 38.0], [0.39467, 51.74715, 38.0], [0.39504, 51.74715, 38.0], [0.39543, 51.74716, 37.7], [0.39571, 51.74719, 37.5], [0.39596, 51.74726, 37.1], [0.39629, 51.7474, 36.6], [0.39672, 51.7476, 35.9], [0.39687, 51.74766, 35.8], [0.39703, 51.74772, 35.7], [0.39712, 51.74776, 35.7], [0.3972, 51.74778, 35.7], [0.39731, 51.74781, 35.6], [0.39759, 51.74787, 35.5], [0.39796, 51.74795, 35.2], [0.39821, 51.748, 35.1], [0.39832, 51.74802, 35.0], [0.3984, 51.74804, 35.0], [0.39867, 51.74806, 35.0], [0.39898, 51.74805, 35.0], [0.39939, 51.748, 34.7], [0.39963, 51.74797, 34.4], [0.4001, 51.74786, 34.0], [0.40073, 51.74775, 34.0], [0.40102, 51.74771, 33.8], [0.40129, 51.74769, 33.6], [0.40155, 51.7477, 33.3], [0.40197, 51.74773, 33.3], [0.4022, 51.74776, 33.3], [0.40247, 51.74785, 33.4], [0.4026, 51.74792, 33.5], [0.40266, 51.74802, 33.6], [0.40272, 51.74822, 33.9], [0.4028, 51.74837, 34.1], [0.40284, 51.74842, 34.3], [0.40291, 51.74851, 34.5], [0.40291, 51.74851, 34.5], [0.40261, 51.74861, 34.7], [0.40246, 51.74866, 34.8], [0.40235, 51.74869, 34.9], [0.40224, 51.74872, 34.9], [0.40203, 51.74877, 35.0], [0.40197, 51.74878, 35.1], [0.4015, 51.74886, 35.1], [0.40094, 51.74893, 34.8], [0.4009, 51.74894, 34.8], [0.40049, 51.74898, 34.8], [0.40001, 51.74905, 34.9], [0.39951, 51.74916, 35.0], [0.39924, 51.74925, 35.1], [0.39914, 51.74928, 35.1], [0.39876, 51.74943, 35.3], [0.39836, 51.74962, 35.5], [0.39801, 51.74985, 35.5], [0.39752, 51.75018, 35.2], [0.39679, 51.75066, 35.6], [0.39675, 51.75068, 35.7], [0.39613, 51.75104, 36.1], [0.39595, 51.75114, 36.2], [0.3953, 51.75143, 36.7], [0.39512, 51.7515, 36.7], [0.39507, 51.75152, 36.7], [0.39471, 51.75166, 36.6], [0.3938, 51.75195, 37.0], [0.39358, 51.75201, 37.2], [0.39357, 51.75201, 37.2], [0.39327, 51.75209, 37.6], [0.39252, 51.75225, 38.4], [0.39247, 51.75226, 38.4], [0.39201, 51.75235, 38.7], [0.39182, 51.75239, 38.8], [0.39161, 51.75243, 38.8], [0.39146, 51.75246, 38.7], [0.39072, 51.75268, 38.4], [0.39044, 51.75279, 38.7], [0.39027, 51.75286, 38.9], [0.39026, 51.75287, 38.9], [0.39002, 51.753, 39.2], [0.38984, 51.7531, 39.2], [0.38973, 51.75318, 39.3], [0.38961, 51.75328, 39.4], [0.3893, 51.75361, 39.5], [0.38927, 51.75366, 39.6], [0.38905, 51.75399, 39.5], [0.38893, 51.75434, 39.8], [0.38893, 51.75436, 39.9], [0.3888, 51.75483, 40.7], [0.38877, 51.75494, 40.9], [0.38868, 51.75534, 41.2], [0.38859, 51.75574, 41.5], [0.38859, 51.75575, 41.5], [0.3885, 51.75609, 41.4], [0.38842, 51.75641, 41.2], [0.3884, 51.7565, 41.2], [0.38838, 51.7566, 41.1], [0.38826, 51.75694, 41.5], [0.38822, 51.75705, 41.7], [0.38799, 51.75755, 42.1], [0.38786, 51.75782, 41.7], [0.3878, 51.75792, 41.5], [0.38773, 51.75801, 41.4], [0.38767, 51.75807, 41.3], [0.38766, 51.75807, 41.3], [0.38754, 51.75818, 41.1], [0.3875, 51.75821, 41.0], [0.38717, 51.75845, 40.8], [0.38712, 51.75848, 40.8], [0.38698, 51.75858, 40.9], [0.38695, 51.7586, 40.9], [0.38693, 51.75862, 40.9], [0.38674, 51.75875, 41.0], [0.38638, 51.75901, 41.3], [0.38606, 51.75928, 41.5], [0.38603, 51.75931, 41.6], [0.38602, 51.75932, 41.6], [0.38587, 51.75947, 41.8], [0.38582, 51.75952, 41.8], [0.38566, 51.75977, 42.2], [0.38552, 51.76007, 42.8], [0.3854, 51.76032, 43.2], [0.38533, 51.76045, 43.5], [0.38531, 51.76049, 43.5], [0.38524, 51.76062, 43.8], [0.385, 51.76089, 44.1], [0.38477, 51.76107, 44.9], [0.38475, 51.76109, 45.0], [0.38456, 51.76119, 45.6], [0.3844, 51.76128, 46.2], [0.38439, 51.76128, 46.2], [0.38426, 51.76133, 46.6], [0.38403, 51.76142, 47.3], [0.38388, 51.76146, 47.6], [0.38382, 51.76147, 47.7], [0.38361, 51.76153, 48.2], [0.38335, 51.7616, 48.7], [0.38319, 51.76164, 49.2], [0.38281, 51.76174, 50.3], [0.38248, 51.76182, 51.0], [0.38201, 51.76194, 51.6], [0.382, 51.76194, 51.6], [0.38168, 51.76203, 52.0], [0.38121, 51.76215, 52.9], [0.3812, 51.76215, 52.9], [0.3811, 51.76218, 53.1], [0.38031, 51.76242, 55.1], [0.37968, 51.76262, 55.9], [0.3787, 51.76291, 56.5], [0.37828, 51.76303, 56.8], [0.37808, 51.76308, 56.8], [0.37782, 51.76315, 56.7], [0.37675, 51.7634, 57.1], [0.37671, 51.76341, 57.1], [0.37563, 51.76364, 56.7], [0.37502, 51.76375, 57.0], [0.37427, 51.76387, 57.3], [0.37418, 51.76388, 57.3], [0.37399, 51.76391, 57.4], [0.37333, 51.76402, 57.6], [0.37189, 51.76424, 57.1], [0.37093, 51.76439, 57.7], [0.37089, 51.7644, 57.7], [0.37031, 51.76449, 57.6], [0.36986, 51.76458, 57.3], [0.3695, 51.76468, 56.6], [0.36886, 51.76489, 55.6], [0.36882, 51.7649, 55.5], [0.3684, 51.76509, 55.2], [0.36801, 51.76529, 55.2], [0.36791, 51.76535, 55.3], [0.36775, 51.76545, 55.6], [0.36767, 51.7655, 55.8], [0.3674, 51.76569, 56.5], [0.36692, 51.76611, 57.0], [0.36656, 51.76645, 57.1], [0.3664, 51.76659, 57.3], [0.36616, 51.76678, 57.7], [0.36569, 51.76711, 58.1], [0.36557, 51.76718, 58.1], [0.36536, 51.7673, 58.1], [0.36516, 51.76742, 58.1], [0.36492, 51.76753, 58.0], [0.36462, 51.76767, 58.0], [0.36416, 51.76786, 58.3], [0.36384, 51.76798, 58.7], [0.36368, 51.76802, 58.9], [0.36343, 51.76809, 59.1], [0.3626, 51.76828, 58.1], [0.36159, 51.76849, 57.3], [0.36097, 51.76863, 57.5], [0.36078, 51.76867, 57.6], [0.36044, 51.76878, 57.9], [0.36018, 51.76886, 58.2], [0.36008, 51.76888, 58.3], [0.35976, 51.76901, 58.8], [0.35968, 51.76904, 58.9], [0.35928, 51.7692, 59.2], [0.35877, 51.76945, 59.7], [0.35856, 51.76957, 60.0], [0.35826, 51.76974, 60.3], [0.35806, 51.76988, 60.3], [0.35776, 51.77009, 60.5], [0.35738, 51.77037, 60.9], [0.3573, 51.77045, 61.1], [0.35714, 51.77057, 61.4], [0.35671, 51.77089, 62.1], [0.35642, 51.77109, 61.7], [0.35636, 51.77113, 61.6], [0.35615, 51.77129, 61.3], [0.35568, 51.77158, 60.7], [0.35544, 51.77171, 60.5], [0.35534, 51.77177, 60.4], [0.35512, 51.77189, 60.1], [0.3546, 51.77219, 60.1], [0.35433, 51.77235, 60.5], [0.35407, 51.7725, 61.1], [0.35393, 51.77257, 61.6], [0.35379, 51.77263, 62.0], [0.35365, 51.77269, 62.4], [0.35347, 51.77274, 62.9], [0.35332, 51.77277, 63.3], [0.35331, 51.77277, 63.3], [0.35318, 51.7728, 63.2], [0.35299, 51.77282, 63.0], [0.35271, 51.77286, 62.7], [0.35246, 51.77288, 62.3], [0.35234, 51.77289, 62.3], [0.35196, 51.77292, 62.2], [0.35173, 51.77294, 62.1], [0.35138, 51.77294, 61.9], [0.35057, 51.77291, 61.5], [0.35014, 51.77289, 61.5], [0.34965, 51.77286, 62.1], [0.34916, 51.77286, 63.0], [0.34879, 51.77289, 63.2], [0.34835, 51.77298, 63.4], [0.34799, 51.77306, 63.7], [0.34787, 51.77308, 63.9], [0.34743, 51.77313, 64.3], [0.3469, 51.77317, 64.8], [0.34683, 51.77317, 64.8], [0.34654, 51.7732, 65.1], [0.34645, 51.77321, 65.2], [0.34614, 51.7733, 65.6], [0.3458, 51.77346, 66.0], [0.34526, 51.77371, 66.3], [0.34487, 51.77387, 66.9], [0.34484, 51.77387, 67.0], [0.34446, 51.77398, 67.9], [0.34438, 51.774, 68.1], [0.34428, 51.77402, 68.4], [0.3442, 51.77403, 68.6], [0.34408, 51.77403, 68.8], [0.3439, 51.77404, 69.2], [0.34302, 51.77402, 70.1], [0.34246, 51.774, 69.6], [0.34244, 51.774, 69.5], [0.34233, 51.774, 69.4], [0.34217, 51.77399, 69.3], [0.34195, 51.77398, 69.0], [0.34167, 51.77398, 68.8], [0.34132, 51.77398, 69.1], [0.34112, 51.774, 69.3], [0.34088, 51.77403, 69.6], [0.34045, 51.77412, 69.9], [0.34, 51.77424, 70.0], [0.33951, 51.77439, 70.4], [0.3394, 51.77442, 70.5], [0.33938, 51.77443, 70.5], [0.33845, 51.77472, 70.3], [0.338, 51.77489, 70.4], [0.33705, 51.77526, 70.5], [0.33658, 51.77546, 70.5], [0.33612, 51.7756, 70.8], [0.33588, 51.77567, 71.0], [0.3357, 51.77572, 71.1], [0.33559, 51.77575, 71.3], [0.33528, 51.77584, 71.6], [0.33506, 51.77593, 71.6], [0.33456, 51.77612, 70.8], [0.33388, 51.77641, 70.3], [0.33358, 51.77654, 70.2], [0.33267, 51.77696, 70.1], [0.33178, 51.77737, 70.2], [0.33173, 51.77739, 70.2], [0.33052, 51.77796, 69.4], [0.33035, 51.77804, 69.4], [0.32994, 51.77825, 69.1], [0.32904, 51.7787, 69.6], [0.32884, 51.77881, 70.0], [0.32869, 51.77889, 70.4], [0.32834, 51.77905, 71.6], [0.32772, 51.77929, 70.0], [0.32717, 51.77947, 69.0], [0.32715, 51.77947, 68.9], [0.32707, 51.77949, 68.8], [0.32685, 51.77954, 68.6], [0.3268, 51.77956, 68.6], [0.3266, 51.7796, 68.4], [0.32597, 51.77973, 67.4], [0.32591, 51.77974, 67.3], [0.32575, 51.77976, 67.0], [0.32569, 51.77977, 66.9], [0.32544, 51.77981, 66.6], [0.32477, 51.77987, 65.7], [0.32387, 51.77994, 64.7], [0.32341, 51.78, 64.1], [0.32325, 51.78003, 64.0], [0.32289, 51.7801, 63.8], [0.32241, 51.78021, 63.4], [0.32221, 51.78029, 63.5], [0.32202, 51.78038, 63.4], [0.32183, 51.78056, 63.3], [0.32181, 51.78059, 63.2], [0.3215, 51.78098, 63.2], [0.32137, 51.78114, 63.4], [0.32132, 51.78122, 63.5], [0.32115, 51.78137, 63.7], [0.32086, 51.78156, 63.8], [0.32085, 51.78157, 63.8], [0.32062, 51.78168, 63.8], [0.32017, 51.78191, 63.7], [0.31975, 51.78211, 64.1], [0.31971, 51.78213, 64.1], [0.31967, 51.78215, 64.2], [0.3195, 51.78222, 64.3], [0.31906, 51.78234, 64.6], [0.31839, 51.78249, 65.0], [0.31795, 51.7826, 65.1], [0.31774, 51.78265, 65.3], [0.31754, 51.7827, 65.5], [0.31677, 51.78291, 67.0], [0.31674, 51.78292, 67.0], [0.31626, 51.78308, 67.0], [0.31601, 51.78316, 66.7], [0.3159, 51.7832, 66.6], [0.31584, 51.78324, 66.6], [0.31581, 51.78328, 66.7], [0.31578, 51.78331, 66.7], [0.31572, 51.78338, 66.7], [0.31566, 51.78346, 66.7], [0.31564, 51.7835, 66.8], [0.3156, 51.78362, 66.9], [0.31559, 51.78364, 67.0], [0.31557, 51.78376, 67.2], [0.31553, 51.78397, 67.7], [0.31554, 51.78415, 68.2], [0.31554, 51.78418, 68.3], [0.31556, 51.78433, 68.8], [0.31557, 51.78446, 69.2], [0.31558, 51.78453, 69.4], [0.31559, 51.78454, 69.4], [0.31563, 51.78475, 70.1], [0.31567, 51.78495, 70.7], [0.31573, 51.78525, 71.5], [0.31575, 51.78535, 71.7], [0.31577, 51.78543, 72.0], [0.31581, 51.78556, 72.3], [0.31582, 51.7856, 72.4], [0.31583, 51.78561, 72.5], [0.31586, 51.78567, 72.7], [0.31595, 51.78585, 73.2], [0.31603, 51.78598, 73.1], [0.31612, 51.78611, 73.0], [0.31619, 51.78621, 73.0], [0.31624, 51.78644, 72.5], [0.31624, 51.78658, 72.2], [0.31619, 51.78671, 71.8], [0.31615, 51.78681, 71.7], [0.31611, 51.78693, 71.6], [0.31608, 51.78699, 71.5], [0.31605, 51.78707, 71.4], [0.31601, 51.78724, 71.3], [0.31601, 51.78725, 71.3], [0.31598, 51.78784, 71.8], [0.31597, 51.78809, 72.3], [0.31593, 51.78822, 72.6], [0.31592, 51.78824, 72.7], [0.31591, 51.78826, 72.7], [0.31572, 51.78859, 73.0], [0.31554, 51.78889, 73.0], [0.3154, 51.78908, 73.0], [0.31529, 51.78924, 73.2], [0.31529, 51.78925, 73.3], [0.3151, 51.78955, 74.3], [0.31493, 51.78976, 75.1], [0.31483, 51.78986, 75.4], [0.31481, 51.78988, 75.4], [0.31479, 51.7899, 75.4], [0.31463, 51.79002, 75.6], [0.31455, 51.79009, 75.8], [0.31415, 51.79032, 76.1], [0.31398, 51.79041, 76.4], [0.31384, 51.79049, 76.5], [0.31376, 51.79053, 76.6], [0.31347, 51.79069, 76.8], [0.31324, 51.79083, 76.9], [0.31308, 51.79093, 76.7], [0.31293, 51.79105, 76.5], [0.31282, 51.79114, 76.4], [0.31243, 51.79158, 75.9], [0.31238, 51.79164, 75.9], [0.31214, 51.79197, 75.6], [0.31213, 51.79199, 75.6], [0.31201, 51.79225, 75.4], [0.31197, 51.79239, 75.4], [0.31191, 51.79268, 75.2], [0.3118, 51.79323, 75.0], [0.31178, 51.79329, 75.0], [0.3117, 51.79356, 74.7], [0.31159, 51.79393, 74.2], [0.31154, 51.79409, 73.9], [0.31146, 51.79435, 73.8], [0.31146, 51.79437, 73.8], [0.31145, 51.79445, 73.8], [0.31145, 51.79447, 73.8], [0.3114, 51.79488, 74.0], [0.31139, 51.79501, 74.0], [0.31138, 51.7951, 74.1], [0.31138, 51.79536, 74.3], [0.31137, 51.79573, 74.6], [0.31137, 51.79593, 74.8], [0.31137, 51.79602, 74.9], [0.31137, 51.79602, 74.9], [0.31168, 51.79601, 75.2], [0.31179, 51.796, 75.3], [0.31195, 51.79599, 75.5], [0.3121, 51.79598, 75.6], [0.31227, 51.79597, 75.8], [0.31251, 51.79596, 76.0], [0.31272, 51.79593, 76.2], [0.31304, 51.79586, 76.6], [0.3135, 51.7958, 77.0], [0.3135, 51.7958, 77.0], [0.31374, 51.79576, 77.0], [0.3139, 51.79573, 77.0], [0.31425, 51.79564, 77.1], [0.31454, 51.79552, 77.4], [0.31463, 51.79547, 77.6], [0.3152, 51.79517, 78.0], [0.31522, 51.79516, 77.9], [0.31589, 51.79477, 77.4], [0.31599, 51.79469, 77.2], [0.31616, 51.79455, 77.0], [0.31631, 51.79439, 76.8], [0.31644, 51.79423, 76.8], [0.31646, 51.7942, 76.8], [0.31654, 51.79407, 76.9], [0.31662, 51.79395, 77.2], [0.31672, 51.79382, 77.4], [0.3168, 51.79374, 77.5], [0.31688, 51.79366, 77.6], [0.31696, 51.79359, 77.7], [0.317, 51.79355, 77.7], [0.31702, 51.79353, 77.8], [0.31723, 51.7934, 77.9], [0.31741, 51.79328, 78.1], [0.31757, 51.79316, 78.5], [0.31772, 51.79305, 78.9], [0.3178, 51.79295, 79.3], [0.31789, 51.79283, 79.7], [0.3179, 51.79278, 79.8], [0.31792, 51.79271, 80.0], [0.31794, 51.79258, 80.3], [0.31796, 51.79248, 80.6], [0.31799, 51.79233, 80.8], [0.31803, 51.79225, 80.9], [0.31806, 51.79219, 81.0], [0.31809, 51.79214, 81.1], [0.31815, 51.79205, 81.3], [0.31819, 51.79202, 81.4], [0.31821, 51.79201, 81.4], [0.31826, 51.79197, 81.5], [0.31832, 51.79195, 81.6], [0.31836, 51.79193, 81.7], [0.31846, 51.79191, 81.6], [0.31857, 51.79189, 81.4], [0.31859, 51.79189, 81.4], [0.31866, 51.79189, 81.3], [0.31873, 51.7919, 81.2], [0.31888, 51.79193, 81.0], [0.31917, 51.79199, 80.6], [0.31925, 51.79201, 80.5], [0.31956, 51.7921, 80.0], [0.31968, 51.79212, 79.8], [0.31992, 51.79216, 79.5], [0.31996, 51.79217, 79.4], [0.32025, 51.7922, 78.9], [0.32054, 51.79223, 78.2], [0.32065, 51.79225, 78.0], [0.32103, 51.79232, 77.0], [0.3212, 51.79234, 76.6], [0.32138, 51.79237, 76.1], [0.32156, 51.79237, 75.7], [0.32178, 51.79236, 75.3], [0.32207, 51.79234, 74.9], [0.32243, 51.79232, 74.3], [0.32265, 51.79232, 74.0], [0.32283, 51.79231, 73.7], [0.32304, 51.79231, 73.3], [0.32331, 51.79232, 72.8], [0.32359, 51.79232, 72.8], [0.32402, 51.79239, 72.9], [0.32445, 51.79248, 72.6], [0.32503, 51.79255, 71.9], [0.3252, 51.79256, 71.9], [0.32529, 51.79256, 71.9], [0.32546, 51.79256, 71.9], [0.32558, 51.79256, 71.9], [0.32569, 51.79255, 71.9], [0.32617, 51.79248, 71.6], [0.32654, 51.79245, 71.1], [0.3269, 51.79245, 70.9], [0.32729, 51.79246, 71.0], [0.32756, 51.79246, 70.9], [0.32805, 51.79246, 70.3], [0.32845, 51.79245, 70.0], [0.32847, 51.79244, 70.0], [0.32857, 51.79243, 70.0], [0.32868, 51.79241, 70.0], [0.32878, 51.79237, 69.9], [0.32891, 51.79232, 69.9], [0.32898, 51.79228, 69.8], [0.32922, 51.79217, 69.5], [0.32933, 51.79212, 69.3], [0.32946, 51.79207, 69.0], [0.32955, 51.79205, 68.8], [0.32964, 51.79201, 68.5], [0.32972, 51.79199, 68.3], [0.32998, 51.79191, 67.6], [0.33044, 51.79176, 66.2], [0.33112, 51.79158, 64.5], [0.33158, 51.79149, 63.6], [0.33186, 51.79143, 63.2], [0.33196, 51.79141, 63.0], [0.3325, 51.79137, 62.0], [0.33277, 51.79135, 61.2], [0.33277, 51.79135, 61.2], [0.33281, 51.79136, 61.1], [0.33308, 51.79144, 60.4], [0.33318, 51.79154, 60.2], [0.33352, 51.7919, 59.5], [0.33359, 51.79198, 59.3], [0.33368, 51.79205, 59.1], [0.33382, 51.79217, 58.8], [0.33429, 51.79249, 57.7], [0.33456, 51.79274, 57.3], [0.3347, 51.79292, 57.2], [0.33479, 51.79304, 57.2], [0.33517, 51.79352, 57.0], [0.33531, 51.79373, 57.1], [0.33542, 51.7939, 57.2], [0.33549, 51.79401, 57.2], [0.33561, 51.79424, 57.4], [0.3357, 51.79441, 57.7], [0.33575, 51.79451, 57.9], [0.33585, 51.79476, 58.4], [0.33589, 51.79485, 58.6], [0.33592, 51.79493, 58.7], [0.33598, 51.79511, 59.0], [0.33598, 51.79513, 59.0], [0.33619, 51.79563, 59.3], [0.3363, 51.7958, 59.4], [0.3364, 51.79595, 59.6], [0.33641, 51.79597, 59.7], [0.33651, 51.79608, 59.8], [0.33661, 51.79617, 59.9], [0.33671, 51.79622, 59.8], [0.3368, 51.79627, 59.7], [0.33695, 51.79632, 59.5], [0.33711, 51.79638, 59.2], [0.33722, 51.79641, 59.1], [0.33735, 51.79644, 58.8], [0.33766, 51.7965, 58.2], [0.33791, 51.79653, 57.7], [0.33814, 51.79655, 57.2], [0.33833, 51.79658, 56.8], [0.33853, 51.79661, 56.9], [0.33877, 51.79669, 57.0], [0.33891, 51.79675, 56.9], [0.33903, 51.79681, 56.9], [0.33913, 51.79687, 56.8], [0.33925, 51.79693, 56.6], [0.3395, 51.79709, 56.1], [0.33974, 51.79725, 55.6], [0.33996, 51.79746, 55.1], [0.34005, 51.79752, 55.0], [0.34014, 51.79757, 55.1], [0.3402, 51.79759, 55.1], [0.34025, 51.79761, 55.1], [0.34028, 51.79761, 55.1], [0.34037, 51.79762, 55.1], [0.34063, 51.79762, 55.1], [0.34071, 51.79762, 55.1], [0.34092, 51.79761, 55.2], [0.34109, 51.79761, 55.4], [0.34134, 51.79761, 55.4], [0.34152, 51.79762, 55.5], [0.34168, 51.79763, 55.6], [0.3418, 51.79766, 55.6], [0.34189, 51.79774, 55.7], [0.34207, 51.79796, 55.9], [0.34235, 51.79824, 55.9], [0.34239, 51.79828, 55.9], [0.34261, 51.79852, 56.7], [0.34294, 51.79891, 57.7], [0.34297, 51.79894, 57.8], [0.34342, 51.79947, 57.0], [0.34349, 51.79954, 56.8], [0.34362, 51.7997, 56.4], [0.34349, 51.79954, 56.8], [0.34342, 51.79947, 57.0], [0.34297, 51.79894, 57.8], [0.34294, 51.79891, 57.7], [0.34261, 51.79852, 56.7], [0.34239, 51.79828, 55.9], [0.34235, 51.79824, 55.9], [0.34207, 51.79796, 55.9], [0.34189, 51.79774, 56.0], [0.3418, 51.79766, 56.0], [0.3418, 51.79766, 56.0], [0.34189, 51.79774, 56.0], [0.34207, 51.79796, 55.9], [0.34235, 51.79824, 55.9], [0.34239, 51.79828, 55.9], [0.34261, 51.79852, 56.7], [0.34294, 51.79891, 57.7], [0.34297, 51.79894, 57.8], [0.34342, 51.79947, 57.0], [0.34349, 51.79954, 56.8], [0.34362, 51.7997, 56.4], [0.34376, 51.79986, 56.0], [0.34376, 51.79987, 56.0], [0.34405, 51.80004, 55.9], [0.34451, 51.80018, 57.0], [0.3452, 51.80041, 58.5], [0.34564, 51.80053, 58.6], [0.34581, 51.80059, 58.7], [0.34593, 51.80064, 58.8], [0.34601, 51.80069, 58.9], [0.34613, 51.80076, 58.9], [0.34619, 51.80082, 59.0], [0.34625, 51.80088, 59.1], [0.34633, 51.80098, 59.4], [0.34643, 51.8012, 60.0], [0.34647, 51.80134, 60.4], [0.34653, 51.80151, 60.8], [0.34658, 51.80163, 61.0], [0.34664, 51.80177, 61.5], [0.34679, 51.80212, 63.2], [0.34691, 51.80233, 64.2], [0.34694, 51.80238, 64.4], [0.34703, 51.8025, 65.0], [0.34706, 51.80254, 65.1], [0.34709, 51.80258, 65.3], [0.34724, 51.80278, 66.0], [0.34726, 51.80281, 66.1], [0.3473, 51.80291, 66.5], [0.34733, 51.80301, 66.8], [0.34736, 51.80329, 67.8], [0.34736, 51.80349, 68.8], [0.34736, 51.80367, 69.6], [0.34737, 51.80391, 70.8], [0.34737, 51.80395, 71.0], [0.34735, 51.80413, 71.8], [0.34735, 51.80416, 72.0], [0.34729, 51.80443, 72.2], [0.34728, 51.80448, 72.3], [0.34722, 51.80466, 72.4], [0.34721, 51.80469, 72.4], [0.34716, 51.80484, 72.5], [0.34707, 51.80507, 72.6], [0.34703, 51.80519, 72.8], [0.34701, 51.80523, 72.9], [0.34695, 51.80536, 73.1], [0.34689, 51.80551, 73.3], [0.34685, 51.80567, 73.7], [0.34686, 51.80584, 74.0], [0.34693, 51.806, 74.1], [0.34697, 51.80607, 74.1], [0.34713, 51.80613, 74.2], [0.34763, 51.8063, 74.6], [0.34809, 51.80641, 75.2], [0.34818, 51.80644, 75.3], [0.34822, 51.80645, 75.4], [0.34889, 51.80665, 76.0], [0.34913, 51.80674, 76.1], [0.34916, 51.80675, 76.1], [0.34923, 51.80679, 76.1], [0.34924, 51.80679, 76.1], [0.34929, 51.80683, 76.2], [0.34938, 51.8069, 76.3], [0.34943, 51.80697, 76.4], [0.34943, 51.80698, 76.4], [0.34945, 51.80703, 76.4], [0.34948, 51.8071, 76.5], [0.34949, 51.80717, 76.6], [0.34947, 51.80736, 76.8], [0.34943, 51.80749, 77.0], [0.34942, 51.80751, 77.0], [0.3494, 51.80756, 77.0], [0.34936, 51.80764, 77.0], [0.34935, 51.80765, 77.0], [0.34933, 51.80768, 77.0], [0.3493, 51.80773, 77.0], [0.3492, 51.8079, 77.0], [0.34915, 51.80799, 77.0], [0.34915, 51.80803, 77.0], [0.34915, 51.80808, 77.0], [0.34917, 51.80813, 77.0], [0.34923, 51.80819, 77.1], [0.34927, 51.80821, 77.1], [0.34932, 51.80823, 77.2], [0.34939, 51.80825, 77.2], [0.34946, 51.80826, 77.3], [0.34965, 51.80829, 77.5], [0.34984, 51.80832, 77.8], [0.35111, 51.80843, 78.1], [0.35132, 51.80845, 78.3], [0.35224, 51.80852, 78.9], [0.35265, 51.80857, 79.1], [0.35408, 51.80872, 79.9], [0.35432, 51.80872, 80.0], [0.35459, 51.80871, 80.2], [0.35508, 51.80869, 80.4], [0.35535, 51.80867, 80.2], [0.35557, 51.80866, 80.1], [0.35535, 51.80867, 80.2], [0.35508, 51.80869, 80.4], [0.35459, 51.80871, 80.2], [0.35459, 51.80871, 80.2], [0.3545, 51.80895, 80.6], [0.3545, 51.80895, 80.6], [0.35439, 51.8089, 80.4], [0.35432, 51.80886, 80.3], [0.35429, 51.80884, 80.3], [0.35422, 51.8088, 80.1], [0.35408, 51.80872, 79.9], [0.35408, 51.80872, 79.9], [0.35432, 51.80872, 80.0], [0.35459, 51.80871, 80.2], [0.35508, 51.80869, 80.4], [0.35535, 51.80867, 80.2], [0.35557, 51.80866, 80.1], [0.35585, 51.80866, 80.0], [0.35595, 51.80865, 79.9], [0.35614, 51.80863, 79.6], [0.35681, 51.80855, 79.0], [0.35766, 51.80848, 78.8], [0.35787, 51.80847, 78.8], [0.35809, 51.80845, 78.8], [0.35862, 51.80841, 78.9], [0.35906, 51.80832, 79.0], [0.35928, 51.80828, 79.0], [0.35964, 51.8082, 79.3], [0.36011, 51.80812, 79.7], [0.36054, 51.80809, 79.7], [0.36063, 51.80808, 79.7], [0.36069, 51.80808, 79.7], [0.36079, 51.80808, 79.7], [0.36105, 51.80809, 79.7], [0.36131, 51.80811, 79.7], [0.36163, 51.80815, 79.8], [0.36221, 51.80821, 79.9], [0.3626, 51.80823, 80.0], [0.36271, 51.80823, 80.1], [0.36291, 51.80823, 80.3], [0.36317, 51.80821, 80.5], [0.36356, 51.80818, 80.6], [0.36384, 51.80815, 80.6], [0.36456, 51.8081, 80.2], [0.36557, 51.80799, 80.0], [0.36561, 51.80799, 80.0], [0.36612, 51.80795, 80.3], [0.36614, 51.80795, 80.4], [0.36645, 51.80796, 80.7], [0.36672, 51.80799, 81.0], [0.36692, 51.80801, 81.2], [0.36763, 51.80812, 82.0], [0.36847, 51.80822, 83.7], [0.36871, 51.80825, 83.8], [0.36903, 51.80829, 83.9], [0.36943, 51.80838, 84.0], [0.37037, 51.80859, 84.1], [0.37039, 51.8086, 84.1], [0.37091, 51.80867, 84.5], [0.37093, 51.80868, 84.6], [0.37122, 51.80871, 85.1], [0.37165, 51.80877, 86.0], [0.37196, 51.80881, 86.1], [0.37255, 51.80887, 86.3], [0.37293, 51.80893, 86.6], [0.37331, 51.80898, 86.8], [0.37356, 51.80898, 87.0], [0.37385, 51.80895, 87.4], [0.37428, 51.80884, 87.8], [0.37433, 51.80883, 87.9], [0.37508, 51.80856, 88.5], [0.37516, 51.80854, 88.5], [0.37571, 51.80838, 88.1], [0.37618, 51.80823, 88.2], [0.3763, 51.8082, 88.2], [0.3764, 51.80818, 88.3], [0.37664, 51.80813, 88.5], [0.3768, 51.8081, 88.3], [0.37685, 51.80809, 88.3], [0.37699, 51.80808, 88.1], [0.37714, 51.80807, 88.0], [0.37718, 51.80806, 87.9], [0.37736, 51.80805, 87.8], [0.37757, 51.80804, 87.6], [0.37776, 51.80805, 87.3], [0.37796, 51.80805, 87.1], [0.37832, 51.80808, 86.7], [0.3785, 51.80809, 86.6], [0.37887, 51.8081, 86.3], [0.37906, 51.8081, 86.1], [0.37955, 51.80807, 85.5], [0.37973, 51.80805, 85.3], [0.38003, 51.80802, 85.0], [0.38023, 51.80799, 85.0], [0.38032, 51.80798, 85.0], [0.38043, 51.80796, 85.0], [0.38059, 51.80793, 85.0], [0.3806, 51.80792, 85.0], [0.38073, 51.80789, 85.0], [0.38096, 51.80782, 84.9], [0.38203, 51.80751, 85.0], [0.38295, 51.80722, 85.5], [0.38329, 51.80715, 85.6], [0.38404, 51.80705, 85.5], [0.38437, 51.80704, 85.4], [0.38454, 51.80703, 85.4], [0.38501, 51.80707, 85.5], [0.38552, 51.80712, 85.8], [0.3859, 51.8071, 86.0], [0.3863, 51.80705, 86.0], [0.38655, 51.80698, 86.2], [0.38662, 51.80694, 86.3], [0.38663, 51.80694, 86.3], [0.3867, 51.8069, 86.4], [0.38676, 51.80685, 86.6], [0.38681, 51.8068, 86.7], [0.38682, 51.80679, 86.7], [0.38685, 51.80674, 86.8], [0.38687, 51.80668, 87.0], [0.38685, 51.80648, 87.0], [0.3866, 51.80605, 86.9], [0.38656, 51.80594, 86.9], [0.38647, 51.8056, 86.6], [0.38643, 51.8054, 86.3], [0.38641, 51.80523, 86.2], [0.38638, 51.80502, 86.0], [0.3864, 51.80492, 85.8], [0.38643, 51.80487, 85.6], [0.38646, 51.80481, 85.5], [0.38658, 51.80471, 85.3], [0.38673, 51.80463, 85.1], [0.3872, 51.80441, 84.6], [0.38752, 51.80423, 84.2], [0.38811, 51.80366, 84.1], [0.38811, 51.80366, 84.1], [0.38837, 51.80362, 84.3], [0.38881, 51.80375, 84.5], [0.38921, 51.80381, 84.6], [0.39027, 51.80391, 84.7], [0.39054, 51.80394, 84.7], [0.39142, 51.80402, 84.2], [0.39171, 51.80405, 84.0], [0.39178, 51.80406, 84.0], [0.39188, 51.80406, 84.0], [0.39207, 51.80407, 83.9], [0.39249, 51.80409, 83.9], [0.39287, 51.8041, 83.9], [0.3933, 51.80407, 83.8], [0.39381, 51.80404, 83.2], [0.394, 51.80403, 83.0], [0.39402, 51.80402, 83.0], [0.39442, 51.80398, 82.2], [0.39551, 51.80391, 81.0], [0.39641, 51.80385, 80.3], [0.39729, 51.80379, 79.6], [0.39773, 51.80374, 79.2], [0.39777, 51.80373, 79.2], [0.39812, 51.80366, 78.9], [0.39816, 51.80365, 78.8], [0.39913, 51.8034, 78.9], [0.39992, 51.80323, 78.1], [0.40006, 51.8032, 78.0], [0.40031, 51.80317, 78.1], [0.40055, 51.80315, 78.1], [0.40118, 51.80311, 78.7], [0.40137, 51.8031, 78.9], [0.40139, 51.8031, 78.9], [0.40161, 51.80309, 79.2], [0.40219, 51.80304, 79.4], [0.40225, 51.80303, 79.4], [0.40281, 51.80297, 79.4], [0.4029, 51.80295, 79.5], [0.40307, 51.80291, 79.5], [0.40311, 51.80289, 79.5], [0.40367, 51.80267, 79.4], [0.4037, 51.80266, 79.4], [0.4039, 51.80259, 79.2], [0.40391, 51.80259, 79.2], [0.40417, 51.80253, 79.0], [0.4043, 51.8025, 78.8], [0.40451, 51.80246, 78.5], [0.40465, 51.80244, 78.3], [0.40495, 51.80239, 77.9], [0.40523, 51.80237, 77.8], [0.4053, 51.80236, 77.8], [0.40571, 51.80235, 77.8], [0.40604, 51.80237, 77.6], [0.40617, 51.80238, 77.5], [0.40645, 51.80241, 77.2], [0.40703, 51.80249, 77.0], [0.40722, 51.80251, 77.0], [0.40775, 51.80258, 76.9], [0.40789, 51.80259, 76.8], [0.40823, 51.80264, 76.7], [0.40915, 51.80276, 77.0], [0.40917, 51.80276, 77.1], [0.40926, 51.80277, 77.1], [0.40985, 51.80282, 77.7], [0.40999, 51.80282, 77.8], [0.41027, 51.80283, 77.6], [0.41046, 51.80285, 77.4], [0.41049, 51.80285, 77.4], [0.41066, 51.80288, 77.2], [0.41079, 51.80293, 77.0], [0.41091, 51.803, 76.8], [0.41095, 51.80303, 76.7], [0.41101, 51.80307, 76.6], [0.41113, 51.80318, 76.3], [0.41114, 51.80319, 76.3], [0.41123, 51.80324, 76.2], [0.41132, 51.8033, 76.1], [0.41138, 51.80335, 76.0], [0.41177, 51.80356, 75.3], [0.41198, 51.80366, 74.8], [0.41219, 51.80378, 74.3], [0.4124, 51.80391, 73.7], [0.41268, 51.80411, 72.9], [0.41289, 51.80431, 72.1], [0.41293, 51.80438, 71.8], [0.41317, 51.80459, 70.8], [0.41339, 51.80471, 70.0], [0.4136, 51.8048, 69.6], [0.41365, 51.80481, 69.6], [0.41392, 51.80486, 69.4], [0.41402, 51.80489, 69.3], [0.41444, 51.80497, 68.7], [0.41455, 51.80501, 68.5], [0.41465, 51.80504, 68.3], [0.41474, 51.80509, 68.0], [0.41501, 51.80525, 67.1], [0.41514, 51.80533, 66.6], [0.41533, 51.80539, 66.2], [0.41545, 51.80541, 66.0], [0.41555, 51.80541, 65.9], [0.41579, 51.80538, 65.7], [0.41617, 51.80532, 65.4], [0.41636, 51.80529, 65.3], [0.41646, 51.80528, 65.2], [0.41675, 51.80525, 65.0], [0.41692, 51.80524, 64.7], [0.41693, 51.80524, 64.7], [0.41712, 51.80524, 64.4], [0.41728, 51.80525, 64.1], [0.4175, 51.80529, 63.7], [0.41761, 51.80531, 63.5], [0.41787, 51.80536, 63.1], [0.41806, 51.8054, 62.8], [0.41833, 51.80546, 62.6], [0.41833, 51.80547, 62.6], [0.41845, 51.8055, 62.5], [0.41858, 51.80556, 62.5], [0.41868, 51.8056, 62.5], [0.41879, 51.80568, 62.6], [0.41892, 51.80576, 62.8], [0.41899, 51.80581, 62.9], [0.41935, 51.80608, 63.7], [0.41936, 51.80608, 63.7], [0.41953, 51.80618, 64.0], [0.4197, 51.80621, 64.2], [0.41981, 51.80623, 64.3], [0.41985, 51.80623, 64.3], [0.4199, 51.80622, 64.3], [0.41996, 51.80621, 64.3], [0.42002, 51.8062, 64.3], [0.4201, 51.80618, 64.2], [0.42029, 51.80613, 64.1], [0.42055, 51.80606, 63.8], [0.42063, 51.80603, 63.7], [0.42072, 51.80601, 63.6], [0.42108, 51.80591, 63.2], [0.42139, 51.80582, 62.9], [0.42183, 51.80573, 62.4], [0.42198, 51.80571, 62.3], [0.42211, 51.80569, 62.2], [0.42218, 51.80568, 62.2], [0.42227, 51.80567, 62.2], [0.42241, 51.80566, 62.1], [0.42276, 51.80565, 62.5], [0.42285, 51.80564, 62.6], [0.42326, 51.80564, 63.2], [0.42334, 51.80564, 63.3], [0.42341, 51.80565, 63.5], [0.42345, 51.80566, 63.5], [0.42351, 51.80567, 63.7], [0.42359, 51.80571, 63.9], [0.4236, 51.80571, 63.9], [0.42366, 51.80575, 64.1], [0.42371, 51.8058, 64.4], [0.42372, 51.80584, 64.5], [0.42374, 51.80597, 64.9], [0.42374, 51.80605, 65.1], [0.42373, 51.80623, 65.7], [0.42373, 51.80625, 65.7], [0.42373, 51.80628, 65.8], [0.42372, 51.80641, 66.2], [0.42372, 51.80646, 66.4], [0.42374, 51.80665, 66.9], [0.4238, 51.80684, 67.0], [0.42388, 51.80697, 67.0], [0.42398, 51.8071, 67.0], [0.42398, 51.8071, 67.0], [0.4241, 51.80712, 67.0], [0.42429, 51.80716, 67.1], [0.42461, 51.80716, 67.3], [0.42487, 51.80716, 67.5], [0.42529, 51.80715, 67.7], [0.42574, 51.80711, 67.9], [0.42576, 51.80711, 68.0], [0.42614, 51.80704, 68.0], [0.42623, 51.80701, 68.1], [0.42634, 51.80698, 68.2], [0.42654, 51.80692, 68.3], [0.42661, 51.80689, 68.4], [0.42678, 51.8068, 68.5], [0.42689, 51.80675, 68.5], [0.42701, 51.80669, 68.5], [0.42708, 51.80666, 68.5], [0.42724, 51.80658, 68.2], [0.42744, 51.80648, 67.8], [0.42773, 51.80639, 67.4], [0.42799, 51.80631, 67.0], [0.42848, 51.80617, 66.2], [0.42902, 51.80596, 65.2], [0.42924, 51.80586, 64.8], [0.42952, 51.80572, 64.1], [0.4299, 51.80554, 63.5], [0.42993, 51.80552, 63.5], [0.43012, 51.80544, 63.3], [0.43016, 51.80542, 63.3], [0.43021, 51.8054, 63.3], [0.43034, 51.80535, 63.2], [0.43044, 51.80533, 63.1], [0.43067, 51.80529, 62.8], [0.4307, 51.80529, 62.8], [0.43085, 51.80529, 62.6], [0.43106, 51.80531, 62.1], [0.43161, 51.80535, 60.7], [0.43185, 51.80536, 60.6], [0.43214, 51.80537, 60.6], [0.43216, 51.80537, 60.6], [0.43243, 51.80535, 60.6], [0.43244, 51.80535, 60.6], [0.43253, 51.80534, 60.6], [0.43263, 51.80532, 60.6], [0.43271, 51.8053, 60.6], [0.43276, 51.80528, 60.6], [0.43295, 51.8052, 60.5], [0.43342, 51.80499, 60.0], [0.43365, 51.80488, 59.9], [0.43379, 51.80481, 59.8], [0.43388, 51.80477, 59.7], [0.43412, 51.80468, 59.6], [0.43413, 51.80467, 59.6], [0.43428, 51.80462, 59.6], [0.4344, 51.8046, 59.7], [0.43445, 51.80459, 59.7], [0.43468, 51.80457, 59.8], [0.4347, 51.80457, 59.8], [0.43547, 51.80455, 60.2], [0.43555, 51.80455, 60.3], [0.43643, 51.80452, 61.1], [0.43677, 51.80449, 61.4], [0.43696, 51.80447, 61.4], [0.43717, 51.80443, 61.3], [0.4372, 51.80442, 61.3], [0.43735, 51.80439, 61.3], [0.43756, 51.80432, 61.1], [0.43795, 51.8042, 60.5], [0.43859, 51.80399, 59.8], [0.43795, 51.8042, 60.5], [0.43756, 51.80432, 61.1], [0.43735, 51.80439, 61.3], [0.4372, 51.80442, 61.3], [0.43717, 51.80443, 61.3], [0.43696, 51.80447, 61.4], [0.43677, 51.80449, 61.4], [0.43643, 51.80452, 61.1], [0.43643, 51.80452, 61.1], [0.43677, 51.80449, 61.4], [0.43696, 51.80447, 61.4], [0.43717, 51.80443, 61.3], [0.4372, 51.80442, 61.3], [0.43735, 51.80439, 61.3], [0.43756, 51.80432, 61.1], [0.43795, 51.8042, 60.5], [0.43859, 51.80399, 59.8], [0.43895, 51.80387, 59.6], [0.43935, 51.80377, 59.4], [0.43953, 51.80374, 59.3], [0.43981, 51.80369, 59.0], [0.43992, 51.80367, 58.9], [0.44032, 51.80362, 58.7], [0.44066, 51.80357, 58.6], [0.44094, 51.80353, 58.3], [0.44119, 51.80349, 57.9], [0.44156, 51.80342, 57.3], [0.44177, 51.80337, 57.1], [0.44205, 51.80331, 57.0], [0.44232, 51.80325, 56.9], [0.4426, 51.80319, 56.8], [0.44268, 51.80317, 56.8], [0.44451, 51.80265, 54.4], [0.44471, 51.80259, 53.8], [0.44497, 51.80251, 53.1], [0.44524, 51.80244, 52.9], [0.44606, 51.8022, 52.0], [0.44617, 51.80217, 51.8], [0.44631, 51.80214, 51.6], [0.44651, 51.80213, 51.3], [0.44659, 51.80213, 51.2], [0.44678, 51.80213, 51.0], [0.44688, 51.80213, 51.0], [0.44734, 51.80213, 50.7], [0.44789, 51.80215, 50.3], [0.44804, 51.80215, 50.2], [0.44833, 51.80216, 50.0], [0.44892, 51.80217, 50.0], [0.449, 51.80217, 50.0], [0.44925, 51.80219, 50.1], [0.45013, 51.80222, 51.2], [0.45041, 51.80224, 51.5], [0.45042, 51.80224, 51.5], [0.45126, 51.80226, 52.9], [0.45129, 51.80226, 52.9], [0.45175, 51.80224, 53.6], [0.45214, 51.80219, 53.1], [0.45215, 51.80218, 53.0], [0.45243, 51.80215, 52.7], [0.45281, 51.8021, 52.0], [0.45396, 51.80202, 50.7], [0.45416, 51.80201, 50.6], [0.45416, 51.80201, 50.6], [0.45474, 51.80205, 49.9], [0.45496, 51.80207, 49.6], [0.45496, 51.80207, 49.6], [0.45508, 51.8021, 49.5], [0.45539, 51.80217, 49.4], [0.45545, 51.80218, 49.4], [0.45572, 51.80222, 49.3], [0.45572, 51.80222, 49.3], [0.45572, 51.80222, 49.3], [0.45585, 51.80224, 49.2], [0.4563, 51.8023, 48.7], [0.4565, 51.80233, 48.3], [0.45659, 51.80234, 48.2], [0.45687, 51.80238, 47.5], [0.4569, 51.80239, 47.4], [0.45736, 51.80246, 46.3], [0.45743, 51.80248, 46.2], [0.45772, 51.80255, 45.6], [0.45798, 51.8026, 45.2], [0.45894, 51.80283, 43.1], [0.45904, 51.80285, 42.9], [0.45916, 51.80288, 42.6], [0.45969, 51.80298, 41.6], [0.45971, 51.80299, 41.6], [0.45994, 51.80304, 41.1], [0.45999, 51.80305, 41.0], [0.46012, 51.80309, 40.8], [0.46029, 51.80315, 40.5], [0.4605, 51.80324, 40.2], [0.46063, 51.80334, 40.0], [0.46066, 51.80338, 40.1], [0.46083, 51.80352, 40.4], [0.4609, 51.80358, 40.5], [0.46082, 51.80374, 41.0], [0.46064, 51.80406, 41.7], [0.46048, 51.80437, 41.6], [0.46036, 51.80457, 41.3], [0.46029, 51.8047, 41.1], [0.46027, 51.80474, 41.1], [0.46017, 51.80491, 40.9], [0.46007, 51.80508, 40.7], [0.46, 51.8052, 40.5], [0.45994, 51.80529, 40.5], [0.45974, 51.80557, 40.5], [0.45964, 51.80569, 40.6], [0.45951, 51.80579, 40.8], [0.45928, 51.80594, 41.0], [0.45884, 51.80614, 40.8], [0.4586, 51.80623, 40.7], [0.45787, 51.80653, 40.5], [0.45771, 51.8066, 40.6], [0.45768, 51.80661, 40.7], [0.45736, 51.80679, 41.3], [0.45729, 51.80683, 41.5], [0.45695, 51.80703, 42.3], [0.45652, 51.80734, 43.4], [0.45649, 51.80736, 43.5], [0.45612, 51.80759, 44.1], [0.45577, 51.80778, 44.5], [0.45573, 51.8078, 44.6], [0.4555, 51.80791, 45.0], [0.45531, 51.80799, 45.4], [0.45526, 51.80801, 45.6], [0.45524, 51.80802, 45.6], [0.45494, 51.80819, 46.3], [0.45473, 51.80835, 46.6], [0.45467, 51.8084, 46.6], [0.45467, 51.8084, 46.6], [0.45438, 51.80867, 46.4], [0.45424, 51.80887, 45.9], [0.45417, 51.80899, 45.6], [0.45404, 51.8093, 45.2], [0.45404, 51.80932, 45.2], [0.45397, 51.80955, 45.2], [0.45396, 51.8098, 45.2], [0.45397, 51.81038, 45.6], [0.45403, 51.81055, 45.7], [0.45404, 51.81058, 45.7], [0.45413, 51.81075, 45.9], [0.45425, 51.81089, 45.8], [0.45452, 51.8112, 44.9], [0.45454, 51.81123, 44.9], [0.45461, 51.81131, 44.6], [0.45466, 51.81136, 44.4], [0.45469, 51.81138, 44.3], [0.45471, 51.8114, 44.2], [0.45498, 51.81164, 43.1], [0.45518, 51.81179, 42.9], [0.45521, 51.81181, 42.9], [0.45537, 51.81193, 42.7], [0.45554, 51.81211, 42.5], [0.45556, 51.81213, 42.5], [0.45564, 51.81226, 42.4], [0.45569, 51.81246, 42.3], [0.45573, 51.8126, 42.5], [0.45574, 51.81263, 42.5], [0.45586, 51.81303, 43.2], [0.45597, 51.81315, 43.2], [0.45598, 51.81316, 43.2], [0.45603, 51.81321, 43.2], [0.45619, 51.81339, 43.1], [0.45619, 51.81339, 43.1], [0.45614, 51.81341, 43.3], [0.4561, 51.81344, 43.4], [0.45608, 51.81347, 43.4], [0.45606, 51.8135, 43.5], [0.45605, 51.81353, 43.5], [0.45606, 51.81356, 43.5], [0.45607, 51.81358, 43.4], [0.4561, 51.81361, 43.4], [0.45602, 51.81366, 43.6], [0.45593, 51.81373, 43.8], [0.45587, 51.8138, 43.9], [0.45553, 51.81423, 44.8], [0.4554, 51.8144, 45.2], [0.45497, 51.81494, 46.1], [0.4544, 51.81569, 48.4], [0.45438, 51.81572, 48.5], [0.45438, 51.81572, 48.5], [0.45419, 51.81598, 49.1], [0.45415, 51.81602, 49.3], [0.454, 51.81618, 49.8], [0.45361, 51.8166, 51.3], [0.45357, 51.81664, 51.4], [0.4534, 51.81679, 51.4], [0.45313, 51.81702, 51.2], [0.45246, 51.81748, 52.2], [0.4523, 51.81758, 52.6], [0.45206, 51.81772, 53.2], [0.45182, 51.81784, 53.7], [0.45178, 51.81786, 53.8], [0.45159, 51.81795, 54.1], [0.45157, 51.81796, 54.1], [0.45132, 51.81808, 54.3], [0.45087, 51.81826, 55.0], [0.4508, 51.81829, 55.1], [0.45063, 51.81835, 55.5], [0.45022, 51.81851, 56.3], [0.44988, 51.81864, 56.8], [0.44965, 51.81872, 57.2], [0.44893, 51.81897, 58.5], [0.44843, 51.81915, 59.8], [0.44812, 51.81926, 60.3], [0.44784, 51.81936, 60.7], [0.44735, 51.81951, 61.6], [0.44707, 51.8196, 62.0], [0.44696, 51.81964, 62.2], [0.44627, 51.81987, 63.8], [0.44627, 51.81987, 63.8], [0.44637, 51.82003, 63.7], [0.44638, 51.82007, 63.7], [0.44637, 51.8201, 63.7], [0.44634, 51.82013, 63.8], [0.44625, 51.82019, 64.0], [0.44586, 51.82046, 64.9], [0.44566, 51.82061, 65.2], [0.44551, 51.82069, 65.4], [0.44539, 51.82076, 65.5], [0.44509, 51.8209, 65.9], [0.44462, 51.82116, 66.5], [0.44453, 51.8212, 66.6], [0.44419, 51.8214, 67.0], [0.44415, 51.82144, 67.0], [0.44414, 51.82146, 67.0], [0.44413, 51.82148, 67.0], [0.44412, 51.82151, 67.0], [0.44412, 51.82153, 67.0], [0.44412, 51.82157, 67.0], [0.44412, 51.8216, 67.0], [0.44412, 51.82163, 67.0], [0.44413, 51.82164, 67.0], [0.44413, 51.82167, 67.0], [0.44414, 51.82169, 66.9], [0.44416, 51.82171, 66.9], [0.4442, 51.82178, 66.7], [0.44422, 51.82181, 66.6], [0.44434, 51.82196, 66.1], [0.44435, 51.82197, 66.1], [0.44443, 51.82206, 65.7], [0.44444, 51.82208, 65.7], [0.44444, 51.82208, 65.7], [0.44448, 51.82213, 65.5], [0.4445, 51.82216, 65.4], [0.44455, 51.82223, 65.2], [0.44474, 51.82261, 64.3], [0.44476, 51.82264, 64.3], [0.44486, 51.82281, 64.2], [0.44497, 51.82298, 64.0], [0.4451, 51.8232, 63.9], [0.44535, 51.82354, 63.1], [0.44538, 51.82357, 63.0], [0.44544, 51.82362, 62.8], [0.44544, 51.82363, 62.8], [0.4455, 51.82369, 62.5], [0.44574, 51.8239, 61.8], [0.44611, 51.82421, 60.6], [0.44642, 51.82443, 59.7], [0.44653, 51.82451, 59.3], [0.44658, 51.82455, 59.2], [0.44661, 51.82457, 59.1], [0.44668, 51.82463, 58.9], [0.44672, 51.82467, 58.7], [0.44677, 51.82472, 58.4], [0.44698, 51.82493, 57.4], [0.44726, 51.82518, 56.2], [0.44756, 51.82543, 55.3], [0.448, 51.82585, 54.4], [0.4484, 51.82621, 53.0], [0.44847, 51.82627, 52.7], [0.4485, 51.82629, 52.6], [0.44863, 51.82642, 52.0], [0.44883, 51.82659, 51.0], [0.44892, 51.8267, 50.4], [0.44897, 51.82677, 50.0], [0.44901, 51.82683, 49.6], [0.44905, 51.82688, 49.3], [0.44922, 51.82715, 47.6], [0.44944, 51.82757, 45.1], [0.44945, 51.82758, 45.1], [0.44952, 51.82774, 44.4], [0.44956, 51.82784, 44.0], [0.44964, 51.82802, 43.3], [0.44965, 51.82806, 43.2], [0.44967, 51.82811, 43.0], [0.44967, 51.82814, 43.0], [0.44967, 51.82818, 42.8], [0.44966, 51.82824, 42.7], [0.44965, 51.82829, 42.5], [0.44964, 51.82829, 42.6], [0.44961, 51.82841, 42.2], [0.44956, 51.82853, 41.8], [0.4495, 51.82865, 41.5], [0.44947, 51.82872, 41.2], [0.44947, 51.82872, 41.2], [0.44945, 51.82877, 41.1], [0.44943, 51.8289, 40.6], [0.44943, 51.82895, 40.5], [0.44943, 51.82899, 40.3], [0.44945, 51.8291, 39.9], [0.44946, 51.82935, 39.6], [0.44949, 51.8296, 39.6], [0.4495, 51.82971, 39.6], [0.44951, 51.82984, 39.6], [0.4495, 51.82993, 39.6], [0.44947, 51.83005, 39.9], [0.44941, 51.83015, 40.4], [0.44935, 51.83023, 40.9], [0.4493, 51.83031, 41.3], [0.44916, 51.83051, 42.5], [0.44909, 51.83061, 43.0], [0.44902, 51.8307, 43.4], [0.44888, 51.83088, 44.2], [0.44885, 51.83091, 44.4], [0.44873, 51.83107, 45.1], [0.4486, 51.83127, 46.1], [0.44847, 51.83151, 47.2], [0.44847, 51.83152, 47.3], [0.4484, 51.83167, 48.0], [0.44838, 51.83172, 48.3], [0.44829, 51.83191, 49.4], [0.44822, 51.83203, 50.0], [0.44818, 51.8321, 50.4], [0.44805, 51.8323, 51.5], [0.44792, 51.8325, 52.5], [0.44789, 51.83257, 52.7], [0.44787, 51.83263, 52.9], [0.44785, 51.83275, 53.3], [0.44784, 51.8328, 53.5], [0.44784, 51.83289, 53.8], [0.44784, 51.83294, 54.0], [0.44787, 51.83308, 54.5], [0.44787, 51.83311, 54.6], [0.4479, 51.83319, 55.0], [0.44791, 51.83321, 55.0], [0.44797, 51.8334, 55.8], [0.44806, 51.83369, 56.8], [0.44808, 51.83378, 57.1], [0.4481, 51.83384, 57.4], [0.4481, 51.83388, 57.5], [0.4481, 51.83393, 57.7], [0.4481, 51.83397, 57.8], [0.44809, 51.83403, 58.0], [0.44806, 51.8342, 58.4], [0.44802, 51.83439, 58.9], [0.448, 51.83446, 59.0], [0.448, 51.8345, 59.2], [0.448, 51.83452, 59.2], [0.448, 51.83474, 59.9], [0.448, 51.83492, 60.4], [0.448, 51.83499, 60.6], [0.44797, 51.83509, 60.8], [0.44797, 51.8351, 60.9], [0.44795, 51.83515, 61.0], [0.44795, 51.83517, 61.1], [0.44791, 51.83525, 61.2], [0.44774, 51.83554, 61.8], [0.44759, 51.83577, 62.1], [0.44743, 51.83608, 62.5], [0.44738, 51.83619, 62.8], [0.44736, 51.83629, 63.0], [0.44736, 51.83639, 63.3], [0.44736, 51.83642, 63.4], [0.44736, 51.83649, 63.5], [0.44737, 51.83659, 63.8], [0.44738, 51.83665, 64.0], [0.44739, 51.83692, 65.2], [0.44738, 51.83699, 65.6], [0.44735, 51.83705, 65.8], [0.44735, 51.83705, 65.8], [0.4473, 51.83716, 66.4], [0.44725, 51.83724, 66.8], [0.44723, 51.83726, 66.8], [0.44716, 51.83736, 67.3], [0.4471, 51.83744, 67.7], [0.44709, 51.83745, 67.8], [0.44698, 51.83757, 68.1], [0.44694, 51.8376, 68.1], [0.44674, 51.83776, 68.3], [0.44639, 51.83799, 68.5], [0.44634, 51.83803, 68.5], [0.44617, 51.83814, 68.6], [0.44592, 51.8383, 68.9], [0.44561, 51.83852, 69.7], [0.44549, 51.8386, 70.0], [0.44539, 51.83867, 70.2], [0.44517, 51.83882, 70.8], [0.44479, 51.83909, 71.7], [0.44447, 51.83933, 72.1], [0.44407, 51.83963, 72.6], [0.44393, 51.83974, 72.7], [0.44391, 51.83975, 72.7], [0.44373, 51.8399, 72.9], [0.44355, 51.84003, 73.0], [0.44355, 51.84004, 73.0], [0.44339, 51.84017, 73.2], [0.44324, 51.84031, 73.4], [0.44319, 51.84037, 73.5], [0.44314, 51.84042, 73.6], [0.44307, 51.84053, 73.8], [0.44298, 51.84066, 74.1], [0.44297, 51.84067, 74.2], [0.44288, 51.84083, 74.5], [0.44283, 51.84091, 74.7], [0.44274, 51.84108, 75.1], [0.44268, 51.84119, 75.3], [0.44261, 51.84132, 75.5], [0.4426, 51.84134, 75.6], [0.44249, 51.84153, 75.8], [0.44247, 51.84156, 75.9], [0.44239, 51.84168, 76.0], [0.4423, 51.84181, 76.0], [0.44228, 51.84184, 76.0], [0.44216, 51.84201, 76.0], [0.44211, 51.84209, 76.0], [0.44189, 51.84238, 76.0], [0.44181, 51.8425, 76.0], [0.44179, 51.84252, 76.0], [0.44175, 51.84258, 75.8], [0.44157, 51.84285, 75.1], [0.4415, 51.84296, 74.9], [0.44143, 51.84305, 74.8], [0.44135, 51.84316, 74.6], [0.44124, 51.8433, 74.6], [0.44121, 51.84332, 74.6], [0.44106, 51.84348, 74.4], [0.44098, 51.84356, 74.3], [0.44092, 51.84363, 74.2], [0.44074, 51.84382, 73.9], [0.44058, 51.84401, 73.6], [0.4405, 51.84413, 73.5], [0.44047, 51.84418, 73.4], [0.4404, 51.84429, 73.3], [0.44037, 51.84436, 73.2], [0.44035, 51.84445, 73.1], [0.44034, 51.84449, 73.0], [0.4403, 51.84468, 72.8], [0.44029, 51.84477, 72.7], [0.44029, 51.84477, 72.7], [0.44027, 51.84499, 72.4], [0.44023, 51.84542, 72.1], [0.44018, 51.84579, 71.8], [0.44017, 51.84589, 71.7], [0.44015, 51.84617, 71.5], [0.44014, 51.84625, 71.4], [0.44014, 51.84627, 71.4], [0.44012, 51.84643, 71.2], [0.44012, 51.84651, 71.2], [0.4401, 51.8466, 71.1], [0.4401, 51.84663, 71.0], [0.44008, 51.84679, 71.1], [0.44007, 51.8468, 71.2], [0.44005, 51.84695, 71.3], [0.44003, 51.84702, 71.4], [0.44, 51.84709, 71.5], [0.43998, 51.84715, 71.6], [0.43991, 51.84733, 71.8], [0.43988, 51.84741, 71.9], [0.43983, 51.84751, 72.0], [0.43976, 51.84767, 71.9], [0.4397, 51.84784, 71.9], [0.43969, 51.84786, 71.8], [0.43969, 51.84789, 71.8], [0.43969, 51.84795, 71.8], [0.4397, 51.848, 71.8], [0.4397, 51.84803, 71.8], [0.43972, 51.84806, 71.8], [0.43974, 51.84809, 71.8], [0.43977, 51.84812, 71.8], [0.43984, 51.8482, 71.8], [0.43997, 51.84838, 72.0], [0.43999, 51.84843, 72.0], [0.44002, 51.84854, 72.0], [0.44004, 51.84867, 72.0], [0.44006, 51.84878, 72.0], [0.44006, 51.84894, 71.9], [0.44005, 51.84918, 71.9], [0.44002, 51.84927, 72.0], [0.44, 51.84933, 72.0], [0.43989, 51.8495, 71.9], [0.43968, 51.84982, 71.6], [0.4396, 51.84994, 71.5], [0.43957, 51.84999, 71.5], [0.43945, 51.85016, 71.3], [0.43938, 51.85022, 71.3], [0.43933, 51.85026, 71.2], [0.4393, 51.85028, 71.2], [0.43922, 51.85031, 71.1], [0.43916, 51.85033, 71.0], [0.43903, 51.85037, 70.9], [0.43884, 51.85043, 70.8], [0.43871, 51.85047, 70.8], [0.43865, 51.8505, 70.8], [0.4386, 51.85053, 70.8], [0.43856, 51.85056, 70.8], [0.43852, 51.85059, 70.8], [0.4385, 51.85061, 70.8], [0.43846, 51.85064, 70.8], [0.43842, 51.85068, 70.8], [0.43838, 51.85073, 70.9], [0.43816, 51.85094, 71.1], [0.43791, 51.85119, 71.6], [0.43771, 51.8514, 72.1], [0.43762, 51.85149, 72.4], [0.43744, 51.85167, 73.0], [0.43735, 51.85175, 73.1], [0.43717, 51.85193, 73.3], [0.43682, 51.85225, 73.7], [0.43677, 51.85229, 73.7], [0.43668, 51.85235, 73.8], [0.43668, 51.85235, 73.8], [0.43654, 51.85245, 73.8], [0.43615, 51.85273, 73.4], [0.43596, 51.85289, 73.5], [0.43583, 51.85301, 73.6], [0.43572, 51.85311, 73.7], [0.43557, 51.85329, 73.9], [0.43544, 51.85346, 74.2], [0.43513, 51.85382, 74.6], [0.43492, 51.85409, 74.7], [0.43477, 51.85431, 74.9], [0.43455, 51.8548, 75.8], [0.4345, 51.85491, 75.9], [0.43439, 51.85512, 75.9], [0.43428, 51.85532, 75.7], [0.43425, 51.85536, 75.7], [0.43422, 51.85542, 75.7], [0.43417, 51.85549, 75.6], [0.43412, 51.85556, 75.6], [0.4339, 51.85583, 75.7], [0.43363, 51.85616, 75.7], [0.4335, 51.85633, 75.8], [0.43343, 51.85643, 75.8], [0.43329, 51.8566, 75.8], [0.43329, 51.8566, 75.8], [0.43337, 51.8566, 76.0], [0.43373, 51.85667, 76.5], [0.43393, 51.85671, 76.7], [0.4341, 51.85675, 76.9], [0.43445, 51.85683, 77.3], [0.43475, 51.8569, 77.7], [0.43503, 51.85696, 78.0], [0.43517, 51.85697, 78.0], [0.43529, 51.85699, 78.0], [0.43542, 51.857, 78.0], [0.43543, 51.857, 78.0], [0.43569, 51.85703, 78.0], [0.43586, 51.85705, 78.0], [0.43627, 51.8571, 78.3], [0.43633, 51.8571, 78.3], [0.43667, 51.85716, 78.6], [0.43682, 51.85718, 78.7], [0.43701, 51.8572, 78.8], [0.43738, 51.85724, 79.0], [0.43766, 51.85727, 79.2], [0.4377, 51.85727, 79.2], [0.43793, 51.8573, 79.5], [0.438, 51.8573, 79.6], [0.43809, 51.85731, 79.7], [0.43852, 51.85736, 80.0], [0.43899, 51.85741, 79.9], [0.43927, 51.85743, 79.8], [0.43938, 51.85745, 79.7], [0.43952, 51.85746, 79.5], [0.43966, 51.85747, 79.4], [0.43982, 51.85747, 79.2], [0.44025, 51.85746, 79.0], [0.44058, 51.85747, 79.0], [0.44074, 51.85748, 79.0], [0.44088, 51.8575, 79.0], [0.44106, 51.85753, 79.0], [0.44129, 51.85758, 79.1], [0.44154, 51.85766, 79.2], [0.44164, 51.85769, 79.2], [0.44164, 51.85769, 79.2], [0.44173, 51.85771, 79.2], [0.44187, 51.85776, 79.1], [0.44199, 51.8578, 79.0], [0.44226, 51.85789, 78.8], [0.44257, 51.85801, 78.5], [0.44266, 51.85805, 78.5], [0.44273, 51.85807, 78.4], [0.44279, 51.8581, 78.4], [0.44284, 51.85813, 78.3], [0.44295, 51.85821, 78.3], [0.44302, 51.85827, 78.3], [0.44315, 51.8584, 78.1], [0.44329, 51.85854, 77.8], [0.44341, 51.85865, 77.5], [0.44353, 51.85875, 77.3], [0.44356, 51.85876, 77.2], [0.44361, 51.85879, 77.1], [0.44372, 51.85884, 76.9], [0.44381, 51.85888, 76.8], [0.44389, 51.85891, 76.6], [0.44399, 51.85894, 76.5], [0.44415, 51.85897, 76.3], [0.44428, 51.859, 76.0], [0.4444, 51.85902, 75.8], [0.44456, 51.85904, 75.6], [0.4448, 51.85908, 75.3], [0.445, 51.85913, 75.0], [0.44517, 51.85917, 74.8], [0.44533, 51.85922, 74.5], [0.44547, 51.85928, 74.2], [0.44563, 51.85936, 74.0], [0.44578, 51.85945, 73.7], [0.44594, 51.85954, 73.4], [0.44609, 51.85963, 73.2], [0.44619, 51.85969, 73.1], [0.44647, 51.85987, 72.9], [0.44673, 51.86002, 72.8], [0.4469, 51.8601, 72.3], [0.44705, 51.86018, 71.8], [0.44708, 51.86019, 71.8], [0.4471, 51.8602, 71.7], [0.44732, 51.86029, 71.3], [0.44784, 51.86051, 70.4], [0.4482, 51.86067, 70.0], [0.44826, 51.8607, 69.9], [0.44849, 51.86081, 70.0], [0.44877, 51.86095, 70.1], [0.44885, 51.86099, 70.1], [0.44909, 51.86111, 70.0], [0.44922, 51.86118, 69.9], [0.44971, 51.86146, 69.3], [0.44986, 51.86156, 69.2], [0.45002, 51.86165, 69.0], [0.45011, 51.8617, 69.1], [0.45045, 51.86187, 69.5], [0.4506, 51.86194, 69.7], [0.45075, 51.862, 69.8], [0.45078, 51.86202, 69.8], [0.45113, 51.86216, 70.5], [0.45133, 51.86223, 70.9], [0.4515, 51.86229, 71.3], [0.45151, 51.86229, 71.3], [0.45191, 51.86239, 72.0], [0.45219, 51.86245, 72.5], [0.45256, 51.86252, 73.1], [0.45256, 51.86252, 73.1], [0.45277, 51.86268, 73.3], [0.45301, 51.86288, 73.6], [0.45307, 51.86294, 73.7], [0.45323, 51.86313, 73.9], [0.45326, 51.86316, 73.9], [0.45332, 51.86319, 74.0], [0.45332, 51.86319, 74.0], [0.4533, 51.86325, 74.0], [0.45329, 51.86333, 73.9], [0.4533, 51.86349, 74.0], [0.45331, 51.86355, 74.0], [0.45334, 51.86369, 74.0], [0.45336, 51.86373, 74.0], [0.45344, 51.86398, 74.0], [0.45347, 51.8641, 74.0], [0.45348, 51.86419, 74.0], [0.45348, 51.86426, 74.1], [0.45348, 51.86431, 74.2], [0.45345, 51.86444, 74.3], [0.45341, 51.86457, 74.5], [0.45333, 51.86478, 74.7], [0.45333, 51.86479, 74.7], [0.45333, 51.86479, 74.7], [0.45329, 51.86489, 74.8], [0.45328, 51.86496, 74.8], [0.45327, 51.86502, 74.8], [0.45326, 51.86507, 74.7], [0.45327, 51.86513, 74.5], [0.4533, 51.86524, 74.4], [0.45333, 51.86535, 74.2], [0.45339, 51.86547, 73.9], [0.45341, 51.86552, 73.8], [0.4536, 51.86577, 73.2], [0.45376, 51.86606, 73.1], [0.45412, 51.86662, 73.9], [0.4542, 51.86677, 74.2], [0.45424, 51.86683, 74.4], [0.45427, 51.86691, 74.5], [0.4543, 51.86698, 74.6], [0.45431, 51.86701, 74.7], [0.45435, 51.86712, 74.9], [0.45435, 51.86713, 74.9], [0.45436, 51.86726, 75.0], [0.45437, 51.8673, 75.1], [0.45438, 51.86765, 75.4], [0.45438, 51.8677, 75.5], [0.45437, 51.86784, 75.7], [0.45436, 51.86807, 75.9], [0.45436, 51.86809, 75.9], [0.45435, 51.86817, 76.0], [0.45435, 51.86818, 76.0], [0.45436, 51.86825, 76.0], [0.45436, 51.86826, 76.0], [0.45436, 51.86828, 76.1], [0.45436, 51.86829, 76.1], [0.45437, 51.86831, 76.1], [0.45439, 51.86833, 76.1], [0.45442, 51.86837, 76.2], [0.45446, 51.86841, 76.2], [0.45454, 51.86848, 76.1], [0.4546, 51.86852, 76.1], [0.45461, 51.86853, 76.1], [0.45491, 51.86865, 76.1], [0.45505, 51.86871, 76.1], [0.45515, 51.86875, 76.0], [0.45539, 51.86886, 75.7], [0.45547, 51.86889, 75.7], [0.45562, 51.86897, 75.5], [0.45586, 51.86908, 75.2], [0.45594, 51.86911, 75.1], [0.456, 51.86914, 75.1], [0.45633, 51.86928, 75.0], [0.4565, 51.86935, 75.0], [0.45657, 51.86938, 75.0], [0.45697, 51.86957, 75.4], [0.45713, 51.86965, 75.6], [0.4572, 51.8697, 75.6], [0.45729, 51.86975, 75.7], [0.45737, 51.86981, 75.8], [0.45745, 51.86988, 75.9], [0.45751, 51.86994, 76.0], [0.45761, 51.87004, 76.2], [0.45767, 51.87013, 76.4], [0.45774, 51.87024, 76.6], [0.45779, 51.87037, 76.8], [0.45779, 51.87038, 76.8], [0.45782, 51.87047, 76.9], [0.45784, 51.87055, 77.1], [0.45786, 51.87076, 77.3], [0.45784, 51.87101, 77.4], [0.4578, 51.87136, 77.4], [0.45779, 51.87148, 77.3], [0.45779, 51.87149, 77.3], [0.45779, 51.87156, 77.3], [0.45779, 51.87164, 77.3], [0.45781, 51.8717, 77.3], [0.45781, 51.8717, 77.3], [0.45781, 51.87174, 77.3], [0.45783, 51.87181, 77.2], [0.45786, 51.87191, 77.1], [0.4579, 51.872, 77.1], [0.45795, 51.87209, 77.0], [0.45802, 51.87222, 77.0], [0.45812, 51.87238, 76.9], [0.45816, 51.87244, 76.9], [0.4582, 51.87253, 76.9], [0.45825, 51.87268, 77.3], [0.45836, 51.87294, 78.1], [0.45839, 51.87302, 78.3], [0.45842, 51.87307, 78.4], [0.45847, 51.87313, 78.6], [0.45852, 51.8732, 78.7], [0.45866, 51.87338, 79.1], [0.45881, 51.87354, 79.4], [0.45883, 51.87356, 79.4], [0.45894, 51.87365, 79.5], [0.4592, 51.87385, 79.6], [0.45929, 51.87392, 79.6], [0.45947, 51.87406, 79.6], [0.45956, 51.87413, 79.5], [0.45994, 51.87446, 79.4], [0.46013, 51.87466, 79.6], [0.46052, 51.87524, 79.8], [0.46071, 51.87567, 79.3], [0.461, 51.87631, 78.8], [0.46106, 51.87646, 78.7], [0.46108, 51.87648, 78.7], [0.46129, 51.87684, 77.9], [0.46152, 51.87715, 76.9], [0.46154, 51.87717, 76.9], [0.46184, 51.87747, 75.9], [0.46194, 51.87754, 75.6], [0.46203, 51.87759, 75.5], [0.46205, 51.8776, 75.4], [0.46218, 51.87766, 75.2], [0.46229, 51.87771, 75.0], [0.46247, 51.87776, 74.7], [0.46273, 51.87779, 74.4], [0.46281, 51.87779, 74.3], [0.46302, 51.87779, 74.0], [0.4631, 51.87778, 73.9], [0.46317, 51.87777, 73.9], [0.46329, 51.87775, 73.8], [0.46352, 51.87771, 73.7], [0.46455, 51.87739, 73.6], [0.46501, 51.87725, 73.0], [0.46531, 51.87712, 73.5], [0.46556, 51.87703, 74.1], [0.46605, 51.87683, 75.5], [0.46654, 51.87664, 77.5], [0.46679, 51.87654, 77.6], [0.46777, 51.87616, 76.5], [0.46781, 51.87614, 76.5], [0.46801, 51.87606, 76.6], [0.46826, 51.87596, 76.8], [0.46841, 51.8759, 76.7], [0.46944, 51.87543, 74.7], [0.46967, 51.87533, 74.5], [0.46991, 51.87522, 74.5], [0.47014, 51.87511, 74.6], [0.47038, 51.87501, 74.5], [0.47061, 51.8749, 74.4], [0.47067, 51.87488, 74.3], [0.47085, 51.8748, 74.2], [0.47119, 51.87465, 74.0], [0.4715, 51.87451, 73.8], [0.47179, 51.87437, 73.8], [0.47185, 51.87435, 73.8], [0.47217, 51.87423, 73.9], [0.47217, 51.87423, 73.9], [0.47218, 51.87426, 73.9], [0.47219, 51.87427, 73.9], [0.4722, 51.87428, 73.9], [0.47221, 51.87429, 73.9], [0.47222, 51.8743, 73.8], [0.47223, 51.8743, 73.8], [0.47226, 51.87431, 73.8], [0.47243, 51.87448, 73.6], [0.47247, 51.87455, 73.5], [0.47264, 51.87483, 73.0], [0.47275, 51.875, 72.8], [0.47281, 51.87506, 72.7], [0.47293, 51.87522, 72.4], [0.47294, 51.87523, 72.4], [0.47298, 51.87527, 72.3], [0.47309, 51.87538, 72.2], [0.47314, 51.87542, 72.1], [0.4732, 51.87548, 72.1], [0.47335, 51.87559, 72.0], [0.47345, 51.87566, 72.0], [0.47351, 51.8757, 72.0], [0.47352, 51.8757, 72.0], [0.47373, 51.8758, 72.0], [0.47374, 51.87581, 72.0], [0.47386, 51.87586, 72.0], [0.47391, 51.87587, 72.0], [0.47399, 51.8759, 71.9], [0.47402, 51.87591, 71.9], [0.4747, 51.87613, 71.5], [0.47507, 51.8763, 71.6], [0.47515, 51.87634, 71.6], [0.4752, 51.87637, 71.6], [0.47537, 51.87653, 71.8], [0.47543, 51.87659, 71.9], [0.47543, 51.87659, 71.9], [0.47529, 51.87664, 72.0], [0.47461, 51.87691, 71.7], [0.47376, 51.87725, 71.7], [0.47371, 51.87727, 71.7], [0.47355, 51.87734, 71.8], [0.47355, 51.87734, 71.8], [0.47347, 51.87737, 71.8], [0.47311, 51.87751, 71.7], [0.47298, 51.87756, 71.6], [0.47256, 51.87773, 71.3], [0.47224, 51.87782, 71.5], [0.4717, 51.87798, 72.1], [0.47115, 51.87808, 72.1], [0.47059, 51.87817, 72.0], [0.46967, 51.87834, 72.0], [0.46956, 51.87836, 72.0], [0.46928, 51.87842, 72.2], [0.46881, 51.87851, 72.4], [0.46839, 51.87858, 72.6], [0.46813, 51.87861, 72.7], [0.46798, 51.87862, 72.8], [0.46772, 51.87864, 72.9], [0.46722, 51.87867, 73.1], [0.46676, 51.8787, 73.1], [0.46671, 51.87871, 73.1], [0.46651, 51.87872, 73.2], [0.46642, 51.87873, 73.2], [0.46562, 51.87882, 73.4], [0.465, 51.87891, 73.3], [0.46489, 51.87892, 73.3], [0.46393, 51.87905, 73.9], [0.4633, 51.87912, 74.0], [0.46302, 51.87915, 74.4], [0.46221, 51.87925, 75.0], [0.4613, 51.87935, 74.8], [0.46051, 51.87945, 74.7], [0.45958, 51.87957, 74.5], [0.45901, 51.87965, 74.3], [0.45873, 51.87968, 74.2], [0.45853, 51.87971, 74.0], [0.45772, 51.87981, 74.8], [0.45717, 51.87987, 75.5], [0.45666, 51.87991, 76.0], [0.45628, 51.87993, 76.0], [0.45614, 51.87993, 76.1], [0.45578, 51.87992, 76.1], [0.4555, 51.87991, 76.1], [0.45504, 51.87987, 76.2], [0.45476, 51.87984, 76.5], [0.45463, 51.87982, 76.7], [0.45397, 51.87972, 77.5], [0.45367, 51.87967, 77.8], [0.45317, 51.87959, 77.9], [0.45229, 51.87942, 77.7], [0.45192, 51.87935, 77.8], [0.45172, 51.87932, 77.8], [0.45151, 51.87928, 78.0], [0.45041, 51.87911, 79.5], [0.44968, 51.87899, 80.1], [0.4491, 51.87891, 80.3], [0.44903, 51.8789, 80.3], [0.44829, 51.87879, 80.5], [0.44776, 51.87871, 80.5], [0.44766, 51.87869, 80.6], [0.4472, 51.87862, 80.7], [0.44712, 51.87861, 80.7], [0.44697, 51.87858, 80.7], [0.44631, 51.8785, 81.2], [0.44627, 51.87849, 81.3], [0.44569, 51.87844, 82.0], [0.44545, 51.87842, 82.4], [0.44501, 51.87837, 82.9], [0.44454, 51.87834, 82.4], [0.44425, 51.87832, 82.1], [0.44396, 51.8783, 82.0], [0.44367, 51.87827, 81.9], [0.44363, 51.87827, 81.9], [0.44314, 51.87823, 81.6], [0.44223, 51.87815, 80.7], [0.44126, 51.87808, 80.1], [0.4404, 51.87801, 79.6], [0.4402, 51.878, 79.6], [0.43991, 51.87797, 79.6], [0.43978, 51.87796, 79.6], [0.43962, 51.87795, 79.5], [0.43947, 51.87794, 79.5], [0.43876, 51.87786, 79.4], [0.43819, 51.87781, 79.2], [0.43629, 51.87761, 77.1], [0.43594, 51.87758, 76.3], [0.43507, 51.87748, 74.2], [0.43483, 51.87746, 73.7], [0.43483, 51.87746, 73.7], [0.43479, 51.87745, 73.6], [0.43449, 51.87742, 72.9], [0.4342, 51.87739, 72.2], [0.43351, 51.87732, 70.6], [0.43307, 51.87727, 69.4], [0.43281, 51.87724, 68.6], [0.43278, 51.87724, 68.5], [0.43274, 51.87723, 68.4], [0.43215, 51.87717, 67.0], [0.43192, 51.87715, 66.4], [0.43145, 51.87709, 65.5], [0.4306, 51.87698, 63.4], [0.43047, 51.87696, 63.0], [0.42937, 51.87682, 58.6], [0.42897, 51.87677, 56.8], [0.42869, 51.87673, 55.7], [0.42851, 51.87671, 54.9], [0.42811, 51.87667, 53.5], [0.42782, 51.87664, 52.7], [0.42754, 51.87662, 52.0], [0.42679, 51.87656, 50.9], [0.42667, 51.87655, 50.7], [0.42553, 51.87647, 51.2], [0.42493, 51.87644, 51.7], [0.42488, 51.87643, 51.9], [0.42427, 51.87639, 53.7], [0.42397, 51.87638, 54.5], [0.42369, 51.87636, 55.2], [0.42353, 51.87635, 55.7], [0.42301, 51.87631, 57.1], [0.42256, 51.87629, 58.2], [0.42171, 51.87626, 59.4], [0.42165, 51.87626, 59.5], [0.42116, 51.87626, 60.4], [0.42039, 51.87626, 61.5], [0.4197, 51.87625, 62.7], [0.41962, 51.87624, 63.0], [0.41932, 51.87623, 63.7], [0.41923, 51.87623, 63.9], [0.41903, 51.87622, 64.3], [0.41835, 51.87618, 65.3], [0.41832, 51.87617, 65.4], [0.4177, 51.87613, 66.3], [0.41701, 51.87607, 67.0], [0.41625, 51.87599, 68.1], [0.41611, 51.87598, 68.4], [0.41583, 51.87595, 68.9], [0.4154, 51.87591, 69.0], [0.41467, 51.87584, 69.8], [0.41419, 51.87579, 71.2], [0.4141, 51.87579, 71.4], [0.41381, 51.87576, 72.1], [0.41332, 51.87572, 73.3], [0.41295, 51.87569, 74.6], [0.41266, 51.87567, 75.7], [0.41263, 51.87566, 75.8], [0.41192, 51.87561, 78.0], [0.41129, 51.87554, 79.8], [0.41122, 51.87553, 80.0], [0.41085, 51.8755, 81.1], [0.41035, 51.87545, 82.2], [0.4103, 51.87545, 82.4], [0.41006, 51.87542, 82.9], [0.41, 51.87541, 83.0], [0.40932, 51.87535, 84.1], [0.4092, 51.87534, 84.3], [0.40891, 51.87531, 84.7], [0.40863, 51.87528, 85.0], [0.40802, 51.87523, 85.7], [0.40776, 51.87521, 85.9], [0.40772, 51.87521, 86.0], [0.40724, 51.87517, 86.5], [0.40628, 51.87511, 86.5], [0.40602, 51.8751, 86.2], [0.40569, 51.87507, 86.0], [0.40502, 51.87504, 86.0], [0.40447, 51.87499, 86.6], [0.40382, 51.87492, 86.9], [0.40369, 51.87491, 86.9], [0.40305, 51.87486, 87.1], [0.40225, 51.87479, 87.5], [0.40211, 51.87478, 87.5], [0.4012, 51.87473, 87.2], [0.40096, 51.87471, 87.0], [0.40067, 51.87469, 87.0], [0.40004, 51.87465, 87.0], [0.39922, 51.8746, 87.5], [0.39912, 51.87459, 87.5], [0.39864, 51.87456, 87.5], [0.39675, 51.87444, 88.9], [0.39613, 51.87441, 88.7], [0.39537, 51.87435, 88.4], [0.39458, 51.8743, 88.7], [0.39446, 51.87429, 88.8], [0.39359, 51.87423, 89.0], [0.39285, 51.87419, 89.0], [0.3928, 51.87418, 89.0], [0.39256, 51.87417, 89.0], [0.39192, 51.87414, 88.9], [0.3914, 51.8741, 88.5], [0.39123, 51.87409, 88.3], [0.39111, 51.87408, 88.1], [0.39065, 51.87406, 87.6], [0.39016, 51.87403, 87.0], [0.38967, 51.874, 86.0], [0.3894, 51.87399, 85.3], [0.38939, 51.87399, 85.3], [0.38849, 51.87394, 83.7], [0.38688, 51.87386, 81.8], [0.38675, 51.87386, 81.7], [0.38592, 51.87382, 80.8], [0.38547, 51.87379, 80.3], [0.38475, 51.87374, 78.8], [0.38446, 51.87371, 78.0], [0.38432, 51.8737, 77.6], [0.38403, 51.87368, 76.8], [0.38379, 51.87367, 76.1], [0.38374, 51.87366, 75.9], [0.3833, 51.87362, 74.6], [0.38316, 51.87361, 74.2], [0.38273, 51.87357, 72.8], [0.3823, 51.87355, 71.6], [0.38207, 51.87353, 70.9], [0.38205, 51.87353, 70.9], [0.38201, 51.87353, 70.8], [0.38154, 51.87351, 69.4], [0.38143, 51.8735, 68.9], [0.38105, 51.87346, 67.4], [0.38058, 51.87343, 65.8], [0.38005, 51.87337, 64.3], [0.37972, 51.87333, 63.6], [0.3797, 51.87332, 63.6], [0.37958, 51.8733, 63.3], [0.37942, 51.87328, 63.0], [0.37924, 51.87325, 62.7], [0.37889, 51.8732, 62.0], [0.37862, 51.87315, 61.5], [0.37831, 51.8731, 60.8], [0.3781, 51.87305, 60.1], [0.37785, 51.873, 59.2], [0.37765, 51.87296, 58.6], [0.37738, 51.87289, 57.7], [0.37702, 51.87277, 56.5], [0.37681, 51.8727, 55.9], [0.37681, 51.8727, 55.9], [0.3767, 51.87266, 55.6], [0.3765, 51.87258, 55.1], [0.37636, 51.87251, 54.7], [0.37636, 51.87251, 54.7], [0.37618, 51.87263, 54.9], [0.37593, 51.87282, 55.3], [0.37582, 51.87288, 55.4], [0.37578, 51.8729, 55.4], [0.3755, 51.87294, 55.6], [0.37527, 51.87297, 55.7], [0.37514, 51.87298, 55.7], [0.37498, 51.87298, 55.7], [0.37475, 51.87296, 55.4], [0.37443, 51.87294, 54.9], [0.37434, 51.87293, 54.8], [0.37419, 51.87291, 54.5], [0.37402, 51.87289, 54.2], [0.37387, 51.87286, 53.9], [0.37378, 51.87283, 53.7], [0.3737, 51.87281, 53.6], [0.37343, 51.87272, 52.9], [0.37342, 51.87271, 52.9], [0.37293, 51.87252, 52.1], [0.37293, 51.87252, 52.1], [0.37265, 51.8724, 52.2], [0.37254, 51.87236, 52.3], [0.37244, 51.87232, 52.4], [0.3724, 51.87231, 52.5], [0.37217, 51.87222, 52.8], [0.37168, 51.87205, 54.1], [0.37139, 51.87195, 54.9], [0.37118, 51.87187, 55.5], [0.37095, 51.87178, 56.2], [0.37093, 51.87178, 56.2], [0.3709, 51.87176, 56.4], [0.37052, 51.87162, 57.9], [0.37045, 51.8716, 58.2], [0.37006, 51.87146, 59.6], [0.36969, 51.87131, 61.0], [0.36946, 51.87122, 61.9], [0.36944, 51.87121, 62.0], [0.3694, 51.8712, 62.1], [0.3692, 51.87111, 62.9], [0.36885, 51.87095, 64.3], [0.3686, 51.87083, 65.4], [0.3686, 51.87083, 65.4], [0.36838, 51.87073, 66.3], [0.36823, 51.87067, 66.8], [0.36772, 51.87042, 68.6], [0.36739, 51.87032, 69.4], [0.36704, 51.87021, 70.2], [0.36684, 51.87014, 70.6], [0.36656, 51.87003, 71.2], [0.36633, 51.86996, 71.8], [0.3662, 51.86993, 72.0], [0.36607, 51.86991, 72.3], [0.36597, 51.86989, 72.5], [0.36594, 51.86988, 72.6], [0.3658, 51.86987, 72.9], [0.3658, 51.86987, 72.9], [0.3658, 51.86986, 72.9], [0.3658, 51.86985, 72.9], [0.3658, 51.86984, 72.9], [0.36579, 51.86983, 72.9], [0.36579, 51.86982, 72.9], [0.36578, 51.86982, 72.9], [0.36577, 51.86982, 72.9], [0.36577, 51.86981, 72.9], [0.36576, 51.86981, 72.9], [0.36575, 51.86981, 72.9], [0.36575, 51.8698, 72.9], [0.36574, 51.8698, 73.0], [0.36573, 51.8698, 73.0], [0.36572, 51.8698, 73.0], [0.36571, 51.8698, 73.0], [0.3657, 51.8698, 73.0], [0.36569, 51.8698, 73.1], [0.3657, 51.86963, 72.8], [0.36571, 51.86958, 72.7], [0.36571, 51.86958, 72.7], [0.36572, 51.86951, 72.6], [0.36574, 51.86942, 72.5], [0.36578, 51.86928, 72.2], [0.3658, 51.86922, 72.1], [0.36589, 51.86908, 71.5], [0.36609, 51.86882, 69.8], [0.36644, 51.86844, 67.7], [0.36667, 51.86819, 66.1], [0.36696, 51.86788, 63.9], [0.36721, 51.86762, 62.1], [0.36734, 51.86752, 61.3], [0.36747, 51.86742, 60.7], [0.36749, 51.8674, 60.7], [0.36767, 51.86728, 59.9], [0.36785, 51.86717, 59.1], [0.36809, 51.86702, 58.3], [0.36854, 51.86677, 57.2], [0.36872, 51.86666, 57.0], [0.36916, 51.86642, 58.5], [0.36949, 51.86621, 59.4], [0.36968, 51.86609, 59.8], [0.37004, 51.86581, 60.9], [0.37033, 51.86558, 60.5], [0.37045, 51.86545, 60.4], [0.37045, 51.86545, 60.4], [0.37046, 51.86545, 60.4], [0.37047, 51.86545, 60.3], [0.37047, 51.86546, 60.3], [0.37048, 51.86546, 60.3], [0.37049, 51.86546, 60.3], [0.3705, 51.86546, 60.2], [0.37051, 51.86546, 60.2], [0.37051, 51.86545, 60.2], [0.37052, 51.86545, 60.2], [0.37053, 51.86545, 60.2], [0.37054, 51.86544, 60.2], [0.37055, 51.86544, 60.2], [0.37055, 51.86543, 60.2], [0.37056, 51.86543, 60.1], [0.37056, 51.86542, 60.2], [0.37056, 51.86541, 60.2], [0.37056, 51.8654, 60.2], [0.37055, 51.8654, 60.2], [0.37055, 51.86539, 60.2], [0.37054, 51.86538, 60.2], [0.37053, 51.86538, 60.3], [0.37053, 51.86537, 60.3], [0.37052, 51.86537, 60.3], [0.37051, 51.86537, 60.3], [0.3705, 51.86537, 60.4], [0.37049, 51.86537, 60.4], [0.37048, 51.86537, 60.4], [0.37047, 51.86537, 60.4], [0.37046, 51.86537, 60.5], [0.37045, 51.86537, 60.5], [0.37045, 51.86538, 60.5], [0.37044, 51.86538, 60.5], [0.37039, 51.86533, 60.7], [0.37023, 51.8652, 61.2], [0.37015, 51.86513, 61.5], [0.37005, 51.86505, 61.8], [0.37002, 51.86503, 61.9], [0.37002, 51.86503, 61.9], [0.36982, 51.86487, 62.7], [0.36968, 51.8648, 63.2], [0.3695, 51.8647, 63.9], [0.36935, 51.8646, 64.5], [0.36922, 51.8645, 65.1], [0.36921, 51.86449, 65.1], [0.36908, 51.86436, 65.7], [0.36882, 51.86413, 66.4], [0.36872, 51.86406, 66.5], [0.36864, 51.86402, 66.6], [0.36854, 51.86399, 66.7], [0.3684, 51.86395, 66.9], [0.36805, 51.86391, 67.6], [0.36802, 51.8639, 67.6], [0.36769, 51.86387, 68.3], [0.3675, 51.86385, 68.6], [0.36715, 51.86379, 69.2], [0.36703, 51.86375, 69.3], [0.36704, 51.86374, 69.3], [0.36704, 51.86373, 69.3], [0.36705, 51.86373, 69.3], [0.36705, 51.86372, 69.3], [0.36706, 51.86371, 69.2], [0.36706, 51.8637, 69.2], [0.36706, 51.86369, 69.2], [0.36706, 51.86368, 69.2], [0.36706, 51.86367, 69.1], [0.36706, 51.86366, 69.1], [0.36705, 51.86365, 69.1], [0.36704, 51.86364, 69.1], [0.36703, 51.86363, 69.1], [0.36702, 51.86362, 69.1], [0.36701, 51.86362, 69.1], [0.367, 51.86361, 69.1], [0.36699, 51.86361, 69.1], [0.36698, 51.86361, 69.2], [0.36696, 51.8636, 69.2], [0.36695, 51.8636, 69.2], [0.36694, 51.8636, 69.2], [0.36692, 51.8636, 69.2], [0.36691, 51.8636, 69.3], [0.3669, 51.8636, 69.3], [0.36689, 51.8636, 69.3], [0.36688, 51.8636, 69.3], [0.36686, 51.8636, 69.3], [0.36685, 51.86361, 69.4], [0.36684, 51.86361, 69.4], [0.36683, 51.86361, 69.4], [0.36682, 51.86362, 69.4], [0.36681, 51.86362, 69.5], [0.3668, 51.86363, 69.5], [0.36679, 51.86363, 69.5], [0.36679, 51.86364, 69.5], [0.36678, 51.86365, 69.6], [0.36677, 51.86366, 69.6], [0.36677, 51.86367, 69.6], [0.36676, 51.86368, 69.7], [0.36676, 51.8637, 69.7], [0.36671, 51.86369, 69.8], [0.36666, 51.8637, 69.9], [0.36662, 51.8637, 69.9], [0.36657, 51.86371, 70.0], [0.36647, 51.86373, 70.2], [0.36641, 51.86374, 70.3], [0.36636, 51.86374, 70.3], [0.36628, 51.86374, 70.4], [0.36621, 51.86374, 70.5], [0.36608, 51.86373, 70.7], [0.36563, 51.86369, 71.0], [0.36562, 51.86369, 71.0], [0.36533, 51.86366, 71.2], [0.36524, 51.86366, 71.2], [0.36498, 51.86364, 71.4], [0.3648, 51.86363, 71.6], [0.36475, 51.86362, 71.6], [0.36443, 51.86361, 72.0], [0.36417, 51.8636, 72.3], [0.36413, 51.8636, 72.3], [0.36399, 51.86358, 72.4], [0.3639, 51.86357, 72.5], [0.36388, 51.86357, 72.5], [0.36375, 51.86355, 72.6], [0.36359, 51.86353, 72.8], [0.36347, 51.8635, 72.9], [0.3634, 51.86349, 72.9], [0.36324, 51.86345, 73.2], [0.36308, 51.86341, 73.6], [0.36291, 51.86336, 74.0], [0.36283, 51.86333, 74.2], [0.36277, 51.86331, 74.2], [0.36263, 51.86326, 74.2], [0.3625, 51.86321, 74.3], [0.36237, 51.86315, 74.2], [0.36224, 51.86309, 74.1], [0.36188, 51.86292, 73.8], [0.3618, 51.86288, 73.8], [0.36178, 51.86287, 73.7], [0.36172, 51.86284, 73.7], [0.36137, 51.86267, 73.7], [0.36099, 51.86249, 73.6], [0.36058, 51.86228, 73.6], [0.36047, 51.86222, 73.5], [0.36029, 51.86213, 73.5], [0.36011, 51.86206, 73.6], [0.35993, 51.86199, 73.8], [0.35987, 51.86198, 74.0], [0.35987, 51.86198, 74.0], [0.35987, 51.86197, 73.9], [0.35962, 51.86189, 74.4], [0.35961, 51.86189, 74.5], [0.35951, 51.86187, 74.7], [0.35935, 51.86184, 75.2], [0.35925, 51.86183, 75.5], [0.35915, 51.86183, 75.8], [0.35904, 51.86184, 76.1], [0.35876, 51.86188, 77.0], [0.35861, 51.8619, 77.5], [0.35848, 51.86193, 77.9], [0.35838, 51.86195, 78.2], [0.3582, 51.86198, 78.6], [0.35811, 51.862, 78.8], [0.35792, 51.86202, 79.0], [0.35764, 51.86205, 79.3], [0.35734, 51.86207, 79.5], [0.35729, 51.86208, 79.5], [0.35705, 51.86209, 79.5], [0.35702, 51.86209, 79.5], [0.35684, 51.86209, 79.5], [0.35663, 51.86209, 79.6], [0.35613, 51.86202, 79.9], [0.35573, 51.86196, 80.1], [0.35562, 51.86195, 80.2], [0.35516, 51.8619, 80.4], [0.35491, 51.86187, 80.7], [0.35415, 51.86178, 82.3], [0.35402, 51.86175, 82.6], [0.35378, 51.86171, 83.0], [0.35374, 51.8617, 83.1], [0.35344, 51.86164, 83.7], [0.35319, 51.86158, 83.9], [0.35303, 51.86152, 83.9], [0.3529, 51.86145, 83.9], [0.35276, 51.86136, 83.7], [0.35264, 51.86128, 83.5], [0.35257, 51.86121, 83.3], [0.3525, 51.86116, 83.2], [0.35233, 51.86098, 82.6], [0.35217, 51.86074, 81.9], [0.35197, 51.86044, 81.5], [0.35194, 51.8604, 81.5], [0.35184, 51.86028, 81.3], [0.35181, 51.86024, 81.3], [0.35175, 51.86018, 81.2], [0.35165, 51.86009, 81.1], [0.35156, 51.86001, 81.1], [0.35146, 51.85994, 81.2], [0.35132, 51.85987, 81.4], [0.35124, 51.85984, 81.5], [0.35116, 51.85981, 81.6], [0.35099, 51.85975, 81.8], [0.35074, 51.85966, 82.1], [0.35057, 51.8596, 82.3], [0.35024, 51.85948, 82.7], [0.35013, 51.85944, 82.8], [0.34989, 51.85932, 83.2], [0.34975, 51.85923, 83.3], [0.34967, 51.85917, 83.4], [0.34957, 51.85908, 83.8], [0.34946, 51.85895, 84.4], [0.34942, 51.85891, 84.6], [0.34932, 51.8588, 85.1], [0.34909, 51.85852, 86.3], [0.34904, 51.85846, 86.5], [0.34881, 51.85821, 87.3], [0.34877, 51.85816, 87.4], [0.3485, 51.85785, 88.2], [0.34824, 51.85752, 89.0], [0.34814, 51.8574, 89.1], [0.34811, 51.85736, 89.2], [0.34796, 51.85718, 89.4], [0.34778, 51.85699, 89.6], [0.34769, 51.85689, 89.7], [0.34759, 51.85678, 89.9], [0.34728, 51.85645, 90.0], [0.34725, 51.85642, 90.0], [0.3471, 51.85627, 90.0], [0.347, 51.85618, 90.0], [0.34662, 51.8558, 90.0], [0.34627, 51.85537, 89.7], [0.34624, 51.85533, 89.7], [0.346, 51.855, 89.2], [0.34587, 51.85484, 88.9], [0.34584, 51.8548, 88.8], [0.34561, 51.85451, 88.3], [0.34523, 51.85408, 87.9], [0.34467, 51.85348, 87.2], [0.34465, 51.85346, 87.2], [0.34415, 51.85291, 86.5], [0.34368, 51.85243, 86.0], [0.34325, 51.85194, 86.1], [0.3429, 51.85157, 86.4], [0.3427, 51.85134, 86.4], [0.34249, 51.85108, 86.3], [0.34226, 51.85076, 86.1], [0.34195, 51.85045, 85.7], [0.3419, 51.85039, 85.7], [0.34157, 51.85004, 85.0], [0.34138, 51.84983, 84.2], [0.34123, 51.84964, 83.6], [0.34117, 51.84955, 83.4], [0.34078, 51.84909, 83.0], [0.34058, 51.84887, 82.8], [0.34041, 51.84868, 82.6], [0.34037, 51.84864, 82.6], [0.34002, 51.84823, 81.8], [0.33993, 51.84813, 81.6], [0.33947, 51.84759, 80.9], [0.33895, 51.84699, 81.3], [0.33892, 51.84696, 81.3], [0.33879, 51.8468, 81.5], [0.33844, 51.84634, 81.1], [0.33793, 51.84577, 79.8], [0.33786, 51.8457, 79.7], [0.33739, 51.84513, 78.3], [0.33725, 51.84497, 78.0], [0.3366, 51.84417, 76.9], [0.33637, 51.84391, 76.6], [0.33602, 51.84357, 76.6], [0.33575, 51.8433, 77.0], [0.33572, 51.84327, 77.0], [0.33561, 51.84314, 77.0], [0.33547, 51.84299, 77.0], [0.33545, 51.84296, 77.0], [0.33519, 51.84269, 77.0], [0.33518, 51.84268, 77.0], [0.33504, 51.84252, 77.0], [0.3349, 51.84236, 77.0], [0.33476, 51.8422, 77.1], [0.33462, 51.84204, 77.1], [0.33442, 51.84181, 77.1], [0.334, 51.84132, 78.2], [0.33368, 51.84093, 79.7], [0.33355, 51.84077, 80.2], [0.3335, 51.8407, 80.3], [0.33343, 51.8406, 80.6], [0.33314, 51.84022, 81.2], [0.33305, 51.84012, 81.4], [0.33292, 51.83996, 81.6], [0.33278, 51.8398, 82.0], [0.3324, 51.83945, 83.0], [0.33238, 51.83942, 83.1], [0.33227, 51.83933, 83.4], [0.33215, 51.8392, 83.9], [0.3321, 51.83916, 84.0], [0.33186, 51.83889, 84.6], [0.33175, 51.83877, 84.9], [0.33174, 51.83875, 85.0], [0.33172, 51.83873, 85.0], [0.3314, 51.83834, 85.7], [0.33119, 51.83809, 86.1], [0.33118, 51.83809, 86.0], [0.3311, 51.83799, 86.3], [0.33104, 51.83793, 86.5], [0.33071, 51.83752, 87.9], [0.33066, 51.83745, 87.9], [0.33064, 51.83743, 87.9], [0.3305, 51.83727, 87.7], [0.33005, 51.83673, 87.1], [0.32995, 51.83661, 87.1], [0.32983, 51.83646, 87.3], [0.32968, 51.83628, 87.5], [0.32948, 51.83604, 87.9], [0.32896, 51.83544, 88.3], [0.32854, 51.83497, 89.0], [0.32844, 51.83486, 89.2], [0.32813, 51.83447, 89.2], [0.32803, 51.83436, 89.1], [0.32799, 51.83433, 89.1], [0.3276, 51.83386, 88.2], [0.32759, 51.83385, 88.1], [0.32745, 51.83369, 88.0], [0.32717, 51.83338, 88.0], [0.32694, 51.8331, 88.3], [0.32669, 51.83275, 88.7], [0.32659, 51.83261, 88.8], [0.32646, 51.83245, 88.8], [0.32641, 51.8324, 88.7], [0.32618, 51.83218, 88.6], [0.32597, 51.83198, 88.7], [0.32591, 51.83192, 88.7], [0.32572, 51.83173, 88.9], [0.32559, 51.83159, 88.9], [0.32544, 51.83141, 88.8], [0.32516, 51.83109, 88.9], [0.32508, 51.83099, 88.9], [0.32503, 51.83093, 89.0], [0.3247, 51.83053, 88.3], [0.32453, 51.83033, 87.8], [0.32436, 51.83013, 87.4], [0.32403, 51.82974, 87.0], [0.32395, 51.82965, 87.0], [0.32347, 51.82905, 86.6], [0.32317, 51.82869, 85.3], [0.32297, 51.82844, 84.7], [0.32254, 51.82791, 83.9], [0.32235, 51.82766, 83.4], [0.32227, 51.82758, 83.2], [0.32204, 51.82732, 82.6], [0.32187, 51.82713, 82.1], [0.32173, 51.82698, 81.8], [0.32152, 51.82675, 81.4], [0.32126, 51.82647, 80.8], [0.3212, 51.82639, 80.6], [0.32102, 51.82619, 80.1], [0.32055, 51.82562, 78.7], [0.32049, 51.82556, 78.6], [0.3202, 51.82524, 77.8], [0.32019, 51.82523, 77.8], [0.31995, 51.82495, 77.0], [0.31985, 51.82484, 77.0], [0.31983, 51.82481, 77.0], [0.3193, 51.82426, 76.9], [0.31921, 51.82417, 76.9], [0.31921, 51.82417, 76.9], [0.31917, 51.82413, 76.9], [0.31854, 51.82349, 76.3], [0.31825, 51.82321, 75.8], [0.3181, 51.82305, 75.7], [0.31787, 51.82278, 75.6], [0.31736, 51.82214, 75.3], [0.31704, 51.82177, 74.8], [0.3169, 51.82161, 74.5], [0.31565, 51.82019, 71.5], [0.31537, 51.81988, 70.9], [0.31523, 51.81972, 70.9], [0.3151, 51.81956, 70.9], [0.31501, 51.81946, 71.0], [0.3146, 51.81905, 72.2], [0.31447, 51.81895, 72.6], [0.31393, 51.81855, 74.0], [0.31365, 51.81831, 74.6], [0.31334, 51.81792, 75.0], [0.31307, 51.8176, 75.3], [0.31294, 51.81743, 75.5], [0.31287, 51.81734, 75.6], [0.3124, 51.8167, 76.1], [0.31214, 51.81641, 76.3], [0.31204, 51.81631, 76.4], [0.31187, 51.81616, 76.6], [0.31158, 51.81589, 77.1], [0.31135, 51.81558, 77.0], [0.311, 51.81498, 76.0], [0.31093, 51.81488, 76.0], [0.31042, 51.81423, 76.0], [0.31029, 51.81407, 75.9], [0.31016, 51.81391, 75.7], [0.31003, 51.81374, 75.5], [0.30976, 51.81343, 75.4], [0.30958, 51.81325, 75.6], [0.30929, 51.813, 76.2], [0.30927, 51.81299, 76.2], [0.30918, 51.81291, 76.5], [0.30889, 51.81267, 77.1], [0.30866, 51.81248, 77.6], [0.3086, 51.81242, 77.7], [0.30831, 51.81215, 78.0], [0.3081, 51.81188, 78.1], [0.30801, 51.81175, 78.3], [0.30792, 51.81163, 78.5], [0.30777, 51.81143, 78.6], [0.30764, 51.81127, 78.8], [0.3073, 51.81084, 79.2], [0.30706, 51.81045, 79.1], [0.30667, 51.80979, 78.7], [0.30658, 51.80966, 78.5], [0.30652, 51.80954, 78.3], [0.30648, 51.80945, 78.1], [0.30646, 51.80938, 78.0], [0.30644, 51.80927, 77.9], [0.30644, 51.80907, 77.6], [0.30647, 51.80885, 77.5], [0.3065, 51.80867, 77.3], [0.30657, 51.80842, 77.1], [0.30662, 51.80823, 77.1], [0.30668, 51.80802, 77.4], [0.3068, 51.80758, 77.8], [0.30685, 51.80736, 77.6], [0.30692, 51.80707, 77.3], [0.30708, 51.80642, 77.0], [0.30716, 51.80615, 77.0], [0.30717, 51.80611, 77.0], [0.3072, 51.80604, 77.0], [0.30727, 51.80583, 77.0], [0.30741, 51.80558, 76.7], [0.30758, 51.8053, 76.4], [0.30778, 51.80498, 76.3], [0.30779, 51.80496, 76.4], [0.30791, 51.80479, 76.6], [0.308, 51.80467, 76.8], [0.30807, 51.80455, 77.1], [0.30821, 51.80428, 77.6], [0.30836, 51.80391, 77.4], [0.30848, 51.8036, 76.6], [0.3086, 51.80324, 75.9], [0.3086, 51.80323, 75.9], [0.30865, 51.80306, 75.8], [0.30866, 51.80304, 75.8], [0.30875, 51.80276, 75.7], [0.30884, 51.80246, 75.6], [0.30889, 51.80221, 75.4], [0.30889, 51.80215, 75.4], [0.30897, 51.80124, 74.0], [0.30902, 51.80087, 73.1], [0.3091, 51.80056, 72.3], [0.30915, 51.80036, 71.9], [0.30919, 51.80025, 71.6], [0.30926, 51.80007, 71.3], [0.30927, 51.80003, 71.2], [0.30937, 51.79983, 71.4], [0.3096, 51.79945, 72.2], [0.30967, 51.79934, 72.4], [0.30967, 51.79934, 72.4], [0.30958, 51.79933, 72.3], [0.30958, 51.79933, 72.3], [0.30948, 51.79932, 72.2], [0.30945, 51.79932, 72.2], [0.30941, 51.79933, 72.1], [0.3094, 51.79933, 72.1], [0.30934, 51.79934, 72.0], [0.3093, 51.79936, 71.9], [0.30923, 51.79941, 71.8], [0.30909, 51.79961, 71.4], [0.30905, 51.79966, 71.4], [0.30899, 51.79974, 71.2], [0.30898, 51.79977, 71.2], [0.30897, 51.7998, 71.2], [0.30895, 51.79985, 71.1], [0.30896, 51.79988, 71.1], [0.30899, 51.79992, 71.1], [0.30903, 51.79994, 71.1], [0.3091, 51.79996, 71.0], [0.30917, 51.79999, 71.0], [0.30927, 51.80003, 71.2], [0.30927, 51.80003, 71.2], [0.30937, 51.79983, 71.4], [0.3096, 51.79945, 72.2], [0.30967, 51.79934, 72.4], [0.30982, 51.79912, 72.9], [0.30999, 51.79889, 73.6], [0.31025, 51.79852, 74.6], [0.31031, 51.79844, 74.7], [0.31042, 51.79829, 75.0], [0.31065, 51.79799, 75.0], [0.31082, 51.79773, 75.0], [0.31101, 51.79745, 75.2], [0.31123, 51.79713, 75.5], [0.31124, 51.79711, 75.5], [0.31131, 51.797, 75.6], [0.31141, 51.79687, 75.7], [0.31149, 51.79675, 75.8], [0.31153, 51.79669, 75.8], [0.31155, 51.79666, 75.9], [0.31156, 51.79663, 75.8], [0.31156, 51.7966, 75.8], [0.31156, 51.79655, 75.7], [0.31155, 51.7965, 75.7], [0.31152, 51.79642, 75.5], [0.31151, 51.7964, 75.5], [0.31123, 51.79619, 74.9], [0.31123, 51.79619, 74.9], [0.31124, 51.79619, 74.9], [0.31124, 51.79618, 74.9], [0.31125, 51.79618, 74.9], [0.31125, 51.79617, 74.9], [0.31125, 51.79616, 74.9], [0.31125, 51.79615, 74.9], [0.31125, 51.79614, 74.9], [0.31124, 51.79614, 74.9], [0.31123, 51.79613, 74.8], [0.31122, 51.79613, 74.8], [0.31119, 51.79613, 74.8], [0.31117, 51.79613, 74.8], [0.31116, 51.79613, 74.7], [0.31115, 51.79613, 74.7], [0.31114, 51.79614, 74.7], [0.31113, 51.79614, 74.7], [0.31113, 51.79615, 74.7], [0.31113, 51.79616, 74.7], [0.31113, 51.79618, 74.8], [0.31098, 51.79623, 74.7], [0.31095, 51.79624, 74.6], [0.31047, 51.79629, 74.5], [0.31026, 51.79629, 74.5], [0.31021, 51.79629, 74.5], [0.30982, 51.79625, 74.3], [0.30929, 51.79618, 73.6], [0.30923, 51.79617, 73.5], [0.3087, 51.79608, 73.1], [0.30827, 51.796, 73.0], [0.30771, 51.79587, 73.0], [0.30752, 51.79583, 73.0], [0.30747, 51.79582, 73.0], [0.3073, 51.79579, 72.9], [0.30707, 51.79574, 72.9], [0.30703, 51.79573, 72.9], [0.30701, 51.79573, 72.9], [0.30616, 51.79557, 72.3], [0.30559, 51.79545, 72.0], [0.30541, 51.7954, 72.0], [0.30521, 51.79532, 72.0], [0.30497, 51.7952, 72.0], [0.30485, 51.79514, 72.0], [0.30472, 51.79509, 72.0], [0.30469, 51.79508, 72.0], [0.30454, 51.79503, 72.0], [0.30451, 51.79502, 72.0], [0.30443, 51.795, 72.0], [0.30439, 51.79499, 72.0], [0.30431, 51.79497, 72.0], [0.30415, 51.79494, 71.9], [0.304, 51.79492, 71.9], [0.30369, 51.79487, 71.8], [0.30367, 51.79487, 71.8], [0.30345, 51.79485, 71.8], [0.30316, 51.79485, 71.4], [0.30294, 51.79485, 71.0], [0.30279, 51.79484, 70.6], [0.30253, 51.7948, 70.1], [0.30232, 51.79476, 69.7], [0.3021, 51.79471, 69.4], [0.30197, 51.79469, 69.2], [0.30154, 51.7946, 68.6], [0.30151, 51.79459, 68.5], [0.3011, 51.7945, 67.4], [0.30084, 51.79445, 66.7], [0.30025, 51.79433, 65.4], [0.29982, 51.79423, 64.5], [0.29972, 51.7942, 64.3], [0.29959, 51.79417, 64.0], [0.2995, 51.79414, 63.8], [0.29946, 51.79412, 63.7], [0.29933, 51.79406, 63.4], [0.29921, 51.79396, 63.1], [0.29918, 51.79394, 63.0], [0.2989, 51.79369, 62.7], [0.29864, 51.79344, 62.4], [0.29848, 51.7933, 62.1], [0.29836, 51.79322, 61.8], [0.29825, 51.79316, 61.4], [0.29777, 51.79295, 60.0], [0.29761, 51.79288, 59.6], [0.29744, 51.79282, 59.4], [0.29729, 51.79275, 59.2], [0.2968, 51.79255, 59.0], [0.29669, 51.7925, 59.0], [0.29635, 51.79238, 59.5], [0.29619, 51.79229, 59.8], [0.29571, 51.79209, 60.6], [0.29554, 51.79201, 60.9], [0.29547, 51.79199, 61.0], [0.29512, 51.79187, 61.6], [0.29468, 51.79177, 62.3], [0.29441, 51.79171, 62.7], [0.29411, 51.79168, 63.0], [0.29404, 51.79167, 63.0], [0.29382, 51.79166, 63.0], [0.29364, 51.79166, 63.0], [0.29307, 51.79168, 63.3], [0.29307, 51.79168, 63.3], [0.29303, 51.79154, 63.2], [0.293, 51.79145, 63.1], [0.29285, 51.79111, 62.9], [0.29276, 51.79088, 62.7], [0.29273, 51.79073, 62.5], [0.29269, 51.79057, 62.1], [0.29269, 51.79055, 62.1], [0.29266, 51.79025, 61.4], [0.29266, 51.79003, 60.9], [0.29266, 51.79001, 60.8], [0.29267, 51.78987, 61.0], [0.29271, 51.78972, 61.1], [0.29276, 51.78959, 61.2], [0.29282, 51.78948, 61.2], [0.2929, 51.78928, 61.4], [0.29293, 51.78913, 61.6], [0.29296, 51.78904, 61.9], [0.293, 51.78876, 62.9], [0.29301, 51.78865, 63.2], [0.29303, 51.78846, 63.9], [0.29303, 51.78842, 64.1], [0.29302, 51.78834, 64.4], [0.29301, 51.78824, 64.5], [0.29299, 51.78815, 64.7], [0.29296, 51.78805, 64.8], [0.2929, 51.78797, 64.9], [0.29276, 51.78774, 65.1], [0.29275, 51.78772, 65.1], [0.29267, 51.78756, 65.2], [0.29266, 51.78749, 65.2], [0.29266, 51.78749, 65.2], [0.29265, 51.78743, 65.1], [0.29263, 51.78701, 64.4], [0.29262, 51.78683, 64.1], [0.29262, 51.78671, 63.9], [0.29259, 51.78632, 63.5], [0.29258, 51.7863, 63.5], [0.29257, 51.78612, 63.3], [0.29257, 51.78609, 63.2], [0.29258, 51.78591, 63.0], [0.29262, 51.78576, 62.7], [0.29272, 51.78538, 61.6], [0.29283, 51.78505, 60.7], [0.29286, 51.78494, 60.6], [0.29286, 51.78493, 60.7], [0.29289, 51.78467, 60.9], [0.29286, 51.78439, 61.3], [0.29278, 51.78411, 61.6], [0.29274, 51.78391, 61.4], [0.29274, 51.7839, 61.4], [0.29273, 51.78387, 61.4], [0.29272, 51.78383, 61.3], [0.29272, 51.78374, 61.2], [0.29271, 51.7837, 61.2], [0.29271, 51.78356, 61.0], [0.29271, 51.78338, 60.8], [0.29271, 51.78333, 60.7], [0.29271, 51.78318, 60.6], [0.2927, 51.78315, 60.5], [0.29269, 51.78289, 60.2], [0.29269, 51.78284, 60.2], [0.29268, 51.78268, 60.0], [0.29268, 51.78266, 60.0], [0.29268, 51.78261, 59.9], [0.29266, 51.78248, 59.8], [0.29265, 51.78241, 59.9], [0.2926, 51.7823, 60.1], [0.29258, 51.78226, 60.2], [0.29255, 51.7822, 60.3], [0.2924, 51.78198, 60.6], [0.29225, 51.78175, 60.9], [0.2922, 51.78166, 61.0], [0.29217, 51.78159, 61.1], [0.29216, 51.78156, 61.1], [0.29213, 51.78146, 61.2], [0.29213, 51.78145, 61.3], [0.29213, 51.78141, 61.3], [0.29212, 51.78136, 61.4], [0.29212, 51.78128, 61.5], [0.29212, 51.78121, 61.5], [0.29211, 51.78098, 61.8], [0.29211, 51.78092, 61.9], [0.2921, 51.78066, 62.1], [0.29208, 51.78056, 62.2], [0.29203, 51.78021, 62.4], [0.29203, 51.7802, 62.4], [0.29202, 51.78015, 62.5], [0.29199, 51.78003, 62.6], [0.29199, 51.78002, 62.6], [0.29197, 51.77998, 62.7], [0.29193, 51.77983, 62.8], [0.29179, 51.77948, 63.4], [0.29174, 51.77932, 63.7], [0.29165, 51.77905, 64.0], [0.29163, 51.77892, 64.1], [0.2916, 51.77879, 64.2], [0.29159, 51.77874, 64.2], [0.29156, 51.77861, 64.3], [0.29156, 51.77857, 64.3], [0.29152, 51.77849, 64.4], [0.29148, 51.77843, 64.4], [0.29143, 51.77838, 64.6], [0.29133, 51.7783, 64.9], [0.29102, 51.77817, 65.9], [0.29082, 51.7781, 66.6], [0.29073, 51.77806, 66.8], [0.29017, 51.77783, 68.0], [0.29, 51.77773, 68.4], [0.2899, 51.77763, 68.8], [0.28983, 51.77751, 69.2], [0.28982, 51.77749, 69.2], [0.28981, 51.77744, 69.3], [0.2898, 51.77743, 69.3], [0.28977, 51.7773, 69.4], [0.28972, 51.77695, 69.8], [0.28965, 51.77678, 69.9], [0.28955, 51.77662, 69.8], [0.28944, 51.77648, 69.3], [0.28942, 51.77646, 69.2], [0.28929, 51.77633, 68.7], [0.28922, 51.77626, 68.5], [0.28911, 51.77618, 68.3], [0.28903, 51.7761, 68.1], [0.28895, 51.77603, 67.9], [0.28879, 51.77589, 67.6], [0.28878, 51.77588, 67.6], [0.28869, 51.77579, 67.4], [0.28848, 51.77561, 66.8], [0.28809, 51.77532, 65.8], [0.28788, 51.77515, 65.3], [0.28771, 51.775, 64.7], [0.28756, 51.77485, 64.6], [0.28745, 51.77471, 64.3], [0.28729, 51.77444, 63.7], [0.28726, 51.77437, 63.6], [0.28717, 51.7742, 63.1], [0.28716, 51.77418, 63.0], [0.2871, 51.77403, 62.8], [0.28702, 51.77385, 62.6], [0.28697, 51.7737, 62.4], [0.28684, 51.77338, 62.1], [0.28684, 51.77337, 62.0], [0.28683, 51.77334, 62.0], [0.28667, 51.77293, 63.0], [0.28663, 51.77284, 63.2], [0.28657, 51.77267, 63.7], [0.28652, 51.77254, 64.1], [0.28637, 51.77206, 65.4], [0.28632, 51.77191, 65.8], [0.28622, 51.77173, 66.4], [0.28605, 51.77139, 67.4], [0.28602, 51.77127, 67.7], [0.28597, 51.77109, 68.2], [0.28595, 51.77104, 68.4], [0.28592, 51.77074, 68.9], [0.28591, 51.77071, 68.9], [0.28593, 51.77056, 68.9], [0.28596, 51.77045, 68.9], [0.28603, 51.77034, 68.9], [0.28614, 51.77023, 68.9], [0.28623, 51.77013, 68.9], [0.28636, 51.77002, 69.0], [0.28648, 51.7699, 68.9], [0.28652, 51.76979, 68.7], [0.28652, 51.76975, 68.6], [0.28652, 51.76969, 68.6], [0.28648, 51.76957, 68.4], [0.28639, 51.76942, 68.1], [0.2863, 51.7693, 67.8], [0.28614, 51.76912, 67.1], [0.28594, 51.76894, 66.0], [0.28585, 51.76886, 65.5], [0.28577, 51.76879, 65.2], [0.28559, 51.76865, 64.5], [0.28532, 51.76855, 64.0], [0.28514, 51.76848, 63.7], [0.28483, 51.76839, 63.5], [0.28453, 51.76832, 63.6], [0.28426, 51.76825, 64.1], [0.2841, 51.76821, 64.4], [0.28374, 51.76816, 64.9], [0.28354, 51.76812, 65.3], [0.28343, 51.76809, 65.5], [0.28338, 51.76807, 65.6], [0.28318, 51.76797, 66.1], [0.28298, 51.76779, 66.7], [0.28285, 51.7675, 67.6], [0.28284, 51.76748, 67.6], [0.28271, 51.76727, 68.0], [0.28259, 51.76709, 68.3], [0.28244, 51.7669, 68.8], [0.2824, 51.76685, 69.0], [0.28228, 51.76675, 69.4], [0.28207, 51.76663, 70.0], [0.28205, 51.76662, 70.0], [0.2819, 51.76654, 70.2], [0.28178, 51.76648, 70.3], [0.28156, 51.76639, 70.5], [0.28129, 51.7663, 70.8], [0.28095, 51.76622, 71.2], [0.28045, 51.76613, 71.7], [0.28037, 51.76612, 71.7], [0.2799, 51.76603, 72.0], [0.27967, 51.76597, 72.1], [0.27963, 51.76595, 72.1], [0.2795, 51.7659, 72.0], [0.27942, 51.76586, 72.0], [0.27939, 51.76585, 72.0], [0.27931, 51.7658, 71.8], [0.2792, 51.76571, 71.4], [0.27913, 51.76565, 71.1], [0.27906, 51.76556, 70.7], [0.27895, 51.76535, 69.8], [0.27885, 51.76507, 68.7], [0.27876, 51.76471, 68.7], [0.27875, 51.76468, 68.7], [0.27867, 51.76432, 69.1], [0.27865, 51.76422, 69.2], [0.2786, 51.76397, 69.7], [0.27857, 51.76379, 70.1], [0.27851, 51.76345, 70.8], [0.27848, 51.76325, 71.3], [0.27847, 51.76316, 71.6], [0.27845, 51.76307, 71.9], [0.27842, 51.76295, 72.3], [0.2784, 51.7629, 72.5], [0.27834, 51.76273, 73.2], [0.27833, 51.76272, 73.2], [0.27824, 51.76255, 73.9], [0.27813, 51.76239, 74.5], [0.27803, 51.76224, 75.0], [0.27782, 51.76188, 76.1], [0.27778, 51.76181, 76.3], [0.27774, 51.76171, 76.6], [0.27767, 51.76157, 76.8], [0.27759, 51.76138, 76.9], [0.2775, 51.76123, 77.0], [0.27741, 51.76096, 77.0], [0.27736, 51.76076, 76.9], [0.27729, 51.76046, 76.6], [0.27724, 51.76012, 76.1], [0.27723, 51.76005, 76.1], [0.2772, 51.75978, 76.5], [0.2772, 51.75976, 76.5], [0.27721, 51.75949, 77.0], [0.27721, 51.75941, 77.2], [0.27722, 51.75868, 76.9], [0.27724, 51.75819, 76.3], [0.27728, 51.75786, 76.1], [0.27729, 51.75779, 76.1], [0.27732, 51.75761, 76.0], [0.27734, 51.75743, 76.0], [0.27734, 51.75741, 76.0], [0.2774, 51.75696, 76.1], [0.27741, 51.75672, 76.1], [0.27739, 51.75651, 76.0], [0.27737, 51.75635, 75.8], [0.27735, 51.75625, 75.8], [0.27733, 51.75617, 75.7], [0.27726, 51.75584, 75.6], [0.27723, 51.75564, 74.8], [0.27722, 51.7556, 74.6], [0.27721, 51.75546, 74.0], [0.27712, 51.75474, 71.4], [0.27712, 51.75473, 71.4], [0.27709, 51.75449, 70.8], [0.27708, 51.75438, 70.5], [0.27707, 51.75426, 70.2], [0.27702, 51.75407, 69.8], [0.277, 51.75403, 69.8], [0.27694, 51.75388, 69.5], [0.27686, 51.75368, 69.3], [0.27678, 51.75346, 69.0], [0.27674, 51.75333, 68.9], [0.27669, 51.75315, 67.9], [0.27666, 51.75306, 67.3], [0.2766, 51.7528, 65.7], [0.2766, 51.75279, 65.7], [0.27659, 51.7527, 65.2], [0.27661, 51.75262, 64.7], [0.27661, 51.75259, 64.5], [0.27666, 51.75248, 63.9], [0.27668, 51.75244, 63.8], [0.2767, 51.75241, 63.7], [0.27682, 51.7523, 63.5], [0.27683, 51.75229, 63.4], [0.27692, 51.75222, 63.3], [0.27703, 51.75216, 63.2], [0.27709, 51.75212, 63.1], [0.27727, 51.75205, 63.1], [0.27749, 51.75197, 63.1], [0.27772, 51.75187, 63.0], [0.27775, 51.75186, 63.0], [0.27784, 51.75182, 63.0], [0.27795, 51.75174, 62.8], [0.27796, 51.75174, 62.8], [0.27806, 51.75166, 62.6], [0.27815, 51.75157, 62.4], [0.27821, 51.7515, 62.3], [0.27826, 51.75143, 62.1], [0.27837, 51.75124, 61.5], [0.27843, 51.75108, 60.9], [0.27845, 51.75102, 60.7], [0.27847, 51.75094, 60.4], [0.27851, 51.75077, 59.8], [0.27853, 51.75055, 59.1], [0.27853, 51.75051, 58.9], [0.27854, 51.75037, 58.5], [0.27855, 51.75023, 58.0], [0.27855, 51.75019, 57.9], [0.27856, 51.74997, 57.2], [0.27855, 51.74983, 56.7], [0.27854, 51.74979, 56.6], [0.27854, 51.74972, 56.3], [0.27852, 51.74965, 56.1], [0.27849, 51.74952, 55.6], [0.27846, 51.74933, 54.9], [0.27845, 51.74932, 54.8], [0.27836, 51.74911, 54.0], [0.27831, 51.74899, 53.8], [0.27826, 51.74889, 53.8], [0.27824, 51.74882, 53.7], [0.27818, 51.74864, 53.7], [0.27813, 51.74837, 53.5], [0.27812, 51.74831, 53.5], [0.27808, 51.74804, 53.5], [0.27807, 51.74795, 53.5], [0.27803, 51.74775, 53.5], [0.27797, 51.74748, 53.4], [0.27796, 51.74727, 53.4], [0.27796, 51.7471, 53.4], [0.27797, 51.74696, 53.4], [0.27802, 51.74677, 53.4], [0.27807, 51.74664, 53.3], [0.27814, 51.7465, 52.8], [0.27823, 51.74629, 52.2], [0.27825, 51.74625, 52.1], [0.27827, 51.74619, 51.9], [0.2783, 51.74608, 51.6], [0.27835, 51.74583, 51.0], [0.27834, 51.74563, 50.8], [0.27831, 51.74536, 50.5], [0.27826, 51.74523, 50.4], [0.27821, 51.74507, 50.2], [0.27821, 51.74507, 50.2], [0.27815, 51.74506, 50.3], [0.27809, 51.74505, 50.4], [0.27804, 51.74501, 50.4], [0.27796, 51.74493, 50.4], [0.27787, 51.74482, 50.5], [0.27779, 51.74469, 50.5], [0.27774, 51.74457, 50.6], [0.27774, 51.74457, 50.6], [0.27772, 51.74451, 50.6], [0.27771, 51.74445, 50.6], [0.27771, 51.74435, 50.6], [0.27771, 51.74435, 50.6], [0.27765, 51.74428, 50.7], [0.27729, 51.74388, 51.3], [0.27728, 51.74386, 51.3], [0.27693, 51.74347, 51.7], [0.27659, 51.74309, 51.5], [0.27645, 51.74293, 51.3], [0.27644, 51.74292, 51.3], [0.27639, 51.74287, 51.2], [0.27614, 51.74258, 50.8], [0.27605, 51.74246, 50.7], [0.27604, 51.74244, 50.8], [0.27603, 51.74243, 50.8], [0.27602, 51.74242, 50.8], [0.27591, 51.74229, 50.9], [0.27578, 51.74209, 51.1], [0.27569, 51.74194, 51.2], [0.27557, 51.74172, 51.3], [0.27545, 51.74148, 51.1], [0.27542, 51.74143, 51.1], [0.27542, 51.74142, 51.1], [0.27529, 51.74117, 50.8], [0.27512, 51.74093, 50.8], [0.275, 51.74078, 50.9], [0.27498, 51.74075, 50.9], [0.27478, 51.74051, 50.3], [0.27473, 51.74046, 50.2], [0.27472, 51.74044, 50.2], [0.27458, 51.74029, 49.8], [0.27434, 51.74005, 49.3], [0.27415, 51.73991, 49.1], [0.27394, 51.73978, 49.3], [0.27367, 51.73964, 49.4], [0.27362, 51.73961, 49.5], [0.27349, 51.73955, 49.5], [0.27339, 51.7395, 49.6], [0.27317, 51.73939, 50.1], [0.2727, 51.73918, 51.5], [0.27248, 51.73913, 52.0], [0.2723, 51.7391, 52.3], [0.27204, 51.73908, 52.6], [0.27165, 51.73906, 53.2], [0.27122, 51.73907, 53.7], [0.2712, 51.73907, 53.7], [0.27098, 51.73908, 54.0], [0.2707, 51.73909, 54.3], [0.27043, 51.73909, 54.7], [0.27017, 51.73908, 55.0], [0.27008, 51.73908, 55.1], [0.27004, 51.73907, 55.2], [0.26992, 51.73906, 55.4], [0.26966, 51.73902, 55.8], [0.26949, 51.73899, 56.0], [0.26927, 51.73893, 56.4], [0.26908, 51.73888, 56.8], [0.26895, 51.73884, 57.0], [0.26882, 51.7388, 57.3], [0.2685, 51.73867, 58.0], [0.26803, 51.73848, 59.0], [0.26774, 51.73834, 59.7], [0.26764, 51.7383, 59.9], [0.26761, 51.73828, 59.9], [0.26735, 51.73815, 60.2], [0.26719, 51.73805, 60.3], [0.26697, 51.73793, 60.5], [0.26689, 51.73788, 60.5], [0.26678, 51.73781, 60.6], [0.26658, 51.73767, 61.0], [0.26643, 51.73754, 61.5], [0.26639, 51.7375, 61.7], [0.26622, 51.73734, 62.1], [0.26603, 51.73715, 62.5], [0.26597, 51.73708, 62.7], [0.26596, 51.73707, 62.7], [0.26587, 51.73698, 62.9], [0.26579, 51.73688, 63.1], [0.26568, 51.73677, 63.2], [0.26567, 51.73676, 63.2], [0.26544, 51.73649, 62.8], [0.26529, 51.73629, 62.3], [0.26527, 51.73626, 62.2], [0.26517, 51.7361, 61.8], [0.26507, 51.73593, 61.3], [0.26504, 51.73589, 61.2], [0.26498, 51.73576, 60.9], [0.26496, 51.73571, 60.9], [0.26488, 51.73553, 60.8], [0.26483, 51.73541, 60.7], [0.26477, 51.73527, 60.6], [0.26467, 51.73506, 60.5], [0.26461, 51.73493, 60.5], [0.26445, 51.73463, 60.8], [0.26424, 51.73433, 61.6], [0.26406, 51.73409, 62.4], [0.26384, 51.73385, 63.5], [0.26383, 51.73384, 63.6], [0.26365, 51.73367, 64.4], [0.26343, 51.73348, 65.4], [0.26329, 51.73336, 66.0], [0.2629, 51.73311, 66.8], [0.26272, 51.73301, 67.1], [0.2625, 51.73289, 67.5], [0.26239, 51.73284, 67.6], [0.26227, 51.73278, 67.8], [0.26204, 51.73267, 68.2], [0.2619, 51.73261, 68.5], [0.26139, 51.7324, 69.3], [0.261359, 51.73239, 69.3], [0.26107, 51.73228, 69.6], [0.26083, 51.73218, 70.0], [0.260579, 51.73208, 70.2], [0.260529, 51.73206, 70.2], [0.259969, 51.73182, 70.8], [0.259249, 51.73149, 70.0], [0.259, 51.73132, 70.0], [0.25874, 51.73114, 70.1], [0.25857, 51.73099, 70.4], [0.25844, 51.73084, 70.9], [0.25837, 51.73072, 70.8], [0.25834, 51.73065, 70.8], [0.25827, 51.73046, 70.5], [0.258249, 51.73041, 70.4], [0.25824, 51.73037, 70.3], [0.25813, 51.73005, 69.8], [0.257969, 51.72973, 69.1], [0.25776, 51.7294, 68.4], [0.25754, 51.72909, 67.9], [0.257469, 51.72902, 67.8], [0.25722, 51.72874, 67.8], [0.25688, 51.72836, 68.5], [0.25654, 51.72796, 68.4], [0.25634, 51.7277, 67.8], [0.256249, 51.72758, 67.6], [0.25617, 51.72747, 67.4], [0.2559, 51.72701, 68.2], [0.255699, 51.72663, 69.0], [0.25568, 51.7266, 69.1], [0.25533, 51.72608, 69.3], [0.255199, 51.72588, 69.2], [0.25502, 51.72559, 68.7], [0.25491, 51.72545, 68.4], [0.25478, 51.72529, 68.0], [0.25462, 51.72513, 67.6], [0.25446, 51.72491, 67.1], [0.25422, 51.7246, 66.0], [0.254029, 51.72433, 65.4], [0.25385, 51.72405, 64.6], [0.25372, 51.72384, 63.8], [0.25363, 51.72372, 63.4], [0.253479, 51.72357, 62.9], [0.25341, 51.72352, 62.7], [0.2533, 51.72342, 62.3], [0.25329, 51.72338, 62.1], [0.25329, 51.72331, 61.9], [0.25328, 51.7233, 61.9], [0.25327, 51.72318, 61.7], [0.25327, 51.72313, 61.7], [0.25328, 51.72312, 61.7], [0.25328, 51.72311, 61.7], [0.25328, 51.7231, 61.7], [0.25328, 51.72309, 61.6], [0.25328, 51.72308, 61.6], [0.25328, 51.72307, 61.6], [0.25328, 51.72306, 61.6], [0.25328, 51.72305, 61.6], [0.25327, 51.72305, 61.6], [0.25327, 51.72304, 61.6], [0.253259, 51.72303, 61.5], [0.253249, 51.72302, 61.5], [0.253249, 51.72301, 61.5], [0.25324, 51.72301, 61.5], [0.25323, 51.723, 61.5], [0.25322, 51.723, 61.5], [0.25322, 51.72299, 61.5], [0.25321, 51.72299, 61.4], [0.253199, 51.72299, 61.4], [0.25319, 51.72298, 61.4], [0.25317, 51.72297, 61.4], [0.25316, 51.72297, 61.4], [0.25315, 51.72297, 61.3], [0.253139, 51.72297, 61.3], [0.25313, 51.72297, 61.3], [0.25312, 51.72297, 61.3], [0.25311, 51.72297, 61.3], [0.2531, 51.72297, 61.3], [0.253089, 51.72297, 61.3], [0.25308, 51.72297, 61.3], [0.25307, 51.72298, 61.3], [0.25306, 51.72298, 61.2], [0.25305, 51.72298, 61.2], [0.25288, 51.72294, 61.0], [0.252749, 51.7229, 60.8], [0.25272, 51.7229, 60.7], [0.252589, 51.72283, 60.5], [0.25254, 51.7228, 60.4], [0.25249, 51.72277, 60.3], [0.252369, 51.72264, 60.0], [0.25228, 51.72254, 59.8], [0.25221, 51.72241, 59.4], [0.25211, 51.72227, 58.8], [0.25199, 51.72215, 58.4], [0.25194, 51.7221, 58.2], [0.251859, 51.72202, 57.9], [0.251759, 51.72194, 57.7], [0.25171, 51.72189, 57.6], [0.25166, 51.72185, 57.4], [0.25158, 51.72176, 57.3], [0.25146, 51.72161, 57.2], [0.25139, 51.72144, 57.2], [0.25134, 51.72125, 57.2], [0.25133, 51.72124, 57.2], [0.25133, 51.72122, 57.2], [0.25128, 51.72105, 57.1], [0.25123, 51.72087, 57.0], [0.25117, 51.72072, 57.2], [0.251139, 51.72064, 57.3], [0.25099, 51.72032, 58.0], [0.25095, 51.72024, 58.2], [0.25091, 51.72017, 58.4], [0.25084, 51.72005, 58.9], [0.250699, 51.71986, 59.2], [0.25063, 51.71979, 59.2], [0.250529, 51.71969, 59.4], [0.25034, 51.71951, 59.6], [0.250139, 51.71932, 59.8], [0.24969, 51.71891, 60.3], [0.24967, 51.71889, 60.3], [0.24946, 51.71873, 60.5], [0.24923, 51.71854, 60.8], [0.24882, 51.71818, 61.3], [0.24848, 51.71792, 61.9], [0.24844, 51.71789, 62.0], [0.24838, 51.71785, 62.1], [0.24823, 51.71776, 62.2], [0.24791, 51.71762, 62.1], [0.24771, 51.71754, 62.1], [0.24756, 51.71747, 62.1], [0.24751, 51.71745, 62.1], [0.24715, 51.71724, 62.4], [0.24682, 51.71702, 63.0], [0.24664, 51.71689, 63.4], [0.24652, 51.71678, 63.5], [0.24649, 51.71675, 63.6], [0.24648, 51.71674, 63.6], [0.24638, 51.71662, 63.7], [0.24623, 51.71641, 63.6], [0.24622, 51.71639, 63.6], [0.24605, 51.71613, 63.7], [0.24591, 51.71589, 63.9], [0.24572, 51.71566, 64.4], [0.24539, 51.71527, 65.4], [0.24534, 51.71516, 65.6], [0.24531, 51.71508, 65.8], [0.24527, 51.71498, 66.0], [0.24524, 51.71483, 65.9], [0.24523, 51.71478, 65.9], [0.2452, 51.7147, 65.9], [0.24511, 51.71446, 65.9], [0.24505, 51.71423, 65.9], [0.245, 51.71402, 65.8], [0.24496, 51.71383, 65.6], [0.24495, 51.71352, 65.2], [0.24495, 51.71342, 65.1], [0.24495, 51.71323, 65.0], [0.24495, 51.71309, 65.0], [0.24495, 51.71303, 65.0], [0.24505, 51.71288, 65.0], [0.24505, 51.71288, 65.0], [0.24511, 51.71287, 64.9], [0.24514, 51.71286, 64.9], [0.24517, 51.71286, 64.9], [0.2452, 51.71285, 64.9], [0.24522, 51.71284, 64.9], [0.24524, 51.71282, 64.9], [0.24527, 51.71281, 64.9], [0.24529, 51.7128, 64.9], [0.24531, 51.71277, 64.9], [0.24533, 51.71275, 64.9], [0.24534, 51.71273, 64.9], [0.24535, 51.71271, 64.9], [0.24536, 51.71268, 64.9], [0.24536, 51.71266, 64.9], [0.24536, 51.71263, 64.9], [0.24536, 51.71261, 64.9], [0.24535, 51.71259, 65.0], [0.24534, 51.71256, 65.0], [0.24532, 51.71254, 65.0], [0.24531, 51.71252, 65.0], [0.24528, 51.7125, 65.0], [0.24526, 51.71249, 65.0], [0.24524, 51.71247, 65.0], [0.24521, 51.71246, 65.0], [0.24518, 51.71244, 64.9], [0.24515, 51.71244, 64.9], [0.24512, 51.71243, 64.9], [0.24509, 51.71242, 64.9], [0.24506, 51.71242, 64.9], [0.24503, 51.71242, 64.9], [0.24499, 51.71242, 64.9], [0.24496, 51.71242, 64.9], [0.24493, 51.71242, 64.8], [0.2449, 51.71243, 64.8], [0.24485, 51.71244, 64.7], [0.24483, 51.71245, 64.7], [0.2448, 51.71246, 64.7], [0.24477, 51.71247, 64.7], [0.24475, 51.71249, 64.7], [0.24473, 51.7125, 64.7], [0.24471, 51.71252, 64.7], [0.2447, 51.71254, 64.7], [0.24428, 51.71266, 64.3], [0.2441, 51.71268, 64.2], [0.24381, 51.71271, 64.3], [0.24345, 51.71274, 64.3], [0.24338, 51.71275, 64.3], [0.24308, 51.71277, 64.1], [0.24263, 51.7128, 63.8], [0.24229, 51.71282, 63.6], [0.24222, 51.71282, 63.6], [0.24217, 51.71282, 63.5], [0.24177, 51.71283, 63.3], [0.24087, 51.71285, 61.3], [0.24047, 51.71286, 60.7], [0.23962, 51.71288, 59.0], [0.23889, 51.71289, 57.4], [0.2386, 51.7129, 56.9], [0.23779, 51.71292, 54.9], [0.23739, 51.71293, 53.8], [0.23716, 51.71293, 53.2], [0.23692, 51.71294, 52.6], [0.23659, 51.71296, 51.8], [0.23645, 51.71298, 51.5], [0.23635, 51.71298, 51.2], [0.2363, 51.71299, 51.1], [0.2361, 51.71302, 50.6], [0.23588, 51.71306, 50.1], [0.2358, 51.71307, 49.9], [0.2357, 51.7131, 49.7], [0.23536, 51.71318, 48.9], [0.23513, 51.71323, 48.3], [0.23501, 51.71325, 48.0], [0.23488, 51.71327, 47.7], [0.23487, 51.71327, 47.7], [0.23477, 51.71328, 47.4], [0.23473, 51.71328, 47.4], [0.23464, 51.71329, 47.1], [0.23452, 51.7133, 46.8], [0.23444, 51.7133, 46.7], [0.2344, 51.7133, 46.6], [0.2343, 51.7133, 46.3], [0.23419, 51.7133, 46.1], [0.23386, 51.71329, 45.6], [0.23338, 51.71328, 45.6], [0.2331, 51.71328, 45.6], [0.2329, 51.71329, 45.6], [0.23276, 51.71331, 45.7], [0.23259, 51.71334, 45.9], [0.23241, 51.71337, 46.1], [0.23224, 51.71342, 46.3], [0.23211, 51.71346, 46.5], [0.23195, 51.71352, 46.7], [0.23179, 51.71359, 46.9], [0.23162, 51.71367, 47.0], [0.23129, 51.71385, 47.0], [0.23119, 51.7139, 47.0], [0.23109, 51.71394, 47.0], [0.23092, 51.714, 47.0], [0.23058, 51.71412, 47.0], [0.23056, 51.71412, 47.0], [0.23053, 51.71413, 47.0], [0.22955, 51.71444, 47.2], [0.229, 51.7146, 47.6], [0.22897, 51.71461, 47.6], [0.22882, 51.71465, 47.7], [0.2287, 51.71469, 47.7], [0.22845, 51.71477, 47.9], [0.22832, 51.71481, 48.0], [0.22806, 51.71493, 48.3], [0.22788, 51.71503, 48.6], [0.22777, 51.7151, 48.7], [0.22774, 51.71512, 48.8], [0.22765, 51.7152, 48.9], [0.22757, 51.71529, 48.9], [0.22749, 51.71538, 49.0], [0.22744, 51.71548, 49.0], [0.22739, 51.71561, 49.0], [0.22734, 51.71578, 49.0], [0.22728, 51.71614, 49.6], [0.22726, 51.71628, 49.9], [0.22723, 51.71644, 50.2], [0.22721, 51.71656, 50.4], [0.22718, 51.71667, 50.6], [0.22714, 51.71678, 50.4], [0.22711, 51.71686, 50.3], [0.22705, 51.71697, 50.1], [0.22704, 51.71698, 50.1], [0.227, 51.71705, 49.9], [0.22694, 51.71714, 49.8], [0.22685, 51.71723, 49.5], [0.22676, 51.71731, 49.3], [0.22658, 51.71743, 49.3], [0.22637, 51.71758, 49.8], [0.22619, 51.7177, 50.2], [0.22605, 51.7178, 50.6], [0.22594, 51.71786, 50.8], [0.22579, 51.71795, 51.0], [0.22568, 51.71801, 51.1], [0.22552, 51.71809, 51.1], [0.22538, 51.71816, 51.1], [0.22523, 51.71823, 51.1], [0.22509, 51.71828, 51.1], [0.22497, 51.71834, 51.0], [0.22476, 51.71842, 51.0], [0.22456, 51.7185, 51.0], [0.22403, 51.7187, 51.5], [0.22396, 51.71873, 51.6], [0.2238, 51.7188, 51.8], [0.22367, 51.71887, 52.0], [0.22361, 51.7189, 52.1], [0.22349, 51.71898, 52.4], [0.2234, 51.71904, 52.6], [0.22328, 51.71914, 52.9], [0.22326, 51.71915, 52.9], [0.22318, 51.71922, 52.8], [0.22312, 51.71928, 52.7], [0.22296, 51.71943, 52.6], [0.22295, 51.71945, 52.5], [0.22277, 51.71963, 52.3], [0.22264, 51.71975, 52.2], [0.22252, 51.71985, 52.0], [0.22241, 51.71993, 51.9], [0.22229, 51.72, 51.7], [0.22214, 51.72007, 51.8], [0.22204, 51.72011, 51.8], [0.22179, 51.72021, 51.9], [0.2217, 51.72025, 51.9], [0.22155, 51.72031, 52.0], [0.2215, 51.72033, 52.0], [0.22075, 51.72061, 52.2], [0.22054, 51.72069, 52.5], [0.22042, 51.72074, 52.7], [0.22031, 51.72077, 52.8], [0.22017, 51.72081, 52.9], [0.2201, 51.72083, 53.0], [0.21999, 51.72085, 53.0], [0.21973, 51.72088, 53.0], [0.21948, 51.7209, 53.0], [0.21913, 51.72091, 52.9], [0.21904, 51.72092, 52.9], [0.21839, 51.72092, 52.8], [0.21828, 51.72093, 52.7], [0.21785, 51.72093, 52.3], [0.21712, 51.72093, 52.0], [0.21681, 51.72094, 52.0], [0.21668, 51.72094, 52.0], [0.21652, 51.72095, 52.2], [0.21639, 51.72095, 52.4], [0.21622, 51.72095, 52.7], [0.21616, 51.72095, 52.8], [0.21593, 51.72096, 53.2], [0.21559, 51.72097, 53.7], [0.21552, 51.72098, 53.8], [0.21544, 51.72098, 53.9], [0.21499, 51.721, 54.6], [0.21465, 51.72102, 54.9], [0.21457, 51.72103, 55.0], [0.2144, 51.72104, 55.1], [0.21437, 51.72104, 55.1], [0.21391, 51.72108, 55.3], [0.21344, 51.72113, 55.4], [0.21342, 51.72113, 55.4], [0.21305, 51.72119, 55.5], [0.21272, 51.72126, 55.5], [0.21238, 51.72134, 55.4], [0.21205, 51.72142, 55.3], [0.21204, 51.72142, 55.3], [0.21155, 51.72154, 55.3], [0.21151, 51.72155, 55.3], [0.21132, 51.7216, 55.5], [0.21124, 51.72162, 55.6], [0.21123, 51.72162, 55.6], [0.21087, 51.72171, 55.9], [0.2107, 51.72175, 55.9], [0.21058, 51.72178, 55.9], [0.21037, 51.72186, 55.8], [0.21023, 51.72191, 55.7], [0.20992, 51.72205, 55.6], [0.20979, 51.72211, 55.7], [0.20973, 51.72214, 55.8], [0.20964, 51.72219, 55.8], [0.20936, 51.72234, 56.0], [0.20911, 51.72247, 56.1], [0.20884, 51.7226, 56.6], [0.20881, 51.72261, 56.7], [0.2087, 51.72266, 56.9], [0.2086, 51.7227, 57.2], [0.20825, 51.72282, 57.9], [0.20782, 51.72295, 59.0], [0.20774, 51.72298, 59.2], [0.20738, 51.72309, 59.9], [0.20731, 51.72311, 60.0], [0.20709, 51.72318, 60.3], [0.20679, 51.72328, 60.8], [0.20657, 51.72335, 61.2], [0.20626, 51.72347, 61.9], [0.20599, 51.72358, 62.6], [0.20595, 51.72359, 62.7], [0.20577, 51.72367, 63.3], [0.20564, 51.72373, 63.8], [0.20555, 51.72377, 64.1], [0.20532, 51.72386, 64.9], [0.20505, 51.72397, 66.0], [0.20472, 51.72409, 67.0], [0.20426, 51.72424, 68.0], [0.20324, 51.72457, 70.6], [0.20266, 51.72476, 72.5], [0.20219, 51.72491, 73.9], [0.20173, 51.72505, 75.0], [0.20144, 51.72514, 75.7], [0.20125, 51.72519, 76.1], [0.20105, 51.72524, 76.5], [0.20082, 51.72529, 77.0], [0.20076, 51.7253, 77.1], [0.20049, 51.72533, 77.4], [0.20033, 51.72534, 77.5], [0.20006, 51.72535, 77.7], [0.19989, 51.72535, 77.7], [0.19966, 51.72535, 77.7], [0.19931, 51.72534, 77.8], [0.19906, 51.72533, 77.7], [0.19902, 51.72533, 77.7], [0.19837, 51.72531, 77.4], [0.19734, 51.72527, 77.8], [0.19672, 51.72526, 78.3], [0.19638, 51.72525, 78.1], [0.19617, 51.72524, 77.8], [0.196, 51.72521, 77.7], [0.19583, 51.72518, 77.6], [0.19567, 51.72513, 77.5], [0.19558, 51.7251, 77.5], [0.19553, 51.72509, 77.5], [0.19533, 51.72501, 77.4], [0.19522, 51.72497, 77.3], [0.19491, 51.72483, 77.1], [0.19451, 51.72465, 77.8], [0.19434, 51.72459, 78.2], [0.19418, 51.72453, 78.5], [0.19413, 51.72451, 78.6], [0.19404, 51.72448, 78.8], [0.1939, 51.72445, 79.0], [0.19386, 51.72444, 79.0], [0.19375, 51.72441, 79.2], [0.19357, 51.72438, 79.5], [0.1934, 51.72435, 79.7], [0.19323, 51.72433, 79.8], [0.19291, 51.7243, 79.8], [0.19264, 51.72428, 79.9], [0.19229, 51.72425, 79.9], [0.19209, 51.72424, 79.9], [0.19148, 51.72419, 80.2], [0.19121, 51.72417, 80.5], [0.19022, 51.72409, 81.9], [0.18997, 51.72407, 82.1], [0.18981, 51.72406, 81.9], [0.18962, 51.72406, 81.7], [0.18941, 51.72408, 81.5], [0.18912, 51.7241, 81.2], [0.18897, 51.72412, 81.1], [0.18897, 51.72412, 81.1], [0.18885, 51.72413, 81.1], [0.18863, 51.72414, 81.1], [0.18857, 51.72415, 81.0], [0.18835, 51.72415, 81.0], [0.18823, 51.72415, 80.9], [0.18806, 51.72415, 80.7], [0.18792, 51.72415, 80.5], [0.18777, 51.72414, 80.4], [0.18753, 51.72413, 80.1], [0.18716, 51.72411, 79.7], [0.1867, 51.7241, 79.1], [0.18647, 51.72409, 79.3], [0.18591, 51.72406, 80.0], [0.18589, 51.72406, 80.1], [0.1856, 51.72405, 80.4], [0.18522, 51.72404, 80.8], [0.18502, 51.72403, 81.0], [0.18476, 51.72402, 81.6], [0.18386, 51.72399, 83.7], [0.18357, 51.72398, 84.4], [0.18343, 51.72398, 84.8], [0.18304, 51.72398, 85.7], [0.18272, 51.72399, 86.5], [0.18254, 51.72399, 86.9], [0.18209, 51.72399, 87.5], [0.18198, 51.72398, 87.6], [0.18184, 51.72396, 87.8], [0.18175, 51.72396, 87.9], [0.18135, 51.72394, 88.9], [0.18133, 51.72393, 88.9], [0.18132, 51.72392, 89.0], [0.18131, 51.72391, 89.0], [0.18129, 51.72391, 89.0], [0.18128, 51.7239, 89.1], [0.18126, 51.7239, 89.1], [0.18125, 51.72389, 89.2], [0.18123, 51.72389, 89.2], [0.1811, 51.72374, 89.7], [0.18087, 51.72355, 90.6], [0.18073, 51.72343, 91.1], [0.18037, 51.72315, 92.1], [0.18016, 51.72296, 92.6], [0.17984, 51.72261, 93.2], [0.17975, 51.72248, 93.3], [0.1797, 51.72242, 93.5], [0.17948, 51.72214, 94.3], [0.17947, 51.72212, 94.4], [0.17945, 51.7221, 94.5], [0.17907, 51.72161, 96.0], [0.17883, 51.72132, 96.0], [0.17865, 51.72114, 96.0], [0.17855, 51.72105, 96.0], [0.17836, 51.72087, 96.0], [0.17833, 51.72085, 96.0], [0.17816, 51.72071, 95.5], [0.17798, 51.72055, 94.9], [0.17792, 51.72051, 94.7], [0.17789, 51.72048, 94.6], [0.17729, 51.71998, 92.8], [0.17703, 51.71977, 92.7], [0.17702, 51.71976, 92.7], [0.17702, 51.71976, 92.7], [0.17682, 51.71961, 92.7], [0.17665, 51.71951, 92.6], [0.17649, 51.71943, 92.3], [0.17622, 51.71933, 91.8], [0.17589, 51.71924, 91.1], [0.17561, 51.71919, 90.7], [0.17542, 51.71916, 90.5], [0.17533, 51.71915, 90.4], [0.17505, 51.71912, 90.0], [0.17479, 51.71909, 89.4], [0.1743, 51.719, 88.1], [0.17402, 51.71894, 87.6], [0.17367, 51.71885, 87.0], [0.1735, 51.7188, 86.8], [0.17222, 51.71848, 84.9], [0.17149, 51.71829, 84.0], [0.1712, 51.71822, 83.8], [0.17084, 51.71813, 83.5], [0.16987, 51.71788, 82.2], [0.16987, 51.71787, 82.2], [0.16987, 51.71786, 82.1], [0.16986, 51.71785, 82.1], [0.16985, 51.71785, 82.1], [0.16984, 51.71785, 82.1], [0.16983, 51.71785, 82.1], [0.16982, 51.71785, 82.0], [0.16981, 51.71786, 82.1], [0.16977, 51.71786, 82.0], [0.16882, 51.71761, 80.4], [0.16857, 51.71755, 80.2], [0.16832, 51.71747, 80.0], [0.16828, 51.71745, 79.9], [0.16816, 51.71736, 79.8], [0.16809, 51.7173, 79.7], [0.16794, 51.71707, 79.5], [0.16777, 51.71675, 79.3], [0.16768, 51.71664, 79.2], [0.16764, 51.7166, 79.2], [0.16748, 51.71647, 79.2], [0.16747, 51.71647, 79.2], [0.16723, 51.71632, 79.4], [0.16723, 51.71632, 79.4], [0.16705, 51.71621, 79.5], [0.16696, 51.71613, 79.6], [0.1669, 51.71606, 79.7], [0.16683, 51.71598, 79.8], [0.16675, 51.71584, 80.0], [0.16658, 51.71552, 80.1], [0.1663, 51.71517, 80.8], [0.16614, 51.71501, 81.3], [0.16593, 51.71482, 81.8], [0.16557, 51.71455, 82.1], [0.16544, 51.71447, 82.2], [0.16496, 51.71417, 82.1], [0.16424, 51.7138, 82.9], [0.16384, 51.7136, 83.1], [0.16372, 51.71354, 83.1], [0.16341, 51.71338, 83.1], [0.16328, 51.71332, 83.1], [0.16318, 51.71327, 83.4], [0.16306, 51.71321, 83.8], [0.16262, 51.71301, 84.8], [0.16225, 51.71291, 85.3], [0.16225, 51.7129, 85.3], [0.16226, 51.7129, 85.3], [0.16226, 51.71289, 85.3], [0.16225, 51.71288, 85.3], [0.16224, 51.71287, 85.3], [0.16223, 51.71287, 85.3], [0.16221, 51.71286, 85.3], [0.16217, 51.71285, 85.3], [0.16214, 51.71285, 85.4], [0.16211, 51.71285, 85.4], [0.1621, 51.71285, 85.4], [0.16209, 51.71285, 85.4], [0.16208, 51.71286, 85.4], [0.16207, 51.71286, 85.4], [0.16207, 51.71287, 85.5], [0.16197, 51.71285, 85.5], [0.16161, 51.7128, 85.8], [0.16137, 51.71276, 86.0], [0.16006, 51.71258, 87.1], [0.15982, 51.71255, 87.3], [0.15948, 51.71251, 87.7], [0.15928, 51.7125, 87.9], [0.15906, 51.7125, 88.1], [0.15866, 51.7125, 88.6], [0.15796, 51.71258, 90.2], [0.15737, 51.71266, 91.9], [0.15643, 51.71278, 94.1], [0.15641, 51.71279, 94.2], [0.15599, 51.71289, 95.2], [0.15591, 51.7129, 95.3], [0.15558, 51.71295, 95.8], [0.15528, 51.71296, 96.2], [0.15474, 51.71296, 96.5], [0.15358, 51.71291, 96.5], [0.15355, 51.71291, 96.5], [0.15281, 51.71287, 96.9], [0.1525, 51.71285, 97.2], [0.15189, 51.71283, 97.2], [0.15177, 51.71283, 97.2], [0.15176, 51.71283, 97.2], [0.15112, 51.71284, 96.5], [0.15039, 51.71288, 96.1], [0.15033, 51.71289, 96.1], [0.14995, 51.71292, 96.1], [0.14903, 51.71298, 97.0], [0.14859, 51.71299, 97.5], [0.1483, 51.71299, 97.8], [0.14828, 51.71299, 97.8], [0.14753, 51.71298, 97.7], [0.14677, 51.71295, 97.8], [0.14627, 51.71292, 98.0], [0.1462, 51.71291, 98.0], [0.14571, 51.71288, 98.2], [0.14541, 51.71284, 98.4], [0.14507, 51.71281, 98.6], [0.14484, 51.71278, 98.6], [0.14456, 51.71275, 98.5], [0.14427, 51.71272, 98.5], [0.14415, 51.7127, 98.5], [0.14347, 51.71262, 98.6], [0.14277, 51.71253, 100.2], [0.14264, 51.7125, 100.7], [0.14244, 51.71245, 101.2], [0.14214, 51.71236, 101.9], [0.1415, 51.71213, 103.1], [0.14055, 51.71172, 104.8], [0.1404, 51.71165, 105.2], [0.14018, 51.71155, 106.3], [0.14016, 51.71154, 106.4], [0.13945, 51.71123, 109.2], [0.13922, 51.71113, 109.9], [0.13896, 51.71101, 110.5], [0.13876, 51.71093, 110.8], [0.13874, 51.71092, 110.8], [0.13851, 51.71082, 111.0], [0.1384, 51.71077, 111.2], [0.1384, 51.71077, 111.2], [0.13835, 51.71075, 111.2], [0.13779, 51.71058, 110.8], [0.13749, 51.7105, 110.4], [0.13747, 51.7105, 110.4], [0.1372, 51.71043, 110.1], [0.13568, 51.71006, 107.8], [0.1356, 51.71003, 107.7], [0.13558, 51.71003, 107.7], [0.13532, 51.70996, 107.5], [0.13398, 51.70961, 105.5], [0.13325, 51.70941, 104.5], [0.13245, 51.70911, 106.1], [0.13238, 51.70909, 106.2], [0.13177, 51.70884, 106.8], [0.13147, 51.70873, 107.5], [0.13095, 51.70852, 109.3], [0.13059, 51.70838, 110.2], [0.130207, 51.70823, 110.7], [0.129957, 51.70814, 111.1], [0.129317, 51.70794, 112.6], [0.12895, 51.70785, 113.3], [0.128288, 51.70767, 114.1], [0.12817, 51.70764, 114.4], [0.12752, 51.70745, 115.8], [0.12692, 51.70729, 116.9], [0.12651, 51.70717, 117.0], [0.126347, 51.70713, 116.7], [0.125568, 51.70692, 115.6], [0.12511, 51.70679, 115.3], [0.12431, 51.70657, 116.4], [0.1237, 51.7064, 117.3], [0.12306, 51.70621, 117.9], [0.12217, 51.70595, 118.7], [0.12174, 51.70584, 118.9], [0.12167, 51.70582, 118.9], [0.12099, 51.70564, 116.2], [0.11963, 51.70527, 113.9], [0.1194, 51.70521, 113.8], [0.11932, 51.7052, 113.7], [0.11928, 51.70519, 113.7], [0.11921, 51.70519, 113.6], [0.11916, 51.70519, 113.5], [0.11911, 51.7052, 113.5], [0.11905, 51.70521, 113.4], [0.11905, 51.70521, 113.4], [0.11899, 51.70513, 113.5], [0.11889, 51.70503, 113.6], [0.11875, 51.70488, 113.5], [0.1187, 51.70482, 113.4], [0.11854, 51.70465, 113.2], [0.11836, 51.70445, 113.0], [0.11825, 51.70435, 112.8], [0.11815, 51.70425, 112.6], [0.11783, 51.70389, 111.5], [0.11743, 51.70346, 110.0], [0.11735, 51.70337, 109.7], [0.11715, 51.70317, 108.5], [0.11715, 51.70317, 108.5], [0.11689, 51.70291, 106.9], [0.11654, 51.70258, 105.0], [0.11649, 51.70251, 104.6], [0.11611, 51.70221, 104.6], [0.11582, 51.70198, 104.9], [0.11562, 51.70185, 105.2], [0.11561, 51.70184, 105.3], [0.11502, 51.70149, 106.9], [0.11468, 51.70129, 107.2], [0.11441, 51.70113, 107.6], [0.11436, 51.70109, 107.8], [0.11403, 51.70094, 108.3], [0.11401, 51.70093, 108.4], [0.11366, 51.70072, 109.1], [0.11348, 51.70061, 109.0], [0.11296, 51.70024, 108.7], [0.11289, 51.70019, 108.8], [0.11248, 51.69989, 109.0], [0.11238, 51.69982, 109.0], [0.11221, 51.69969, 109.0], [0.11165, 51.69925, 109.0], [0.11159, 51.6992, 109.0], [0.11123, 51.69889, 109.2], [0.11106, 51.69874, 109.4], [0.11072, 51.69844, 109.9], [0.11063, 51.69836, 110.0], [0.11063, 51.69835, 110.0], [0.11064, 51.69835, 110.0], [0.11064, 51.69834, 110.0], [0.11065, 51.69834, 110.0], [0.11065, 51.69833, 110.0], [0.11065, 51.69832, 110.0], [0.11064, 51.69832, 110.0], [0.11064, 51.69831, 110.0], [0.11063, 51.69831, 110.0], [0.11062, 51.69831, 110.0], [0.11062, 51.6983, 110.0], [0.11061, 51.6983, 110.0], [0.1103, 51.69804, 109.6], [0.11031, 51.69804, 109.6], [0.11031, 51.69803, 109.6], [0.11031, 51.69802, 109.6], [0.11032, 51.69802, 109.6], [0.11032, 51.69801, 109.6], [0.11032, 51.698, 109.6], [0.11032, 51.69799, 109.6], [0.11031, 51.69799, 109.6], [0.11031, 51.69798, 109.6], [0.11031, 51.69797, 109.6], [0.1103, 51.69797, 109.6], [0.11029, 51.69796, 109.6], [0.11028, 51.69796, 109.6], [0.11027, 51.69795, 109.5], [0.11026, 51.69795, 109.5], [0.11025, 51.69795, 109.5], [0.11024, 51.69795, 109.5], [0.11023, 51.69795, 109.5], [0.11022, 51.69795, 109.5], [0.11015, 51.6979, 109.5], [0.11001, 51.69781, 109.4], [0.10968, 51.69759, 108.6], [0.10956, 51.6975, 108.5], [0.10949, 51.69745, 108.3], [0.10911, 51.69724, 108.0], [0.10904, 51.69719, 107.9], [0.10894, 51.69715, 107.8], [0.1088, 51.69709, 107.8], [0.10859, 51.69698, 107.7], [0.10851, 51.69694, 107.7], [0.10837, 51.69688, 107.8], [0.10829, 51.69685, 107.7], [0.10806, 51.69674, 107.6], [0.10778, 51.69662, 107.4], [0.10744, 51.69647, 107.5], [0.1071, 51.69634, 107.8], [0.10693, 51.69625, 108.0], [0.10665, 51.69613, 108.3], [0.10629, 51.69598, 108.6], [0.10623, 51.69596, 108.7], [0.10612, 51.69591, 108.8], [0.10522, 51.69554, 109.0], [0.10454, 51.69521, 109.3], [0.10434, 51.69512, 109.6], [0.1043, 51.69509, 109.7], [0.10372, 51.69474, 110.3], [0.10288, 51.69425, 111.4], [0.10276, 51.69419, 111.7], [0.10265, 51.69414, 111.7], [0.10254, 51.69409, 111.6], [0.10204, 51.69388, 110.8], [0.10176, 51.69377, 110.5], [0.10136, 51.69362, 110.1], [0.10136, 51.69362, 110.1], [0.10126, 51.69359, 110.1], [0.10034, 51.69328, 110.4], [0.10034, 51.69327, 110.3], [0.10033, 51.69327, 110.3], [0.10033, 51.69326, 110.3], [0.10033, 51.69325, 110.3], [0.10032, 51.69325, 110.3], [0.10032, 51.69324, 110.2], [0.10031, 51.69324, 110.3], [0.10031, 51.69323, 110.2], [0.1003, 51.69323, 110.2], [0.10029, 51.69322, 110.2], [0.10028, 51.69322, 110.2], [0.10028, 51.69321, 110.2], [0.10027, 51.69321, 110.2], [0.10026, 51.69321, 110.2], [0.10025, 51.69321, 110.2], [0.10025, 51.6932, 110.2], [0.10024, 51.6932, 110.2], [0.10023, 51.6932, 110.2], [0.10022, 51.6932, 110.2], [0.10021, 51.6932, 110.2], [0.1002, 51.6932, 110.2], [0.10019, 51.6932, 110.3], [0.10018, 51.6932, 110.3], [0.10017, 51.6932, 110.3], [0.10016, 51.6932, 110.3], [0.10015, 51.69321, 110.3], [0.10014, 51.69321, 110.4], [0.10013, 51.69321, 110.4], [0.09919, 51.69286, 110.8], [0.09874, 51.69271, 111.3], [0.09839, 51.69258, 111.9], [0.09764, 51.69233, 112.8], [0.09637, 51.6919, 113.3], [0.09605, 51.69179, 113.0], [0.0959, 51.69173, 112.9], [0.09571, 51.69166, 112.9], [0.09399, 51.69105, 112.0], [0.09368, 51.69095, 111.9], [0.09362, 51.69093, 111.9], [0.09284, 51.69059, 111.7], [0.09273, 51.69054, 111.6], [0.09213, 51.69028, 111.5], [0.09193, 51.69017, 111.7], [0.09156, 51.69, 111.9], [0.09132, 51.68989, 112.1], [0.09123, 51.68985, 112.2], [0.09123, 51.68984, 112.2], [0.09094, 51.68971, 112.5], [0.09069, 51.6896, 112.9], [0.09031, 51.68943, 113.7], [0.09021, 51.68939, 113.9], [0.09005, 51.6893, 114.4], [0.08909, 51.68887, 114.4], [0.08881, 51.68875, 114.8], [0.08863, 51.68867, 115.1], [0.08825, 51.68849, 115.8], [0.08817, 51.68846, 115.7], [0.0877, 51.68824, 115.1], [0.08766, 51.68822, 115.0], [0.08755, 51.68817, 114.9], [0.08727, 51.68804, 115.0], [0.08684, 51.68786, 115.6], [0.08679, 51.68784, 115.7], [0.08613, 51.68757, 115.6], [0.08558, 51.68735, 115.2], [0.08524, 51.68722, 115.3], [0.08513, 51.68718, 115.4], [0.08458, 51.68697, 115.4], [0.08451, 51.68694, 115.4], [0.0843, 51.68687, 115.1], [0.08406, 51.68678, 114.8], [0.08401, 51.68677, 114.7], [0.084, 51.68677, 114.7], [0.08365, 51.68666, 114.2], [0.08306, 51.68646, 115.6], [0.08306, 51.68646, 115.6], [0.08272, 51.68634, 117.3], [0.08225, 51.68619, 119.1], [0.08221, 51.68618, 119.3], [0.08221, 51.68617, 119.4], [0.08217, 51.68616, 119.5], [0.08168, 51.68596, 121.6], [0.08119, 51.68573, 122.2], [0.08102, 51.68566, 122.0], [0.08079, 51.68555, 122.0], [0.08059, 51.68546, 122.1], [0.08056, 51.68545, 122.1], [0.08055, 51.68544, 122.1], [0.08039, 51.68537, 122.1], [0.08032, 51.68534, 122.2], [0.08009, 51.68524, 122.2], [0.08008, 51.68524, 122.2], [0.07985, 51.68514, 122.4], [0.07984, 51.68514, 122.4], [0.07937, 51.68494, 122.4], [0.07916, 51.68485, 122.4], [0.07888, 51.68473, 122.4], [0.07768, 51.68423, 123.1], [0.07745, 51.68413, 123.1], [0.07728, 51.68404, 123.5], [0.07722, 51.68401, 123.6], [0.07662, 51.68369, 124.7], [0.07646, 51.68361, 124.9], [0.0761, 51.68342, 125.1], [0.0758, 51.68327, 125.0], [0.07557, 51.68314, 124.9], [0.07494, 51.68283, 124.6], [0.07431, 51.68249, 124.2], [0.07361, 51.68202, 123.7], [0.07299, 51.68152, 124.5], [0.07279, 51.68134, 124.8], [0.07278, 51.68133, 124.8], [0.07218, 51.68079, 124.8], [0.07194, 51.68061, 124.2], [0.07148, 51.6803, 123.4], [0.07107, 51.68006, 123.6], [0.07089, 51.67995, 123.7], [0.07084, 51.67992, 123.7], [0.07043, 51.67968, 123.3], [0.0696, 51.67921, 122.1], [0.06873, 51.67878, 121.1], [0.0686, 51.67872, 120.9], [0.06848, 51.67866, 120.8], [0.06824, 51.67856, 120.7], [0.068, 51.67846, 120.7], [0.06753, 51.67825, 121.0], [0.06735, 51.67817, 121.1], [0.06703, 51.67803, 121.4], [0.06673, 51.67788, 121.4], [0.0665, 51.67776, 121.1], [0.06639, 51.6777, 120.9], [0.06637, 51.67769, 120.9], [0.0662, 51.6776, 120.6], [0.06608, 51.67751, 120.3], [0.06555, 51.67719, 119.6], [0.06518, 51.67693, 119.3], [0.065, 51.67681, 119.2], [0.06478, 51.67667, 118.7], [0.06463, 51.67656, 118.6], [0.06447, 51.67645, 118.3], [0.064227, 51.67629, 117.7], [0.06365, 51.6759, 115.9], [0.063297, 51.67565, 115.9], [0.06279, 51.67528, 117.4], [0.06279, 51.67528, 117.4], [0.06281, 51.67526, 117.5], [0.06283, 51.67524, 117.6], [0.06285, 51.67521, 117.7], [0.06286, 51.67519, 117.8], [0.062867, 51.67517, 117.9], [0.062867, 51.67514, 118.0], [0.062867, 51.67511, 118.1], [0.06286, 51.67509, 118.1], [0.06286, 51.67506, 118.2], [0.06285, 51.67503, 118.3], [0.06283, 51.67501, 118.4], [0.062798, 51.67498, 118.4], [0.06277, 51.67496, 118.4], [0.06274, 51.67495, 118.4], [0.062728, 51.67494, 118.5], [0.0627, 51.67493, 118.5], [0.06268, 51.67493, 118.4], [0.062659, 51.67492, 118.4], [0.06263, 51.67492, 118.4], [0.062617, 51.67492, 118.4], [0.06257, 51.67492, 118.4], [0.06253, 51.67492, 118.3], [0.06249, 51.67492, 118.3], [0.06245, 51.67493, 118.2], [0.06241, 51.67494, 118.1], [0.06237, 51.67496, 118.0], [0.06234, 51.67498, 117.9], [0.06208, 51.67483, 118.2], [0.0618, 51.67464, 118.8], [0.06176, 51.67462, 118.9], [0.06143, 51.67439, 119.8], [0.06119, 51.67424, 120.2], [0.061, 51.67411, 120.2], [0.06095, 51.67408, 120.1], [0.06078, 51.67397, 120.0], [0.06064, 51.67387, 120.0], [0.06051, 51.67378, 120.0], [0.06038, 51.67369, 120.0], [0.06021, 51.67358, 120.0], [0.06013, 51.67353, 120.0], [0.06, 51.67344, 120.0], [0.05994, 51.6734, 119.9], [0.05934, 51.67299, 118.2], [0.05902, 51.67276, 117.6], [0.05896, 51.67272, 117.5], [0.05846, 51.67238, 116.9], [0.05827, 51.67224, 116.6], [0.05819, 51.67219, 116.5], [0.05797, 51.67204, 116.3], [0.05785, 51.67196, 116.1], [0.05757, 51.67177, 116.0], [0.05752, 51.67174, 116.0], [0.05752, 51.67174, 116.0], [0.05746, 51.6717, 116.0], [0.05726, 51.67156, 115.7], [0.05699, 51.67139, 115.3], [0.05669, 51.67116, 114.8], [0.05612, 51.67078, 111.9], [0.05593, 51.67065, 110.9], [0.05576, 51.67053, 110.0], [0.0555, 51.67036, 108.9], [0.05543, 51.67031, 108.6], [0.05444, 51.66964, 103.5], [0.05409, 51.6694, 101.6], [0.05406, 51.66938, 101.5], [0.05397, 51.66932, 101.0], [0.05378, 51.66918, 100.1], [0.05351, 51.66899, 99.8], [0.05341, 51.66893, 99.7], [0.0534, 51.66891, 99.7], [0.0533, 51.66885, 99.8], [0.0532, 51.66878, 100.2], [0.05293, 51.66859, 101.0], [0.05276, 51.66848, 101.5], [0.05264, 51.6684, 101.7], [0.05255, 51.66833, 101.9], [0.05208, 51.66801, 102.1], [0.05174, 51.66777, 102.8], [0.05144, 51.66757, 103.3], [0.0506, 51.66699, 102.8], [0.0505, 51.66693, 102.6], [0.05024, 51.66674, 102.2], [0.04914, 51.66599, 103.2], [0.049, 51.6659, 103.1], [0.04884, 51.66579, 103.1], [0.04881, 51.66577, 103.1], [0.04863, 51.66564, 103.2], [0.04825, 51.66537, 103.7], [0.04821, 51.66534, 103.7], [0.04818, 51.66533, 103.8], [0.04798, 51.6652, 104.2], [0.04797, 51.6652, 104.2], [0.04757, 51.66494, 105.1], [0.04755, 51.66493, 105.1], [0.0472, 51.66471, 106.1], [0.04719, 51.6647, 106.1], [0.04672, 51.66437, 107.4], [0.04641, 51.66413, 108.6], [0.04617, 51.66391, 108.7], [0.04608, 51.66382, 108.7], [0.04602, 51.66376, 108.7], [0.04588, 51.6636, 108.6], [0.04585, 51.66356, 108.5], [0.04575, 51.66346, 108.4], [0.04574, 51.66344, 108.4], [0.04547, 51.66312, 107.0], [0.04535, 51.66298, 106.2], [0.04533, 51.66297, 106.2], [0.0453, 51.66293, 105.9], [0.04506, 51.66265, 104.1], [0.04505, 51.66264, 104.0], [0.04487, 51.66244, 103.0], [0.04479, 51.66234, 102.6], [0.04466, 51.6622, 102.1], [0.04464, 51.66218, 102.0], [0.04447, 51.66199, 101.2], [0.04417, 51.66165, 99.9], [0.04404, 51.66149, 99.9], [0.0439, 51.66133, 100.0], [0.04364, 51.66102, 100.5], [0.0435, 51.66086, 101.0], [0.04341, 51.66074, 101.4], [0.04327, 51.66056, 101.9], [0.04324, 51.66053, 101.9], [0.04319, 51.66047, 102.0], [0.04316, 51.66042, 102.0], [0.04314, 51.6604, 102.1], [0.04267, 51.65977, 100.4], [0.0422, 51.65913, 95.2], [0.04172, 51.65848, 94.2], [0.04143, 51.6581, 94.9], [0.04135, 51.65799, 95.1], [0.04128, 51.6579, 95.2], [0.04121, 51.6578, 95.3], [0.04093, 51.65744, 94.6], [0.04086, 51.65734, 93.7], [0.04078, 51.65725, 92.9], [0.04071, 51.65716, 92.1], [0.04065, 51.65708, 91.5], [0.04041, 51.65677, 88.9], [0.04034, 51.65667, 88.0], [0.04021, 51.6565, 86.9], [0.0398, 51.65597, 84.3], [0.03974, 51.65589, 84.0], [0.03972, 51.65572, 84.0], [0.03974, 51.6557, 84.1], [0.03975, 51.65568, 84.1], [0.03976, 51.65566, 84.1], [0.03977, 51.65564, 84.2], [0.03977, 51.65562, 84.2], [0.03978, 51.6556, 84.3], [0.03978, 51.65558, 84.4], [0.03977, 51.65557, 84.4], [0.03977, 51.65555, 84.5], [0.03976, 51.65553, 84.6], [0.03975, 51.65551, 84.6], [0.03974, 51.6555, 84.7], [0.03974, 51.65549, 84.7], [0.03974, 51.65548, 84.8], [0.03973, 51.65547, 84.8], [0.03972, 51.65546, 84.9], [0.03971, 51.65545, 84.9], [0.0397, 51.65544, 85.0], [0.03969, 51.65543, 85.0], [0.03965, 51.65541, 85.2], [0.03963, 51.6554, 85.2], [0.0396, 51.65539, 85.3], [0.03958, 51.65538, 85.4], [0.03955, 51.65538, 85.4], [0.03952, 51.65537, 85.5], [0.0395, 51.65537, 85.5], [0.03947, 51.65537, 85.6], [0.03944, 51.65537, 85.6], [0.03941, 51.65537, 85.7], [0.0394, 51.65532, 85.8], [0.03939, 51.65531, 85.9], [0.03924, 51.65516, 86.5], [0.03923, 51.65515, 86.6], [0.03914, 51.65496, 87.0], [0.03904, 51.65477, 86.8], [0.03893, 51.65454, 86.4], [0.03878, 51.65415, 85.4], [0.03877, 51.65412, 85.2], [0.03871, 51.65394, 83.9], [0.0387, 51.65392, 83.8], [0.03867, 51.65381, 83.0], [0.03852, 51.65339, 79.8], [0.03851, 51.65337, 79.7], [0.0385, 51.65334, 79.4], [0.03846, 51.65321, 78.8], [0.03843, 51.65313, 78.5], [0.03838, 51.65301, 77.9], [0.03836, 51.65295, 77.7], [0.03831, 51.65281, 77.1], [0.03824, 51.65261, 76.3], [0.03819, 51.65247, 75.6], [0.03806, 51.65211, 73.3], [0.03805, 51.6521, 73.3], [0.03799, 51.65192, 72.1], [0.03793, 51.65177, 71.1], [0.03787, 51.65161, 70.2], [0.03782, 51.65148, 69.6], [0.03772, 51.65118, 68.1], [0.03767, 51.65106, 67.4], [0.03763, 51.65095, 66.9], [0.0376, 51.65089, 66.5], [0.0376, 51.65088, 66.5], [0.03758, 51.65084, 66.2], [0.03755, 51.65075, 65.8], [0.03751, 51.65065, 65.4], [0.03732, 51.65013, 62.9], [0.03728, 51.65001, 62.2], [0.03723, 51.64989, 61.8], [0.03716, 51.64968, 61.2], [0.0371, 51.64953, 60.7], [0.03705, 51.64938, 60.3], [0.03704, 51.64935, 60.2], [0.03698, 51.64916, 59.7], [0.0369, 51.64896, 58.9], [0.03676, 51.64857, 57.2], [0.03673, 51.6485, 56.8], [0.03658, 51.64808, 56.4], [0.03654, 51.64801, 56.5], [0.03647, 51.64782, 56.9], [0.03646, 51.64777, 56.9], [0.03637, 51.64753, 57.3], [0.03628, 51.64734, 57.3], [0.03625, 51.64727, 57.2], [0.03621, 51.64715, 57.1], [0.03618, 51.64706, 57.0], [0.03617, 51.64699, 56.9], [0.03614, 51.6469, 56.7], [0.03607, 51.64672, 56.4], [0.03603, 51.64658, 56.1], [0.03596, 51.64639, 55.5], [0.03589, 51.6462, 55.0], [0.03575, 51.64583, 53.9], [0.03572, 51.64573, 53.8], [0.03561, 51.64545, 53.6], [0.03555, 51.64526, 53.4], [0.03542, 51.64492, 53.0], [0.03536, 51.64476, 52.9], [0.03528, 51.64455, 52.8], [0.0352, 51.64431, 52.9], [0.03519, 51.64428, 52.9], [0.03507, 51.644, 53.6], [0.03495, 51.6437, 54.6], [0.03494, 51.64367, 54.7], [0.03494, 51.64366, 54.8], [0.03473, 51.64308, 56.8], [0.03465, 51.64289, 57.6], [0.03465, 51.64288, 57.7], [0.03465, 51.64287, 57.7], [0.03463, 51.64282, 57.9], [0.03455, 51.64258, 59.0], [0.03445, 51.64232, 59.6], [0.03442, 51.64224, 59.8], [0.0344, 51.64217, 59.9], [0.03426, 51.64182, 60.7], [0.03417, 51.64154, 61.5], [0.03408, 51.64126, 62.4], [0.03402, 51.64107, 63.0], [0.03399, 51.64096, 63.3], [0.03392, 51.64069, 64.3], [0.03391, 51.64063, 64.6], [0.03385, 51.64038, 65.6], [0.03379, 51.64004, 66.9], [0.03378, 51.64001, 67.0], [0.03375, 51.63982, 66.5], [0.03374, 51.63976, 66.3], [0.03368, 51.63947, 65.3], [0.03361, 51.63912, 64.4], [0.03359, 51.63905, 64.5], [0.03356, 51.63885, 64.9], [0.03341, 51.63827, 66.0], [0.03328, 51.6378, 65.8], [0.03319, 51.63754, 65.6], [0.03312, 51.63732, 65.1], [0.03302, 51.63701, 64.1], [0.033, 51.63696, 63.9], [0.03288, 51.6366, 62.8], [0.03284, 51.6365, 62.5], [0.03275, 51.63623, 61.7], [0.032668, 51.63599, 60.9], [0.03259, 51.63574, 60.8], [0.03243, 51.63526, 62.6], [0.03239, 51.63516, 63.1], [0.0323, 51.63488, 64.3], [0.03223, 51.63468, 65.1], [0.03219, 51.63455, 65.6], [0.03211, 51.63432, 66.4], [0.032079, 51.63422, 66.8], [0.03203, 51.63409, 67.3], [0.032009, 51.63402, 67.6], [0.03198, 51.63394, 67.9], [0.03189, 51.63368, 69.0], [0.03184, 51.63352, 69.7], [0.031808, 51.63342, 70.1], [0.03179, 51.63336, 70.3], [0.03161, 51.63292, 70.8], [0.03161, 51.63286, 70.9], [0.03155, 51.63268, 71.0], [0.03144, 51.63238, 70.6], [0.03139, 51.63224, 69.9], [0.03139, 51.63221, 69.9], [0.03129, 51.63194, 68.5], [0.03121, 51.63171, 67.4], [0.03114, 51.63151, 67.1], [0.03111, 51.6314, 67.2], [0.03096, 51.63098, 67.3], [0.03089, 51.63076, 67.4], [0.03082, 51.63057, 67.6], [0.03068, 51.63018, 68.0], [0.03064, 51.63007, 68.1], [0.03061, 51.62998, 68.3], [0.03058, 51.62989, 68.4], [0.03046, 51.62953, 69.1], [0.03031, 51.62912, 69.6], [0.03028, 51.62902, 69.7], [0.03027, 51.62898, 69.7], [0.03025, 51.62892, 69.8], [0.0302, 51.62877, 69.9], [0.03017, 51.62869, 70.0], [0.03008, 51.62841, 70.2], [0.03006, 51.62834, 70.3], [0.03, 51.62817, 70.4], [0.02995, 51.62804, 70.5], [0.02991, 51.62791, 70.7], [0.02981, 51.6276, 71.1], [0.02974, 51.62742, 71.0], [0.02959, 51.62697, 70.2], [0.0294, 51.62641, 70.3], [0.02938, 51.62635, 70.4], [0.02927, 51.62602, 71.5], [0.02918, 51.62577, 72.2], [0.02915, 51.62567, 72.3], [0.02908, 51.62545, 72.6], [0.02902, 51.62525, 72.9], [0.02898, 51.62513, 73.0], [0.02896, 51.62506, 73.1], [0.02893, 51.62496, 73.3], [0.02891, 51.62488, 73.4], [0.02891, 51.62487, 73.4], [0.02885, 51.62465, 73.9], [0.0288, 51.62451, 74.1], [0.02877, 51.62441, 74.3], [0.02872, 51.62423, 74.7], [0.02869, 51.62412, 75.1], [0.02866, 51.62402, 75.4], [0.02862, 51.62387, 76.0], [0.02859, 51.62378, 76.3], [0.02855, 51.62364, 76.9], [0.02849, 51.62343, 77.7], [0.02843, 51.62323, 78.3], [0.02838, 51.62304, 78.7], [0.02832, 51.62283, 79.2], [0.0283, 51.62275, 79.3], [0.02826, 51.62264, 79.4], [0.02823, 51.62251, 79.6], [0.0282, 51.62242, 79.6], [0.02812, 51.62213, 79.5], [0.02807, 51.62197, 79.5], [0.02801, 51.62175, 79.5], [0.02796, 51.62157, 79.0], [0.02792, 51.62145, 78.3], [0.02791, 51.62139, 78.0], [0.02788, 51.62129, 77.4], [0.02786, 51.62122, 77.1], [0.02784, 51.62117, 76.8], [0.02781, 51.62107, 76.2], [0.02778, 51.62094, 75.6], [0.02778, 51.62092, 75.5], [0.02778, 51.62089, 75.3], [0.02779, 51.62086, 75.1], [0.02779, 51.62083, 75.0], [0.0278, 51.62072, 74.4], [0.0278, 51.62062, 73.9], [0.0278, 51.62061, 73.8], [0.02779, 51.62057, 73.6], [0.02778, 51.62051, 73.3], [0.02778, 51.62046, 73.1], [0.02769, 51.62024, 72.0], [0.02768, 51.62023, 71.9], [0.02765, 51.62015, 71.6], [0.02761, 51.62007, 71.2], [0.02756, 51.61994, 70.7], [0.02748, 51.61976, 70.2], [0.02743, 51.61964, 69.9], [0.0274, 51.61956, 69.7], [0.02737, 51.61951, 69.6], [0.02725, 51.61926, 69.2], [0.02722, 51.61921, 69.1], [0.02718, 51.61914, 69.1], [0.0271, 51.61897, 69.2], [0.02701, 51.6188, 69.3], [0.02688, 51.61855, 69.5], [0.0268, 51.61839, 69.6], [0.02673, 51.61826, 69.9], [0.02665, 51.61812, 70.3], [0.02649, 51.61781, 70.9], [0.02638, 51.61759, 71.5], [0.02634, 51.61752, 71.7], [0.02625, 51.61737, 72.2], [0.0261, 51.61709, 72.9], [0.02597, 51.61685, 73.5], [0.02592, 51.61675, 73.7], [0.02578, 51.61647, 74.1], [0.02567, 51.61625, 74.2], [0.0256, 51.61607, 74.3], [0.02558, 51.61603, 74.3], [0.02549, 51.61581, 74.4], [0.02543, 51.61568, 74.6], [0.02531, 51.6154, 75.0], [0.02516, 51.61502, 75.6], [0.02515, 51.61499, 75.6], [0.02509, 51.61484, 75.6], [0.02502, 51.61467, 75.6], [0.02497, 51.61454, 75.5], [0.02489, 51.61448, 75.4], [0.02486, 51.61441, 75.3], [0.02483, 51.61434, 75.3], [0.02478, 51.61422, 75.1], [0.02477, 51.61419, 75.0], [0.0247, 51.61404, 74.3], [0.02466, 51.61397, 73.9], [0.02462, 51.61388, 73.4], [0.02455, 51.61375, 72.8], [0.02448, 51.61364, 72.4], [0.02419, 51.61318, 71.7], [0.02413, 51.61308, 71.8], [0.024, 51.61285, 71.8], [0.02401, 51.61285, 71.8], [0.02401, 51.61284, 71.8], [0.02402, 51.61284, 71.8], [0.02403, 51.61284, 71.7], [0.02403, 51.61283, 71.7], [0.02404, 51.61283, 71.7], [0.02404, 51.61282, 71.7], [0.02404, 51.61281, 71.7], [0.02404, 51.6128, 71.7], [0.02404, 51.61279, 71.7], [0.02403, 51.61279, 71.7], [0.02403, 51.61278, 71.7], [0.02402, 51.61278, 71.7], [0.02401, 51.61278, 71.7], [0.02401, 51.61277, 71.7], [0.024, 51.61277, 71.7], [0.02399, 51.61277, 71.7], [0.02398, 51.61277, 71.8], [0.02397, 51.61277, 71.8], [0.02396, 51.61277, 71.8], [0.02395, 51.61277, 71.8], [0.02377, 51.61249, 71.9], [0.02369, 51.61236, 71.7], [0.02361, 51.61224, 71.5], [0.02356, 51.61215, 71.3], [0.02352, 51.6121, 71.2], [0.02343, 51.61196, 70.9], [0.02337, 51.61186, 70.6], [0.02326, 51.61171, 70.1], [0.02319, 51.61161, 69.6], [0.02315, 51.61155, 69.4], [0.02309, 51.61147, 69.1], [0.02308, 51.61145, 69.1], [0.0229, 51.61122, 68.4], [0.02278, 51.61108, 68.2], [0.02237, 51.61057, 67.5], [0.02228, 51.61046, 67.2], [0.02226, 51.61043, 67.2], [0.0222, 51.61035, 67.0], [0.02208, 51.6102, 66.6], [0.02194, 51.61001, 66.0], [0.02164, 51.6096, 66.0], [0.02157, 51.60951, 65.9], [0.02152, 51.60943, 65.8], [0.02146, 51.60934, 65.8], [0.02138, 51.60922, 65.7], [0.02131, 51.60913, 65.5], [0.02126, 51.60906, 65.4], [0.02114, 51.60887, 65.3], [0.02107, 51.60876, 65.4], [0.02107, 51.60876, 65.4], [0.020485, 51.608002, 66.2], [0.020485, 51.608002, 66.2], [0.019938, 51.607345, 66.2], [0.01958, 51.606922, 64.4], [0.01958, 51.606922, 64.4], [0.019307, 51.606717, 64.0], [0.019307, 51.606717, 64.0], [0.019081, 51.606546, 63.4], [0.019081, 51.606546, 63.4], [0.018904, 51.606321, 62.5], [0.018904, 51.606321, 62.5], [0.018561, 51.605909, 61.0], [0.018561, 51.605909, 61.0], [0.018207, 51.605471, 62.5], [0.018207, 51.605471, 62.5], [0.01796, 51.605126, 63.7], [0.01796, 51.605126, 63.7], [0.017901, 51.604975, 64.0], [0.017901, 51.604975, 64.0], [0.017697, 51.604826, 64.2], [0.017697, 51.604826, 64.2], [0.017483, 51.604615, 64.5], [0.01743, 51.60459, 64.5], [0.01736, 51.60451, 64.6], [0.0173, 51.60443, 64.7], [0.01727, 51.60438, 64.7], [0.01724, 51.60435, 64.8], [0.01709, 51.60418, 65.0], [0.01688, 51.60394, 64.7], [0.01672, 51.60377, 64.5], [0.01657, 51.60361, 64.5], [0.01644, 51.60346, 64.7], [0.01633, 51.60334, 64.8], [0.016, 51.60296, 64.6], [0.01504, 51.60188, 67.6], [0.01459, 51.60138, 67.8], [0.01433, 51.6011, 67.4], [0.01421, 51.60096, 67.3], [0.01413, 51.60088, 67.2], [0.01402, 51.60076, 67.3], [0.01387, 51.60059, 67.6], [0.01383, 51.60055, 67.7], [0.01368, 51.60036, 68.2], [0.01355, 51.60021, 68.5], [0.01344, 51.60009, 68.8], [0.01332, 51.59995, 69.0], [0.01331, 51.59993, 69.0], [0.0132, 51.59981, 69.0], [0.01294, 51.59946, 68.7], [0.01276, 51.59922, 68.4], [0.01273, 51.59916, 68.3], [0.01268, 51.5991, 68.3], [0.01257, 51.5989, 68.4], [0.01251, 51.5988, 68.4], [0.01243, 51.59865, 68.7], [0.01238, 51.59856, 68.8], [0.01232, 51.59845, 69.0], [0.01199, 51.59779, 68.3], [0.01185, 51.59751, 67.8], [0.01171, 51.59724, 66.7], [0.0117, 51.59722, 66.6], [0.01161, 51.59705, 65.8], [0.01158, 51.59698, 65.4], [0.01158, 51.59698, 65.4], [0.0115, 51.59681, 64.5], [0.01155, 51.59669, 64.0], [0.01159, 51.59662, 63.5], [0.01164, 51.59653, 62.7], [0.01168, 51.59646, 62.0], [0.01173, 51.59638, 61.3], [0.01174, 51.59632, 60.7], [0.01175, 51.59624, 60.0], [0.01187, 51.59603, 58.3], [0.012, 51.59582, 56.8], [0.012, 51.59576, 56.8], [0.01201, 51.59571, 56.8], [0.01204, 51.59566, 56.8], [0.01207, 51.5956, 56.8], [0.01208, 51.59556, 56.8], [0.01209, 51.59551, 56.8], [0.01209, 51.59547, 56.8], [0.01207, 51.59543, 56.8], [0.01205, 51.5954, 56.8], [0.01203, 51.59537, 56.8], [0.012, 51.59534, 56.8], [0.01197, 51.59532, 56.8], [0.01187, 51.59525, 56.8], [0.01183, 51.59522, 56.8], [0.01179, 51.5952, 56.8], [0.01145, 51.59506, 56.9], [0.01112, 51.59493, 57.2], [0.01106, 51.59488, 57.3], [0.01098, 51.59484, 57.4], [0.0109, 51.59481, 57.5], [0.01085, 51.59478, 57.5], [0.01075, 51.59475, 57.6], [0.01065, 51.59469, 57.7], [0.01059, 51.59465, 57.7], [0.01057, 51.59463, 57.7], [0.01053, 51.59461, 57.8], [0.0105, 51.59457, 57.8], [0.01045, 51.59449, 57.9], [0.01026, 51.59415, 58.3], [0.01026, 51.59415, 58.3], [0.01011, 51.59413, 58.0], [0.00991, 51.59408, 57.7], [0.00981, 51.59405, 57.5], [0.00973, 51.59404, 57.4], [0.0097, 51.59404, 57.3], [0.00964, 51.59404, 57.3], [0.00956, 51.59405, 57.2], [0.00912, 51.59398, 56.5], [0.0087, 51.59391, 56.0], [0.0085, 51.59389, 55.8], [0.00795, 51.59379, 55.1], [0.00767, 51.59374, 54.7], [0.00748, 51.59371, 54.5], [0.00739, 51.59369, 54.4], [0.00708, 51.59364, 54.4], [0.00683, 51.59359, 54.3], [0.00655, 51.59354, 54.0], [0.00648, 51.59353, 53.8], [0.00618, 51.59347, 53.1], [0.00591, 51.59342, 52.4], [0.00568, 51.59337, 51.9], [0.00546, 51.59333, 51.5], [0.00517, 51.59328, 51.1], [0.00512, 51.59327, 51.0], [0.00492, 51.59323, 50.6], [0.00475, 51.5932, 50.1], [0.00474, 51.5932, 50.1], [0.00449, 51.59315, 49.3], [0.004028, 51.59307, 48.1], [0.0038, 51.59304, 47.6], [0.00379, 51.59303, 47.5], [0.00348, 51.59299, 46.9], [0.00311, 51.59294, 45.7], [0.00311, 51.59294, 45.7], [0.00293, 51.59291, 45.0], [0.0024, 51.59285, 43.1], [0.00183, 51.59278, 41.2], [0.00162, 51.59275, 40.4], [0.00133, 51.59272, 39.3], [0.00123, 51.5927, 38.9], [0.00101, 51.59268, 38.1], [0.00074, 51.59264, 37.0], [0.00067, 51.59264, 36.8], [0.00063, 51.59263, 36.6], [0.0006, 51.59263, 36.5], [0.00054, 51.59263, 36.3], [0.00046, 51.59262, 36.0], [0.00042, 51.59262, 35.9], [0.0003, 51.59261, 35.4], [0.0002, 51.5926, 35.1], [6e-05, 51.59259, 34.5], [3e-05, 51.59258, 34.4], [-7e-05, 51.59255, 34.0], [-0.00015, 51.59253, 34.0], [-0.00027, 51.59252, 34.0], [-0.00034, 51.59251, 34.0], [-0.00055, 51.59249, 31.0], [-0.00067, 51.59247, 31.0], [-0.00083, 51.59245, 30.6], [-0.00106, 51.59242, 30.1], [-0.00112, 51.59242, 30.0], [-0.00136, 51.59239, 29.5], [-0.00141, 51.59238, 29.4], [-0.00154, 51.59237, 29.1], [-0.00157, 51.59237, 29.0], [-0.00162, 51.59237, 28.9], [-0.00171, 51.59239, 28.7], [-0.00175, 51.59238, 28.6], [-0.00183, 51.59236, 28.5], [-0.00199, 51.59233, 28.1], [-0.00245, 51.59226, 27.1], [-0.00257, 51.59224, 26.9], [-0.00273, 51.59221, 26.8], [-0.00277, 51.5922, 26.8], [-0.00291, 51.59218, 26.7], [-0.00305, 51.59215, 26.6], [-0.00325, 51.5921, 26.5], [-0.00338, 51.59206, 26.5], [-0.0034, 51.59206, 26.5], [-0.00347, 51.59204, 26.5], [-0.00352, 51.59203, 26.5], [-0.00362, 51.59201, 26.4], [-0.00369, 51.59197, 26.5], [-0.00378, 51.59192, 26.5], [-0.00391, 51.59189, 26.5], [-0.004, 51.59186, 26.6], [-0.00411, 51.59183, 26.6], [-0.00415, 51.59182, 26.6], [-0.00427, 51.59179, 26.7], [-0.00444, 51.59174, 26.8], [-0.00444, 51.59174, 26.8], [-0.00459, 51.5917, 26.9], [-0.0046, 51.5917, 26.9], [-0.0046, 51.5917, 26.9], [-0.0048, 51.59164, 27.1], [-0.00485, 51.59162, 27.2], [-0.00485, 51.59162, 27.2], [-0.00507, 51.59157, 27.3], [-0.00518, 51.59155, 27.3], [-0.00531, 51.59152, 27.3], [-0.00546, 51.5915, 27.3], [-0.00564, 51.59147, 27.3], [-0.0058, 51.59145, 27.3], [-0.00583, 51.59145, 27.3], [-0.00585, 51.59145, 27.3], [-0.00588, 51.59145, 27.3], [-0.00592, 51.59144, 27.3], [-0.00597, 51.59144, 27.2], [-0.00609, 51.59142, 27.3], [-0.00616, 51.59141, 27.3], [-0.00639, 51.59134, 27.6], [-0.0066, 51.5913, 27.7], [-0.00673, 51.59128, 27.7], [-0.00691, 51.59124, 27.9], [-0.00708, 51.5912, 28.1], [-0.00726, 51.59117, 28.2], [-0.00752, 51.59109, 28.5], [-0.00775, 51.59102, 28.9], [-0.007889, 51.59097, 29.2], [-0.00805, 51.59092, 29.5], [-0.00814, 51.59088, 29.7], [-0.00826, 51.59083, 30.0], [-0.00836, 51.59078, 30.1], [-0.00849, 51.59074, 29.8], [-0.00851, 51.59073, 29.8], [-0.00864, 51.59069, 29.6], [-0.00874, 51.59064, 29.5], [-0.00898, 51.59056, 29.1], [-0.00917, 51.59052, 28.7], [-0.00952, 51.59045, 28.1], [-0.00982, 51.59039, 27.5], [-0.01016, 51.59032, 27.0], [-0.01083, 51.59019, 26.3], [-0.01101, 51.59016, 26.4], [-0.01122, 51.59014, 26.4], [-0.01135, 51.59012, 26.5], [-0.01153, 51.59009, 26.6], [-0.01167, 51.59007, 26.7], [-0.01209, 51.59002, 26.9], [-0.01236, 51.58998, 27.2], [-0.01259, 51.58997, 27.3], [-0.01295, 51.58995, 27.4], [-0.01324, 51.58993, 27.6], [-0.0133, 51.58993, 27.6], [-0.0147, 51.58984, 26.8], [-0.01485, 51.58986, 26.5], [-0.01528, 51.58985, 26.8], [-0.01541, 51.58986, 26.9], [-0.01567, 51.58988, 27.1], [-0.01573, 51.58989, 27.0], [-0.016219, 51.58997, 26.8], [-0.01666, 51.59005, 26.7], [-0.01685, 51.59008, 26.1], [-0.01701, 51.5901, 25.6], [-0.01711, 51.59012, 25.3], [-0.01737, 51.59017, 24.5], [-0.01808, 51.59033, 22.3], [-0.01837, 51.5904, 21.5], [-0.01847, 51.59043, 21.4], [-0.01888, 51.59051, 20.8], [-0.01932, 51.59064, 19.9], [-0.01977, 51.59076, 19.4], [-0.01996, 51.5908, 19.2], [-0.02003, 51.59081, 19.1], [-0.02008, 51.59081, 19.0], [-0.02014, 51.59082, 18.9], [-0.0202, 51.59083, 18.8], [-0.02028, 51.59084, 18.7], [-0.02034, 51.59085, 18.6], [-0.0204, 51.59085, 18.5], [-0.02041, 51.59085, 18.5], [-0.02048, 51.59085, 18.4], [-0.02056, 51.59085, 18.3], [-0.02063, 51.59084, 18.2], [-0.0207, 51.59084, 18.2], [-0.02084, 51.59083, 18.0], [-0.02101, 51.5908, 18.2], [-0.02117, 51.59078, 18.2], [-0.02126, 51.59076, 18.3], [-0.02132, 51.59075, 18.3], [-0.0214, 51.59074, 18.4], [-0.02148, 51.59073, 18.4], [-0.02164, 51.5907, 18.5], [-0.02188, 51.59065, 18.7], [-0.02197, 51.59063, 18.8], [-0.022, 51.59062, 18.9], [-0.02234, 51.59054, 19.3], [-0.02245, 51.59051, 19.5], [-0.02268, 51.59044, 19.9], [-0.0229, 51.59038, 20.2], [-0.02298, 51.59036, 20.3], [-0.02306, 51.59034, 20.4], [-0.02312, 51.59033, 20.4], [-0.0232, 51.59031, 20.5], [-0.02329, 51.5903, 20.6], [-0.02338, 51.59028, 20.6], [-0.02357, 51.59025, 20.6], [-0.02452, 51.59011, 20.6], [-0.0255, 51.58998, 22.3], [-0.02596, 51.58993, 23.5], [-0.02611, 51.58991, 23.8], [-0.0262, 51.5899, 24.1], [-0.02647, 51.58988, 24.7], [-0.02655, 51.58987, 24.9], [-0.02662, 51.58985, 25.1], [-0.02677, 51.58984, 25.0], [-0.02692, 51.58982, 24.7], [-0.02702, 51.5898, 24.6], [-0.0272, 51.58978, 24.3], [-0.02725, 51.58977, 24.3], [-0.02738, 51.58974, 24.1], [-0.02748, 51.58972, 24.0], [-0.02765, 51.5897, 24.0], [-0.02783, 51.58968, 23.9], [-0.02794, 51.58966, 23.9], [-0.02806, 51.58965, 23.9], [-0.02837, 51.58961, 23.8], [-0.0285, 51.58959, 23.7], [-0.02859, 51.58958, 23.6], [-0.02868, 51.58957, 23.4], [-0.02881, 51.58954, 23.3], [-0.02888, 51.58953, 23.2], [-0.02894, 51.58952, 23.2], [-0.02899, 51.5895, 23.1], [-0.02909, 51.58948, 23.0], [-0.0293, 51.58942, 22.9], [-0.0294, 51.5894, 22.8], [-0.02952, 51.58936, 22.7], [-0.02989, 51.58923, 22.2], [-0.02992, 51.58922, 22.1], [-0.03001, 51.58918, 22.0], [-0.0301, 51.58914, 21.9], [-0.03011, 51.58914, 21.9], [-0.03022, 51.58909, 21.8], [-0.03031, 51.58904, 21.7], [-0.03036, 51.58901, 21.7], [-0.03041, 51.58898, 21.6], [-0.03045, 51.58896, 21.6], [-0.03049, 51.58895, 21.5], [-0.03061, 51.5889, 21.4], [-0.03081, 51.58884, 21.0], [-0.03126, 51.58871, 20.5], [-0.0323, 51.5884, 18.5], [-0.0328, 51.58825, 17.6], [-0.03298, 51.58819, 17.4], [-0.03314, 51.58814, 17.2], [-0.03324, 51.5881, 17.1], [-0.0334, 51.58805, 17.0], [-0.03346, 51.58803, 17.0], [-0.03352, 51.58802, 16.9], [-0.03365, 51.58799, 16.9], [-0.0338, 51.58796, 16.9], [-0.03398, 51.58792, 17.0], [-0.03403, 51.58792, 17.0], [-0.03418, 51.5879, 17.0], [-0.03425, 51.58789, 17.1], [-0.03447, 51.58785, 17.2], [-0.03474, 51.58782, 17.2], [-0.03528, 51.58775, 17.1], [-0.03582, 51.58768, 16.6], [-0.03598, 51.58766, 16.6], [-0.03625, 51.58763, 16.7], [-0.03645, 51.58761, 16.7], [-0.03675, 51.58759, 16.8], [-0.03691, 51.58757, 16.8], [-0.03715, 51.58755, 16.8], [-0.03738, 51.58753, 16.9], [-0.0375, 51.58752, 16.9], [-0.03772, 51.5875, 17.0], [-0.03783, 51.58749, 17.0], [-0.038, 51.58747, 16.9], [-0.03809, 51.58746, 16.9], [-0.03825, 51.58745, 16.9], [-0.03849, 51.58743, 16.5], [-0.03874, 51.58739, 15.8], [-0.03881, 51.58739, 15.7], [-0.03914, 51.58735, 14.9], [-0.03921, 51.58734, 14.8], [-0.03941, 51.58732, 14.6], [-0.03974, 51.58729, 14.2], [-0.03995, 51.58727, 14.0], [-0.04023, 51.58725, 13.4], [-0.04056, 51.58722, 12.7], [-0.04118, 51.58717, 11.4], [-0.04138, 51.58713, 11.1], [-0.04149, 51.58712, 10.9], [-0.04257, 51.58699, 8.9], [-0.04273, 51.58696, 8.7], [-0.04313, 51.58691, 8.2], [-0.04364, 51.58685, 8.0], [-0.04404, 51.58681, 8.0], [-0.04444, 51.58677, 8.0], [-0.0447, 51.58674, 8.0], [-0.0451, 51.58672, 7.9], [-0.04514, 51.58672, 7.9], [-0.04527, 51.5867, 7.9], [-0.04555, 51.58668, 7.9], [-0.0456, 51.58668, 7.9], [-0.04599, 51.58664, 7.8], [-0.04609, 51.58663, 7.8], [-0.04627, 51.58661, 7.8], [-0.04659, 51.58658, 7.8], [-0.04659, 51.58658, 7.8], [-0.04687, 51.58655, 8.1], [-0.04708, 51.58653, 8.5], [-0.04792, 51.58644, 9.3], [-0.04796, 51.58644, 9.3], [-0.04821, 51.58642, 9.4], [-0.04912, 51.58633, 9.4], [-0.04964, 51.58627, 10.0], [-0.04993, 51.58625, 10.4], [-0.05032, 51.58621, 10.1], [-0.05062, 51.58618, 9.6], [-0.05073, 51.58617, 9.4], [-0.05082, 51.58617, 9.2], [-0.05091, 51.58617, 9.1], [-0.05099, 51.58617, 9.0], [-0.05108, 51.58617, 8.8], [-0.0511, 51.58617, 8.8], [-0.05115, 51.58618, 8.7], [-0.05123, 51.58619, 8.6], [-0.05132, 51.5862, 8.5], [-0.05143, 51.58622, 8.3], [-0.05156, 51.58624, 8.1], [-0.05169, 51.58628, 8.0], [-0.05173, 51.58629, 8.1], [-0.05185, 51.58634, 8.3], [-0.05187, 51.58635, 8.3], [-0.05197, 51.58639, 8.5], [-0.05208, 51.58644, 8.7], [-0.05216, 51.58649, 8.9], [-0.05243, 51.58661, 9.5], [-0.05255, 51.58666, 9.7], [-0.05271, 51.58674, 10.1], [-0.05285, 51.5868, 10.2], [-0.05289, 51.58682, 10.2], [-0.05316, 51.58693, 10.0], [-0.05321, 51.58695, 9.9], [-0.05341, 51.58702, 9.8], [-0.05353, 51.58706, 9.7], [-0.05355, 51.58707, 9.7], [-0.05363, 51.5871, 9.7], [-0.05368, 51.58712, 9.7], [-0.05458, 51.58733, 9.2], [-0.05488, 51.5874, 9.1], [-0.05546, 51.58754, 8.5], [-0.05553, 51.58756, 8.5], [-0.05579, 51.58763, 8.6], [-0.05597, 51.58768, 8.7], [-0.05605, 51.5877, 8.7], [-0.05619, 51.58773, 8.8], [-0.05631, 51.58776, 8.8], [-0.05643, 51.58778, 8.9], [-0.05644, 51.58778, 8.9], [-0.05654, 51.5878, 8.9], [-0.05663, 51.58782, 9.0], [-0.05669, 51.58782, 9.0], [-0.05678, 51.58784, 9.2], [-0.05682, 51.58785, 9.2], [-0.05699, 51.58787, 9.5], [-0.0571, 51.58788, 9.7], [-0.05739, 51.58792, 10.2], [-0.05744, 51.58792, 10.4], [-0.05774, 51.58794, 10.8], [-0.05798, 51.58795, 11.1], [-0.05805, 51.58796, 11.2], [-0.05837, 51.58798, 11.5], [-0.05858, 51.58798, 11.3], [-0.05871, 51.58798, 11.1], [-0.05873, 51.58798, 11.1], [-0.05888, 51.58798, 10.9], [-0.05902, 51.58798, 10.8], [-0.05914, 51.58798, 10.6], [-0.05919, 51.58798, 10.6], [-0.05933, 51.58797, 10.6], [-0.05945, 51.58797, 10.6], [-0.05966, 51.58797, 10.5], [-0.05967, 51.58797, 10.5], [-0.05973, 51.58798, 10.5], [-0.05994, 51.58798, 10.5], [-0.06012, 51.58798, 10.5], [-0.0604, 51.58799, 10.4], [-0.06098, 51.58801, 10.4], [-0.06105, 51.58801, 10.4], [-0.06109, 51.58801, 10.4], [-0.06123, 51.58801, 10.4], [-0.06179, 51.58802, 10.4], [-0.06196, 51.58804, 10.5], [-0.06212, 51.58805, 10.5], [-0.06228, 51.58808, 10.6], [-0.06229, 51.58808, 10.6], [-0.06242, 51.58811, 10.7], [-0.06252, 51.58813, 10.8], [-0.06259, 51.58816, 10.8], [-0.06259, 51.58816, 10.8], [-0.06288, 51.58818, 10.7], [-0.06296, 51.58818, 10.7], [-0.06301, 51.58817, 10.7], [-0.06317, 51.58816, 10.6], [-0.06331, 51.58812, 10.5], [-0.063478, 51.58798, 10.0], [-0.06357, 51.58773, 9.6], [-0.063589, 51.58765, 9.5], [-0.06365, 51.58739, 9.4], [-0.06368, 51.58729, 9.5], [-0.06372, 51.58713, 9.7], [-0.063728, 51.58705, 9.7], [-0.06375, 51.58693, 9.8], [-0.06379, 51.58664, 10.1], [-0.06381, 51.58652, 10.0], [-0.06383, 51.58634, 10.0], [-0.063839, 51.5862, 9.9], [-0.06385, 51.58612, 9.8], [-0.06388, 51.58597, 9.8], [-0.0639, 51.58586, 9.7], [-0.06393, 51.58564, 9.7], [-0.06397, 51.58542, 9.8], [-0.064019, 51.58511, 9.8], [-0.06403, 51.58506, 9.8], [-0.06404, 51.58502, 9.8], [-0.06406, 51.58499, 9.9], [-0.0641, 51.58495, 9.9], [-0.06414, 51.58492, 10.0], [-0.06419, 51.5849, 10.0], [-0.06425, 51.58488, 10.0], [-0.06431, 51.58487, 10.0], [-0.06439, 51.58486, 10.0], [-0.0645, 51.58485, 9.9], [-0.06465, 51.58484, 9.9], [-0.06496, 51.58481, 9.8], [-0.06506, 51.58481, 9.9], [-0.06531, 51.58479, 10.2], [-0.06586, 51.58475, 11.0], [-0.06595, 51.58473, 11.0], [-0.06613, 51.58471, 11.1], [-0.06634, 51.58468, 11.2], [-0.06662, 51.58464, 11.4], [-0.06681, 51.58461, 11.6], [-0.06696, 51.58459, 11.8], [-0.06722, 51.58454, 12.2], [-0.06733, 51.58452, 12.4], [-0.06743, 51.58451, 12.5], [-0.06751, 51.58449, 12.6], [-0.06764, 51.58447, 12.7], [-0.0677, 51.58446, 12.7], [-0.06788, 51.58443, 12.8], [-0.06791, 51.58443, 12.8], [-0.06802, 51.58441, 12.9], [-0.06817, 51.58438, 12.9], [-0.06827, 51.58436, 13.0], [-0.06841, 51.58432, 12.9], [-0.06856, 51.58429, 12.8], [-0.06877, 51.58424, 12.5], [-0.0689, 51.58421, 12.4], [-0.06901, 51.58418, 12.2], [-0.06909, 51.58415, 12.1], [-0.06924, 51.58412, 11.9], [-0.06935, 51.5841, 11.8], [-0.06944, 51.58408, 11.7], [-0.06956, 51.58407, 11.6], [-0.06968, 51.58406, 11.5], [-0.06978, 51.58405, 11.4], [-0.06985, 51.58403, 11.3], [-0.07002, 51.58404, 11.2], [-0.07032, 51.58405, 11.9], [-0.07065, 51.58405, 12.7], [-0.0709, 51.58406, 13.2], [-0.07106, 51.58406, 13.4], [-0.07128, 51.58407, 13.7], [-0.07142, 51.58407, 13.8], [-0.07148, 51.58407, 13.9], [-0.07148, 51.58407, 13.9], [-0.07152, 51.58405, 14.0], [-0.07154, 51.58404, 14.0], [-0.07156, 51.58404, 14.0], [-0.07159, 51.58403, 14.1], [-0.07182, 51.58401, 14.0], [-0.07187, 51.58401, 13.9], [-0.07189, 51.584, 13.9], [-0.07203, 51.58399, 13.8], [-0.0722, 51.58396, 13.6], [-0.0722, 51.58396, 13.6], [-0.07229, 51.58392, 13.5], [-0.07236, 51.5839, 13.5], [-0.07242, 51.58388, 13.4], [-0.0725, 51.58388, 13.3], [-0.07252, 51.58388, 13.3], [-0.07254, 51.58389, 13.3], [-0.07257, 51.58389, 13.3], [-0.07259, 51.58389, 13.3], [-0.07268, 51.58391, 13.2], [-0.07278, 51.58392, 13.1], [-0.07305, 51.58395, 12.8], [-0.07338, 51.58399, 12.5], [-0.0735, 51.58401, 12.5], [-0.07395, 51.58405, 12.8], [-0.07435, 51.5841, 13.0], [-0.07478, 51.58414, 13.0], [-0.07489, 51.58416, 13.0], [-0.07511, 51.58419, 13.1], [-0.07523, 51.58421, 13.2], [-0.07531, 51.58423, 13.3], [-0.07539, 51.58424, 13.4], [-0.0754, 51.58425, 13.4], [-0.07547, 51.58426, 13.5], [-0.07554, 51.58429, 13.5], [-0.07555, 51.58429, 13.5], [-0.07573, 51.58434, 13.7], [-0.07594, 51.58442, 13.7], [-0.07613, 51.58448, 13.6], [-0.07712, 51.5848, 13.8], [-0.07726, 51.58485, 13.9], [-0.0775, 51.58493, 14.1], [-0.07763, 51.58497, 14.2], [-0.07798, 51.58508, 14.6], [-0.07807, 51.58511, 14.7], [-0.07821, 51.58515, 14.9], [-0.07826, 51.58517, 14.9], [-0.07831, 51.58518, 15.0], [-0.0784, 51.58519, 15.1], [-0.07847, 51.58519, 15.2], [-0.07857, 51.5852, 15.3], [-0.07869, 51.5852, 15.4], [-0.07896, 51.58521, 15.8], [-0.07912, 51.58521, 15.9], [-0.07968, 51.58522, 16.0], [-0.07981, 51.58522, 16.0], [-0.07989, 51.58522, 16.0], [-0.08057, 51.58523, 15.5], [-0.08123, 51.58524, 15.3], [-0.08144, 51.58524, 15.3], [-0.08152, 51.58525, 15.3], [-0.08196, 51.58528, 15.2], [-0.08219, 51.5853, 15.1], [-0.08238, 51.58532, 15.1], [-0.08249, 51.58534, 15.0], [-0.08267, 51.58536, 14.9], [-0.0827, 51.58537, 14.9], [-0.08284, 51.58539, 14.8], [-0.08297, 51.58541, 14.7], [-0.08309, 51.58543, 14.6], [-0.08319, 51.58545, 14.6], [-0.08356, 51.58552, 14.3], [-0.08418, 51.58567, 14.0], [-0.08495, 51.58587, 14.2], [-0.08513, 51.58591, 14.7], [-0.08514, 51.58592, 14.7], [-0.0854, 51.58598, 15.6], [-0.08557, 51.58602, 16.1], [-0.08562, 51.58603, 16.3], [-0.08583, 51.58608, 16.9], [-0.086, 51.58611, 17.3], [-0.0862, 51.58615, 17.9], [-0.08636, 51.58618, 18.2], [-0.08666, 51.58623, 18.9], [-0.08671, 51.58624, 19.0], [-0.08672, 51.58624, 19.0], [-0.08673, 51.58624, 19.0], [-0.08673, 51.58623, 19.0], [-0.08674, 51.58623, 19.0], [-0.08675, 51.58623, 19.0], [-0.08675, 51.58622, 19.0], [-0.08676, 51.58622, 19.0], [-0.08677, 51.58622, 19.0], [-0.08678, 51.58622, 19.0], [-0.08679, 51.58622, 19.0], [-0.08679, 51.58623, 19.0], [-0.0868, 51.58623, 19.0], [-0.08681, 51.58623, 19.0], [-0.08682, 51.58624, 19.1], [-0.08683, 51.58624, 19.1], [-0.08683, 51.58625, 19.1], [-0.08683, 51.58626, 19.1], [-0.08691, 51.58627, 19.2], [-0.08696, 51.58627, 19.2], [-0.08699, 51.58628, 19.3], [-0.08702, 51.58628, 19.3], [-0.08705, 51.58628, 19.3], [-0.08712, 51.58629, 19.4], [-0.08732, 51.58632, 19.6], [-0.08766, 51.58637, 19.9], [-0.08769, 51.58637, 19.9], [-0.0881, 51.58644, 20.2], [-0.08823, 51.58646, 20.3], [-0.08832, 51.58647, 20.3], [-0.08841, 51.58647, 20.2], [-0.08862, 51.58646, 20.1], [-0.0891, 51.58639, 19.7], [-0.08929, 51.58636, 19.7], [-0.08928, 51.58636, 19.7], [-0.08928, 51.58635, 19.7], [-0.08927, 51.58634, 19.7], [-0.08927, 51.58633, 19.6], [-0.08928, 51.58633, 19.7], [-0.08928, 51.58632, 19.6], [-0.08929, 51.58632, 19.6], [-0.08929, 51.58631, 19.6], [-0.0893, 51.58631, 19.6], [-0.08931, 51.58631, 19.6], [-0.08931, 51.5863, 19.6], [-0.08932, 51.5863, 19.6], [-0.08933, 51.5863, 19.6], [-0.08934, 51.5863, 19.7], [-0.08935, 51.5863, 19.7], [-0.08935, 51.58631, 19.7], [-0.08936, 51.58631, 19.7], [-0.08937, 51.58631, 19.7], [-0.08937, 51.58632, 19.7], [-0.08938, 51.58632, 19.7], [-0.08938, 51.58633, 19.7], [-0.08938, 51.58634, 19.7], [-0.08956, 51.58633, 19.8], [-0.08966, 51.58632, 19.8], [-0.08992, 51.58629, 20.0], [-0.09017, 51.58626, 19.9], [-0.09041, 51.58623, 19.7], [-0.09086, 51.58617, 19.4], [-0.09103, 51.58615, 19.4], [-0.09178, 51.58608, 19.4], [-0.09239, 51.58608, 20.2], [-0.09252, 51.58608, 20.3], [-0.09264, 51.58608, 20.3], [-0.09277, 51.58607, 20.3], [-0.09309, 51.58606, 20.3], [-0.09355, 51.58605, 20.1], [-0.09365, 51.58604, 20.1], [-0.09371, 51.58604, 20.0], [-0.09373, 51.58604, 20.0], [-0.09378, 51.58604, 20.0], [-0.09385, 51.58604, 19.9], [-0.09391, 51.58604, 19.9], [-0.09396, 51.58605, 19.9], [-0.09401, 51.58605, 19.9], [-0.09408, 51.58606, 19.9], [-0.09419, 51.58608, 19.9], [-0.09428, 51.58609, 20.0], [-0.09434, 51.5861, 20.0], [-0.09441, 51.58612, 20.1], [-0.09451, 51.58615, 20.3], [-0.09457, 51.58617, 20.4], [-0.09462, 51.58618, 20.5], [-0.09475, 51.58623, 20.8], [-0.09563, 51.58654, 22.5], [-0.09587, 51.58661, 22.8], [-0.09596, 51.58664, 22.9], [-0.09602, 51.58665, 22.9], [-0.09603, 51.58666, 23.0], [-0.09611, 51.58668, 23.0], [-0.0962, 51.5867, 23.0], [-0.09624, 51.58672, 23.0], [-0.09628, 51.58673, 23.0], [-0.09639, 51.58676, 23.0], [-0.09663, 51.58683, 23.0], [-0.09704, 51.58693, 22.8], [-0.09726, 51.58699, 22.8], [-0.09726, 51.58699, 22.8], [-0.098937, 51.587583, 24.7], [-0.098937, 51.587583, 24.7], [-0.100303, 51.588127, 24.9], [-0.101669, 51.588672, 26.4], [-0.10166, 51.58868, 26.3], [-0.10171, 51.58871, 26.2], [-0.10195, 51.58884, 25.8], [-0.10198, 51.58886, 25.8], [-0.102, 51.58887, 25.8], [-0.1021, 51.58892, 25.8], [-0.1021, 51.58892, 25.8], [-0.10221, 51.58909, 25.5], [-0.10247, 51.58948, 24.4], [-0.10254, 51.58959, 24.0], [-0.10261, 51.58969, 23.6], [-0.10267, 51.58978, 23.4], [-0.10271, 51.58984, 23.3], [-0.10276, 51.58992, 23.1], [-0.10278, 51.58994, 23.1], [-0.10285, 51.59001, 23.0], [-0.10301, 51.59016, 22.7], [-0.10311, 51.59025, 22.8], [-0.10317, 51.59032, 22.9], [-0.10332, 51.59036, 23.0], [-0.10332, 51.59036, 23.0], [-0.10349, 51.59028, 22.8], [-0.10392, 51.59011, 22.3], [-0.10395, 51.59011, 22.3], [-0.10402, 51.5901, 22.2], [-0.10416, 51.59009, 22.0], [-0.10467, 51.58998, 22.1], [-0.10565, 51.58975, 23.1], [-0.1062, 51.58966, 23.4], [-0.10667, 51.58958, 23.5], [-0.10706, 51.58953, 24.0], [-0.10772, 51.58943, 24.7], [-0.10812, 51.58936, 24.8], [-0.10824, 51.58933, 24.8], [-0.1083, 51.58932, 24.8], [-0.10839, 51.5893, 24.9], [-0.10849, 51.58927, 24.9], [-0.10864, 51.58924, 24.9], [-0.10943, 51.58905, 25.3], [-0.10956, 51.58902, 25.4], [-0.10963, 51.58901, 25.4], [-0.10967, 51.589, 25.4], [-0.1098, 51.58894, 25.5], [-0.10982, 51.58893, 25.6], [-0.10992, 51.5889, 25.6], [-0.10995, 51.5889, 25.6], [-0.11005, 51.58887, 25.8], [-0.11021, 51.58883, 26.2], [-0.11038, 51.58881, 26.5], [-0.11044, 51.5888, 26.6], [-0.11045, 51.5888, 26.7], [-0.1107, 51.58877, 27.2], [-0.11078, 51.58876, 27.4], [-0.11086, 51.58875, 27.5], [-0.11097, 51.58873, 27.7], [-0.11114, 51.5887, 27.9], [-0.11116, 51.5887, 27.9], [-0.11136, 51.58864, 28.3], [-0.11164, 51.58855, 28.9], [-0.11166, 51.58854, 29.0], [-0.11186, 51.58848, 29.8], [-0.11197, 51.58847, 30.2], [-0.11229, 51.58835, 31.4], [-0.11261, 51.58824, 32.9], [-0.11282, 51.58817, 33.7], [-0.11302, 51.5881, 34.6], [-0.11317, 51.58805, 35.2], [-0.11317, 51.58805, 35.2], [-0.11304, 51.58789, 36.3], [-0.11292, 51.58773, 37.4], [-0.11287, 51.58766, 37.7], [-0.11239, 51.58704, 38.4], [-0.11235, 51.58699, 38.4], [-0.11229, 51.58691, 38.4], [-0.11225, 51.58665, 38.7], [-0.11225, 51.5866, 38.7], [-0.11226, 51.5864, 38.8], [-0.11226, 51.58638, 38.9], [-0.11227, 51.58632, 38.9], [-0.11229, 51.58626, 39.0], [-0.11229, 51.58623, 39.0], [-0.11231, 51.58614, 39.1], [-0.11232, 51.58612, 39.2], [-0.11234, 51.58607, 39.2], [-0.11235, 51.58607, 39.3], [-0.11236, 51.58603, 39.3], [-0.11238, 51.586, 39.4], [-0.11242, 51.58591, 39.6], [-0.11251, 51.58582, 40.0], [-0.11258, 51.58576, 40.2], [-0.11261, 51.58575, 40.3], [-0.11266, 51.58572, 40.4], [-0.11273, 51.58568, 40.6], [-0.11279, 51.58565, 40.7], [-0.11287, 51.58562, 40.9], [-0.11295, 51.5856, 41.1], [-0.113, 51.58559, 41.2], [-0.11306, 51.58557, 41.3], [-0.11315, 51.58556, 41.6], [-0.11323, 51.58554, 41.8], [-0.11333, 51.58553, 42.0], [-0.11339, 51.58552, 42.2], [-0.1137, 51.5855, 43.2], [-0.11371, 51.5855, 43.3], [-0.11383, 51.58549, 43.7], [-0.1139, 51.58548, 43.9], [-0.11396, 51.58548, 44.1], [-0.11401, 51.58547, 44.3], [-0.11406, 51.58546, 44.5], [-0.11414, 51.58545, 44.8], [-0.11423, 51.58544, 45.1], [-0.11425, 51.58543, 45.2], [-0.11443, 51.58539, 45.7], [-0.11453, 51.58537, 46.0], [-0.11459, 51.58534, 46.3], [-0.11464, 51.58532, 46.5], [-0.11472, 51.58528, 46.9], [-0.11478, 51.58525, 47.2], [-0.11486, 51.58521, 47.6], [-0.11499, 51.58514, 48.3], [-0.11503, 51.58511, 48.5], [-0.11525, 51.58497, 49.3], [-0.11538, 51.5849, 49.5], [-0.11539, 51.58489, 49.5], [-0.11551, 51.58483, 49.6], [-0.11554, 51.58481, 49.6], [-0.11556, 51.58478, 49.7], [-0.11561, 51.58473, 49.7], [-0.11565, 51.58469, 49.8], [-0.11569, 51.58464, 49.8], [-0.11581, 51.58447, 50.0], [-0.11585, 51.58443, 50.0], [-0.1159, 51.58437, 50.0], [-0.11598, 51.58429, 50.0], [-0.11612, 51.58412, 49.9], [-0.11614, 51.58409, 49.8], [-0.11616, 51.58407, 49.7], [-0.11619, 51.58405, 49.6], [-0.11627, 51.58397, 49.4], [-0.11633, 51.58391, 49.3], [-0.11651, 51.58373, 48.9], [-0.1166, 51.58364, 48.7], [-0.11672, 51.58354, 48.6], [-0.11686, 51.58343, 48.5], [-0.11708, 51.58326, 48.3], [-0.1171, 51.58324, 48.2], [-0.11721, 51.58317, 48.2], [-0.11731, 51.58311, 48.2], [-0.1174, 51.58306, 48.2], [-0.11759, 51.58297, 48.3], [-0.11767, 51.58294, 48.4], [-0.11778, 51.5829, 48.5], [-0.11804, 51.5828, 48.8], [-0.11819, 51.58274, 49.0], [-0.11842, 51.58266, 48.9], [-0.11884, 51.5825, 47.2], [-0.11886, 51.5825, 47.1], [-0.11903, 51.58244, 46.4], [-0.11903, 51.58243, 46.4], [-0.11902, 51.58243, 46.4], [-0.11901, 51.58242, 46.4], [-0.11901, 51.58241, 46.4], [-0.119, 51.58241, 46.4], [-0.119, 51.5824, 46.4], [-0.119, 51.58239, 46.4], [-0.119, 51.58238, 46.4], [-0.11901, 51.58238, 46.3], [-0.11901, 51.58237, 46.3], [-0.11901, 51.58236, 46.3], [-0.11902, 51.58236, 46.3], [-0.11903, 51.58235, 46.2], [-0.11904, 51.58235, 46.2], [-0.11904, 51.58234, 46.2], [-0.11905, 51.58234, 46.1], [-0.11906, 51.58234, 46.1], [-0.11907, 51.58234, 46.1], [-0.11908, 51.58234, 46.1], [-0.11909, 51.58234, 46.0], [-0.1191, 51.58234, 46.0], [-0.11911, 51.58234, 46.0], [-0.11912, 51.58234, 45.9], [-0.11913, 51.58234, 45.9], [-0.11914, 51.58234, 45.9], [-0.11915, 51.58234, 45.9], [-0.11915, 51.58235, 45.9], [-0.11916, 51.58235, 45.8], [-0.11917, 51.58235, 45.8], [-0.11917, 51.58236, 45.8], [-0.11918, 51.58236, 45.8], [-0.11918, 51.58237, 45.8], [-0.11919, 51.58237, 45.8], [-0.11919, 51.58238, 45.8], [-0.11947, 51.58227, 45.2], [-0.1197, 51.58219, 44.8], [-0.11986, 51.58212, 44.6], [-0.11999, 51.58207, 44.5], [-0.12005, 51.58205, 44.5], [-0.12015, 51.58201, 44.4], [-0.12029, 51.58196, 44.3], [-0.12032, 51.58195, 44.3], [-0.1205, 51.58188, 44.1], [-0.12065, 51.58182, 44.0], [-0.12073, 51.58179, 44.0], [-0.12077, 51.58177, 44.0], [-0.12085, 51.58174, 43.9], [-0.12093, 51.58171, 43.9], [-0.12105, 51.58166, 44.0], [-0.12119, 51.5816, 44.1], [-0.12123, 51.58158, 44.2], [-0.12128, 51.58156, 44.2], [-0.12137, 51.58151, 44.3], [-0.12142, 51.58149, 44.4], [-0.12148, 51.58145, 44.5], [-0.12149, 51.58145, 44.5], [-0.12152, 51.58143, 44.5], [-0.12154, 51.58142, 44.5], [-0.1216, 51.58138, 44.7], [-0.12161, 51.58137, 44.7], [-0.1217, 51.58131, 44.9], [-0.12186, 51.58119, 45.4], [-0.12186, 51.58118, 45.4], [-0.12208, 51.58101, 46.1], [-0.1221, 51.58099, 46.1], [-0.12232, 51.58082, 46.8], [-0.12239, 51.58077, 46.9], [-0.12276, 51.58047, 47.6], [-0.12295, 51.58032, 47.9], [-0.12303, 51.58026, 48.1], [-0.12307, 51.58022, 48.2], [-0.12323, 51.58008, 48.7], [-0.12325, 51.58006, 48.8], [-0.12333, 51.57999, 49.0], [-0.1234, 51.57991, 49.1], [-0.12356, 51.57972, 49.4], [-0.12364, 51.57961, 49.6], [-0.12365, 51.57958, 49.6], [-0.12367, 51.57954, 49.7], [-0.1237, 51.57948, 49.8], [-0.12373, 51.57942, 49.9], [-0.12374, 51.57938, 50.0], [-0.12375, 51.57933, 50.1], [-0.12377, 51.57924, 50.3], [-0.12378, 51.57921, 50.4], [-0.12379, 51.57918, 50.4], [-0.12379, 51.57913, 50.5], [-0.12379, 51.57909, 50.6], [-0.12381, 51.57893, 50.8], [-0.12384, 51.57876, 51.0], [-0.12384, 51.57874, 51.0], [-0.12385, 51.57871, 51.1], [-0.12386, 51.57868, 51.1], [-0.12387, 51.57865, 51.2], [-0.12389, 51.57848, 51.4], [-0.12394, 51.57841, 51.6], [-0.12398, 51.57834, 51.8], [-0.12402, 51.57827, 52.1], [-0.12404, 51.57824, 52.3], [-0.12406, 51.57822, 52.4], [-0.12409, 51.57819, 52.6], [-0.1242, 51.57809, 53.2], [-0.12433, 51.57797, 53.8], [-0.12438, 51.57794, 54.0], [-0.12443, 51.57789, 54.3], [-0.12454, 51.5778, 54.8], [-0.12463, 51.5777, 55.5], [-0.12468, 51.57765, 55.8], [-0.12481, 51.57752, 56.7], [-0.12488, 51.57746, 57.3], [-0.12493, 51.5774, 58.0], [-0.12519, 51.57715, 60.8], [-0.12525, 51.57708, 61.5], [-0.125319, 51.577, 62.3], [-0.12541, 51.5769, 63.3], [-0.12544, 51.57687, 63.5], [-0.12556, 51.57674, 64.7], [-0.125707, 51.5766, 65.4], [-0.12576, 51.57654, 65.7], [-0.12581, 51.57649, 65.9], [-0.1259, 51.57638, 66.4], [-0.126, 51.57627, 67.0], [-0.12606, 51.57619, 67.4], [-0.126068, 51.57617, 67.6], [-0.126237, 51.57595, 68.9], [-0.12639, 51.57572, 70.1], [-0.126429, 51.57567, 70.4], [-0.12647, 51.57559, 70.7], [-0.12651, 51.57553, 71.0], [-0.126568, 51.57541, 71.5], [-0.12681, 51.57496, 73.0], [-0.12689, 51.57482, 72.6], [-0.12691, 51.57478, 72.5], [-0.12694, 51.57474, 72.4], [-0.12695, 51.57472, 72.4], [-0.12698, 51.57466, 72.2], [-0.127039, 51.57455, 72.0], [-0.127067, 51.57448, 71.8], [-0.127097, 51.57442, 71.7], [-0.127097, 51.57442, 71.7], [-0.12717, 51.5744, 71.6], [-0.12722, 51.57439, 71.7], [-0.12725, 51.57438, 71.8], [-0.12731, 51.57434, 71.8], [-0.127487, 51.57423, 72.1], [-0.127539, 51.57421, 72.2], [-0.12764, 51.57417, 72.3], [-0.128067, 51.57409, 73.1], [-0.128288, 51.57405, 73.5], [-0.12856, 51.574, 74.5], [-0.12883, 51.57396, 75.8], [-0.12914, 51.5739, 77.2], [-0.12922, 51.57388, 77.6], [-0.12924, 51.57388, 77.7], [-0.12931, 51.57387, 78.0], [-0.12938, 51.57386, 78.3], [-0.12981, 51.57381, 80.2], [-0.12994, 51.57379, 80.8], [-0.13005, 51.57377, 81.2], [-0.13019, 51.57376, 81.5], [-0.130317, 51.57374, 81.8], [-0.13049, 51.57372, 82.1], [-0.13075, 51.57368, 82.8], [-0.13083, 51.57367, 83.0], [-0.13099, 51.57365, 83.4], [-0.131037, 51.57364, 83.6], [-0.13114, 51.57362, 83.9], [-0.13121, 51.57361, 84.1], [-0.13129, 51.57359, 84.3], [-0.1313, 51.57359, 84.3], [-0.13139, 51.57356, 84.6], [-0.13171, 51.57346, 85.8], [-0.13182, 51.57343, 86.1], [-0.13189, 51.5734, 86.3], [-0.13219, 51.57331, 87.2], [-0.13249, 51.57323, 87.9], [-0.13264, 51.57319, 88.0], [-0.13281, 51.57314, 88.1], [-0.13292, 51.57311, 88.2], [-0.13301, 51.57307, 88.3], [-0.13306, 51.57305, 88.3], [-0.13311, 51.57303, 88.4], [-0.1334, 51.5729, 88.5], [-0.13349, 51.57286, 88.5], [-0.13356, 51.57282, 88.5], [-0.13369, 51.57275, 88.6], [-0.13371, 51.57274, 88.7], [-0.13379, 51.5727, 88.8], [-0.13384, 51.57267, 88.9], [-0.13397, 51.5726, 89.3], [-0.1342, 51.57248, 90.1], [-0.13429, 51.57242, 90.3], [-0.13436, 51.57238, 90.5], [-0.13462, 51.57225, 91.3], [-0.13467, 51.57222, 91.4], [-0.13482, 51.57214, 91.9], [-0.13491, 51.57209, 92.2], [-0.1351, 51.57199, 92.9], [-0.13515, 51.57196, 93.1], [-0.13521, 51.57193, 93.3], [-0.13526, 51.5719, 93.5], [-0.13535, 51.57187, 93.9], [-0.13542, 51.57184, 94.3], [-0.13568, 51.57174, 95.8], [-0.13584, 51.57168, 96.9], [-0.13595, 51.57165, 97.4], [-0.13598, 51.57164, 97.5], [-0.13604, 51.57161, 97.6], [-0.13606, 51.5716, 97.6], [-0.13615, 51.57156, 97.8], [-0.13627, 51.5715, 98.1], [-0.13636, 51.57144, 98.2], [-0.13655, 51.57136, 98.5], [-0.13668, 51.5713, 98.6], [-0.13673, 51.57128, 98.5], [-0.1368, 51.57126, 98.2], [-0.13687, 51.57123, 98.0], [-0.13693, 51.57121, 97.8], [-0.13707, 51.57115, 97.3], [-0.13727, 51.57108, 96.7], [-0.13737, 51.57105, 96.5], [-0.13741, 51.57104, 96.4], [-0.13754, 51.57099, 96.2], [-0.13756, 51.57098, 96.2], [-0.13761, 51.57096, 96.1], [-0.13767, 51.57094, 96.1], [-0.13776, 51.5709, 96.0], [-0.13781, 51.57087, 96.0], [-0.13787, 51.57083, 96.0], [-0.13795, 51.57079, 96.1], [-0.13797, 51.57077, 96.2], [-0.13801, 51.57075, 96.3], [-0.13805, 51.57073, 96.4], [-0.1381, 51.57071, 96.5], [-0.13815, 51.57069, 96.6], [-0.13825, 51.57065, 96.8], [-0.13826, 51.57065, 96.8], [-0.13832, 51.57063, 97.0], [-0.13835, 51.57061, 97.1], [-0.13837, 51.57061, 97.1], [-0.13845, 51.57058, 97.4], [-0.13858, 51.57052, 97.8], [-0.13868, 51.57048, 98.1], [-0.13874, 51.57044, 97.9], [-0.13886, 51.57036, 99.1], [-0.13889, 51.57034, 99.3], [-0.13898, 51.57029, 99.8], [-0.13918, 51.57018, 100.8], [-0.13932, 51.5701, 101.6], [-0.13935, 51.57009, 101.7], [-0.1394, 51.57006, 102.0], [-0.13955, 51.56998, 102.7], [-0.13959, 51.56996, 102.7], [-0.13966, 51.56992, 102.7], [-0.13985, 51.56982, 102.8], [-0.14004, 51.56971, 102.7], [-0.1402, 51.56965, 102.6], [-0.14039, 51.56956, 102.5], [-0.14044, 51.56954, 102.5], [-0.14053, 51.56951, 102.5], [-0.14054, 51.56951, 102.6], [-0.14065, 51.56947, 102.6], [-0.14074, 51.56944, 102.7], [-0.14083, 51.56942, 102.8], [-0.1409, 51.5694, 102.9], [-0.14096, 51.56939, 103.0], [-0.14103, 51.56937, 103.1], [-0.14114, 51.56935, 103.3], [-0.14124, 51.56933, 103.5], [-0.14137, 51.56931, 103.9], [-0.14177, 51.56926, 104.9], [-0.14196, 51.56921, 105.3], [-0.14199, 51.5692, 105.4], [-0.14203, 51.56918, 105.4], [-0.14206, 51.56916, 105.4], [-0.1421, 51.56915, 105.4], [-0.1421, 51.56915, 105.4], [-0.14224, 51.56919, 106.2], [-0.14224, 51.56919, 106.2], [-0.14239, 51.56905, 105.4], [-0.14239, 51.56904, 105.3], [-0.1424, 51.56903, 105.2], [-0.14241, 51.56901, 105.0], [-0.14243, 51.56899, 104.9], [-0.14243, 51.56897, 104.7], [-0.14243, 51.56895, 104.5], [-0.14242, 51.56893, 104.2], [-0.14241, 51.56891, 104.0], [-0.14241, 51.56889, 103.8], [-0.1424, 51.56888, 103.6], [-0.14239, 51.56886, 103.4], [-0.14229, 51.56878, 102.3], [-0.14217, 51.56868, 101.0], [-0.14213, 51.56864, 100.5], [-0.14207, 51.56859, 99.9], [-0.14202, 51.56852, 99.2], [-0.14194, 51.56841, 98.0], [-0.14185, 51.56821, 95.6], [-0.14178, 51.56806, 93.6], [-0.14172, 51.56792, 91.6], [-0.14167, 51.5678, 90.0], [-0.14162, 51.56767, 88.2], [-0.14156, 51.56752, 86.1], [-0.14151, 51.56742, 85.4], [-0.14149, 51.56732, 84.9], [-0.14147, 51.56723, 84.5], [-0.14146, 51.56718, 84.2], [-0.14145, 51.56711, 83.9], [-0.14143, 51.56702, 83.4], [-0.14141, 51.56688, 82.7], [-0.14141, 51.56685, 82.6], [-0.14139, 51.56671, 81.9], [-0.14138, 51.5667, 81.8], [-0.14136, 51.56653, 80.6], [-0.14135, 51.56649, 80.3], [-0.14134, 51.56641, 79.8], [-0.14131, 51.56621, 78.3], [-0.14131, 51.56619, 78.1], [-0.14129, 51.56609, 77.4], [-0.14125, 51.56593, 76.2], [-0.14124, 51.5659, 76.0], [-0.14123, 51.56586, 75.7], [-0.1412, 51.56574, 74.9], [-0.14119, 51.5657, 74.7], [-0.14118, 51.56564, 74.4], [-0.14114, 51.56551, 73.6], [-0.14111, 51.56544, 73.1], [-0.14108, 51.56538, 72.7], [-0.14108, 51.56534, 72.5], [-0.14102, 51.56524, 71.8], [-0.14098, 51.56518, 71.4], [-0.14098, 51.56517, 71.3], [-0.14091, 51.56504, 70.4], [-0.14083, 51.56492, 69.7], [-0.14073, 51.56472, 68.8], [-0.14069, 51.56464, 68.4], [-0.14066, 51.56457, 68.1], [-0.14064, 51.56452, 67.9], [-0.14062, 51.56447, 67.7], [-0.14061, 51.56442, 67.6], [-0.14062, 51.56437, 67.4], [-0.14062, 51.56433, 67.3], [-0.14063, 51.56427, 67.1], [-0.14064, 51.56421, 66.9], [-0.14066, 51.56413, 66.9], [-0.14067, 51.56408, 67.1], [-0.14071, 51.56392, 67.6], [-0.14074, 51.56384, 67.8], [-0.14075, 51.56375, 68.0], [-0.14076, 51.56368, 68.2], [-0.14076, 51.56363, 68.4], [-0.14076, 51.56359, 68.5], [-0.14075, 51.56353, 68.7], [-0.14074, 51.56342, 69.0], [-0.14073, 51.5634, 69.1], [-0.14069, 51.56331, 69.4], [-0.14065, 51.56318, 69.8], [-0.14062, 51.56312, 70.0], [-0.1406, 51.56303, 70.3], [-0.14058, 51.56293, 70.6], [-0.14055, 51.56278, 71.0], [-0.14055, 51.56273, 71.1], [-0.14054, 51.56267, 71.3], [-0.14054, 51.56263, 71.4], [-0.14055, 51.56258, 71.5], [-0.14055, 51.56256, 71.5], [-0.14055, 51.56254, 71.6], [-0.14061, 51.56228, 70.5], [-0.14062, 51.56225, 70.4], [-0.14063, 51.56219, 70.1], [-0.14066, 51.56211, 69.7], [-0.14067, 51.56207, 69.5], [-0.14068, 51.56205, 69.5], [-0.1407, 51.56201, 69.3], [-0.14072, 51.56196, 69.1], [-0.14075, 51.5619, 68.8], [-0.14081, 51.56182, 68.5], [-0.14083, 51.56178, 68.4], [-0.14086, 51.56172, 68.2], [-0.14089, 51.56166, 68.0], [-0.14092, 51.5616, 67.8], [-0.14095, 51.56154, 67.7], [-0.14097, 51.56146, 67.5], [-0.14099, 51.56137, 67.3], [-0.141, 51.56122, 66.9], [-0.14101, 51.5612, 66.9], [-0.14103, 51.5609, 66.2], [-0.14103, 51.56075, 65.7], [-0.14103, 51.56071, 65.6], [-0.14103, 51.56061, 65.3], [-0.14103, 51.56059, 65.2], [-0.14103, 51.56055, 65.1], [-0.14101, 51.56046, 64.8], [-0.141, 51.56043, 64.6], [-0.14099, 51.56039, 64.5], [-0.14097, 51.56034, 64.3], [-0.14094, 51.56028, 64.1], [-0.14094, 51.56027, 64.1], [-0.14091, 51.56023, 63.9], [-0.14088, 51.56018, 63.7], [-0.14084, 51.56014, 63.5], [-0.14076, 51.56005, 63.1], [-0.14057, 51.55987, 62.5], [-0.14056, 51.55987, 62.5], [-0.14051, 51.55982, 62.3], [-0.14048, 51.55978, 62.2], [-0.14046, 51.55975, 62.1], [-0.14039, 51.55967, 61.9], [-0.14027, 51.5595, 61.3], [-0.14022, 51.55942, 61.1], [-0.14002, 51.55912, 59.7], [-0.13977, 51.55875, 55.5], [-0.13957, 51.55847, 52.5], [-0.13954, 51.55842, 52.0], [-0.13942, 51.55825, 50.9], [-0.13927, 51.55802, 50.4], [-0.1392, 51.55793, 50.2], [-0.13898, 51.5576, 49.5], [-0.13896, 51.55758, 49.5], [-0.13862, 51.55714, 48.1], [-0.1384, 51.55687, 47.3], [-0.1384, 51.55687, 47.3], [-0.1386, 51.5566, 47.5], [-0.13868, 51.55649, 47.8], [-0.13901, 51.55603, 48.7], [-0.13919, 51.55579, 49.1], [-0.13927, 51.55568, 49.3], [-0.1393, 51.55565, 49.4], [-0.13943, 51.55548, 49.6], [-0.1395, 51.55537, 49.7], [-0.13968, 51.55513, 49.6], [-0.1398, 51.55496, 49.5], [-0.13995, 51.55477, 49.1], [-0.14014, 51.5545, 48.7], [-0.14023, 51.55437, 48.5], [-0.14036, 51.5542, 48.2], [-0.14042, 51.55413, 47.9], [-0.14046, 51.55408, 47.7], [-0.14048, 51.55405, 47.6], [-0.14055, 51.55394, 47.2], [-0.14063, 51.55382, 46.8], [-0.14066, 51.55376, 46.5], [-0.1407, 51.5537, 46.3], [-0.14076, 51.55355, 45.8], [-0.14079, 51.55347, 45.5], [-0.14082, 51.55338, 45.2], [-0.14087, 51.55324, 44.8], [-0.1409, 51.55314, 44.5], [-0.14094, 51.55297, 44.2], [-0.14098, 51.55275, 43.9], [-0.141, 51.55258, 43.7], [-0.14102, 51.55246, 43.4], [-0.14106, 51.55218, 42.4], [-0.1411, 51.55194, 41.6], [-0.1411, 51.55193, 41.5], [-0.1411, 51.55168, 40.7], [-0.1411, 51.55168, 40.7], [-0.14098, 51.55154, 40.2], [-0.14095, 51.5515, 40.1], [-0.14092, 51.55146, 39.9], [-0.14083, 51.55134, 39.4], [-0.1408, 51.55131, 39.3], [-0.14078, 51.55128, 39.2], [-0.14072, 51.55122, 38.9], [-0.14069, 51.55116, 38.9], [-0.14068, 51.55113, 38.9], [-0.14067, 51.5511, 38.9], [-0.14066, 51.55102, 38.9], [-0.14066, 51.55099, 38.9], [-0.14066, 51.55094, 38.9], [-0.14066, 51.55088, 38.9], [-0.14068, 51.55077, 38.9], [-0.14068, 51.55075, 38.9], [-0.14069, 51.55061, 38.9], [-0.1407, 51.55057, 38.9], [-0.1407, 51.55055, 39.0], [-0.14071, 51.55047, 39.0], [-0.14072, 51.5504, 39.0], [-0.14081, 51.54989, 39.1], [-0.14086, 51.54969, 39.4], [-0.14088, 51.54958, 39.5], [-0.1409, 51.54944, 39.7], [-0.14093, 51.54932, 39.8], [-0.14096, 51.54919, 40.0], [-0.141, 51.54904, 39.8], [-0.14102, 51.54897, 39.8], [-0.14104, 51.54887, 39.6], [-0.14107, 51.54885, 39.6], [-0.14112, 51.54861, 39.3], [-0.14115, 51.54848, 39.2], [-0.14118, 51.54837, 39.0], [-0.14119, 51.54834, 39.0], [-0.14122, 51.5482, 38.4], [-0.14124, 51.54809, 38.0], [-0.14126, 51.54803, 37.7], [-0.14136, 51.54778, 36.6], [-0.14144, 51.54761, 35.8], [-0.14156, 51.54734, 35.1], [-0.14156, 51.54728, 35.1], [-0.14158, 51.54718, 35.1], [-0.14163, 51.54698, 35.0], [-0.14166, 51.54688, 35.0], [-0.14169, 51.54678, 34.9], [-0.1417, 51.54671, 34.9], [-0.14171, 51.54668, 34.9], [-0.14173, 51.54663, 34.8], [-0.14176, 51.54652, 34.8], [-0.14176, 51.54634, 34.8], [-0.14176, 51.54624, 34.8], [-0.14176, 51.54622, 34.8], [-0.14176, 51.54616, 34.8], [-0.14176, 51.54614, 34.8], [-0.14173, 51.54596, 34.8], [-0.14172, 51.54588, 34.9], [-0.14171, 51.5458, 34.8], [-0.14171, 51.54578, 34.7], [-0.14168, 51.54571, 34.5], [-0.14161, 51.54551, 33.8], [-0.14156, 51.54548, 33.7], [-0.14155, 51.54546, 33.7], [-0.14154, 51.54545, 33.6], [-0.14153, 51.54542, 33.5], [-0.14152, 51.5454, 33.4], [-0.14152, 51.54539, 33.4], [-0.1415, 51.54536, 33.3], [-0.14147, 51.54519, 32.7], [-0.14146, 51.54514, 32.5], [-0.14146, 51.5451, 32.4], [-0.14146, 51.5451, 32.4], [-0.14158, 51.5451, 32.4], [-0.14159, 51.54513, 32.5], [-0.1416, 51.54517, 32.6], [-0.1416, 51.54517, 32.6], [-0.141612, 51.54367, 32.6], [-0.141612, 51.54367, 32.6], [-0.141895, 51.542424, 28.2], [-0.142179, 51.541178, 28.8], [-0.142179, 51.541178, 28.8], [-0.142329, 51.540127, 30.6], [-0.142479, 51.539077, 32.1], [-0.142479, 51.539077, 32.1], [-0.141611, 51.538055, 32.6], [-0.140742, 51.537034, 30.8], [-0.139874, 51.536012, 31.1], [-0.139874, 51.536012, 31.1], [-0.138931, 51.534981, 28.5], [-0.138931, 51.534981, 28.5], [-0.139307, 51.533744, 31.8], [-0.13924, 51.53374, 31.6], [-0.13924, 51.53367, 31.8], [-0.13923, 51.53351, 32.0], [-0.13926, 51.53317, 31.3], [-0.13928, 51.53287, 29.5], [-0.13929, 51.53282, 29.2], [-0.1393, 51.53266, 28.2], [-0.13925, 51.53263, 27.9], [-0.13922, 51.5326, 27.7], [-0.13921, 51.53257, 27.5], [-0.1392, 51.53256, 27.4], [-0.13918, 51.53255, 27.3], [-0.13917, 51.53254, 27.2], [-0.13913, 51.53252, 27.1], [-0.13901, 51.53247, 26.8], [-0.13901, 51.53247, 26.8], [-0.13903, 51.53246, 26.8], [-0.13905, 51.53244, 26.7], [-0.13907, 51.53243, 26.7], [-0.13909, 51.53242, 26.7], [-0.13911, 51.5324, 26.7], [-0.13912, 51.53236, 26.6], [-0.13912, 51.53235, 26.6], [-0.13913, 51.53232, 26.5], [-0.13912, 51.5322, 26.3], [-0.13906, 51.532, 25.8], [-0.13905, 51.53194, 25.7], [-0.13901, 51.53182, 25.5], [-0.1389, 51.53151, 25.7], [-0.13889, 51.53149, 25.7], [-0.13887, 51.53145, 25.7], [-0.13883, 51.53133, 25.8], [-0.13876, 51.53116, 25.9], [-0.13872, 51.53104, 26.0], [-0.13865, 51.53075, 26.3], [-0.13865, 51.53073, 26.4], [-0.13861, 51.53045, 26.9], [-0.13861, 51.53042, 27.0], [-0.13859, 51.52998, 28.1], [-0.13859, 51.52966, 29.4], [-0.13857, 51.52926, 31.0], [-0.13857, 51.52911, 31.3], [-0.13857, 51.529, 30.9], [-0.13857, 51.52893, 30.7], [-0.13857, 51.5289, 30.7], [-0.13857, 51.52887, 30.6], [-0.13857, 51.52885, 30.5], [-0.13857, 51.52884, 30.5], [-0.13858, 51.52883, 30.4], [-0.13859, 51.52883, 30.4], [-0.13859, 51.52882, 30.4], [-0.13862, 51.5288, 30.3], [-0.13862, 51.52879, 30.3], [-0.13862, 51.52871, 30.0], [-0.13863, 51.52855, 29.6], [-0.13862, 51.52813, 29.0], [-0.13862, 51.52802, 29.0], [-0.13862, 51.52788, 29.0], [-0.13862, 51.52773, 29.0], [-0.13862, 51.52719, 30.2], [-0.13862, 51.52689, 31.4], [-0.13861, 51.5265, 32.6], [-0.13861, 51.52634, 32.9], [-0.1386, 51.52611, 33.2], [-0.13859, 51.52592, 33.5], [-0.13859, 51.52592, 33.5], [-0.13855, 51.52586, 33.5], [-0.13851, 51.52581, 33.5], [-0.13837, 51.52561, 33.6], [-0.13836, 51.52559, 33.7], [-0.13828, 51.52547, 33.8], [-0.1382, 51.52537, 34.0], [-0.13811, 51.52523, 34.1], [-0.13811, 51.52523, 34.1], [-0.13801, 51.52511, 34.2], [-0.13791, 51.52499, 34.3], [-0.13787, 51.52489, 34.4], [-0.13787, 51.52475, 34.6], [-0.13785, 51.52469, 34.7], [-0.13779, 51.52458, 34.8], [-0.13777, 51.52454, 34.9], [-0.13777, 51.52454, 34.9], [-0.13772, 51.52444, 35.1], [-0.13768, 51.52437, 35.2], [-0.13762, 51.52428, 35.5], [-0.13751, 51.52413, 35.9], [-0.13745, 51.52403, 35.9], [-0.13736, 51.52391, 36.0], [-0.13734, 51.52388, 36.0], [-0.13724, 51.52372, 35.9], [-0.13692, 51.52335, 35.7], [-0.13691, 51.52333, 35.7], [-0.13664, 51.52302, 36.4], [-0.13644, 51.5228, 36.6], [-0.1363, 51.52264, 36.8], [-0.13613, 51.52247, 37.1], [-0.13609, 51.52243, 37.2], [-0.13598, 51.52232, 37.4], [-0.13585, 51.5222, 37.7], [-0.13574, 51.52209, 38.0], [-0.13559, 51.52193, 38.5], [-0.13539, 51.52171, 38.9], [-0.1353, 51.52161, 38.9], [-0.13517, 51.52146, 38.6], [-0.13516, 51.52146, 38.6], [-0.13502, 51.52129, 38.1], [-0.13499, 51.52125, 38.0], [-0.13493, 51.52119, 37.8], [-0.13483, 51.52108, 37.4], [-0.13477, 51.52101, 37.2], [-0.1347, 51.52095, 37.0], [-0.13459, 51.52084, 36.5], [-0.13439, 51.52065, 36.4], [-0.13432, 51.52059, 36.4], [-0.13431, 51.52057, 36.4], [-0.13401, 51.52032, 36.7], [-0.13382, 51.52013, 37.1], [-0.13367, 51.51998, 37.5], [-0.13364, 51.51996, 37.5], [-0.13352, 51.51984, 37.4], [-0.13346, 51.51978, 37.3], [-0.13344, 51.51975, 37.3], [-0.1334, 51.51972, 37.2], [-0.13322, 51.51954, 36.9], [-0.13309, 51.51943, 36.6], [-0.13303, 51.51936, 36.5], [-0.13299, 51.51932, 36.4], [-0.13292, 51.51926, 36.2], [-0.13288, 51.51922, 36.1], [-0.13266, 51.519, 36.0], [-0.13254, 51.51888, 36.0], [-0.13244, 51.51877, 36.1], [-0.13229, 51.51863, 36.3], [-0.13223, 51.51856, 36.3], [-0.13183, 51.51815, 37.6], [-0.13152, 51.51783, 39.5], [-0.13137, 51.51767, 40.3], [-0.13136, 51.51767, 40.3], [-0.13133, 51.51764, 40.4], [-0.13113, 51.51743, 40.7], [-0.131067, 51.51738, 40.4], [-0.13091, 51.51722, 39.7], [-0.13078, 51.51709, 39.0], [-0.130677, 51.51698, 38.5], [-0.13063, 51.51691, 38.3], [-0.13056, 51.51681, 37.9], [-0.130508, 51.51674, 37.7], [-0.13045, 51.51665, 37.4], [-0.130427, 51.5166, 37.4], [-0.13042, 51.51658, 37.4], [-0.13041, 51.51656, 37.4], [-0.13038, 51.51649, 37.3], [-0.13036, 51.51642, 37.2], [-0.13031, 51.51618, 36.9], [-0.13027, 51.51596, 36.4], [-0.130259, 51.51593, 36.3], [-0.13024, 51.51585, 36.2], [-0.13023, 51.51581, 36.1], [-0.13022, 51.51579, 36.1], [-0.13017, 51.51559, 35.7], [-0.1301, 51.5154, 35.2], [-0.1301, 51.5154, 35.2], [-0.130067, 51.51533, 35.0], [-0.12995, 51.51506, 34.2], [-0.129927, 51.51501, 34.1], [-0.12989, 51.51491, 34.1], [-0.12987, 51.51487, 34.2], [-0.12972, 51.51452, 34.3], [-0.12962, 51.51422, 34.5], [-0.129537, 51.51403, 34.6], [-0.12952, 51.51399, 34.6], [-0.12948, 51.51388, 34.6], [-0.129398, 51.51375, 34.7], [-0.129287, 51.51355, 34.9], [-0.12924, 51.51344, 34.9], [-0.12914, 51.51326, 34.9], [-0.12905, 51.51312, 34.9], [-0.12894, 51.51293, 34.8], [-0.12887, 51.5128, 34.7], [-0.12875, 51.51262, 34.6], [-0.12856, 51.51229, 34.0], [-0.12856, 51.51228, 34.0], [-0.12851, 51.5122, 33.8], [-0.12851, 51.51219, 33.8], [-0.12848, 51.51214, 33.7], [-0.12845, 51.51203, 33.6], [-0.12841, 51.512, 33.5], [-0.12839, 51.51196, 33.4], [-0.12838, 51.51191, 33.3], [-0.12842, 51.51185, 33.2], [-0.12841, 51.51178, 33.0], [-0.12841, 51.51175, 32.9], [-0.128399, 51.51171, 32.8], [-0.12839, 51.51169, 32.8], [-0.12839, 51.51164, 32.7], [-0.12839, 51.51159, 32.6], [-0.12839, 51.5115, 32.4], [-0.12839, 51.51149, 32.3], [-0.128399, 51.51134, 31.8], [-0.128399, 51.51128, 31.6], [-0.12841, 51.51125, 31.5], [-0.12841, 51.51119, 31.3], [-0.12841, 51.51119, 31.3], [-0.12842, 51.51097, 30.6], [-0.12841, 51.51093, 30.4], [-0.12841, 51.51072, 29.9], [-0.128399, 51.51058, 29.7], [-0.12838, 51.51051, 29.6], [-0.12837, 51.51045, 29.5], [-0.12833, 51.51033, 29.4], [-0.12831, 51.51027, 29.3], [-0.128288, 51.51023, 29.3], [-0.12824, 51.51016, 29.3], [-0.12817, 51.51008, 29.3], [-0.12812, 51.51, 29.3], [-0.12802, 51.50987, 29.0], [-0.12797, 51.50982, 28.9], [-0.12792, 51.50977, 28.8], [-0.12788, 51.50974, 28.7], [-0.127847, 51.50972, 28.7], [-0.12777, 51.50967, 28.5], [-0.12776, 51.50967, 28.5], [-0.12763, 51.50962, 28.2], [-0.12756, 51.5096, 28.1], [-0.127487, 51.50957, 27.9], [-0.12745, 51.50955, 27.8], [-0.1274, 51.50953, 27.6], [-0.12736, 51.5095, 27.4], [-0.12731, 51.50943, 26.9], [-0.1273, 51.50941, 26.7], [-0.127289, 51.50938, 26.5], [-0.12728, 51.50936, 26.4], [-0.12727, 51.50934, 26.2], [-0.12725, 51.50929, 25.9], [-0.127237, 51.50928, 25.8], [-0.127237, 51.50927, 25.7], [-0.127237, 51.50924, 25.5], [-0.12725, 51.50917, 25.1], [-0.12723, 51.50909, 24.7], [-0.12722, 51.50898, 24.3], [-0.127237, 51.50882, 23.8], [-0.127207, 51.50872, 23.4], [-0.127207, 51.50871, 23.4], [-0.1272, 51.50866, 23.2], [-0.12717, 51.50858, 23.0], [-0.12717, 51.50858, 23.0], [-0.12717, 51.50855, 22.9], [-0.12717, 51.50847, 22.6], [-0.12716, 51.50841, 22.5], [-0.12716, 51.5084, 22.4], [-0.12719, 51.50829, 22.2], [-0.12717, 51.50824, 22.5], [-0.12714, 51.50814, 22.9], [-0.12714, 51.50813, 23.0], [-0.12713, 51.5081, 23.1], [-0.12709, 51.50806, 23.5], [-0.12709, 51.50805, 23.5], [-0.127067, 51.50803, 23.7], [-0.12706, 51.50801, 23.8], [-0.12705, 51.50798, 24.0], [-0.12705, 51.50797, 24.0], [-0.127039, 51.50792, 24.2], [-0.12702, 51.50782, 24.8], [-0.12702, 51.50778, 24.9], [-0.12703, 51.50776, 24.9], [-0.12703, 51.50775, 25.0], [-0.127039, 51.5077, 25.1], [-0.12715, 51.50756, 24.7], [-0.12717, 51.50753, 24.7], [-0.127178, 51.50752, 24.6], [-0.1272, 51.50751, 24.5], [-0.12722, 51.5075, 24.4], [-0.127237, 51.5075, 24.2], [-0.1273, 51.50749, 23.6], [-0.1273, 51.50749, 23.6], [-0.1273, 51.50748, 23.6], [-0.127289, 51.50748, 23.7], [-0.127289, 51.50747, 23.6], [-0.12728, 51.50747, 23.7], [-0.12728, 51.50746, 23.6], [-0.12728, 51.50744, 23.5], [-0.12728, 51.50743, 23.5], [-0.12728, 51.50741, 23.4], [-0.127289, 51.50739, 23.2], [-0.127289, 51.50738, 23.1], [-0.1273, 51.50736, 22.9], [-0.12731, 51.50734, 22.8], [-0.127317, 51.50733, 22.6], [-0.12733, 51.50732, 22.5], [-0.12734, 51.50731, 22.4], [-0.127347, 51.5073, 22.3], [-0.12736, 51.50729, 22.2], [-0.12738, 51.50728, 22.0], [-0.12739, 51.50727, 21.9], [-0.12741, 51.50727, 21.8], [-0.12742, 51.50726, 21.6], [-0.12745, 51.50724, 21.4], [-0.127487, 51.50723, 21.1], [-0.12752, 51.50722, 20.9], [-0.12755, 51.50721, 20.7], [-0.12756, 51.50721, 20.7], [-0.12759, 51.5072, 20.5], [-0.12762, 51.5072, 20.4], [-0.12766, 51.50719, 20.2], [-0.12769, 51.50719, 20.0], [-0.127707, 51.50719, 19.9], [-0.12773, 51.50719, 19.8], [-0.12775, 51.50719, 19.8], [-0.12777, 51.50719, 19.7], [-0.12784, 51.50715, 19.3], [-0.12787, 51.50713, 19.2], [-0.128, 51.50706, 18.7], [-0.128067, 51.50702, 18.5], [-0.12813, 51.50698, 18.4], [-0.128207, 51.50694, 18.3], [-0.12828, 51.50689, 18.3], [-0.12833, 51.50686, 18.3], [-0.12839, 51.50684, 18.5], [-0.12845, 51.50681, 18.8], [-0.1285, 51.50678, 19.0], [-0.12861, 51.50674, 19.5], [-0.12861, 51.50674, 19.5], [-0.1287, 51.50671, 19.9], [-0.12872, 51.5067, 20.0], [-0.128788, 51.50668, 20.3], [-0.12887, 51.50666, 20.6], [-0.128957, 51.50665, 20.9], [-0.12901, 51.50663, 21.2], [-0.129067, 51.50661, 21.3], [-0.1293, 51.50651, 21.2], [-0.12948, 51.50643, 20.9], [-0.12977, 51.50631, 20.1], [-0.130067, 51.50619, 18.8], [-0.13044, 51.50604, 17.4], [-0.13083, 51.50586, 16.2], [-0.13099, 51.5058, 16.2], [-0.13118, 51.50572, 16.3], [-0.13136, 51.50564, 16.3], [-0.13147, 51.5056, 16.3], [-0.13187, 51.50544, 16.7], [-0.13342, 51.50484, 20.5], [-0.1342, 51.5045, 16.2], [-0.1344, 51.50442, 15.2], [-0.13474, 51.50427, 13.4], [-0.1353, 51.50402, 11.6], [-0.13577, 51.50383, 11.7], [-0.136, 51.50374, 11.8], [-0.13662, 51.50348, 12.2], [-0.13776, 51.50302, 14.8], [-0.13846, 51.50272, 15.2]]}, "properties": {"name": "RL2025 TH Op 1"}}]}