<?xml version="1.0" encoding="UTF-8"?>
<gpx version="1.1" creator="jsdataviz" xmlns="http://www.topografix.com/GPX/1/1" xmlns:xsi="http://www.w3.org/2001/XMLSchema-instance" xsi:schemaLocation="http://www.topografix.com/GPX/1/1 http://www.topografix.com/GPX/1/1/gpx.xsd http://www.garmin.com/xmlschemas/GpxExtensions/v3 http://www.garmin.com/xmlschemas/GpxExtensionsv3.xsd http://www.garmin.com/xmlschemas/TrackPointExtension/v1 http://www.garmin.com/xmlschemas/TrackPointExtensionv1.xsd http://www.garmin.com/xmlschemas/PowerExtension/v1 http://www.garmin.com/xmlschemas/PowerExtensionv1.xsd http://www.topografix.com/GPX/gpx_style/0/2 http://www.topografix.com/GPX/gpx_style/0/2/gpx_style.xsd" xmlns:gpxtpx="http://www.garmin.com/xmlschemas/TrackPointExtension/v1" xmlns:gpxx="http://www.garmin.com/xmlschemas/GpxExtensions/v3" xmlns:gpxpx="http://www.garmin.com/xmlschemas/PowerExtension/v1" xmlns:gpx_style="http://www.topografix.com/GPX/gpx_style/0/2">
  <metadata>
    <name>rl2025_option_b</name>
    <author>
      <name>gpx.studio</name>
      <link href="https://gpx.studio"/>
    </author>
  </metadata>
  <trk>
    <name>RL2025 Option B</name>
    <trkseg>
      <trkpt lat="51.509945" lon="-0.087058">
        <ele>23.99</ele>
      </trkpt>
      <trkpt lat="51.510415" lon="-0.08688">
        <ele>27.96</ele>
      </trkpt>
      <trkpt lat="51.510764" lon="-0.086725">
        <ele>29.16</ele>
      </trkpt>
      <trkpt lat="51.510914" lon="-0.086631">
        <ele>29.71</ele>
      </trkpt>
      <trkpt lat="51.510899" lon="-0.086547">
        <ele>29.87</ele>
      </trkpt>
      <trkpt lat="51.510882" lon="-0.086552">
        <ele>29.82</ele>
      </trkpt>
      <trkpt lat="51.510837" lon="-0.086565">
        <ele>29.68</ele>
      </trkpt>
      <trkpt lat="51.510855" lon="-0.08667">
        <ele>29.47</ele>
      </trkpt>
      <trkpt lat="51.510914" lon="-0.086631">
        <ele>29.71</ele>
      </trkpt>
      <trkpt lat="51.510899" lon="-0.086547">
        <ele>29.87</ele>
      </trkpt>
      <trkpt lat="51.510889" lon="-0.086398">
        <ele>30.21</ele>
      </trkpt>
      <trkpt lat="51.510901" lon="-0.086231">
        <ele>30.64</ele>
      </trkpt>
      <trkpt lat="51.510919" lon="-0.086151">
        <ele>30.87</ele>
      </trkpt>
      <trkpt lat="51.510952" lon="-0.086064">
        <ele>31.16</ele>
      </trkpt>
      <trkpt lat="51.511039" lon="-0.085885">
        <ele>31.8</ele>
      </trkpt>
      <trkpt lat="51.511202" lon="-0.085591">
        <ele>32.65</ele>
      </trkpt>
      <trkpt lat="51.511317" lon="-0.085512">
        <ele>33.35</ele>
      </trkpt>
      <trkpt lat="51.511933" lon="-0.085111">
        <ele>37.76</ele>
      </trkpt>
      <trkpt lat="51.511937" lon="-0.085131">
        <ele>37.71</ele>
      </trkpt>
      <trkpt lat="51.511933" lon="-0.085111">
        <ele>37.76</ele>
      </trkpt>
      <trkpt lat="51.512308" lon="-0.084844">
        <ele>37.66</ele>
      </trkpt>
      <trkpt lat="51.51253" lon="-0.084666">
        <ele>37.18</ele>
      </trkpt>
      <trkpt lat="51.512832" lon="-0.084454">
        <ele>36.04</ele>
      </trkpt>
      <trkpt lat="51.513157" lon="-0.084267">
        <ele>34.65</ele>
      </trkpt>
      <trkpt lat="51.51341" lon="-0.084141">
        <ele>33.78</ele>
      </trkpt>
      <trkpt lat="51.513758" lon="-0.084007">
        <ele>33.91</ele>
      </trkpt>
      <trkpt lat="51.514115" lon="-0.083852">
        <ele>34.46</ele>
      </trkpt>
      <trkpt lat="51.514434" lon="-0.083624">
        <ele>34.63</ele>
      </trkpt>
      <trkpt lat="51.514924" lon="-0.082948">
        <ele>34.46</ele>
      </trkpt>
      <trkpt lat="51.515348" lon="-0.082517">
        <ele>34.34</ele>
      </trkpt>
      <trkpt lat="51.515647" lon="-0.082186">
        <ele>34.84</ele>
      </trkpt>
      <trkpt lat="51.515899" lon="-0.081922">
        <ele>35.07</ele>
      </trkpt>
      <trkpt lat="51.515945" lon="-0.081932">
        <ele>35.21</ele>
      </trkpt>
      <trkpt lat="51.516182" lon="-0.081697">
        <ele>34.23</ele>
      </trkpt>
      <trkpt lat="51.516176" lon="-0.081665">
        <ele>34.2</ele>
      </trkpt>
      <trkpt lat="51.516182" lon="-0.081697">
        <ele>34.23</ele>
      </trkpt>
      <trkpt lat="51.51628" lon="-0.081578">
        <ele>33.12</ele>
      </trkpt>
      <trkpt lat="51.516452" lon="-0.081417">
        <ele>31.29</ele>
      </trkpt>
      <trkpt lat="51.51649" lon="-0.081311">
        <ele>30.72</ele>
      </trkpt>
      <trkpt lat="51.516596" lon="-0.081238">
        <ele>29.66</ele>
      </trkpt>
      <trkpt lat="51.516711" lon="-0.081133">
        <ele>28.44</ele>
      </trkpt>
      <trkpt lat="51.516936" lon="-0.080976">
        <ele>26.44</ele>
      </trkpt>
      <trkpt lat="51.517043" lon="-0.080882">
        <ele>27.1</ele>
      </trkpt>
      <trkpt lat="51.517281" lon="-0.080646">
        <ele>29.04</ele>
      </trkpt>
      <trkpt lat="51.517414" lon="-0.080535">
        <ele>30.15</ele>
      </trkpt>
      <trkpt lat="51.517544" lon="-0.080394">
        <ele>31.24</ele>
      </trkpt>
      <trkpt lat="51.517889" lon="-0.080052">
        <ele>33.95</ele>
      </trkpt>
      <trkpt lat="51.51817" lon="-0.079815">
        <ele>36.36</ele>
      </trkpt>
      <trkpt lat="51.518312" lon="-0.07972">
        <ele>37.85</ele>
      </trkpt>
      <trkpt lat="51.518638" lon="-0.079527">
        <ele>41.19</ele>
      </trkpt>
      <trkpt lat="51.518708" lon="-0.079509">
        <ele>41.07</ele>
      </trkpt>
      <trkpt lat="51.518995" lon="-0.079366">
        <ele>41.02</ele>
      </trkpt>
      <trkpt lat="51.519032" lon="-0.079405">
        <ele>40.71</ele>
      </trkpt>
      <trkpt lat="51.519404" lon="-0.079254">
        <ele>40.59</ele>
      </trkpt>
      <trkpt lat="51.519718" lon="-0.079148">
        <ele>40.46</ele>
      </trkpt>
      <trkpt lat="51.519982" lon="-0.079073">
        <ele>39.51</ele>
      </trkpt>
      <trkpt lat="51.5201" lon="-0.079044">
        <ele>39.03</ele>
      </trkpt>
      <trkpt lat="51.52051" lon="-0.078999">
        <ele>33.8</ele>
      </trkpt>
      <trkpt lat="51.52063" lon="-0.078972">
        <ele>31.56</ele>
      </trkpt>
      <trkpt lat="51.520788" lon="-0.078916">
        <ele>28.63</ele>
      </trkpt>
      <trkpt lat="51.521395" lon="-0.078651">
        <ele>21.52</ele>
      </trkpt>
      <trkpt lat="51.521464" lon="-0.078559">
        <ele>20.99</ele>
      </trkpt>
      <trkpt lat="51.521639" lon="-0.078406">
        <ele>19.76</ele>
      </trkpt>
      <trkpt lat="51.5218" lon="-0.07828">
        <ele>18.63</ele>
      </trkpt>
      <trkpt lat="51.522168" lon="-0.078077">
        <ele>18.07</ele>
      </trkpt>
      <trkpt lat="51.522459" lon="-0.077946">
        <ele>18.48</ele>
      </trkpt>
      <trkpt lat="51.522616" lon="-0.077848">
        <ele>18.74</ele>
      </trkpt>
      <trkpt lat="51.522684" lon="-0.077875">
        <ele>18.87</ele>
      </trkpt>
      <trkpt lat="51.522847" lon="-0.07782">
        <ele>18.9</ele>
      </trkpt>
      <trkpt lat="51.522857" lon="-0.077815">
        <ele>18.89</ele>
      </trkpt>
      <trkpt lat="51.522944" lon="-0.078066">
        <ele>19</ele>
      </trkpt>
      <trkpt lat="51.522967" lon="-0.078107">
        <ele>19.04</ele>
      </trkpt>
      <trkpt lat="51.523018" lon="-0.078145">
        <ele>19.09</ele>
      </trkpt>
      <trkpt lat="51.523202" lon="-0.07843">
        <ele>19.71</ele>
      </trkpt>
      <trkpt lat="51.523386" lon="-0.07873">
        <ele>20.88</ele>
      </trkpt>
      <trkpt lat="51.523584" lon="-0.079059">
        <ele>22.39</ele>
      </trkpt>
      <trkpt lat="51.523702" lon="-0.079249">
        <ele>22.78</ele>
      </trkpt>
      <trkpt lat="51.523806" lon="-0.079419">
        <ele>22.74</ele>
      </trkpt>
      <trkpt lat="51.523985" lon="-0.079712">
        <ele>22.72</ele>
      </trkpt>
      <trkpt lat="51.524165" lon="-0.080006">
        <ele>22.69</ele>
      </trkpt>
      <trkpt lat="51.52433" lon="-0.080299">
        <ele>23.16</ele>
      </trkpt>
      <trkpt lat="51.524301" lon="-0.080307">
        <ele>23.11</ele>
      </trkpt>
      <trkpt lat="51.524476" lon="-0.08028">
        <ele>23.23</ele>
      </trkpt>
      <trkpt lat="51.524538" lon="-0.080287">
        <ele>23.14</ele>
      </trkpt>
      <trkpt lat="51.524857" lon="-0.080298">
        <ele>22.64</ele>
      </trkpt>
      <trkpt lat="51.525056" lon="-0.080313">
        <ele>22.32</ele>
      </trkpt>
      <trkpt lat="51.526095" lon="-0.080319">
        <ele>22.64</ele>
      </trkpt>
      <trkpt lat="51.526897" lon="-0.080395">
        <ele>23.51</ele>
      </trkpt>
      <trkpt lat="51.526976" lon="-0.080431">
        <ele>23.6</ele>
      </trkpt>
      <trkpt lat="51.527004" lon="-0.080384">
        <ele>23.7</ele>
      </trkpt>
      <trkpt lat="51.527159" lon="-0.080151">
        <ele>24.17</ele>
      </trkpt>
      <trkpt lat="51.527218" lon="-0.079995">
        <ele>24.38</ele>
      </trkpt>
      <trkpt lat="51.527234" lon="-0.079866">
        <ele>24.53</ele>
      </trkpt>
      <trkpt lat="51.527237" lon="-0.07965">
        <ele>24.65</ele>
      </trkpt>
      <trkpt lat="51.527245" lon="-0.078938">
        <ele>25.05</ele>
      </trkpt>
      <trkpt lat="51.527223" lon="-0.0786">
        <ele>24.83</ele>
      </trkpt>
      <trkpt lat="51.527187" lon="-0.078113">
        <ele>24.49</ele>
      </trkpt>
      <trkpt lat="51.527183" lon="-0.078049">
        <ele>24.44</ele>
      </trkpt>
      <trkpt lat="51.527439" lon="-0.078025">
        <ele>24.24</ele>
      </trkpt>
      <trkpt lat="51.527691" lon="-0.077995">
        <ele>23.95</ele>
      </trkpt>
      <trkpt lat="51.528228" lon="-0.077946">
        <ele>22.86</ele>
      </trkpt>
      <trkpt lat="51.528573" lon="-0.077924">
        <ele>22.04</ele>
      </trkpt>
      <trkpt lat="51.52898" lon="-0.077789">
        <ele>22.16</ele>
      </trkpt>
      <trkpt lat="51.529445" lon="-0.077547">
        <ele>22.04</ele>
      </trkpt>
      <trkpt lat="51.530154" lon="-0.077299">
        <ele>22</ele>
      </trkpt>
      <trkpt lat="51.530408" lon="-0.077234">
        <ele>22</ele>
      </trkpt>
      <trkpt lat="51.531139" lon="-0.077089">
        <ele>21.88</ele>
      </trkpt>
      <trkpt lat="51.531344" lon="-0.07706">
        <ele>21.42</ele>
      </trkpt>
      <trkpt lat="51.531776" lon="-0.07702">
        <ele>20.5</ele>
      </trkpt>
      <trkpt lat="51.532126" lon="-0.077035">
        <ele>20.6</ele>
      </trkpt>
      <trkpt lat="51.53265" lon="-0.077122">
        <ele>21.74</ele>
      </trkpt>
      <trkpt lat="51.532833" lon="-0.077142">
        <ele>21.91</ele>
      </trkpt>
      <trkpt lat="51.533078" lon="-0.077139">
        <ele>21.61</ele>
      </trkpt>
      <trkpt lat="51.534455" lon="-0.076988">
        <ele>22.02</ele>
      </trkpt>
      <trkpt lat="51.535095" lon="-0.076929">
        <ele>22.57</ele>
      </trkpt>
      <trkpt lat="51.53573" lon="-0.076912">
        <ele>22.15</ele>
      </trkpt>
      <trkpt lat="51.536616" lon="-0.07687">
        <ele>20.65</ele>
      </trkpt>
      <trkpt lat="51.537013" lon="-0.076826">
        <ele>20</ele>
      </trkpt>
      <trkpt lat="51.538241" lon="-0.07673">
        <ele>20</ele>
      </trkpt>
      <trkpt lat="51.539177" lon="-0.076701">
        <ele>20.71</ele>
      </trkpt>
      <trkpt lat="51.53948" lon="-0.07668">
        <ele>20.93</ele>
      </trkpt>
      <trkpt lat="51.540552" lon="-0.07655">
        <ele>20.16</ele>
      </trkpt>
      <trkpt lat="51.540837" lon="-0.076509">
        <ele>20.2</ele>
      </trkpt>
      <trkpt lat="51.541237" lon="-0.076435">
        <ele>20.24</ele>
      </trkpt>
      <trkpt lat="51.544842" lon="-0.075958">
        <ele>19.93</ele>
      </trkpt>
      <trkpt lat="51.545192" lon="-0.07589">
        <ele>19.95</ele>
      </trkpt>
      <trkpt lat="51.546008" lon="-0.075675">
        <ele>21.78</ele>
      </trkpt>
      <trkpt lat="51.546199" lon="-0.075646">
        <ele>21.87</ele>
      </trkpt>
      <trkpt lat="51.546653" lon="-0.075649">
        <ele>21.33</ele>
      </trkpt>
      <trkpt lat="51.547079" lon="-0.075618">
        <ele>21.18</ele>
      </trkpt>
      <trkpt lat="51.547403" lon="-0.075546">
        <ele>21.57</ele>
      </trkpt>
      <trkpt lat="51.548113" lon="-0.075419">
        <ele>22</ele>
      </trkpt>
      <trkpt lat="51.548818" lon="-0.075332">
        <ele>22</ele>
      </trkpt>
      <trkpt lat="51.549178" lon="-0.075292">
        <ele>22</ele>
      </trkpt>
      <trkpt lat="51.549784" lon="-0.075206">
        <ele>22.33</ele>
      </trkpt>
      <trkpt lat="51.550612" lon="-0.075124">
        <ele>24.08</ele>
      </trkpt>
      <trkpt lat="51.55099" lon="-0.07507">
        <ele>25.51</ele>
      </trkpt>
      <trkpt lat="51.55205" lon="-0.074948">
        <ele>27.16</ele>
      </trkpt>
      <trkpt lat="51.552972" lon="-0.074866">
        <ele>27.35</ele>
      </trkpt>
      <trkpt lat="51.55421" lon="-0.074799">
        <ele>28.06</ele>
      </trkpt>
      <trkpt lat="51.554725" lon="-0.07473">
        <ele>27.98</ele>
      </trkpt>
      <trkpt lat="51.555198" lon="-0.074631">
        <ele>27.53</ele>
      </trkpt>
      <trkpt lat="51.555909" lon="-0.07452">
        <ele>27.91</ele>
      </trkpt>
      <trkpt lat="51.556328" lon="-0.074512">
        <ele>28.17</ele>
      </trkpt>
      <trkpt lat="51.557081" lon="-0.074514">
        <ele>28.6</ele>
      </trkpt>
      <trkpt lat="51.557142" lon="-0.074573">
        <ele>28.53</ele>
      </trkpt>
      <trkpt lat="51.557295" lon="-0.074559">
        <ele>28.54</ele>
      </trkpt>
      <trkpt lat="51.557333" lon="-0.074508">
        <ele>28.6</ele>
      </trkpt>
      <trkpt lat="51.557502" lon="-0.074501">
        <ele>28.61</ele>
      </trkpt>
      <trkpt lat="51.558707" lon="-0.074294">
        <ele>27.61</ele>
      </trkpt>
      <trkpt lat="51.559817" lon="-0.074066">
        <ele>27</ele>
      </trkpt>
      <trkpt lat="51.560625" lon="-0.073929">
        <ele>27.44</ele>
      </trkpt>
      <trkpt lat="51.56209" lon="-0.073619">
        <ele>29.94</ele>
      </trkpt>
      <trkpt lat="51.562659" lon="-0.073467">
        <ele>28.39</ele>
      </trkpt>
      <trkpt lat="51.562935" lon="-0.07336">
        <ele>27.81</ele>
      </trkpt>
      <trkpt lat="51.563293" lon="-0.073195">
        <ele>27.18</ele>
      </trkpt>
      <trkpt lat="51.563432" lon="-0.073169">
        <ele>26.98</ele>
      </trkpt>
      <trkpt lat="51.563468" lon="-0.07313">
        <ele>26.89</ele>
      </trkpt>
      <trkpt lat="51.563534" lon="-0.073111">
        <ele>26.79</ele>
      </trkpt>
      <trkpt lat="51.563745" lon="-0.073086">
        <ele>26.69</ele>
      </trkpt>
      <trkpt lat="51.563892" lon="-0.073083">
        <ele>26.69</ele>
      </trkpt>
      <trkpt lat="51.564058" lon="-0.073098">
        <ele>26.7</ele>
      </trkpt>
      <trkpt lat="51.564601" lon="-0.073115">
        <ele>26.84</ele>
      </trkpt>
      <trkpt lat="51.565164" lon="-0.073081">
        <ele>27.24</ele>
      </trkpt>
      <trkpt lat="51.565405" lon="-0.073087">
        <ele>27.54</ele>
      </trkpt>
      <trkpt lat="51.56554" lon="-0.07308">
        <ele>27.76</ele>
      </trkpt>
      <trkpt lat="51.566395" lon="-0.072976">
        <ele>29.77</ele>
      </trkpt>
      <trkpt lat="51.566626" lon="-0.072991">
        <ele>30.4</ele>
      </trkpt>
      <trkpt lat="51.566671" lon="-0.073054">
        <ele>30.32</ele>
      </trkpt>
      <trkpt lat="51.566805" lon="-0.073048">
        <ele>30.73</ele>
      </trkpt>
      <trkpt lat="51.566858" lon="-0.072972">
        <ele>31.14</ele>
      </trkpt>
      <trkpt lat="51.5686" lon="-0.072889">
        <ele>32.66</ele>
      </trkpt>
      <trkpt lat="51.569829" lon="-0.072846">
        <ele>35.3</ele>
      </trkpt>
      <trkpt lat="51.571109" lon="-0.072825">
        <ele>35.27</ele>
      </trkpt>
      <trkpt lat="51.572004" lon="-0.07277">
        <ele>36.57</ele>
      </trkpt>
      <trkpt lat="51.572143" lon="-0.072782">
        <ele>36.33</ele>
      </trkpt>
      <trkpt lat="51.572282" lon="-0.072779">
        <ele>36.1</ele>
      </trkpt>
      <trkpt lat="51.572421" lon="-0.07276">
        <ele>35.87</ele>
      </trkpt>
      <trkpt lat="51.572647" lon="-0.07271">
        <ele>35.45</ele>
      </trkpt>
      <trkpt lat="51.573608" lon="-0.07247">
        <ele>34.94</ele>
      </trkpt>
      <trkpt lat="51.573791" lon="-0.072409">
        <ele>34.64</ele>
      </trkpt>
      <trkpt lat="51.573843" lon="-0.072335">
        <ele>34.49</ele>
      </trkpt>
      <trkpt lat="51.574135" lon="-0.072342">
        <ele>34.15</ele>
      </trkpt>
      <trkpt lat="51.574785" lon="-0.072273">
        <ele>32.73</ele>
      </trkpt>
      <trkpt lat="51.575014" lon="-0.072264">
        <ele>32.09</ele>
      </trkpt>
      <trkpt lat="51.575365" lon="-0.072299">
        <ele>30.66</ele>
      </trkpt>
      <trkpt lat="51.575689" lon="-0.072391">
        <ele>28.2</ele>
      </trkpt>
      <trkpt lat="51.577222" lon="-0.072972">
        <ele>20.24</ele>
      </trkpt>
      <trkpt lat="51.577518" lon="-0.073068">
        <ele>18.98</ele>
      </trkpt>
      <trkpt lat="51.57778" lon="-0.073125">
        <ele>17.93</ele>
      </trkpt>
      <trkpt lat="51.577994" lon="-0.073141">
        <ele>17.1</ele>
      </trkpt>
      <trkpt lat="51.5782" lon="-0.073128">
        <ele>16.29</ele>
      </trkpt>
      <trkpt lat="51.579184" lon="-0.07294">
        <ele>13.1</ele>
      </trkpt>
      <trkpt lat="51.580024" lon="-0.072754">
        <ele>12.29</ele>
      </trkpt>
      <trkpt lat="51.582291" lon="-0.072344">
        <ele>15</ele>
      </trkpt>
      <trkpt lat="51.582665" lon="-0.0723">
        <ele>15</ele>
      </trkpt>
      <trkpt lat="51.582783" lon="-0.072366">
        <ele>14.98</ele>
      </trkpt>
      <trkpt lat="51.582841" lon="-0.072374">
        <ele>14.91</ele>
      </trkpt>
      <trkpt lat="51.583097" lon="-0.072359">
        <ele>14.6</ele>
      </trkpt>
      <trkpt lat="51.583229" lon="-0.072328">
        <ele>14.44</ele>
      </trkpt>
      <trkpt lat="51.583853" lon="-0.072236">
        <ele>13.49</ele>
      </trkpt>
      <trkpt lat="51.583932" lon="-0.072234">
        <ele>13.33</ele>
      </trkpt>
      <trkpt lat="51.584014" lon="-0.072215">
        <ele>13.18</ele>
      </trkpt>
      <trkpt lat="51.584049" lon="-0.072111">
        <ele>13.18</ele>
      </trkpt>
      <trkpt lat="51.584085" lon="-0.071933">
        <ele>13.24</ele>
      </trkpt>
      <trkpt lat="51.584096" lon="-0.071716">
        <ele>13.37</ele>
      </trkpt>
      <trkpt lat="51.584071" lon="-0.071605">
        <ele>13.52</ele>
      </trkpt>
      <trkpt lat="51.584075" lon="-0.071502">
        <ele>13.64</ele>
      </trkpt>
      <trkpt lat="51.584049" lon="-0.070523">
        <ele>14.07</ele>
      </trkpt>
      <trkpt lat="51.584042" lon="-0.069854">
        <ele>13.09</ele>
      </trkpt>
      <trkpt lat="51.58408" lon="-0.069355">
        <ele>11.85</ele>
      </trkpt>
      <trkpt lat="51.58413" lon="-0.069126">
        <ele>11.4</ele>
      </trkpt>
      <trkpt lat="51.584224" lon="-0.068793">
        <ele>11.59</ele>
      </trkpt>
      <trkpt lat="51.584328" lon="-0.06833">
        <ele>12.02</ele>
      </trkpt>
      <trkpt lat="51.584396" lon="-0.06802">
        <ele>12.37</ele>
      </trkpt>
      <trkpt lat="51.584488" lon="-0.067506">
        <ele>12.85</ele>
      </trkpt>
      <trkpt lat="51.58465" lon="-0.066524">
        <ele>12.55</ele>
      </trkpt>
      <trkpt lat="51.584724" lon="-0.065968">
        <ele>11.8</ele>
      </trkpt>
      <trkpt lat="51.584845" lon="-0.0645">
        <ele>10.08</ele>
      </trkpt>
      <trkpt lat="51.584866" lon="-0.064311">
        <ele>9.76</ele>
      </trkpt>
      <trkpt lat="51.584895" lon="-0.064176">
        <ele>9.56</ele>
      </trkpt>
      <trkpt lat="51.584979" lon="-0.06407">
        <ele>9.7</ele>
      </trkpt>
      <trkpt lat="51.585026" lon="-0.064043">
        <ele>9.76</ele>
      </trkpt>
      <trkpt lat="51.585291" lon="-0.063977">
        <ele>10.03</ele>
      </trkpt>
      <trkpt lat="51.585632" lon="-0.063919">
        <ele>10.3</ele>
      </trkpt>
      <trkpt lat="51.5862" lon="-0.063829">
        <ele>10.7</ele>
      </trkpt>
      <trkpt lat="51.586932" lon="-0.063749">
        <ele>11.48</ele>
      </trkpt>
      <trkpt lat="51.587117" lon="-0.063716">
        <ele>11.12</ele>
      </trkpt>
      <trkpt lat="51.587555" lon="-0.063608">
        <ele>10.33</ele>
      </trkpt>
      <trkpt lat="51.587971" lon="-0.06347">
        <ele>9.72</ele>
      </trkpt>
      <trkpt lat="51.58808" lon="-0.063403">
        <ele>9.6</ele>
      </trkpt>
      <trkpt lat="51.588182" lon="-0.063312">
        <ele>9.52</ele>
      </trkpt>
      <trkpt lat="51.58825" lon="-0.063315">
        <ele>9.44</ele>
      </trkpt>
      <trkpt lat="51.588289" lon="-0.063292">
        <ele>9.43</ele>
      </trkpt>
      <trkpt lat="51.588347" lon="-0.063229">
        <ele>9.45</ele>
      </trkpt>
      <trkpt lat="51.588464" lon="-0.063057">
        <ele>9.68</ele>
      </trkpt>
      <trkpt lat="51.58828" lon="-0.062692">
        <ele>10.05</ele>
      </trkpt>
      <trkpt lat="51.588209" lon="-0.062625">
        <ele>9.98</ele>
      </trkpt>
      <trkpt lat="51.588139" lon="-0.062367">
        <ele>10</ele>
      </trkpt>
      <trkpt lat="51.588114" lon="-0.062265">
        <ele>10.01</ele>
      </trkpt>
      <trkpt lat="51.588086" lon="-0.062036">
        <ele>10.12</ele>
      </trkpt>
      <trkpt lat="51.588117" lon="-0.061945">
        <ele>10.24</ele>
      </trkpt>
      <trkpt lat="51.588094" lon="-0.061152">
        <ele>10.53</ele>
      </trkpt>
      <trkpt lat="51.588046" lon="-0.06105">
        <ele>10.58</ele>
      </trkpt>
      <trkpt lat="51.588023" lon="-0.060649">
        <ele>10.69</ele>
      </trkpt>
      <trkpt lat="51.58797" lon="-0.058449">
        <ele>10.25</ele>
      </trkpt>
      <trkpt lat="51.587953" lon="-0.057957">
        <ele>10.69</ele>
      </trkpt>
      <trkpt lat="51.587931" lon="-0.057596">
        <ele>11.1</ele>
      </trkpt>
      <trkpt lat="51.587893" lon="-0.057162">
        <ele>10.74</ele>
      </trkpt>
      <trkpt lat="51.587763" lon="-0.056337">
        <ele>9.19</ele>
      </trkpt>
      <trkpt lat="51.587731" lon="-0.056182">
        <ele>8.86</ele>
      </trkpt>
      <trkpt lat="51.587516" lon="-0.05536">
        <ele>8.3</ele>
      </trkpt>
      <trkpt lat="51.587112" lon="-0.053681">
        <ele>9.78</ele>
      </trkpt>
      <trkpt lat="51.587026" lon="-0.053415">
        <ele>9.89</ele>
      </trkpt>
      <trkpt lat="51.586824" lon="-0.05292">
        <ele>10.38</ele>
      </trkpt>
      <trkpt lat="51.586343" lon="-0.051855">
        <ele>9.51</ele>
      </trkpt>
      <trkpt lat="51.586287" lon="-0.051717">
        <ele>9.28</ele>
      </trkpt>
      <trkpt lat="51.58625" lon="-0.051583">
        <ele>9.05</ele>
      </trkpt>
      <trkpt lat="51.586203" lon="-0.051313">
        <ele>8.64</ele>
      </trkpt>
      <trkpt lat="51.586173" lon="-0.051074">
        <ele>8.3</ele>
      </trkpt>
      <trkpt lat="51.586168" lon="-0.050927">
        <ele>8.11</ele>
      </trkpt>
      <trkpt lat="51.58618" lon="-0.050587">
        <ele>8.55</ele>
      </trkpt>
      <trkpt lat="51.586476" lon="-0.047638">
        <ele>8.47</ele>
      </trkpt>
      <trkpt lat="51.586742" lon="-0.044869">
        <ele>7.81</ele>
      </trkpt>
      <trkpt lat="51.586768" lon="-0.044589">
        <ele>7.9</ele>
      </trkpt>
      <trkpt lat="51.586837" lon="-0.044074">
        <ele>7.99</ele>
      </trkpt>
      <trkpt lat="51.586855" lon="-0.043837">
        <ele>7.96</ele>
      </trkpt>
      <trkpt lat="51.586911" lon="-0.04334">
        <ele>7.97</ele>
      </trkpt>
      <trkpt lat="51.587132" lon="-0.041508">
        <ele>9.25</ele>
      </trkpt>
      <trkpt lat="51.587196" lon="-0.040759">
        <ele>10.48</ele>
      </trkpt>
      <trkpt lat="51.587242" lon="-0.040337">
        <ele>11.36</ele>
      </trkpt>
      <trkpt lat="51.587333" lon="-0.039266">
        <ele>13.78</ele>
      </trkpt>
      <trkpt lat="51.587431" lon="-0.038465">
        <ele>14.51</ele>
      </trkpt>
      <trkpt lat="51.587534" lon="-0.037378">
        <ele>16.45</ele>
      </trkpt>
      <trkpt lat="51.587606" lon="-0.036527">
        <ele>16.62</ele>
      </trkpt>
      <trkpt lat="51.587681" lon="-0.035812">
        <ele>16.8</ele>
      </trkpt>
      <trkpt lat="51.587815" lon="-0.034743">
        <ele>17.2</ele>
      </trkpt>
      <trkpt lat="51.58792" lon="-0.033979">
        <ele>17.63</ele>
      </trkpt>
      <trkpt lat="51.587966" lon="-0.03371">
        <ele>17.52</ele>
      </trkpt>
      <trkpt lat="51.588028" lon="-0.033452">
        <ele>17.37</ele>
      </trkpt>
      <trkpt lat="51.58819" lon="-0.032981">
        <ele>16.99</ele>
      </trkpt>
      <trkpt lat="51.588901" lon="-0.030613">
        <ele>20.27</ele>
      </trkpt>
      <trkpt lat="51.588944" lon="-0.030496">
        <ele>20.41</ele>
      </trkpt>
      <trkpt lat="51.589132" lon="-0.030113">
        <ele>20.87</ele>
      </trkpt>
      <trkpt lat="51.589233" lon="-0.02987">
        <ele>21.2</ele>
      </trkpt>
      <trkpt lat="51.58934" lon="-0.029577">
        <ele>21.57</ele>
      </trkpt>
      <trkpt lat="51.589505" lon="-0.028984">
        <ele>22.32</ele>
      </trkpt>
      <trkpt lat="51.589552" lon="-0.028761">
        <ele>22.7</ele>
      </trkpt>
      <trkpt lat="51.589594" lon="-0.028506">
        <ele>23.09</ele>
      </trkpt>
      <trkpt lat="51.589719" lon="-0.02749">
        <ele>24.63</ele>
      </trkpt>
      <trkpt lat="51.589802" lon="-0.026957">
        <ele>24.51</ele>
      </trkpt>
      <trkpt lat="51.589865" lon="-0.026473">
        <ele>24.69</ele>
      </trkpt>
      <trkpt lat="51.58997" lon="-0.025521">
        <ele>24.73</ele>
      </trkpt>
      <trkpt lat="51.590101" lon="-0.024519">
        <ele>22.34</ele>
      </trkpt>
      <trkpt lat="51.590243" lon="-0.02357">
        <ele>21.08</ele>
      </trkpt>
      <trkpt lat="51.590355" lon="-0.023002">
        <ele>21.04</ele>
      </trkpt>
      <trkpt lat="51.590503" lon="-0.022449">
        <ele>20.86</ele>
      </trkpt>
      <trkpt lat="51.590704" lon="-0.021649">
        <ele>19.88</ele>
      </trkpt>
      <trkpt lat="51.590775" lon="-0.021282">
        <ele>19.37</ele>
      </trkpt>
      <trkpt lat="51.590824" lon="-0.02086">
        <ele>19</ele>
      </trkpt>
      <trkpt lat="51.590849" lon="-0.020594">
        <ele>18.98</ele>
      </trkpt>
      <trkpt lat="51.59085" lon="-0.020368">
        <ele>19.06</ele>
      </trkpt>
      <trkpt lat="51.590841" lon="-0.020253">
        <ele>19.14</ele>
      </trkpt>
      <trkpt lat="51.590793" lon="-0.019952">
        <ele>19.53</ele>
      </trkpt>
      <trkpt lat="51.590715" lon="-0.019603">
        <ele>20.32</ele>
      </trkpt>
      <trkpt lat="51.590424" lon="-0.018483">
        <ele>22.23</ele>
      </trkpt>
      <trkpt lat="51.590223" lon="-0.017609">
        <ele>23.29</ele>
      </trkpt>
      <trkpt lat="51.590122" lon="-0.01712">
        <ele>25.03</ele>
      </trkpt>
      <trkpt lat="51.589888" lon="-0.015715">
        <ele>30.93</ele>
      </trkpt>
      <trkpt lat="51.589865" lon="-0.015549">
        <ele>30.97</ele>
      </trkpt>
      <trkpt lat="51.58985" lon="-0.015314">
        <ele>30.85</ele>
      </trkpt>
      <trkpt lat="51.589868" lon="-0.014711">
        <ele>29.78</ele>
      </trkpt>
      <trkpt lat="51.589914" lon="-0.014642">
        <ele>29.17</ele>
      </trkpt>
      <trkpt lat="51.589929" lon="-0.014388">
        <ele>28.6</ele>
      </trkpt>
      <trkpt lat="51.589931" lon="-0.014355">
        <ele>28.52</ele>
      </trkpt>
      <trkpt lat="51.589959" lon="-0.013894">
        <ele>28.15</ele>
      </trkpt>
      <trkpt lat="51.589982" lon="-0.013327">
        <ele>28.39</ele>
      </trkpt>
      <trkpt lat="51.590064" lon="-0.012401">
        <ele>28.71</ele>
      </trkpt>
      <trkpt lat="51.590174" lon="-0.011389">
        <ele>27.91</ele>
      </trkpt>
      <trkpt lat="51.59026" lon="-0.010885">
        <ele>27.05</ele>
      </trkpt>
      <trkpt lat="51.590444" lon="-0.009938">
        <ele>26.45</ele>
      </trkpt>
      <trkpt lat="51.590588" lon="-0.009306">
        <ele>26.99</ele>
      </trkpt>
      <trkpt lat="51.590657" lon="-0.00904">
        <ele>27.37</ele>
      </trkpt>
      <trkpt lat="51.590762" lon="-0.008713">
        <ele>27.9</ele>
      </trkpt>
      <trkpt lat="51.590884" lon="-0.008371">
        <ele>28.43</ele>
      </trkpt>
      <trkpt lat="51.590889" lon="-0.008237">
        <ele>28.74</ele>
      </trkpt>
      <trkpt lat="51.591055" lon="-0.007776">
        <ele>29.44</ele>
      </trkpt>
      <trkpt lat="51.591188" lon="-0.007345">
        <ele>29.46</ele>
      </trkpt>
      <trkpt lat="51.591332" lon="-0.006656">
        <ele>28.61</ele>
      </trkpt>
      <trkpt lat="51.59161" lon="-0.005031">
        <ele>27.91</ele>
      </trkpt>
      <trkpt lat="51.592104" lon="-0.00326">
        <ele>26.61</ele>
      </trkpt>
      <trkpt lat="51.59218" lon="-0.002912">
        <ele>26.56</ele>
      </trkpt>
      <trkpt lat="51.59226" lon="-0.002489">
        <ele>26.61</ele>
      </trkpt>
      <trkpt lat="51.592409" lon="-0.001438">
        <ele>27.43</ele>
      </trkpt>
      <trkpt lat="51.592641" lon="0.000735">
        <ele>36.2</ele>
      </trkpt>
      <trkpt lat="51.592912" lon="0.002925">
        <ele>44.7</ele>
      </trkpt>
      <trkpt lat="51.593074" lon="0.004024">
        <ele>47.5</ele>
      </trkpt>
      <trkpt lat="51.593265" lon="0.005131">
        <ele>50.42</ele>
      </trkpt>
      <trkpt lat="51.593301" lon="0.005297">
        <ele>50.77</ele>
      </trkpt>
      <trkpt lat="51.593464" lon="0.006113">
        <ele>52.51</ele>
      </trkpt>
      <trkpt lat="51.593807" lon="0.008185">
        <ele>55.07</ele>
      </trkpt>
      <trkpt lat="51.59406" lon="0.009677">
        <ele>56.72</ele>
      </trkpt>
      <trkpt lat="51.59406" lon="0.009677">
        <ele>53</ele>
      </trkpt>
      <trkpt lat="51.594109" lon="0.009797">
        <ele>53.19</ele>
      </trkpt>
      <trkpt lat="51.594179" lon="0.010023">
        <ele>53.96</ele>
      </trkpt>
      <trkpt lat="51.594219" lon="0.010118">
        <ele>54</ele>
      </trkpt>
      <trkpt lat="51.594302" lon="0.010224">
        <ele>54</ele>
      </trkpt>
      <trkpt lat="51.594589" lon="0.010365">
        <ele>54.68</ele>
      </trkpt>
      <trkpt lat="51.594725" lon="0.01041">
        <ele>55</ele>
      </trkpt>
      <trkpt lat="51.594813" lon="0.010414">
        <ele>55.43</ele>
      </trkpt>
      <trkpt lat="51.59492" lon="0.010386">
        <ele>55.38</ele>
      </trkpt>
      <trkpt lat="51.59524" lon="0.010245">
        <ele>54.01</ele>
      </trkpt>
      <trkpt lat="51.595484" lon="0.010094">
        <ele>55.98</ele>
      </trkpt>
      <trkpt lat="51.59556" lon="0.010062">
        <ele>56</ele>
      </trkpt>
      <trkpt lat="51.595715" lon="0.01002">
        <ele>52.67</ele>
      </trkpt>
      <trkpt lat="51.595793" lon="0.01002">
        <ele>52.98</ele>
      </trkpt>
      <trkpt lat="51.595869" lon="0.010053">
        <ele>53.28</ele>
      </trkpt>
      <trkpt lat="51.595936" lon="0.010117">
        <ele>53.62</ele>
      </trkpt>
      <trkpt lat="51.595991" lon="0.010207">
        <ele>54.04</ele>
      </trkpt>
      <trkpt lat="51.59618" lon="0.010567">
        <ele>57.56</ele>
      </trkpt>
      <trkpt lat="51.596328" lon="0.010893">
        <ele>58.95</ele>
      </trkpt>
      <trkpt lat="51.596443" lon="0.011081">
        <ele>59.42</ele>
      </trkpt>
      <trkpt lat="51.596531" lon="0.011246">
        <ele>60</ele>
      </trkpt>
      <trkpt lat="51.596613" lon="0.011343">
        <ele>60</ele>
      </trkpt>
      <trkpt lat="51.596796" lon="0.0115">
        <ele>61</ele>
      </trkpt>
      <trkpt lat="51.597049" lon="0.011616">
        <ele>61</ele>
      </trkpt>
      <trkpt lat="51.598377" lon="0.012285">
        <ele>64.63</ele>
      </trkpt>
      <trkpt lat="51.599103" lon="0.012687">
        <ele>67</ele>
      </trkpt>
      <trkpt lat="51.600052" lon="0.01339">
        <ele>67</ele>
      </trkpt>
      <trkpt lat="51.600271" lon="0.013572">
        <ele>67</ele>
      </trkpt>
      <trkpt lat="51.600545" lon="0.013836">
        <ele>66.81</ele>
      </trkpt>
      <trkpt lat="51.602192" lon="0.01532">
        <ele>62.93</ele>
      </trkpt>
      <trkpt lat="51.603465" lon="0.016438">
        <ele>62</ele>
      </trkpt>
      <trkpt lat="51.604675" lon="0.017535">
        <ele>61</ele>
      </trkpt>
      <trkpt lat="51.604935" lon="0.017828">
        <ele>61</ele>
      </trkpt>
      <trkpt lat="51.605015" lon="0.017964">
        <ele>60.56</ele>
      </trkpt>
      <trkpt lat="51.605084" lon="0.017954">
        <ele>60.62</ele>
      </trkpt>
      <trkpt lat="51.605136" lon="0.017968">
        <ele>60.72</ele>
      </trkpt>
      <trkpt lat="51.60524" lon="0.018026">
        <ele>61</ele>
      </trkpt>
      <trkpt lat="51.605739" lon="0.018442">
        <ele>60.79</ele>
      </trkpt>
      <trkpt lat="51.606266" lon="0.01886">
        <ele>61</ele>
      </trkpt>
      <trkpt lat="51.606377" lon="0.018969">
        <ele>61.03</ele>
      </trkpt>
      <trkpt lat="51.606473" lon="0.019112">
        <ele>61.81</ele>
      </trkpt>
      <trkpt lat="51.607078" lon="0.019819">
        <ele>62.91</ele>
      </trkpt>
      <trkpt lat="51.607157" lon="0.019805">
        <ele>63</ele>
      </trkpt>
      <trkpt lat="51.607672" lon="0.020224">
        <ele>63.14</ele>
      </trkpt>
      <trkpt lat="51.607694" lon="0.020327">
        <ele>63.29</ele>
      </trkpt>
      <trkpt lat="51.608117" lon="0.020629">
        <ele>64</ele>
      </trkpt>
      <trkpt lat="51.608608" lon="0.020963">
        <ele>64</ele>
      </trkpt>
      <trkpt lat="51.608669" lon="0.020934">
        <ele>64</ele>
      </trkpt>
      <trkpt lat="51.608844" lon="0.021054">
        <ele>64</ele>
      </trkpt>
      <trkpt lat="51.608876" lon="0.021149">
        <ele>64</ele>
      </trkpt>
      <trkpt lat="51.609594" lon="0.021624">
        <ele>64.38</ele>
      </trkpt>
      <trkpt lat="51.610568" lon="0.02233">
        <ele>65.26</ele>
      </trkpt>
      <trkpt lat="51.611208" lon="0.022891">
        <ele>66</ele>
      </trkpt>
      <trkpt lat="51.611949" lon="0.023432">
        <ele>67.81</ele>
      </trkpt>
      <trkpt lat="51.612805" lon="0.024007">
        <ele>69</ele>
      </trkpt>
      <trkpt lat="51.614024" lon="0.02467">
        <ele>72</ele>
      </trkpt>
      <trkpt lat="51.614516" lon="0.024904">
        <ele>73.22</ele>
      </trkpt>
      <trkpt lat="51.614591" lon="0.024884">
        <ele>73.93</ele>
      </trkpt>
      <trkpt lat="51.615058" lon="0.025066">
        <ele>74</ele>
      </trkpt>
      <trkpt lat="51.615733" lon="0.025334">
        <ele>74</ele>
      </trkpt>
      <trkpt lat="51.616558" lon="0.025709">
        <ele>72</ele>
      </trkpt>
      <trkpt lat="51.617034" lon="0.025951">
        <ele>71</ele>
      </trkpt>
      <trkpt lat="51.617536" lon="0.026227">
        <ele>69.26</ele>
      </trkpt>
      <trkpt lat="51.618203" lon="0.026551">
        <ele>69</ele>
      </trkpt>
      <trkpt lat="51.618567" lon="0.026747">
        <ele>69</ele>
      </trkpt>
      <trkpt lat="51.618992" lon="0.027">
        <ele>69</ele>
      </trkpt>
      <trkpt lat="51.619542" lon="0.027289">
        <ele>69</ele>
      </trkpt>
      <trkpt lat="51.620136" lon="0.027532">
        <ele>70</ele>
      </trkpt>
      <trkpt lat="51.620647" lon="0.027677">
        <ele>71.63</ele>
      </trkpt>
      <trkpt lat="51.62069" lon="0.027716">
        <ele>72</ele>
      </trkpt>
      <trkpt lat="51.620739" lon="0.027809">
        <ele>72</ele>
      </trkpt>
      <trkpt lat="51.620828" lon="0.028035">
        <ele>72</ele>
      </trkpt>
      <trkpt lat="51.620938" lon="0.028238">
        <ele>72</ele>
      </trkpt>
      <trkpt lat="51.621513" lon="0.028788">
        <ele>74</ele>
      </trkpt>
      <trkpt lat="51.621904" lon="0.029207">
        <ele>75</ele>
      </trkpt>
      <trkpt lat="51.622512" lon="0.029884">
        <ele>77</ele>
      </trkpt>
      <trkpt lat="51.62263" lon="0.029974">
        <ele>77</ele>
      </trkpt>
      <trkpt lat="51.623083" lon="0.03023">
        <ele>78</ele>
      </trkpt>
      <trkpt lat="51.623737" lon="0.03063">
        <ele>79</ele>
      </trkpt>
      <trkpt lat="51.62494" lon="0.031435">
        <ele>80.77</ele>
      </trkpt>
      <trkpt lat="51.626107" lon="0.032283">
        <ele>81</ele>
      </trkpt>
      <trkpt lat="51.626619" lon="0.032743">
        <ele>81</ele>
      </trkpt>
      <trkpt lat="51.62689" lon="0.032937">
        <ele>81</ele>
      </trkpt>
      <trkpt lat="51.627615" lon="0.033356">
        <ele>79.11</ele>
      </trkpt>
      <trkpt lat="51.628157" lon="0.03365">
        <ele>79</ele>
      </trkpt>
      <trkpt lat="51.628589" lon="0.033932">
        <ele>78</ele>
      </trkpt>
      <trkpt lat="51.629032" lon="0.03426">
        <ele>77</ele>
      </trkpt>
      <trkpt lat="51.629907" lon="0.034972">
        <ele>75.24</ele>
      </trkpt>
      <trkpt lat="51.630267" lon="0.035218">
        <ele>75</ele>
      </trkpt>
      <trkpt lat="51.630504" lon="0.03542">
        <ele>75.06</ele>
      </trkpt>
      <trkpt lat="51.63155" lon="0.036264">
        <ele>75.78</ele>
      </trkpt>
      <trkpt lat="51.63177" lon="0.036455">
        <ele>75.81</ele>
      </trkpt>
      <trkpt lat="51.632538" lon="0.037044">
        <ele>73</ele>
      </trkpt>
      <trkpt lat="51.632968" lon="0.037371">
        <ele>70</ele>
      </trkpt>
      <trkpt lat="51.634109" lon="0.038297">
        <ele>60.29</ele>
      </trkpt>
      <trkpt lat="51.634469" lon="0.038547">
        <ele>56.81</ele>
      </trkpt>
      <trkpt lat="51.635503" lon="0.039375">
        <ele>49.02</ele>
      </trkpt>
      <trkpt lat="51.636419" lon="0.040089">
        <ele>42.92</ele>
      </trkpt>
      <trkpt lat="51.636869" lon="0.040427">
        <ele>41</ele>
      </trkpt>
      <trkpt lat="51.637235" lon="0.040757">
        <ele>40</ele>
      </trkpt>
      <trkpt lat="51.638033" lon="0.041506">
        <ele>36.53</ele>
      </trkpt>
      <trkpt lat="51.638611" lon="0.042066">
        <ele>35.93</ele>
      </trkpt>
      <trkpt lat="51.639073" lon="0.042569">
        <ele>36</ele>
      </trkpt>
      <trkpt lat="51.63933" lon="0.042865">
        <ele>36.92</ele>
      </trkpt>
      <trkpt lat="51.639566" lon="0.043165">
        <ele>37</ele>
      </trkpt>
      <trkpt lat="51.639685" lon="0.043331">
        <ele>37.89</ele>
      </trkpt>
      <trkpt lat="51.639765" lon="0.04346">
        <ele>37.79</ele>
      </trkpt>
      <trkpt lat="51.640045" lon="0.043993">
        <ele>36.15</ele>
      </trkpt>
      <trkpt lat="51.640409" lon="0.044885">
        <ele>36</ele>
      </trkpt>
      <trkpt lat="51.640861" lon="0.046407">
        <ele>38.16</ele>
      </trkpt>
      <trkpt lat="51.641318" lon="0.047578">
        <ele>39.63</ele>
      </trkpt>
      <trkpt lat="51.641596" lon="0.048171">
        <ele>36.99</ele>
      </trkpt>
      <trkpt lat="51.641757" lon="0.048484">
        <ele>36.47</ele>
      </trkpt>
      <trkpt lat="51.641933" lon="0.04875">
        <ele>36</ele>
      </trkpt>
      <trkpt lat="51.64215" lon="0.049033">
        <ele>34.92</ele>
      </trkpt>
      <trkpt lat="51.642741" lon="0.049714">
        <ele>33</ele>
      </trkpt>
      <trkpt lat="51.643093" lon="0.050099">
        <ele>33</ele>
      </trkpt>
      <trkpt lat="51.64326" lon="0.050335">
        <ele>33</ele>
      </trkpt>
      <trkpt lat="51.643468" lon="0.050689">
        <ele>33.11</ele>
      </trkpt>
      <trkpt lat="51.643772" lon="0.051243">
        <ele>33</ele>
      </trkpt>
      <trkpt lat="51.643957" lon="0.051558">
        <ele>33</ele>
      </trkpt>
      <trkpt lat="51.644343" lon="0.052112">
        <ele>33</ele>
      </trkpt>
      <trkpt lat="51.644753" lon="0.052538">
        <ele>33</ele>
      </trkpt>
      <trkpt lat="51.645343" lon="0.053108">
        <ele>32</ele>
      </trkpt>
      <trkpt lat="51.64621" lon="0.053889">
        <ele>34.03</ele>
      </trkpt>
      <trkpt lat="51.646657" lon="0.054314">
        <ele>36</ele>
      </trkpt>
      <trkpt lat="51.646836" lon="0.054506">
        <ele>36.05</ele>
      </trkpt>
      <trkpt lat="51.647465" lon="0.055291">
        <ele>35</ele>
      </trkpt>
      <trkpt lat="51.647757" lon="0.055579">
        <ele>34</ele>
      </trkpt>
      <trkpt lat="51.648217" lon="0.055973">
        <ele>33.11</ele>
      </trkpt>
      <trkpt lat="51.64878" lon="0.056418">
        <ele>33</ele>
      </trkpt>
      <trkpt lat="51.649579" lon="0.057082">
        <ele>34.65</ele>
      </trkpt>
      <trkpt lat="51.649765" lon="0.057222">
        <ele>35</ele>
      </trkpt>
      <trkpt lat="51.650016" lon="0.057442">
        <ele>36</ele>
      </trkpt>
      <trkpt lat="51.650146" lon="0.057574">
        <ele>36.99</ele>
      </trkpt>
      <trkpt lat="51.650378" lon="0.05791">
        <ele>38</ele>
      </trkpt>
      <trkpt lat="51.650616" lon="0.058346">
        <ele>39.51</ele>
      </trkpt>
      <trkpt lat="51.650697" lon="0.058549">
        <ele>40.48</ele>
      </trkpt>
      <trkpt lat="51.65078" lon="0.058726">
        <ele>41</ele>
      </trkpt>
      <trkpt lat="51.651082" lon="0.059147">
        <ele>42</ele>
      </trkpt>
      <trkpt lat="51.651417" lon="0.05965">
        <ele>44</ele>
      </trkpt>
      <trkpt lat="51.651977" lon="0.060358">
        <ele>47.93</ele>
      </trkpt>
      <trkpt lat="51.652765" lon="0.0615">
        <ele>54.79</ele>
      </trkpt>
      <trkpt lat="51.653026" lon="0.061941">
        <ele>57.12</ele>
      </trkpt>
      <trkpt lat="51.653397" lon="0.062866">
        <ele>63</ele>
      </trkpt>
      <trkpt lat="51.653815" lon="0.063722">
        <ele>66</ele>
      </trkpt>
      <trkpt lat="51.654222" lon="0.064506">
        <ele>63.99</ele>
      </trkpt>
      <trkpt lat="51.654316" lon="0.064671">
        <ele>63</ele>
      </trkpt>
      <trkpt lat="51.655074" lon="0.065704">
        <ele>57</ele>
      </trkpt>
      <trkpt lat="51.655356" lon="0.066068">
        <ele>55</ele>
      </trkpt>
      <trkpt lat="51.655837" lon="0.066592">
        <ele>54</ele>
      </trkpt>
      <trkpt lat="51.656072" lon="0.066892">
        <ele>54.04</ele>
      </trkpt>
      <trkpt lat="51.656024" lon="0.067031">
        <ele>53.79</ele>
      </trkpt>
      <trkpt lat="51.656072" lon="0.066892">
        <ele>54.04</ele>
      </trkpt>
      <trkpt lat="51.655837" lon="0.066592">
        <ele>54</ele>
      </trkpt>
      <trkpt lat="51.655356" lon="0.066068">
        <ele>55</ele>
      </trkpt>
      <trkpt lat="51.655074" lon="0.065704">
        <ele>57</ele>
      </trkpt>
      <trkpt lat="51.654316" lon="0.064671">
        <ele>63</ele>
      </trkpt>
      <trkpt lat="51.654222" lon="0.064506">
        <ele>63.99</ele>
      </trkpt>
      <trkpt lat="51.653815" lon="0.063722">
        <ele>66</ele>
      </trkpt>
      <trkpt lat="51.653397" lon="0.062866">
        <ele>63</ele>
      </trkpt>
      <trkpt lat="51.653026" lon="0.061941">
        <ele>57.12</ele>
      </trkpt>
      <trkpt lat="51.652765" lon="0.0615">
        <ele>54.79</ele>
      </trkpt>
      <trkpt lat="51.651977" lon="0.060358">
        <ele>47.93</ele>
      </trkpt>
      <trkpt lat="51.651417" lon="0.05965">
        <ele>44</ele>
      </trkpt>
      <trkpt lat="51.651082" lon="0.059147">
        <ele>42</ele>
      </trkpt>
      <trkpt lat="51.65078" lon="0.058726">
        <ele>41</ele>
      </trkpt>
      <trkpt lat="51.650697" lon="0.058549">
        <ele>40.48</ele>
      </trkpt>
      <trkpt lat="51.650616" lon="0.058346">
        <ele>39.51</ele>
      </trkpt>
      <trkpt lat="51.650378" lon="0.05791">
        <ele>38</ele>
      </trkpt>
      <trkpt lat="51.650146" lon="0.057574">
        <ele>36.99</ele>
      </trkpt>
      <trkpt lat="51.650016" lon="0.057442">
        <ele>36</ele>
      </trkpt>
      <trkpt lat="51.649765" lon="0.057222">
        <ele>35</ele>
      </trkpt>
      <trkpt lat="51.649579" lon="0.057082">
        <ele>34.65</ele>
      </trkpt>
      <trkpt lat="51.64878" lon="0.056418">
        <ele>33</ele>
      </trkpt>
      <trkpt lat="51.648217" lon="0.055973">
        <ele>33.11</ele>
      </trkpt>
      <trkpt lat="51.647757" lon="0.055579">
        <ele>34</ele>
      </trkpt>
      <trkpt lat="51.647465" lon="0.055291">
        <ele>35</ele>
      </trkpt>
      <trkpt lat="51.646836" lon="0.054506">
        <ele>36.05</ele>
      </trkpt>
      <trkpt lat="51.646657" lon="0.054314">
        <ele>36</ele>
      </trkpt>
      <trkpt lat="51.64621" lon="0.053889">
        <ele>34.03</ele>
      </trkpt>
      <trkpt lat="51.645343" lon="0.053108">
        <ele>32</ele>
      </trkpt>
      <trkpt lat="51.644753" lon="0.052538">
        <ele>33</ele>
      </trkpt>
      <trkpt lat="51.644343" lon="0.052112">
        <ele>33</ele>
      </trkpt>
      <trkpt lat="51.643957" lon="0.051558">
        <ele>33</ele>
      </trkpt>
      <trkpt lat="51.643772" lon="0.051243">
        <ele>33</ele>
      </trkpt>
      <trkpt lat="51.643468" lon="0.050689">
        <ele>33.11</ele>
      </trkpt>
      <trkpt lat="51.64326" lon="0.050335">
        <ele>33</ele>
      </trkpt>
      <trkpt lat="51.643093" lon="0.050099">
        <ele>33</ele>
      </trkpt>
      <trkpt lat="51.642741" lon="0.049714">
        <ele>33</ele>
      </trkpt>
      <trkpt lat="51.64215" lon="0.049033">
        <ele>34.92</ele>
      </trkpt>
      <trkpt lat="51.641933" lon="0.04875">
        <ele>36</ele>
      </trkpt>
      <trkpt lat="51.641757" lon="0.048484">
        <ele>36.47</ele>
      </trkpt>
      <trkpt lat="51.641596" lon="0.048171">
        <ele>36.99</ele>
      </trkpt>
      <trkpt lat="51.641318" lon="0.047578">
        <ele>39.63</ele>
      </trkpt>
      <trkpt lat="51.640861" lon="0.046407">
        <ele>38.16</ele>
      </trkpt>
      <trkpt lat="51.640409" lon="0.044885">
        <ele>36</ele>
      </trkpt>
      <trkpt lat="51.640045" lon="0.043993">
        <ele>36.15</ele>
      </trkpt>
      <trkpt lat="51.639765" lon="0.04346">
        <ele>37.79</ele>
      </trkpt>
      <trkpt lat="51.639685" lon="0.043331">
        <ele>37.89</ele>
      </trkpt>
      <trkpt lat="51.639566" lon="0.043165">
        <ele>37</ele>
      </trkpt>
      <trkpt lat="51.63933" lon="0.042865">
        <ele>36.92</ele>
      </trkpt>
      <trkpt lat="51.639073" lon="0.042569">
        <ele>36</ele>
      </trkpt>
      <trkpt lat="51.638611" lon="0.042066">
        <ele>35.93</ele>
      </trkpt>
      <trkpt lat="51.638033" lon="0.041506">
        <ele>36.53</ele>
      </trkpt>
      <trkpt lat="51.637235" lon="0.040757">
        <ele>40</ele>
      </trkpt>
      <trkpt lat="51.636869" lon="0.040427">
        <ele>41</ele>
      </trkpt>
      <trkpt lat="51.636419" lon="0.040089">
        <ele>42.92</ele>
      </trkpt>
      <trkpt lat="51.635503" lon="0.039375">
        <ele>49.02</ele>
      </trkpt>
      <trkpt lat="51.634469" lon="0.038547">
        <ele>56.81</ele>
      </trkpt>
      <trkpt lat="51.634109" lon="0.038297">
        <ele>60.29</ele>
      </trkpt>
      <trkpt lat="51.632968" lon="0.037371">
        <ele>70</ele>
      </trkpt>
      <trkpt lat="51.632538" lon="0.037044">
        <ele>73</ele>
      </trkpt>
      <trkpt lat="51.63177" lon="0.036455">
        <ele>75.81</ele>
      </trkpt>
      <trkpt lat="51.63155" lon="0.036264">
        <ele>75.78</ele>
      </trkpt>
      <trkpt lat="51.630504" lon="0.03542">
        <ele>75.06</ele>
      </trkpt>
      <trkpt lat="51.630267" lon="0.035218">
        <ele>75</ele>
      </trkpt>
      <trkpt lat="51.629907" lon="0.034972">
        <ele>75.24</ele>
      </trkpt>
      <trkpt lat="51.629032" lon="0.03426">
        <ele>77</ele>
      </trkpt>
      <trkpt lat="51.628589" lon="0.033932">
        <ele>78</ele>
      </trkpt>
      <trkpt lat="51.628157" lon="0.03365">
        <ele>79</ele>
      </trkpt>
      <trkpt lat="51.627615" lon="0.033356">
        <ele>79.11</ele>
      </trkpt>
      <trkpt lat="51.62689" lon="0.032937">
        <ele>81</ele>
      </trkpt>
      <trkpt lat="51.626619" lon="0.032743">
        <ele>81</ele>
      </trkpt>
      <trkpt lat="51.626107" lon="0.032283">
        <ele>81</ele>
      </trkpt>
      <trkpt lat="51.62494" lon="0.031435">
        <ele>80.77</ele>
      </trkpt>
      <trkpt lat="51.623737" lon="0.03063">
        <ele>79</ele>
      </trkpt>
      <trkpt lat="51.623083" lon="0.03023">
        <ele>78</ele>
      </trkpt>
      <trkpt lat="51.62263" lon="0.029974">
        <ele>77</ele>
      </trkpt>
      <trkpt lat="51.622512" lon="0.029884">
        <ele>77</ele>
      </trkpt>
      <trkpt lat="51.621904" lon="0.029207">
        <ele>75</ele>
      </trkpt>
      <trkpt lat="51.621513" lon="0.028788">
        <ele>74</ele>
      </trkpt>
      <trkpt lat="51.620793" lon="0.028095">
        <ele>72</ele>
      </trkpt>
      <trkpt lat="51.620739" lon="0.028026">
        <ele>72</ele>
      </trkpt>
      <trkpt lat="51.620669" lon="0.027905">
        <ele>71.84</ele>
      </trkpt>
      <trkpt lat="51.620624" lon="0.027845">
        <ele>71.42</ele>
      </trkpt>
      <trkpt lat="51.620569" lon="0.027804">
        <ele>71</ele>
      </trkpt>
      <trkpt lat="51.620435" lon="0.027774">
        <ele>70.83</ele>
      </trkpt>
      <trkpt lat="51.620331" lon="0.027736">
        <ele>70.74</ele>
      </trkpt>
      <trkpt lat="51.619925" lon="0.027543">
        <ele>69.74</ele>
      </trkpt>
      <trkpt lat="51.619544" lon="0.027393">
        <ele>68.82</ele>
      </trkpt>
      <trkpt lat="51.618531" lon="0.02689">
        <ele>68.66</ele>
      </trkpt>
      <trkpt lat="51.617518" lon="0.02633">
        <ele>69</ele>
      </trkpt>
      <trkpt lat="51.61675" lon="0.02592">
        <ele>71.86</ele>
      </trkpt>
      <trkpt lat="51.616248" lon="0.025675">
        <ele>73</ele>
      </trkpt>
      <trkpt lat="51.615653" lon="0.025414">
        <ele>74</ele>
      </trkpt>
      <trkpt lat="51.614831" lon="0.025113">
        <ele>73.99</ele>
      </trkpt>
      <trkpt lat="51.614586" lon="0.025003">
        <ele>73.56</ele>
      </trkpt>
      <trkpt lat="51.614516" lon="0.024904">
        <ele>73.22</ele>
      </trkpt>
      <trkpt lat="51.614024" lon="0.02467">
        <ele>72</ele>
      </trkpt>
      <trkpt lat="51.612805" lon="0.024007">
        <ele>69</ele>
      </trkpt>
      <trkpt lat="51.611949" lon="0.023432">
        <ele>67.81</ele>
      </trkpt>
      <trkpt lat="51.611208" lon="0.022891">
        <ele>66</ele>
      </trkpt>
      <trkpt lat="51.610568" lon="0.02233">
        <ele>65.26</ele>
      </trkpt>
      <trkpt lat="51.609594" lon="0.021624">
        <ele>64.38</ele>
      </trkpt>
      <trkpt lat="51.608876" lon="0.021149">
        <ele>64</ele>
      </trkpt>
      <trkpt lat="51.608814" lon="0.021186">
        <ele>63.97</ele>
      </trkpt>
      <trkpt lat="51.608637" lon="0.021065">
        <ele>64</ele>
      </trkpt>
      <trkpt lat="51.608608" lon="0.020963">
        <ele>64</ele>
      </trkpt>
      <trkpt lat="51.608117" lon="0.020629">
        <ele>64</ele>
      </trkpt>
      <trkpt lat="51.607694" lon="0.020327">
        <ele>63.29</ele>
      </trkpt>
      <trkpt lat="51.607638" lon="0.020346">
        <ele>63</ele>
      </trkpt>
      <trkpt lat="51.607119" lon="0.019927">
        <ele>62.98</ele>
      </trkpt>
      <trkpt lat="51.607078" lon="0.019819">
        <ele>62.91</ele>
      </trkpt>
      <trkpt lat="51.606473" lon="0.019112">
        <ele>61.81</ele>
      </trkpt>
      <trkpt lat="51.606064" lon="0.018859">
        <ele>60.41</ele>
      </trkpt>
      <trkpt lat="51.605896" lon="0.018779">
        <ele>60.43</ele>
      </trkpt>
      <trkpt lat="51.605706" lon="0.018712">
        <ele>59.8</ele>
      </trkpt>
      <trkpt lat="51.605477" lon="0.018682">
        <ele>59.38</ele>
      </trkpt>
      <trkpt lat="51.604994" lon="0.018692">
        <ele>59</ele>
      </trkpt>
      <trkpt lat="51.604893" lon="0.018629">
        <ele>58.73</ele>
      </trkpt>
      <trkpt lat="51.604863" lon="0.018588">
        <ele>58.93</ele>
      </trkpt>
      <trkpt lat="51.604837" lon="0.018531">
        <ele>59</ele>
      </trkpt>
      <trkpt lat="51.604822" lon="0.018461">
        <ele>59</ele>
      </trkpt>
      <trkpt lat="51.604831" lon="0.018287">
        <ele>59</ele>
      </trkpt>
      <trkpt lat="51.604846" lon="0.018213">
        <ele>59.11</ele>
      </trkpt>
      <trkpt lat="51.604829" lon="0.017925">
        <ele>60.42</ele>
      </trkpt>
      <trkpt lat="51.604775" lon="0.017655">
        <ele>61</ele>
      </trkpt>
      <trkpt lat="51.604724" lon="0.017585">
        <ele>60.89</ele>
      </trkpt>
      <trkpt lat="51.604675" lon="0.017535">
        <ele>61</ele>
      </trkpt>
      <trkpt lat="51.603465" lon="0.016438">
        <ele>62</ele>
      </trkpt>
      <trkpt lat="51.602568" lon="0.015655">
        <ele>62.35</ele>
      </trkpt>
      <trkpt lat="51.601551" lon="0.014746">
        <ele>64.38</ele>
      </trkpt>
      <trkpt lat="51.600545" lon="0.013836">
        <ele>66.81</ele>
      </trkpt>
      <trkpt lat="51.600168" lon="0.013482">
        <ele>67</ele>
      </trkpt>
      <trkpt lat="51.599103" lon="0.012687">
        <ele>67</ele>
      </trkpt>
      <trkpt lat="51.598377" lon="0.012285">
        <ele>64.63</ele>
      </trkpt>
      <trkpt lat="51.598377" lon="0.012285">
        <ele>68.72</ele>
      </trkpt>
      <trkpt lat="51.597049" lon="0.011616">
        <ele>64.49</ele>
      </trkpt>
      <trkpt lat="51.596796" lon="0.0115">
        <ele>62.55</ele>
      </trkpt>
      <trkpt lat="51.596669" lon="0.011546">
        <ele>61.41</ele>
      </trkpt>
      <trkpt lat="51.596367" lon="0.011732">
        <ele>58.67</ele>
      </trkpt>
      <trkpt lat="51.596238" lon="0.011792">
        <ele>57.57</ele>
      </trkpt>
      <trkpt lat="51.596033" lon="0.011864">
        <ele>56.51</ele>
      </trkpt>
      <trkpt lat="51.595893" lon="0.01195">
        <ele>56.76</ele>
      </trkpt>
      <trkpt lat="51.595734" lon="0.012011">
        <ele>56.9</ele>
      </trkpt>
      <trkpt lat="51.595578" lon="0.012088">
        <ele>57</ele>
      </trkpt>
      <trkpt lat="51.595498" lon="0.012096">
        <ele>57</ele>
      </trkpt>
      <trkpt lat="51.595418" lon="0.012071">
        <ele>57</ele>
      </trkpt>
      <trkpt lat="51.595346" lon="0.012014">
        <ele>56.99</ele>
      </trkpt>
      <trkpt lat="51.595296" lon="0.011945">
        <ele>56.99</ele>
      </trkpt>
      <trkpt lat="51.595132" lon="0.011633">
        <ele>57.48</ele>
      </trkpt>
      <trkpt lat="51.594814" lon="0.010849">
        <ele>58.09</ele>
      </trkpt>
      <trkpt lat="51.594699" lon="0.01062">
        <ele>58.19</ele>
      </trkpt>
      <trkpt lat="51.59465" lon="0.010565">
        <ele>58.24</ele>
      </trkpt>
      <trkpt lat="51.594221" lon="0.010283">
        <ele>57.83</ele>
      </trkpt>
      <trkpt lat="51.593938" lon="0.010122">
        <ele>56.96</ele>
      </trkpt>
      <trkpt lat="51.593921" lon="0.010113">
        <ele>56.91</ele>
      </trkpt>
      <trkpt lat="51.593842" lon="0.010015">
        <ele>56.6</ele>
      </trkpt>
      <trkpt lat="51.592908" lon="0.009557">
        <ele>54.69</ele>
      </trkpt>
      <trkpt lat="51.591817" lon="0.008987">
        <ele>53.83</ele>
      </trkpt>
      <trkpt lat="51.591597" lon="0.008883">
        <ele>53.27</ele>
      </trkpt>
      <trkpt lat="51.590601" lon="0.008372">
        <ele>51.72</ele>
      </trkpt>
      <trkpt lat="51.589319" lon="0.007759">
        <ele>48.32</ele>
      </trkpt>
      <trkpt lat="51.588857" lon="0.007524">
        <ele>48.66</ele>
      </trkpt>
      <trkpt lat="51.588046" lon="0.007166">
        <ele>48.74</ele>
      </trkpt>
      <trkpt lat="51.587554" lon="0.006964">
        <ele>47.63</ele>
      </trkpt>
      <trkpt lat="51.587013" lon="0.006761">
        <ele>45.28</ele>
      </trkpt>
      <trkpt lat="51.586249" lon="0.006534">
        <ele>43.1</ele>
      </trkpt>
      <trkpt lat="51.586019" lon="0.006487">
        <ele>42.38</ele>
      </trkpt>
      <trkpt lat="51.585789" lon="0.006486">
        <ele>41.82</ele>
      </trkpt>
      <trkpt lat="51.585341" lon="0.006521">
        <ele>40.83</ele>
      </trkpt>
      <trkpt lat="51.585163" lon="0.006515">
        <ele>40.46</ele>
      </trkpt>
      <trkpt lat="51.584978" lon="0.006532">
        <ele>40.16</ele>
      </trkpt>
      <trkpt lat="51.584716" lon="0.006501">
        <ele>39.68</ele>
      </trkpt>
      <trkpt lat="51.584529" lon="0.006446">
        <ele>39.41</ele>
      </trkpt>
      <trkpt lat="51.584466" lon="0.006471">
        <ele>39.29</ele>
      </trkpt>
      <trkpt lat="51.584371" lon="0.006434">
        <ele>39.12</ele>
      </trkpt>
      <trkpt lat="51.584165" lon="0.006307">
        <ele>38.66</ele>
      </trkpt>
      <trkpt lat="51.58407" lon="0.006235">
        <ele>38.43</ele>
      </trkpt>
      <trkpt lat="51.583898" lon="0.006077">
        <ele>37.98</ele>
      </trkpt>
      <trkpt lat="51.583783" lon="0.005948">
        <ele>37.64</ele>
      </trkpt>
      <trkpt lat="51.583652" lon="0.005744">
        <ele>37.2</ele>
      </trkpt>
      <trkpt lat="51.583507" lon="0.005481">
        <ele>37</ele>
      </trkpt>
      <trkpt lat="51.583125" lon="0.004702">
        <ele>37</ele>
      </trkpt>
      <trkpt lat="51.582657" lon="0.003684">
        <ele>37.05</ele>
      </trkpt>
      <trkpt lat="51.582216" lon="0.002792">
        <ele>37.2</ele>
      </trkpt>
      <trkpt lat="51.582152" lon="0.002608">
        <ele>37.41</ele>
      </trkpt>
      <trkpt lat="51.581984" lon="0.002233">
        <ele>38.17</ele>
      </trkpt>
      <trkpt lat="51.581865" lon="0.001998">
        <ele>38.3</ele>
      </trkpt>
      <trkpt lat="51.581803" lon="0.001859">
        <ele>38.11</ele>
      </trkpt>
      <trkpt lat="51.581684" lon="0.001493">
        <ele>36.75</ele>
      </trkpt>
      <trkpt lat="51.581644" lon="0.001333">
        <ele>35.82</ele>
      </trkpt>
      <trkpt lat="51.581578" lon="0.000988">
        <ele>33.97</ele>
      </trkpt>
      <trkpt lat="51.581561" lon="0.000891">
        <ele>33.47</ele>
      </trkpt>
      <trkpt lat="51.581544" lon="0.000705">
        <ele>32.75</ele>
      </trkpt>
      <trkpt lat="51.581522" lon="0.000228">
        <ele>31.22</ele>
      </trkpt>
      <trkpt lat="51.581489" lon="0.00004">
        <ele>30.53</ele>
      </trkpt>
      <trkpt lat="51.581454" lon="-0.000059">
        <ele>27.75</ele>
      </trkpt>
      <trkpt lat="51.581451" lon="-0.000147">
        <ele>27.6</ele>
      </trkpt>
      <trkpt lat="51.581301" lon="-0.000457">
        <ele>26.83</ele>
      </trkpt>
      <trkpt lat="51.580508" lon="-0.002069">
        <ele>24.29</ele>
      </trkpt>
      <trkpt lat="51.580353" lon="-0.002406">
        <ele>24.11</ele>
      </trkpt>
      <trkpt lat="51.580175" lon="-0.002843">
        <ele>24.45</ele>
      </trkpt>
      <trkpt lat="51.580056" lon="-0.003147">
        <ele>24.97</ele>
      </trkpt>
      <trkpt lat="51.579759" lon="-0.003873">
        <ele>26.25</ele>
      </trkpt>
      <trkpt lat="51.579644" lon="-0.004202">
        <ele>26.8</ele>
      </trkpt>
      <trkpt lat="51.579278" lon="-0.005139">
        <ele>27.82</ele>
      </trkpt>
      <trkpt lat="51.57916" lon="-0.005472">
        <ele>27.68</ele>
      </trkpt>
      <trkpt lat="51.578924" lon="-0.006064">
        <ele>27.67</ele>
      </trkpt>
      <trkpt lat="51.578822" lon="-0.006279">
        <ele>27.8</ele>
      </trkpt>
      <trkpt lat="51.578662" lon="-0.006539">
        <ele>27.92</ele>
      </trkpt>
      <trkpt lat="51.578455" lon="-0.006807">
        <ele>27.66</ele>
      </trkpt>
      <trkpt lat="51.578163" lon="-0.007133">
        <ele>26.96</ele>
      </trkpt>
      <trkpt lat="51.577934" lon="-0.007407">
        <ele>26.41</ele>
      </trkpt>
      <trkpt lat="51.577825" lon="-0.007606">
        <ele>26.02</ele>
      </trkpt>
      <trkpt lat="51.577785" lon="-0.007705">
        <ele>25.81</ele>
      </trkpt>
      <trkpt lat="51.577657" lon="-0.008138">
        <ele>25.11</ele>
      </trkpt>
      <trkpt lat="51.577557" lon="-0.008509">
        <ele>24.7</ele>
      </trkpt>
      <trkpt lat="51.577479" lon="-0.008801">
        <ele>24.47</ele>
      </trkpt>
      <trkpt lat="51.576897" lon="-0.01074">
        <ele>22.92</ele>
      </trkpt>
      <trkpt lat="51.576807" lon="-0.011012">
        <ele>22.49</ele>
      </trkpt>
      <trkpt lat="51.576754" lon="-0.011131">
        <ele>22.22</ele>
      </trkpt>
      <trkpt lat="51.576718" lon="-0.011189">
        <ele>22.07</ele>
      </trkpt>
      <trkpt lat="51.576612" lon="-0.011313">
        <ele>21.66</ele>
      </trkpt>
      <trkpt lat="51.576222" lon="-0.011755">
        <ele>20.21</ele>
      </trkpt>
      <trkpt lat="51.575933" lon="-0.012118">
        <ele>19.17</ele>
      </trkpt>
      <trkpt lat="51.575497" lon="-0.012701">
        <ele>18.04</ele>
      </trkpt>
      <trkpt lat="51.575408" lon="-0.012833">
        <ele>17.78</ele>
      </trkpt>
      <trkpt lat="51.575347" lon="-0.012866">
        <ele>17.66</ele>
      </trkpt>
      <trkpt lat="51.575259" lon="-0.012947">
        <ele>17.46</ele>
      </trkpt>
      <trkpt lat="51.574911" lon="-0.013479">
        <ele>16.48</ele>
      </trkpt>
      <trkpt lat="51.574815" lon="-0.013611">
        <ele>16.31</ele>
      </trkpt>
      <trkpt lat="51.574648" lon="-0.01384">
        <ele>16.1</ele>
      </trkpt>
      <trkpt lat="51.574485" lon="-0.014032">
        <ele>16.01</ele>
      </trkpt>
      <trkpt lat="51.574404" lon="-0.014145">
        <ele>16.03</ele>
      </trkpt>
      <trkpt lat="51.573948" lon="-0.014795">
        <ele>15.83</ele>
      </trkpt>
      <trkpt lat="51.573839" lon="-0.014931">
        <ele>15.79</ele>
      </trkpt>
      <trkpt lat="51.573576" lon="-0.015346">
        <ele>16.02</ele>
      </trkpt>
      <trkpt lat="51.573407" lon="-0.015645">
        <ele>16.23</ele>
      </trkpt>
      <trkpt lat="51.573266" lon="-0.015966">
        <ele>16.24</ele>
      </trkpt>
      <trkpt lat="51.573162" lon="-0.016244">
        <ele>16.03</ele>
      </trkpt>
      <trkpt lat="51.572888" lon="-0.016996">
        <ele>15.85</ele>
      </trkpt>
      <trkpt lat="51.572695" lon="-0.017582">
        <ele>15.99</ele>
      </trkpt>
      <trkpt lat="51.572297" lon="-0.019331">
        <ele>15.45</ele>
      </trkpt>
      <trkpt lat="51.572107" lon="-0.02">
        <ele>15</ele>
      </trkpt>
      <trkpt lat="51.571985" lon="-0.020393">
        <ele>14.56</ele>
      </trkpt>
      <trkpt lat="51.571312" lon="-0.022433">
        <ele>14.74</ele>
      </trkpt>
      <trkpt lat="51.57094" lon="-0.023478">
        <ele>13.97</ele>
      </trkpt>
      <trkpt lat="51.57065" lon="-0.024323">
        <ele>13.19</ele>
      </trkpt>
      <trkpt lat="51.570481" lon="-0.024779">
        <ele>11.99</ele>
      </trkpt>
      <trkpt lat="51.570319" lon="-0.025284">
        <ele>10.82</ele>
      </trkpt>
      <trkpt lat="51.570132" lon="-0.02575">
        <ele>9.65</ele>
      </trkpt>
      <trkpt lat="51.569424" lon="-0.027605">
        <ele>7</ele>
      </trkpt>
      <trkpt lat="51.569257" lon="-0.028101">
        <ele>7.15</ele>
      </trkpt>
      <trkpt lat="51.569081" lon="-0.028593">
        <ele>7.42</ele>
      </trkpt>
      <trkpt lat="51.569011" lon="-0.028769">
        <ele>7.5</ele>
      </trkpt>
      <trkpt lat="51.56859" lon="-0.029984">
        <ele>7.03</ele>
      </trkpt>
      <trkpt lat="51.568423" lon="-0.030503">
        <ele>7.21</ele>
      </trkpt>
      <trkpt lat="51.568132" lon="-0.031312">
        <ele>7.32</ele>
      </trkpt>
      <trkpt lat="51.567591" lon="-0.032705">
        <ele>8.43</ele>
      </trkpt>
      <trkpt lat="51.567147" lon="-0.033801">
        <ele>9.82</ele>
      </trkpt>
      <trkpt lat="51.566975" lon="-0.034184">
        <ele>10.04</ele>
      </trkpt>
      <trkpt lat="51.566818" lon="-0.034469">
        <ele>9.61</ele>
      </trkpt>
      <trkpt lat="51.566755" lon="-0.03461">
        <ele>9.48</ele>
      </trkpt>
      <trkpt lat="51.566624" lon="-0.034948">
        <ele>9.38</ele>
      </trkpt>
      <trkpt lat="51.566485" lon="-0.035417">
        <ele>9.3</ele>
      </trkpt>
      <trkpt lat="51.566371" lon="-0.035732">
        <ele>9.38</ele>
      </trkpt>
      <trkpt lat="51.564866" lon="-0.039337">
        <ele>7.04</ele>
      </trkpt>
      <trkpt lat="51.564759" lon="-0.039639">
        <ele>6.91</ele>
      </trkpt>
      <trkpt lat="51.564556" lon="-0.04012">
        <ele>7</ele>
      </trkpt>
      <trkpt lat="51.56416" lon="-0.041">
        <ele>6.87</ele>
      </trkpt>
      <trkpt lat="51.563963" lon="-0.041481">
        <ele>6.66</ele>
      </trkpt>
      <trkpt lat="51.562851" lon="-0.044061">
        <ele>6.11</ele>
      </trkpt>
      <trkpt lat="51.562726" lon="-0.044412">
        <ele>6.38</ele>
      </trkpt>
      <trkpt lat="51.562563" lon="-0.04476">
        <ele>7.34</ele>
      </trkpt>
      <trkpt lat="51.562275" lon="-0.045424">
        <ele>9.25</ele>
      </trkpt>
      <trkpt lat="51.562217" lon="-0.045482">
        <ele>9.41</ele>
      </trkpt>
      <trkpt lat="51.562097" lon="-0.045759">
        <ele>10.02</ele>
      </trkpt>
      <trkpt lat="51.562087" lon="-0.045878">
        <ele>10.26</ele>
      </trkpt>
      <trkpt lat="51.562059" lon="-0.045934">
        <ele>10.39</ele>
      </trkpt>
      <trkpt lat="51.561915" lon="-0.046274">
        <ele>9.95</ele>
      </trkpt>
      <trkpt lat="51.561784" lon="-0.046553">
        <ele>9.39</ele>
      </trkpt>
      <trkpt lat="51.561361" lon="-0.047521">
        <ele>9.38</ele>
      </trkpt>
      <trkpt lat="51.560442" lon="-0.049657">
        <ele>13.03</ele>
      </trkpt>
      <trkpt lat="51.559845" lon="-0.051083">
        <ele>14.22</ele>
      </trkpt>
      <trkpt lat="51.559015" lon="-0.053026">
        <ele>20.11</ele>
      </trkpt>
      <trkpt lat="51.558958" lon="-0.05319">
        <ele>20.4</ele>
      </trkpt>
      <trkpt lat="51.558621" lon="-0.054631">
        <ele>22.13</ele>
      </trkpt>
      <trkpt lat="51.558575" lon="-0.054856">
        <ele>22.65</ele>
      </trkpt>
      <trkpt lat="51.558524" lon="-0.054884">
        <ele>22.78</ele>
      </trkpt>
      <trkpt lat="51.558508" lon="-0.054914">
        <ele>22.87</ele>
      </trkpt>
      <trkpt lat="51.55834" lon="-0.055317">
        <ele>23.78</ele>
      </trkpt>
      <trkpt lat="51.558241" lon="-0.055405">
        <ele>24.1</ele>
      </trkpt>
      <trkpt lat="51.55814" lon="-0.055537">
        <ele>24.52</ele>
      </trkpt>
      <trkpt lat="51.558049" lon="-0.055615">
        <ele>24.85</ele>
      </trkpt>
      <trkpt lat="51.557972" lon="-0.05572">
        <ele>25.23</ele>
      </trkpt>
      <trkpt lat="51.557899" lon="-0.055795">
        <ele>25.56</ele>
      </trkpt>
      <trkpt lat="51.557785" lon="-0.055876">
        <ele>25.86</ele>
      </trkpt>
      <trkpt lat="51.557656" lon="-0.055881">
        <ele>25.91</ele>
      </trkpt>
      <trkpt lat="51.557434" lon="-0.055863">
        <ele>25.95</ele>
      </trkpt>
      <trkpt lat="51.556822" lon="-0.055771">
        <ele>25.59</ele>
      </trkpt>
      <trkpt lat="51.556551" lon="-0.055657">
        <ele>24.76</ele>
      </trkpt>
      <trkpt lat="51.556139" lon="-0.055355">
        <ele>23.49</ele>
      </trkpt>
      <trkpt lat="51.556097" lon="-0.055266">
        <ele>23.32</ele>
      </trkpt>
      <trkpt lat="51.556058" lon="-0.055223">
        <ele>23.26</ele>
      </trkpt>
      <trkpt lat="51.555988" lon="-0.05517">
        <ele>23.19</ele>
      </trkpt>
      <trkpt lat="51.555955" lon="-0.055151">
        <ele>23.17</ele>
      </trkpt>
      <trkpt lat="51.555898" lon="-0.055163">
        <ele>23.18</ele>
      </trkpt>
      <trkpt lat="51.555383" lon="-0.054833">
        <ele>22.61</ele>
      </trkpt>
      <trkpt lat="51.555021" lon="-0.054627">
        <ele>22.21</ele>
      </trkpt>
      <trkpt lat="51.554681" lon="-0.054381">
        <ele>22.02</ele>
      </trkpt>
      <trkpt lat="51.553752" lon="-0.053592">
        <ele>22.81</ele>
      </trkpt>
      <trkpt lat="51.553539" lon="-0.053427">
        <ele>23</ele>
      </trkpt>
      <trkpt lat="51.552562" lon="-0.052773">
        <ele>22.76</ele>
      </trkpt>
      <trkpt lat="51.552516" lon="-0.052688">
        <ele>22.71</ele>
      </trkpt>
      <trkpt lat="51.552456" lon="-0.052637">
        <ele>22.64</ele>
      </trkpt>
      <trkpt lat="51.552405" lon="-0.052637">
        <ele>22.58</ele>
      </trkpt>
      <trkpt lat="51.552384" lon="-0.052616">
        <ele>22.55</ele>
      </trkpt>
      <trkpt lat="51.551611" lon="-0.051817">
        <ele>21.25</ele>
      </trkpt>
      <trkpt lat="51.551532" lon="-0.051751">
        <ele>21.06</ele>
      </trkpt>
      <trkpt lat="51.551334" lon="-0.051633">
        <ele>20.6</ele>
      </trkpt>
      <trkpt lat="51.551165" lon="-0.051562">
        <ele>20.29</ele>
      </trkpt>
      <trkpt lat="51.551138" lon="-0.051526">
        <ele>20.27</ele>
      </trkpt>
      <trkpt lat="51.550936" lon="-0.051405">
        <ele>20.2</ele>
      </trkpt>
      <trkpt lat="51.550833" lon="-0.051349">
        <ele>20.15</ele>
      </trkpt>
      <trkpt lat="51.550777" lon="-0.051343">
        <ele>20.1</ele>
      </trkpt>
      <trkpt lat="51.548864" lon="-0.050591">
        <ele>17.33</ele>
      </trkpt>
      <trkpt lat="51.5488" lon="-0.050539">
        <ele>17.25</ele>
      </trkpt>
      <trkpt lat="51.548728" lon="-0.050423">
        <ele>17.16</ele>
      </trkpt>
      <trkpt lat="51.548566" lon="-0.050014">
        <ele>16.91</ele>
      </trkpt>
      <trkpt lat="51.54834" lon="-0.049409">
        <ele>15.59</ele>
      </trkpt>
      <trkpt lat="51.548255" lon="-0.049109">
        <ele>15.19</ele>
      </trkpt>
      <trkpt lat="51.548155" lon="-0.048466">
        <ele>14.95</ele>
      </trkpt>
      <trkpt lat="51.548071" lon="-0.047894">
        <ele>15.29</ele>
      </trkpt>
      <trkpt lat="51.548051" lon="-0.047675">
        <ele>15.5</ele>
      </trkpt>
      <trkpt lat="51.548049" lon="-0.047559">
        <ele>15.64</ele>
      </trkpt>
      <trkpt lat="51.547616" lon="-0.047617">
        <ele>14.74</ele>
      </trkpt>
      <trkpt lat="51.547115" lon="-0.047656">
        <ele>14.34</ele>
      </trkpt>
      <trkpt lat="51.546793" lon="-0.047676">
        <ele>14.52</ele>
      </trkpt>
      <trkpt lat="51.54678" lon="-0.047539">
        <ele>14.38</ele>
      </trkpt>
      <trkpt lat="51.546736" lon="-0.04731">
        <ele>14.4</ele>
      </trkpt>
      <trkpt lat="51.546708" lon="-0.04722">
        <ele>14.43</ele>
      </trkpt>
      <trkpt lat="51.546634" lon="-0.047045">
        <ele>14.5</ele>
      </trkpt>
      <trkpt lat="51.546552" lon="-0.04694">
        <ele>14.59</ele>
      </trkpt>
      <trkpt lat="51.546449" lon="-0.046844">
        <ele>14.69</ele>
      </trkpt>
      <trkpt lat="51.545817" lon="-0.046427">
        <ele>14.18</ele>
      </trkpt>
      <trkpt lat="51.545619" lon="-0.046241">
        <ele>13.69</ele>
      </trkpt>
      <trkpt lat="51.545534" lon="-0.046175">
        <ele>13.53</ele>
      </trkpt>
      <trkpt lat="51.545412" lon="-0.046116">
        <ele>13.39</ele>
      </trkpt>
      <trkpt lat="51.545141" lon="-0.046077">
        <ele>13.38</ele>
      </trkpt>
      <trkpt lat="51.54504" lon="-0.046051">
        <ele>13.45</ele>
      </trkpt>
      <trkpt lat="51.544978" lon="-0.046017">
        <ele>13.48</ele>
      </trkpt>
      <trkpt lat="51.544729" lon="-0.045769">
        <ele>13.63</ele>
      </trkpt>
      <trkpt lat="51.544408" lon="-0.045375">
        <ele>14.06</ele>
      </trkpt>
      <trkpt lat="51.544215" lon="-0.044895">
        <ele>14.75</ele>
      </trkpt>
      <trkpt lat="51.54408" lon="-0.044638">
        <ele>15.24</ele>
      </trkpt>
      <trkpt lat="51.543196" lon="-0.042725">
        <ele>17.95</ele>
      </trkpt>
      <trkpt lat="51.543119" lon="-0.042559">
        <ele>18.13</ele>
      </trkpt>
      <trkpt lat="51.542786" lon="-0.041756">
        <ele>18.96</ele>
      </trkpt>
      <trkpt lat="51.542611" lon="-0.041399">
        <ele>19.04</ele>
      </trkpt>
      <trkpt lat="51.542033" lon="-0.040509">
        <ele>18.03</ele>
      </trkpt>
      <trkpt lat="51.541848" lon="-0.040184">
        <ele>18.7</ele>
      </trkpt>
      <trkpt lat="51.541712" lon="-0.039893">
        <ele>19.46</ele>
      </trkpt>
      <trkpt lat="51.541632" lon="-0.039671">
        <ele>19.87</ele>
      </trkpt>
      <trkpt lat="51.541543" lon="-0.039329">
        <ele>20.34</ele>
      </trkpt>
      <trkpt lat="51.541524" lon="-0.03918">
        <ele>20.51</ele>
      </trkpt>
      <trkpt lat="51.541498" lon="-0.038764">
        <ele>20</ele>
      </trkpt>
      <trkpt lat="51.541499" lon="-0.038616">
        <ele>19.82</ele>
      </trkpt>
      <trkpt lat="51.541513" lon="-0.03839">
        <ele>19.57</ele>
      </trkpt>
      <trkpt lat="51.541523" lon="-0.038339">
        <ele>19.52</ele>
      </trkpt>
      <trkpt lat="51.541552" lon="-0.038292">
        <ele>19.47</ele>
      </trkpt>
      <trkpt lat="51.541572" lon="-0.03823">
        <ele>19.37</ele>
      </trkpt>
      <trkpt lat="51.541531" lon="-0.038148">
        <ele>19.18</ele>
      </trkpt>
      <trkpt lat="51.541514" lon="-0.038074">
        <ele>19.03</ele>
      </trkpt>
      <trkpt lat="51.540954" lon="-0.038387">
        <ele>19.05</ele>
      </trkpt>
      <trkpt lat="51.540793" lon="-0.038539">
        <ele>19.15</ele>
      </trkpt>
      <trkpt lat="51.540751" lon="-0.038636">
        <ele>19.21</ele>
      </trkpt>
      <trkpt lat="51.54071" lon="-0.038697">
        <ele>19.23</ele>
      </trkpt>
      <trkpt lat="51.540679" lon="-0.038739">
        <ele>19.24</ele>
      </trkpt>
      <trkpt lat="51.540652" lon="-0.038748">
        <ele>19.23</ele>
      </trkpt>
      <trkpt lat="51.540209" lon="-0.039599">
        <ele>18.89</ele>
      </trkpt>
      <trkpt lat="51.539947" lon="-0.040042">
        <ele>18.64</ele>
      </trkpt>
      <trkpt lat="51.539485" lon="-0.040719">
        <ele>18.86</ele>
      </trkpt>
      <trkpt lat="51.539161" lon="-0.041215">
        <ele>19.14</ele>
      </trkpt>
      <trkpt lat="51.538978" lon="-0.041476">
        <ele>19.23</ele>
      </trkpt>
      <trkpt lat="51.538867" lon="-0.041705">
        <ele>19.34</ele>
      </trkpt>
      <trkpt lat="51.538666" lon="-0.042197">
        <ele>19.15</ele>
      </trkpt>
      <trkpt lat="51.53859" lon="-0.042444">
        <ele>19</ele>
      </trkpt>
      <trkpt lat="51.538557" lon="-0.042569">
        <ele>18.89</ele>
      </trkpt>
      <trkpt lat="51.538427" lon="-0.043393">
        <ele>18.83</ele>
      </trkpt>
      <trkpt lat="51.538283" lon="-0.043947">
        <ele>19.01</ele>
      </trkpt>
      <trkpt lat="51.538075" lon="-0.044771">
        <ele>18.46</ele>
      </trkpt>
      <trkpt lat="51.538039" lon="-0.044782">
        <ele>18.45</ele>
      </trkpt>
      <trkpt lat="51.538003" lon="-0.044819">
        <ele>18.39</ele>
      </trkpt>
      <trkpt lat="51.537977" lon="-0.04489">
        <ele>18.24</ele>
      </trkpt>
      <trkpt lat="51.53792" lon="-0.044852">
        <ele>18.34</ele>
      </trkpt>
      <trkpt lat="51.537573" lon="-0.044708">
        <ele>18.34</ele>
      </trkpt>
      <trkpt lat="51.537169" lon="-0.04456">
        <ele>17.61</ele>
      </trkpt>
      <trkpt lat="51.536959" lon="-0.044446">
        <ele>17.1</ele>
      </trkpt>
      <trkpt lat="51.536826" lon="-0.044318">
        <ele>17.12</ele>
      </trkpt>
      <trkpt lat="51.536779" lon="-0.044251">
        <ele>17.17</ele>
      </trkpt>
      <trkpt lat="51.53674" lon="-0.04417">
        <ele>17.22</ele>
      </trkpt>
      <trkpt lat="51.536639" lon="-0.043812">
        <ele>17.34</ele>
      </trkpt>
      <trkpt lat="51.536585" lon="-0.043645">
        <ele>17.41</ele>
      </trkpt>
      <trkpt lat="51.53649" lon="-0.043396">
        <ele>17.52</ele>
      </trkpt>
      <trkpt lat="51.536406" lon="-0.043267">
        <ele>17.53</ele>
      </trkpt>
      <trkpt lat="51.536319" lon="-0.043156">
        <ele>17.5</ele>
      </trkpt>
      <trkpt lat="51.536205" lon="-0.043036">
        <ele>17.5</ele>
      </trkpt>
      <trkpt lat="51.536123" lon="-0.042977">
        <ele>17.52</ele>
      </trkpt>
      <trkpt lat="51.535751" lon="-0.042789">
        <ele>17.61</ele>
      </trkpt>
      <trkpt lat="51.533404" lon="-0.041667">
        <ele>14.79</ele>
      </trkpt>
      <trkpt lat="51.533293" lon="-0.04151">
        <ele>15.04</ele>
      </trkpt>
      <trkpt lat="51.533298" lon="-0.041458">
        <ele>15.17</ele>
      </trkpt>
      <trkpt lat="51.533274" lon="-0.041367">
        <ele>15.36</ele>
      </trkpt>
      <trkpt lat="51.53324" lon="-0.041324">
        <ele>15.42</ele>
      </trkpt>
      <trkpt lat="51.533173" lon="-0.04132">
        <ele>15.35</ele>
      </trkpt>
      <trkpt lat="51.533089" lon="-0.041387">
        <ele>15.09</ele>
      </trkpt>
      <trkpt lat="51.533063" lon="-0.041416">
        <ele>14.99</ele>
      </trkpt>
      <trkpt lat="51.533043" lon="-0.04146">
        <ele>14.86</ele>
      </trkpt>
      <trkpt lat="51.53219" lon="-0.04096">
        <ele>15.77</ele>
      </trkpt>
      <trkpt lat="51.531307" lon="-0.040438">
        <ele>16</ele>
      </trkpt>
      <trkpt lat="51.530996" lon="-0.040271">
        <ele>15.89</ele>
      </trkpt>
      <trkpt lat="51.530683" lon="-0.04004">
        <ele>15.51</ele>
      </trkpt>
      <trkpt lat="51.529883" lon="-0.039325">
        <ele>13.74</ele>
      </trkpt>
      <trkpt lat="51.529568" lon="-0.039035">
        <ele>13.34</ele>
      </trkpt>
      <trkpt lat="51.52866" lon="-0.038119">
        <ele>12.44</ele>
      </trkpt>
      <trkpt lat="51.527843" lon="-0.037213">
        <ele>12.11</ele>
      </trkpt>
      <trkpt lat="51.527339" lon="-0.036701">
        <ele>13</ele>
      </trkpt>
      <trkpt lat="51.526589" lon="-0.035914">
        <ele>14.21</ele>
      </trkpt>
      <trkpt lat="51.526044" lon="-0.035385">
        <ele>15.92</ele>
      </trkpt>
      <trkpt lat="51.525845" lon="-0.035219">
        <ele>15.63</ele>
      </trkpt>
      <trkpt lat="51.525617" lon="-0.035075">
        <ele>15.39</ele>
      </trkpt>
      <trkpt lat="51.525581" lon="-0.034994">
        <ele>15.41</ele>
      </trkpt>
      <trkpt lat="51.525535" lon="-0.034928">
        <ele>15.46</ele>
      </trkpt>
      <trkpt lat="51.525457" lon="-0.034878">
        <ele>15.48</ele>
      </trkpt>
      <trkpt lat="51.525199" lon="-0.034766">
        <ele>15.64</ele>
      </trkpt>
      <trkpt lat="51.524991" lon="-0.034691">
        <ele>16.07</ele>
      </trkpt>
      <trkpt lat="51.52486" lon="-0.035132">
        <ele>15.32</ele>
      </trkpt>
      <trkpt lat="51.524843" lon="-0.035404">
        <ele>15.02</ele>
      </trkpt>
      <trkpt lat="51.524776" lon="-0.035624">
        <ele>14.83</ele>
      </trkpt>
      <trkpt lat="51.524183" lon="-0.037191">
        <ele>14.72</ele>
      </trkpt>
      <trkpt lat="51.524134" lon="-0.037223">
        <ele>14.66</ele>
      </trkpt>
      <trkpt lat="51.523939" lon="-0.037634">
        <ele>14.66</ele>
      </trkpt>
      <trkpt lat="51.523882" lon="-0.037765">
        <ele>14.86</ele>
      </trkpt>
      <trkpt lat="51.523833" lon="-0.03795">
        <ele>15.2</ele>
      </trkpt>
      <trkpt lat="51.523583" lon="-0.038425">
        <ele>16.09</ele>
      </trkpt>
      <trkpt lat="51.523369" lon="-0.038863">
        <ele>15.94</ele>
      </trkpt>
      <trkpt lat="51.523203" lon="-0.039282">
        <ele>15.88</ele>
      </trkpt>
      <trkpt lat="51.523113" lon="-0.039545">
        <ele>16.18</ele>
      </trkpt>
      <trkpt lat="51.523058" lon="-0.039592">
        <ele>16.1</ele>
      </trkpt>
      <trkpt lat="51.523" lon="-0.03977">
        <ele>16.32</ele>
      </trkpt>
      <trkpt lat="51.522819" lon="-0.040424">
        <ele>16.77</ele>
      </trkpt>
      <trkpt lat="51.522828" lon="-0.040503">
        <ele>16.91</ele>
      </trkpt>
      <trkpt lat="51.522696" lon="-0.040951">
        <ele>16.97</ele>
      </trkpt>
      <trkpt lat="51.522598" lon="-0.041356">
        <ele>17.26</ele>
      </trkpt>
      <trkpt lat="51.522493" lon="-0.041919">
        <ele>17.52</ele>
      </trkpt>
      <trkpt lat="51.522446" lon="-0.041988">
        <ele>17.26</ele>
      </trkpt>
      <trkpt lat="51.522422" lon="-0.042122">
        <ele>17.26</ele>
      </trkpt>
      <trkpt lat="51.522432" lon="-0.042249">
        <ele>17.53</ele>
      </trkpt>
      <trkpt lat="51.522348" lon="-0.042699">
        <ele>16.64</ele>
      </trkpt>
      <trkpt lat="51.52231" lon="-0.042945">
        <ele>15.72</ele>
      </trkpt>
      <trkpt lat="51.522276" lon="-0.043331">
        <ele>14.59</ele>
      </trkpt>
      <trkpt lat="51.522249" lon="-0.043877">
        <ele>13.6</ele>
      </trkpt>
      <trkpt lat="51.5222" lon="-0.044306">
        <ele>12.9</ele>
      </trkpt>
      <trkpt lat="51.522039" lon="-0.045173">
        <ele>12.11</ele>
      </trkpt>
      <trkpt lat="51.521984" lon="-0.045223">
        <ele>12.06</ele>
      </trkpt>
      <trkpt lat="51.521927" lon="-0.045529">
        <ele>12</ele>
      </trkpt>
      <trkpt lat="51.521963" lon="-0.045637">
        <ele>12.01</ele>
      </trkpt>
      <trkpt lat="51.52185" lon="-0.046175">
        <ele>12.14</ele>
      </trkpt>
      <trkpt lat="51.521804" lon="-0.04619">
        <ele>12.22</ele>
      </trkpt>
      <trkpt lat="51.521738" lon="-0.046513">
        <ele>12.26</ele>
      </trkpt>
      <trkpt lat="51.521766" lon="-0.046647">
        <ele>12.19</ele>
      </trkpt>
      <trkpt lat="51.52161" lon="-0.047461">
        <ele>12.37</ele>
      </trkpt>
      <trkpt lat="51.521229" lon="-0.04925">
        <ele>13.92</ele>
      </trkpt>
      <trkpt lat="51.521176" lon="-0.049302">
        <ele>14.04</ele>
      </trkpt>
      <trkpt lat="51.520952" lon="-0.050368">
        <ele>14.67</ele>
      </trkpt>
      <trkpt lat="51.520972" lon="-0.050507">
        <ele>14.72</ele>
      </trkpt>
      <trkpt lat="51.520904" lon="-0.050882">
        <ele>14.57</ele>
      </trkpt>
      <trkpt lat="51.520873" lon="-0.050978">
        <ele>14.53</ele>
      </trkpt>
      <trkpt lat="51.520419" lon="-0.053205">
        <ele>15</ele>
      </trkpt>
      <trkpt lat="51.520236" lon="-0.054176">
        <ele>15.02</ele>
      </trkpt>
      <trkpt lat="51.520153" lon="-0.054717">
        <ele>14.47</ele>
      </trkpt>
      <trkpt lat="51.520072" lon="-0.055117">
        <ele>14.12</ele>
      </trkpt>
      <trkpt lat="51.520036" lon="-0.055206">
        <ele>14.09</ele>
      </trkpt>
      <trkpt lat="51.519906" lon="-0.055788">
        <ele>13.87</ele>
      </trkpt>
      <trkpt lat="51.519896" lon="-0.055922">
        <ele>13.9</ele>
      </trkpt>
      <trkpt lat="51.519866" lon="-0.056072">
        <ele>14.06</ele>
      </trkpt>
      <trkpt lat="51.519762" lon="-0.056484">
        <ele>14.63</ele>
      </trkpt>
      <trkpt lat="51.51972" lon="-0.056753">
        <ele>14.98</ele>
      </trkpt>
      <trkpt lat="51.519705" lon="-0.057059">
        <ele>15.28</ele>
      </trkpt>
      <trkpt lat="51.519254" lon="-0.059188">
        <ele>16.38</ele>
      </trkpt>
      <trkpt lat="51.519161" lon="-0.059597">
        <ele>16.52</ele>
      </trkpt>
      <trkpt lat="51.519074" lon="-0.059927">
        <ele>16.63</ele>
      </trkpt>
      <trkpt lat="51.518903" lon="-0.060698">
        <ele>16.89</ele>
      </trkpt>
      <trkpt lat="51.518851" lon="-0.060921">
        <ele>17.07</ele>
      </trkpt>
      <trkpt lat="51.518786" lon="-0.060973">
        <ele>17.48</ele>
      </trkpt>
      <trkpt lat="51.518754" lon="-0.061118">
        <ele>17.6</ele>
      </trkpt>
      <trkpt lat="51.518747" lon="-0.061147">
        <ele>17.62</ele>
      </trkpt>
      <trkpt lat="51.518777" lon="-0.061269">
        <ele>17.35</ele>
      </trkpt>
      <trkpt lat="51.518586" lon="-0.062143">
        <ele>18</ele>
      </trkpt>
      <trkpt lat="51.518524" lon="-0.062286">
        <ele>18.02</ele>
      </trkpt>
      <trkpt lat="51.518447" lon="-0.062664">
        <ele>17.88</ele>
      </trkpt>
      <trkpt lat="51.518396" lon="-0.062825">
        <ele>17.8</ele>
      </trkpt>
      <trkpt lat="51.51834" lon="-0.063064">
        <ele>17.73</ele>
      </trkpt>
      <trkpt lat="51.518332" lon="-0.063136">
        <ele>17.71</ele>
      </trkpt>
      <trkpt lat="51.518341" lon="-0.063272">
        <ele>17.63</ele>
      </trkpt>
      <trkpt lat="51.518141" lon="-0.06406">
        <ele>18.13</ele>
      </trkpt>
      <trkpt lat="51.51762" lon="-0.065897">
        <ele>17.28</ele>
      </trkpt>
      <trkpt lat="51.517221" lon="-0.067121">
        <ele>18.89</ele>
      </trkpt>
      <trkpt lat="51.516967" lon="-0.067746">
        <ele>20.2</ele>
      </trkpt>
      <trkpt lat="51.516285" lon="-0.069215">
        <ele>17.78</ele>
      </trkpt>
      <trkpt lat="51.51626" lon="-0.069263">
        <ele>17.83</ele>
      </trkpt>
      <trkpt lat="51.516224" lon="-0.069285">
        <ele>17.88</ele>
      </trkpt>
      <trkpt lat="51.516199" lon="-0.06933">
        <ele>17.91</ele>
      </trkpt>
      <trkpt lat="51.516009" lon="-0.069731">
        <ele>18.09</ele>
      </trkpt>
      <trkpt lat="51.515772" lon="-0.070192">
        <ele>18.38</ele>
      </trkpt>
      <trkpt lat="51.515659" lon="-0.070458">
        <ele>18.51</ele>
      </trkpt>
      <trkpt lat="51.515468" lon="-0.07101">
        <ele>19.28</ele>
      </trkpt>
      <trkpt lat="51.515385" lon="-0.071227">
        <ele>20.18</ele>
      </trkpt>
      <trkpt lat="51.515208" lon="-0.071712">
        <ele>22.65</ele>
      </trkpt>
      <trkpt lat="51.515155" lon="-0.071671">
        <ele>23.14</ele>
      </trkpt>
      <trkpt lat="51.515019" lon="-0.071611">
        <ele>24.61</ele>
      </trkpt>
      <trkpt lat="51.514841" lon="-0.071512">
        <ele>26.54</ele>
      </trkpt>
      <trkpt lat="51.514696" lon="-0.071414">
        <ele>28.15</ele>
      </trkpt>
      <trkpt lat="51.513989" lon="-0.070727">
        <ele>28.38</ele>
      </trkpt>
      <trkpt lat="51.513277" lon="-0.070197">
        <ele>23.55</ele>
      </trkpt>
      <trkpt lat="51.512499" lon="-0.06956">
        <ele>23.54</ele>
      </trkpt>
      <trkpt lat="51.512044" lon="-0.06919">
        <ele>26.49</ele>
      </trkpt>
      <trkpt lat="51.512003" lon="-0.069185">
        <ele>26.67</ele>
      </trkpt>
      <trkpt lat="51.511968" lon="-0.069196">
        <ele>26.74</ele>
      </trkpt>
      <trkpt lat="51.511943" lon="-0.069217">
        <ele>26.73</ele>
      </trkpt>
      <trkpt lat="51.511907" lon="-0.069298">
        <ele>26.34</ele>
      </trkpt>
      <trkpt lat="51.511382" lon="-0.072611">
        <ele>24.01</ele>
      </trkpt>
      <trkpt lat="51.511287" lon="-0.07276">
        <ele>25.18</ele>
      </trkpt>
      <trkpt lat="51.51124" lon="-0.07279">
        <ele>25.64</ele>
      </trkpt>
      <trkpt lat="51.511142" lon="-0.072771">
        <ele>26.49</ele>
      </trkpt>
      <trkpt lat="51.511094" lon="-0.072796">
        <ele>26.93</ele>
      </trkpt>
      <trkpt lat="51.510886" lon="-0.072742">
        <ele>26.39</ele>
      </trkpt>
      <trkpt lat="51.51039" lon="-0.07275">
        <ele>24.85</ele>
      </trkpt>
      <trkpt lat="51.510032" lon="-0.072974">
        <ele>20.98</ele>
      </trkpt>
      <trkpt lat="51.509978" lon="-0.073017">
        <ele>20.17</ele>
      </trkpt>
      <trkpt lat="51.509684" lon="-0.073366">
        <ele>15.47</ele>
      </trkpt>
      <trkpt lat="51.509552" lon="-0.073474">
        <ele>13.48</ele>
      </trkpt>
      <trkpt lat="51.509404" lon="-0.073603">
        <ele>11.41</ele>
      </trkpt>
      <trkpt lat="51.509193" lon="-0.073699">
        <ele>11.77</ele>
      </trkpt>
      <trkpt lat="51.509508" lon="-0.07406">
        <ele>11.56</ele>
      </trkpt>
      <trkpt lat="51.509674" lon="-0.074422">
        <ele>13.71</ele>
      </trkpt>
      <trkpt lat="51.509758" lon="-0.074632">
        <ele>14.77</ele>
      </trkpt>
      <trkpt lat="51.509816" lon="-0.07487">
        <ele>15.36</ele>
      </trkpt>
      <trkpt lat="51.509798" lon="-0.074994">
        <ele>15.11</ele>
      </trkpt>
      <trkpt lat="51.509818" lon="-0.07509">
        <ele>15.27</ele>
      </trkpt>
      <trkpt lat="51.509696" lon="-0.075509">
        <ele>13.8</ele>
      </trkpt>
      <trkpt lat="51.509582" lon="-0.076009">
        <ele>13.19</ele>
      </trkpt>
      <trkpt lat="51.509546" lon="-0.076253">
        <ele>13.76</ele>
      </trkpt>
      <trkpt lat="51.509498" lon="-0.076719">
        <ele>15</ele>
      </trkpt>
      <trkpt lat="51.509456" lon="-0.077314">
        <ele>16.69</ele>
      </trkpt>
      <trkpt lat="51.509435" lon="-0.07775">
        <ele>17.18</ele>
      </trkpt>
      <trkpt lat="51.509438" lon="-0.077904">
        <ele>17.22</ele>
      </trkpt>
      <trkpt lat="51.509459" lon="-0.078077">
        <ele>17.44</ele>
      </trkpt>
      <trkpt lat="51.509524" lon="-0.078406">
        <ele>18.14</ele>
      </trkpt>
      <trkpt lat="51.509552" lon="-0.078605">
        <ele>18.45</ele>
      </trkpt>
      <trkpt lat="51.509609" lon="-0.079326">
        <ele>19.23</ele>
      </trkpt>
      <trkpt lat="51.509617" lon="-0.07955">
        <ele>19.59</ele>
      </trkpt>
      <trkpt lat="51.509607" lon="-0.079699">
        <ele>19.66</ele>
      </trkpt>
      <trkpt lat="51.509585" lon="-0.07984">
        <ele>19.59</ele>
      </trkpt>
      <trkpt lat="51.509548" lon="-0.079997">
        <ele>19.38</ele>
      </trkpt>
      <trkpt lat="51.509509" lon="-0.080121">
        <ele>19.11</ele>
      </trkpt>
      <trkpt lat="51.509458" lon="-0.080155">
        <ele>18.59</ele>
      </trkpt>
      <trkpt lat="51.509209" lon="-0.080747">
        <ele>15.98</ele>
      </trkpt>
      <trkpt lat="51.509163" lon="-0.08089">
        <ele>15.29</ele>
      </trkpt>
      <trkpt lat="51.509098" lon="-0.081202">
        <ele>14.06</ele>
      </trkpt>
      <trkpt lat="51.509027" lon="-0.081824">
        <ele>12.27</ele>
      </trkpt>
      <trkpt lat="51.509016" lon="-0.08208">
        <ele>11.79</ele>
      </trkpt>
      <trkpt lat="51.509048" lon="-0.082428">
        <ele>11.98</ele>
      </trkpt>
      <trkpt lat="51.509414" lon="-0.085456">
        <ele>22.15</ele>
      </trkpt>
      <trkpt lat="51.509507" lon="-0.086224">
        <ele>22.44</ele>
      </trkpt>
      <trkpt lat="51.509662" lon="-0.087348">
        <ele>20.17</ele>
      </trkpt>
      <trkpt lat="51.509695" lon="-0.087565">
        <ele>20.09</ele>
      </trkpt>
      <trkpt lat="51.50974" lon="-0.087657">
        <ele>20.77</ele>
      </trkpt>
      <trkpt lat="51.509838" lon="-0.088267">
        <ele>23.35</ele>
      </trkpt>
      <trkpt lat="51.50982" lon="-0.088359">
        <ele>23.31</ele>
      </trkpt>
      <trkpt lat="51.509867" lon="-0.088564">
        <ele>24.2</ele>
      </trkpt>
      <trkpt lat="51.509999" lon="-0.089061">
        <ele>26.86</ele>
      </trkpt>
      <trkpt lat="51.510179" lon="-0.089697">
        <ele>26.83</ele>
      </trkpt>
      <trkpt lat="51.510236" lon="-0.089758">
        <ele>27.31</ele>
      </trkpt>
      <trkpt lat="51.510284" lon="-0.089946">
        <ele>26.33</ele>
      </trkpt>
      <trkpt lat="51.510349" lon="-0.090299">
        <ele>24.1</ele>
      </trkpt>
      <trkpt lat="51.51044" lon="-0.090865">
        <ele>20.18</ele>
      </trkpt>
      <trkpt lat="51.510423" lon="-0.09092">
        <ele>20.15</ele>
      </trkpt>
      <trkpt lat="51.510465" lon="-0.091172">
        <ele>19.69</ele>
      </trkpt>
      <trkpt lat="51.510536" lon="-0.091494">
        <ele>18.88</ele>
      </trkpt>
      <trkpt lat="51.510774" lon="-0.09273">
        <ele>17.34</ele>
      </trkpt>
      <trkpt lat="51.510835" lon="-0.093084">
        <ele>16.75</ele>
      </trkpt>
      <trkpt lat="51.511047" lon="-0.0948">
        <ele>15.55</ele>
      </trkpt>
      <trkpt lat="51.51108" lon="-0.095084">
        <ele>15.93</ele>
      </trkpt>
      <trkpt lat="51.511104" lon="-0.095454">
        <ele>16.1</ele>
      </trkpt>
      <trkpt lat="51.511144" lon="-0.096849">
        <ele>15.01</ele>
      </trkpt>
      <trkpt lat="51.511187" lon="-0.0989">
        <ele>12.95</ele>
      </trkpt>
      <trkpt lat="51.511144" lon="-0.100673">
        <ele>11.18</ele>
      </trkpt>
      <trkpt lat="51.511069" lon="-0.101463">
        <ele>10.38</ele>
      </trkpt>
      <trkpt lat="51.511012" lon="-0.101833">
        <ele>9.05</ele>
      </trkpt>
      <trkpt lat="51.510979" lon="-0.102119">
        <ele>8.19</ele>
      </trkpt>
      <trkpt lat="51.510964" lon="-0.10259">
        <ele>7.35</ele>
      </trkpt>
      <trkpt lat="51.511004" lon="-0.102855">
        <ele>7.88</ele>
      </trkpt>
      <trkpt lat="51.511032" lon="-0.107019">
        <ele>9.36</ele>
      </trkpt>
      <trkpt lat="51.511048" lon="-0.107798">
        <ele>7.78</ele>
      </trkpt>
      <trkpt lat="51.511072" lon="-0.110721">
        <ele>15.17</ele>
      </trkpt>
      <trkpt lat="51.51106" lon="-0.111562">
        <ele>14.78</ele>
      </trkpt>
      <trkpt lat="51.511044" lon="-0.112026">
        <ele>14.41</ele>
      </trkpt>
      <trkpt lat="51.511009" lon="-0.112485">
        <ele>13.91</ele>
      </trkpt>
      <trkpt lat="51.510912" lon="-0.113454">
        <ele>15.33</ele>
      </trkpt>
      <trkpt lat="51.51075" lon="-0.114602">
        <ele>16.59</ele>
      </trkpt>
      <trkpt lat="51.510669" lon="-0.115092">
        <ele>17.14</ele>
      </trkpt>
      <trkpt lat="51.510624" lon="-0.11519">
        <ele>16.98</ele>
      </trkpt>
      <trkpt lat="51.510562" lon="-0.115535">
        <ele>17.08</ele>
      </trkpt>
      <trkpt lat="51.510572" lon="-0.115652">
        <ele>17.35</ele>
      </trkpt>
      <trkpt lat="51.510561" lon="-0.11572">
        <ele>17.38</ele>
      </trkpt>
      <trkpt lat="51.510391" lon="-0.116489">
        <ele>17.19</ele>
      </trkpt>
      <trkpt lat="51.510299" lon="-0.116858">
        <ele>16.54</ele>
      </trkpt>
      <trkpt lat="51.510157" lon="-0.117348">
        <ele>15.05</ele>
      </trkpt>
      <trkpt lat="51.509997" lon="-0.117864">
        <ele>15.78</ele>
      </trkpt>
      <trkpt lat="51.509765" lon="-0.118565">
        <ele>17.25</ele>
      </trkpt>
      <trkpt lat="51.509723" lon="-0.11867">
        <ele>17.21</ele>
      </trkpt>
      <trkpt lat="51.509664" lon="-0.118699">
        <ele>16.56</ele>
      </trkpt>
      <trkpt lat="51.509553" lon="-0.118988">
        <ele>16.27</ele>
      </trkpt>
      <trkpt lat="51.509553" lon="-0.119058">
        <ele>16.57</ele>
      </trkpt>
      <trkpt lat="51.509442" lon="-0.11928">
        <ele>16.23</ele>
      </trkpt>
      <trkpt lat="51.509113" lon="-0.11986">
        <ele>18.82</ele>
      </trkpt>
      <trkpt lat="51.508613" lon="-0.120586">
        <ele>17.4</ele>
      </trkpt>
      <trkpt lat="51.508197" lon="-0.121028">
        <ele>14.1</ele>
      </trkpt>
      <trkpt lat="51.507964" lon="-0.121248">
        <ele>13.38</ele>
      </trkpt>
      <trkpt lat="51.507721" lon="-0.121455">
        <ele>13.4</ele>
      </trkpt>
      <trkpt lat="51.506907" lon="-0.122112">
        <ele>19.6</ele>
      </trkpt>
      <trkpt lat="51.506463" lon="-0.122418">
        <ele>23.17</ele>
      </trkpt>
      <trkpt lat="51.506393" lon="-0.12248">
        <ele>23.87</ele>
      </trkpt>
      <trkpt lat="51.50632" lon="-0.122522">
        <ele>24.28</ele>
      </trkpt>
      <trkpt lat="51.506265" lon="-0.122588">
        <ele>24.25</ele>
      </trkpt>
      <trkpt lat="51.506046" lon="-0.122701">
        <ele>23.79</ele>
      </trkpt>
      <trkpt lat="51.505134" lon="-0.123044">
        <ele>20.03</ele>
      </trkpt>
      <trkpt lat="51.504655" lon="-0.123225">
        <ele>18.05</ele>
      </trkpt>
      <trkpt lat="51.504892" lon="-0.124591">
        <ele>17.72</ele>
      </trkpt>
      <trkpt lat="51.504935" lon="-0.124836">
        <ele>17.58</ele>
      </trkpt>
      <trkpt lat="51.504953" lon="-0.125105">
        <ele>16.7</ele>
      </trkpt>
      <trkpt lat="51.504952" lon="-0.125281">
        <ele>16.21</ele>
      </trkpt>
      <trkpt lat="51.504938" lon="-0.125481">
        <ele>15.63</ele>
      </trkpt>
      <trkpt lat="51.504895" lon="-0.125855">
        <ele>14.6</ele>
      </trkpt>
      <trkpt lat="51.504892" lon="-0.125875">
        <ele>14.58</ele>
      </trkpt>
      <trkpt lat="51.504862" lon="-0.125907">
        <ele>14.56</ele>
      </trkpt>
      <trkpt lat="51.504777" lon="-0.12623">
        <ele>14.69</ele>
      </trkpt>
      <trkpt lat="51.504739" lon="-0.12629">
        <ele>4.169</ele>
      </trkpt>
      <trkpt lat="51.50507584395882" lon="-0.12646290208303412">
        <ele>4.153</ele>
      </trkpt>
      <trkpt lat="51.50550882581809" lon="-0.12665782813257198">
        <ele>4.115</ele>
      </trkpt>
      <trkpt lat="51.50561840770243" lon="-0.1267071612936661">
        <ele>4.409</ele>
      </trkpt>
      <trkpt lat="51.50604823535161" lon="-0.12691934426506696">
        <ele>4.577</ele>
      </trkpt>
      <trkpt lat="51.506152021786306" lon="-0.1269705780890149">
        <ele>4.545</ele>
      </trkpt>
      <trkpt lat="51.50625" lon="-0.127097">
        <ele>19</ele>
      </trkpt>
      <trkpt lat="51.506483" lon="-0.127231">
        <ele>19</ele>
      </trkpt>
      <trkpt lat="51.506851" lon="-0.127396">
        <ele>19</ele>
      </trkpt>
      <trkpt lat="51.506927" lon="-0.127445">
        <ele>18.97</ele>
      </trkpt>
      <trkpt lat="51.507094" lon="-0.127609">
        <ele>18.7</ele>
      </trkpt>
      <trkpt lat="51.507144" lon="-0.127703">
        <ele>18.9</ele>
      </trkpt>
      <trkpt lat="51.507163" lon="-0.127737">
        <ele>18.97</ele>
      </trkpt>
      <trkpt lat="51.507163" lon="-0.127754">
        <ele>6.612</ele>
      </trkpt>
      <trkpt lat="51.507089460457024" lon="-0.12794254963782237">
        <ele>7.028</ele>
      </trkpt>
      <trkpt lat="51.507031519883526" lon="-0.1280376197252906">
        <ele>7.459</ele>
      </trkpt>
      <trkpt lat="51.506990838159936" lon="-0.12810694166415715">
        <ele>7.582</ele>
      </trkpt>
      <trkpt lat="51.5069341302426" lon="-0.1281326898128441">
        <ele>7.575</ele>
      </trkpt>
      <trkpt lat="51.50686632720485" lon="-0.12820993425876281">
        <ele>7.247</ele>
      </trkpt>
      <trkpt lat="51.50681948141121" lon="-0.1283069849724825">
        <ele>7.071</ele>
      </trkpt>
      <trkpt lat="51.50666370056513" lon="-0.12864402871787206">
        <ele>6.795</ele>
      </trkpt>
      <trkpt lat="51.50647533456407" lon="-0.12912901130042087">
        <ele>7.132</ele>
      </trkpt>
      <trkpt lat="51.50642287411259" lon="-0.1292531042109033">
        <ele>6.985</ele>
      </trkpt>
      <trkpt lat="51.50639698540138" lon="-0.12948681817610463">
        <ele>6.991</ele>
      </trkpt>
      <trkpt lat="51.50614966806725" lon="-0.1300901329970539">
        <ele>6.692</ele>
      </trkpt>
      <trkpt lat="51.50590235073313" lon="-0.13069344781800316">
        <ele>6.31</ele>
      </trkpt>
      <trkpt lat="51.505655033399" lon="-0.13129676263895243">
        <ele>6.29</ele>
      </trkpt>
      <trkpt lat="51.50540771606487" lon="-0.13190007745990168">
        <ele>6.162</ele>
      </trkpt>
      <trkpt lat="51.50516039873075" lon="-0.13250339228085095">
        <ele>6.135</ele>
      </trkpt>
      <trkpt lat="51.50491308139662" lon="-0.13310670710180023">
        <ele>6.066</ele>
      </trkpt>
      <trkpt lat="51.504665764062494" lon="-0.13371002192274947">
        <ele>6.053</ele>
      </trkpt>
      <trkpt lat="51.50441844672837" lon="-0.13431333674369875">
        <ele>6.056</ele>
      </trkpt>
      <trkpt lat="51.504171129394244" lon="-0.13491665156464802">
        <ele>6.113</ele>
      </trkpt>
      <trkpt lat="51.503923812060115" lon="-0.13551996638559727">
        <ele>6.297</ele>
      </trkpt>
      <trkpt lat="51.503676494725994" lon="-0.13612328120654654">
        <ele>6.5</ele>
      </trkpt>
      <trkpt lat="51.503429177391865" lon="-0.1367265960274958">
        <ele>6.559</ele>
      </trkpt>
      <trkpt lat="51.50318186005774" lon="-0.13732991084844506">
        <ele>6.535</ele>
      </trkpt>
      <trkpt lat="51.502934542723615" lon="-0.13793322566939434">
        <ele>6.479</ele>
      </trkpt>
      <trkpt lat="51.50268722538949" lon="-0.13853654049034358">
        <ele>6.223</ele>
      </trkpt>
      <trkpt lat="51.50243990805536" lon="-0.13913985531129286">
        <ele>6.03</ele>
      </trkpt>
      <trkpt lat="51.50219259072123" lon="-0.13974317013224213">
        <ele>5.873</ele>
      </trkpt>
      <trkpt lat="51.50204952163523" lon="-0.14009217801844898">
        <ele>5.823</ele>
      </trkpt>
    </trkseg>
  </trk>
</gpx>
