{"type": "FeatureCollection", "features": [{"type": "Feature", "geometry": {"type": "LineString", "coordinates": [[-0.29355, 51.44463, 58.1], [-0.29321, 51.44414, 57.1], [-0.29309, 51.44394, 56.7], [-0.29303, 51.44385, 56.5], [-0.29295, 51.44363, 55.9], [-0.29292, 51.44352, 55.6], [-0.29287, 51.44326, 54.8], [-0.29277, 51.44279, 53.5], [-0.29275, 51.44272, 53.3], [-0.29274, 51.44265, 53.1], [-0.29267, 51.44243, 52.7], [-0.2925, 51.44211, 52.1], [-0.29247, 51.44207, 52.0], [-0.2924, 51.44196, 51.7], [-0.29228, 51.4418, 51.1], [-0.29193, 51.44131, 49.6], [-0.29152, 51.44064, 47.6], [-0.29138, 51.4404, 46.1], [-0.29124, 51.44016, 44.6], [-0.29116, 51.44, 43.8], [-0.2911, 51.43983, 42.8], [-0.29107, 51.43967, 42.0], [-0.29104, 51.43957, 41.4], [-0.29102, 51.4394, 40.6], [-0.29101, 51.43936, 40.4], [-0.291, 51.43923, 39.7], [-0.29099, 51.43907, 39.2], [-0.29098, 51.43889, 38.9], [-0.29098, 51.43869, 38.6], [-0.29098, 51.43852, 38.3], [-0.29098, 51.43835, 38.0], [-0.29099, 51.43814, 37.5], [-0.291, 51.43794, 37.0], [-0.291, 51.43783, 36.7], [-0.291, 51.43781, 36.6], [-0.291, 51.43772, 36.4], [-0.29099, 51.43762, 36.1], [-0.29097, 51.4375, 35.8], [-0.29095, 51.43742, 35.5], [-0.29092, 51.43732, 35.2], [-0.29086, 51.43718, 34.8], [-0.29082, 51.4371, 34.6], [-0.29076, 51.437, 34.4], [-0.29069, 51.4369, 34.4], [-0.29057, 51.43676, 34.5], [-0.29048, 51.43667, 34.7], [-0.29035, 51.43654, 35.1], [-0.29029, 51.43649, 35.3], [-0.29013, 51.43634, 35.9], [-0.28996, 51.43619, 36.4], [-0.28958, 51.43584, 35.5], [-0.28923, 51.43549, 35.0], [-0.28899, 51.43526, 34.9], [-0.28884, 51.43512, 34.9], [-0.28871, 51.435, 35.0], [-0.2887, 51.43499, 35.0], [-0.28866, 51.43496, 34.9], [-0.28861, 51.43492, 34.7], [-0.28847, 51.43476, 34.1], [-0.28833, 51.43461, 33.6], [-0.28827, 51.43454, 33.5], [-0.28815, 51.4344, 33.2], [-0.28766, 51.43383, 32.6], [-0.28759, 51.43374, 32.4], [-0.28724, 51.43334, 31.0], [-0.28713, 51.4332, 30.2], [-0.28706, 51.43309, 29.6], [-0.28701, 51.433, 29.1], [-0.287, 51.43292, 28.6], [-0.28698, 51.43285, 28.2], [-0.28697, 51.4328, 28.0], [-0.28697, 51.43278, 27.9], [-0.28695, 51.43267, 27.3], [-0.28694, 51.43263, 27.1], [-0.28694, 51.43257, 26.7], [-0.28695, 51.4325, 26.3], [-0.28697, 51.43239, 26.7], [-0.287, 51.43232, 26.9], [-0.28701, 51.43228, 27.1], [-0.28704, 51.43225, 27.1], [-0.28707, 51.43221, 27.2], [-0.28708, 51.4322, 27.3], [-0.28715, 51.43213, 27.4], [-0.28719, 51.4321, 27.5], [-0.28725, 51.43205, 27.6], [-0.28733, 51.43199, 27.7], [-0.28763, 51.43178, 28.4], [-0.28766, 51.43176, 28.5], [-0.28786, 51.43159, 29.1], [-0.28798, 51.43149, 29.3], [-0.28807, 51.4314, 29.4], [-0.28819, 51.43128, 29.5], [-0.28829, 51.43115, 29.7], [-0.28835, 51.43105, 29.6], [-0.28836, 51.43101, 29.6], [-0.28838, 51.43097, 29.5], [-0.2884, 51.4309, 29.4], [-0.28841, 51.43083, 29.4], [-0.28841, 51.43074, 29.1], [-0.28842, 51.43067, 28.9], [-0.28841, 51.4306, 28.8], [-0.28841, 51.43049, 28.6], [-0.28841, 51.43046, 28.5], [-0.2884, 51.43043, 28.5], [-0.28837, 51.4303, 28.4], [-0.28837, 51.43029, 28.4], [-0.28831, 51.43014, 28.4], [-0.28831, 51.43013, 28.4], [-0.2883, 51.43012, 28.4], [-0.28827, 51.43006, 28.4], [-0.28813, 51.42975, 28.8], [-0.28809, 51.42961, 29.0], [-0.28809, 51.4296, 29.0], [-0.28808, 51.42954, 29.0], [-0.28806, 51.42942, 29.1], [-0.28801, 51.42906, 29.1], [-0.288, 51.429, 29.0], [-0.28789, 51.42853, 28.7], [-0.28789, 51.42851, 28.6], [-0.28786, 51.42845, 28.7], [-0.28782, 51.42834, 28.7], [-0.28779, 51.42827, 28.8], [-0.28748, 51.42778, 29.8], [-0.28738, 51.42758, 30.2], [-0.28736, 51.42754, 30.3], [-0.28735, 51.42752, 30.3], [-0.28735, 51.4275, 30.3], [-0.28734, 51.42749, 30.3], [-0.2872, 51.42709, 31.2], [-0.28719, 51.42708, 31.3], [-0.28715, 51.42697, 31.6], [-0.28714, 51.42696, 31.7], [-0.28707, 51.42685, 32.2], [-0.28696, 51.42669, 33.2], [-0.28682, 51.4265, 33.7], [-0.28679, 51.42646, 33.7], [-0.28648, 51.42598, 33.2], [-0.28647, 51.42598, 33.3], [-0.28642, 51.42588, 33.0], [-0.28638, 51.42581, 32.9], [-0.28634, 51.42572, 32.8], [-0.28627, 51.42556, 32.4], [-0.28624, 51.42546, 32.1], [-0.28619, 51.42529, 31.5], [-0.28619, 51.42528, 31.4], [-0.28618, 51.42521, 31.1], [-0.28613, 51.42496, 30.1], [-0.28602, 51.42439, 28.3], [-0.28601, 51.42433, 28.1], [-0.28599, 51.42422, 27.7], [-0.28596, 51.42403, 28.2], [-0.28591, 51.42367, 30.1], [-0.2859, 51.42357, 30.6], [-0.28589, 51.4235, 30.9], [-0.28589, 51.42345, 31.2], [-0.28589, 51.42337, 31.6], [-0.28589, 51.42322, 31.6], [-0.2859, 51.42313, 31.5], [-0.28591, 51.42306, 31.4], [-0.28592, 51.42304, 31.4], [-0.28598, 51.42278, 31.1], [-0.28599, 51.42274, 31.1], [-0.28607, 51.42247, 30.9], [-0.28608, 51.42239, 30.8], [-0.28612, 51.42226, 30.4], [-0.28613, 51.42221, 30.3], [-0.28615, 51.42217, 30.2], [-0.28618, 51.42205, 29.8], [-0.28619, 51.42201, 29.7], [-0.28619, 51.42188, 29.3], [-0.28617, 51.42182, 29.2], [-0.28616, 51.42182, 29.2], [-0.28616, 51.42183, 29.3], [-0.28615, 51.42183, 29.3], [-0.28614, 51.42183, 29.3], [-0.28614, 51.42182, 29.3], [-0.28613, 51.42182, 29.3], [-0.28612, 51.42182, 29.3], [-0.28612, 51.42181, 29.3], [-0.28611, 51.42181, 29.3], [-0.28611, 51.4218, 29.3], [-0.2861, 51.4218, 29.4], [-0.2861, 51.42179, 29.3], [-0.2861, 51.42178, 29.3], [-0.28611, 51.42178, 29.3], [-0.28611, 51.42177, 29.3], [-0.28612, 51.42177, 29.2], [-0.28613, 51.42177, 29.2], [-0.28613, 51.42176, 29.2], [-0.28614, 51.42176, 29.1], [-0.28615, 51.42176, 29.1], [-0.28616, 51.42176, 29.1], [-0.28617, 51.42176, 29.0], [-0.2863, 51.42155, 27.8], [-0.28633, 51.42144, 27.2], [-0.28634, 51.42135, 26.8], [-0.28638, 51.42123, 26.1], [-0.28639, 51.42109, 25.5], [-0.28641, 51.42093, 24.7], [-0.28642, 51.42076, 23.9], [-0.28643, 51.42067, 23.6], [-0.28642, 51.4205, 23.0], [-0.28642, 51.42045, 22.9], [-0.28641, 51.42037, 22.6], [-0.28638, 51.42025, 22.3], [-0.28632, 51.42014, 22.0], [-0.28631, 51.42012, 21.9], [-0.28613, 51.41978, 21.3], [-0.2861, 51.41969, 21.2], [-0.286, 51.41951, 21.1], [-0.28592, 51.41935, 21.0], [-0.28588, 51.41926, 21.0], [-0.28582, 51.41915, 21.0], [-0.28564, 51.4188, 21.0], [-0.28562, 51.41875, 21.0], [-0.2854, 51.41834, 21.0], [-0.2853, 51.41816, 21.4], [-0.28523, 51.41802, 21.7], [-0.28518, 51.41794, 21.9], [-0.28506, 51.41767, 22.6], [-0.28495, 51.41744, 23.0], [-0.28493, 51.4174, 23.0], [-0.28483, 51.4172, 22.8], [-0.28478, 51.4171, 22.7], [-0.28474, 51.41703, 22.6], [-0.28468, 51.41691, 22.5], [-0.28454, 51.41665, 22.1], [-0.28448, 51.41652, 21.9], [-0.28434, 51.41625, 21.6], [-0.28434, 51.41625, 21.6], [-0.28432, 51.41614, 21.4], [-0.28429, 51.4161, 21.3], [-0.28427, 51.41607, 21.3], [-0.28424, 51.41604, 21.3], [-0.28424, 51.41603, 21.3], [-0.28423, 51.41603, 21.3], [-0.28424, 51.41603, 21.3], [-0.2842, 51.41596, 21.2], [-0.2842, 51.41596, 21.2], [-0.28414, 51.41599, 21.5], [-0.28407, 51.41603, 21.8], [-0.28379, 51.41614, 23.1], [-0.28362, 51.41623, 23.9], [-0.28342, 51.41634, 24.9], [-0.28335, 51.41638, 25.3], [-0.28323, 51.41645, 25.9], [-0.28312, 51.41652, 26.4], [-0.28291, 51.41664, 27.5], [-0.28276, 51.41674, 28.3], [-0.28265, 51.41682, 29.0], [-0.2825, 51.41691, 29.9], [-0.28217, 51.41711, 31.8], [-0.28215, 51.41713, 31.9], [-0.28202, 51.41721, 32.7], [-0.28202, 51.41721, 32.7], [-0.28193, 51.41711, 32.6], [-0.28184, 51.41698, 32.5], [-0.28183, 51.41696, 32.5], [-0.2818, 51.4169, 32.4], [-0.28134, 51.41639, 32.0], [-0.2813, 51.41634, 31.9], [-0.28127, 51.41629, 31.8], [-0.28124, 51.41626, 31.8], [-0.28115, 51.41613, 31.6], [-0.28113, 51.41608, 31.4], [-0.2811, 51.41602, 31.3], [-0.28104, 51.41589, 30.9], [-0.28102, 51.41586, 30.9], [-0.28098, 51.41575, 30.8], [-0.28097, 51.41572, 30.8], [-0.28091, 51.41557, 30.9], [-0.28087, 51.41547, 31.0], [-0.28085, 51.4154, 31.0], [-0.28083, 51.41532, 31.0], [-0.2808, 51.41522, 31.1], [-0.2808, 51.41522, 31.1], [-0.28066, 51.41523, 31.3], [-0.28066, 51.41523, 31.3], [-0.28062, 51.41538, 31.4], [-0.28062, 51.41541, 31.4], [-0.28062, 51.41542, 31.4], [-0.28064, 51.41543, 31.4], [-0.28069, 51.41547, 31.3], [-0.28073, 51.41549, 31.2], [-0.28075, 51.41549, 31.2], [-0.28087, 51.41547, 31.0], [-0.28087, 51.41547, 31.0], [-0.28085, 51.4154, 31.0], [-0.28083, 51.41532, 31.0], [-0.2808, 51.41522, 31.1], [-0.28079, 51.4152, 31.1], [-0.28078, 51.41517, 31.1], [-0.28077, 51.4151, 31.1], [-0.28074, 51.41494, 31.0], [-0.28073, 51.4148, 30.6], [-0.28071, 51.41465, 30.2], [-0.2807, 51.41447, 29.7], [-0.28069, 51.41436, 29.4], [-0.28069, 51.4143, 29.2], [-0.28066, 51.41405, 28.4], [-0.28065, 51.41387, 27.9], [-0.28063, 51.41356, 26.9], [-0.28064, 51.41336, 26.3], [-0.28064, 51.41325, 26.0], [-0.28063, 51.41315, 25.8], [-0.28063, 51.41305, 25.6], [-0.28063, 51.41305, 25.6], [-0.28031, 51.41305, 25.9], [-0.28017, 51.41305, 26.1], [-0.28005, 51.41305, 26.3], [-0.27986, 51.41305, 26.3], [-0.27976, 51.41305, 26.3], [-0.27956, 51.41306, 26.3], [-0.27931, 51.41306, 26.3], [-0.27891, 51.41306, 26.3], [-0.27843, 51.41307, 26.4], [-0.27825, 51.41306, 26.2], [-0.27789, 51.41305, 25.8], [-0.27747, 51.41305, 25.3], [-0.27719, 51.41305, 24.8], [-0.27697, 51.41305, 24.5], [-0.2769, 51.41305, 24.4], [-0.27672, 51.41305, 24.1], [-0.27663, 51.41305, 24.0], [-0.27647, 51.41306, 24.0], [-0.27638, 51.41306, 24.0], [-0.27627, 51.41308, 24.1], [-0.27611, 51.4131, 24.2], [-0.27602, 51.41311, 24.2], [-0.27553, 51.41319, 24.7], [-0.27527, 51.41323, 25.1], [-0.27512, 51.41325, 25.4], [-0.27471, 51.41331, 25.9], [-0.2744, 51.41336, 26.1], [-0.27406, 51.4134, 26.0], [-0.27373, 51.41345, 25.7], [-0.27312, 51.41353, 25.0], [-0.27297, 51.41355, 24.9], [-0.27286, 51.41357, 24.9], [-0.27269, 51.41359, 24.8], [-0.2725, 51.41361, 24.7], [-0.27237, 51.41363, 24.6], [-0.27224, 51.41364, 24.4], [-0.27206, 51.41365, 24.2], [-0.27183, 51.41366, 24.0], [-0.27163, 51.41367, 23.8], [-0.27148, 51.41368, 23.8], [-0.27137, 51.4137, 23.9], [-0.27129, 51.41371, 23.9], [-0.27115, 51.41373, 24.0], [-0.27097, 51.41376, 24.0], [-0.27075, 51.4138, 24.1], [-0.27055, 51.41385, 24.3], [-0.27038, 51.41389, 24.5], [-0.27035, 51.41389, 24.5], [-0.27012, 51.41395, 24.9], [-0.27, 51.41397, 25.1], [-0.26993, 51.41399, 25.3], [-0.26971, 51.41404, 26.0], [-0.26961, 51.41407, 26.4], [-0.26954, 51.41409, 26.7], [-0.26952, 51.4141, 26.8], [-0.26947, 51.41411, 27.0], [-0.26942, 51.41413, 27.2], [-0.26937, 51.41415, 27.4], [-0.26931, 51.41418, 27.7], [-0.26908, 51.41428, 28.9], [-0.26902, 51.41431, 29.2], [-0.26883, 51.4144, 30.3], [-0.26846, 51.41458, 32.6], [-0.26837, 51.41462, 33.2], [-0.26809, 51.41476, 34.3], [-0.26792, 51.41484, 34.8], [-0.26772, 51.41493, 35.5], [-0.26745, 51.41505, 36.4], [-0.26724, 51.41515, 37.4], [-0.26668, 51.41542, 40.5], [-0.26637, 51.41556, 42.2], [-0.26621, 51.41564, 43.0], [-0.266, 51.41574, 44.1], [-0.26591, 51.41579, 44.6], [-0.26572, 51.41587, 45.4], [-0.26561, 51.41593, 45.9], [-0.26559, 51.41594, 46.0], [-0.26543, 51.416, 46.6], [-0.26523, 51.41609, 47.3], [-0.26507, 51.41615, 47.8], [-0.26466, 51.41629, 48.3], [-0.26455, 51.41633, 48.4], [-0.26425, 51.41642, 48.6], [-0.26407, 51.41648, 48.7], [-0.26389, 51.41653, 48.8], [-0.26371, 51.41657, 48.8], [-0.26367, 51.41658, 48.8], [-0.26346, 51.41663, 48.9], [-0.26331, 51.41666, 48.9], [-0.26318, 51.41668, 48.9], [-0.26307, 51.41671, 48.9], [-0.26298, 51.41672, 48.8], [-0.26277, 51.41675, 48.7], [-0.26262, 51.41677, 48.5], [-0.26247, 51.41679, 48.4], [-0.26232, 51.4168, 48.0], [-0.26222, 51.41681, 47.8], [-0.262129, 51.41681, 47.6], [-0.26204, 51.41682, 47.4], [-0.261969, 51.41682, 47.3], [-0.26185, 51.41682, 47.0], [-0.26172, 51.41682, 46.7], [-0.261639, 51.41681, 46.5], [-0.26155, 51.41681, 46.5], [-0.26149, 51.4168, 46.4], [-0.26132, 51.41679, 46.4], [-0.2612, 51.41677, 46.3], [-0.261079, 51.41675, 46.2], [-0.26093, 51.41672, 46.1], [-0.2607, 51.41666, 45.8], [-0.260689, 51.41666, 45.8], [-0.26048, 51.41661, 45.3], [-0.26038, 51.41658, 45.0], [-0.2602, 51.41653, 44.5], [-0.26005, 51.41649, 44.0], [-0.25979, 51.41642, 43.1], [-0.25961, 51.41636, 42.4], [-0.259469, 51.41633, 42.0], [-0.25943, 51.41632, 41.8], [-0.25937, 51.4163, 41.6], [-0.259309, 51.41629, 41.5], [-0.25924, 51.41629, 41.3], [-0.25916, 51.41628, 41.1], [-0.259019, 51.41628, 40.8], [-0.258909, 51.41628, 40.5], [-0.25862, 51.41628, 39.8], [-0.258469, 51.41628, 39.4], [-0.25812, 51.41627, 38.8], [-0.25782, 51.41628, 38.5], [-0.25776, 51.41628, 38.4], [-0.25743, 51.41628, 37.9], [-0.25716, 51.41629, 37.5], [-0.25688, 51.4163, 37.0], [-0.256589, 51.41632, 36.7], [-0.25645, 51.41633, 36.5], [-0.25618, 51.41634, 36.2], [-0.256139, 51.41635, 36.2], [-0.255919, 51.41636, 36.0], [-0.25574, 51.41637, 35.7], [-0.25563, 51.41638, 35.5], [-0.25551, 51.41639, 35.2], [-0.25539, 51.41639, 34.9], [-0.25534, 51.41639, 34.8], [-0.25526, 51.41639, 34.6], [-0.25516, 51.41639, 34.4], [-0.25496, 51.41639, 33.9], [-0.25483, 51.41638, 33.4], [-0.25473, 51.41636, 32.9], [-0.25462, 51.41635, 32.5], [-0.25455, 51.41634, 32.2], [-0.25428, 51.41629, 31.1], [-0.25421, 51.41627, 30.7], [-0.25388, 51.41622, 29.4], [-0.253699, 51.41617, 28.5], [-0.25332, 51.4161, 26.9], [-0.253249, 51.41608, 26.5], [-0.25307, 51.41604, 25.6], [-0.252859, 51.416, 24.7], [-0.25258, 51.41599, 23.5], [-0.2523, 51.41594, 22.1], [-0.25219, 51.41591, 21.6], [-0.25208, 51.41588, 21.0], [-0.25194, 51.41585, 20.3], [-0.25188, 51.41583, 20.1], [-0.25185, 51.41582, 20.1], [-0.25163, 51.41575, 19.6], [-0.25158, 51.41573, 19.5], [-0.25154, 51.41572, 19.4], [-0.2515, 51.4157, 19.3], [-0.2513, 51.41564, 18.9], [-0.251259, 51.41563, 18.8], [-0.25107, 51.41557, 18.4], [-0.25102, 51.41555, 18.3], [-0.251, 51.41555, 18.2], [-0.25094, 51.41553, 18.1], [-0.25077, 51.41546, 17.7], [-0.25063, 51.41541, 17.4], [-0.25051, 51.41536, 17.1], [-0.25039, 51.41531, 16.9], [-0.25028, 51.41526, 16.6], [-0.25027, 51.41526, 16.6], [-0.24996, 51.41511, 16.3], [-0.2497, 51.41498, 16.1], [-0.24963, 51.41495, 16.0], [-0.24956, 51.41494, 16.0], [-0.24954, 51.41493, 16.0], [-0.24941, 51.41488, 15.9], [-0.24905, 51.41471, 15.6], [-0.24878, 51.41458, 15.5], [-0.24861, 51.4145, 15.5], [-0.24842, 51.41441, 15.7], [-0.24813, 51.41428, 15.9], [-0.2479, 51.41417, 16.0], [-0.24764, 51.41406, 15.9], [-0.24717, 51.41385, 15.4], [-0.24716, 51.41385, 15.4], [-0.24715, 51.41385, 15.4], [-0.24715, 51.41386, 15.4], [-0.24714, 51.41386, 15.4], [-0.24713, 51.41386, 15.4], [-0.24712, 51.41386, 15.3], [-0.24712, 51.41385, 15.3], [-0.24711, 51.41385, 15.3], [-0.2471, 51.41385, 15.3], [-0.24709, 51.41385, 15.3], [-0.24709, 51.41384, 15.3], [-0.24708, 51.41384, 15.3], [-0.24707, 51.41384, 15.3], [-0.24707, 51.41383, 15.3], [-0.24706, 51.41383, 15.3], [-0.24706, 51.41382, 15.3], [-0.24705, 51.41381, 15.3], [-0.24705, 51.4138, 15.3], [-0.24702, 51.41377, 15.2], [-0.24699, 51.41376, 15.2], [-0.24697, 51.41375, 15.2], [-0.24696, 51.41375, 15.2], [-0.24686, 51.41371, 15.1], [-0.24678, 51.41368, 15.1], [-0.24655, 51.4136, 15.0], [-0.24644, 51.41357, 15.1], [-0.24629, 51.41351, 15.1], [-0.24609, 51.41344, 15.1], [-0.24604, 51.41343, 15.1], [-0.24579, 51.41336, 15.0], [-0.24579, 51.41336, 15.0], [-0.2455, 51.41329, 15.0], [-0.24545, 51.41328, 15.0], [-0.24528, 51.41323, 15.0], [-0.24513, 51.41318, 15.0], [-0.24499, 51.41313, 15.0], [-0.24483, 51.41307, 15.0], [-0.244, 51.41276, 14.9], [-0.24367, 51.41264, 14.5], [-0.24361, 51.41262, 14.4], [-0.24347, 51.41258, 14.2], [-0.24317, 51.4125, 14.0], [-0.24275, 51.41238, 14.0], [-0.24232, 51.41227, 14.1], [-0.24208, 51.41219, 14.2], [-0.24185, 51.41211, 14.4], [-0.24135, 51.41191, 14.8], [-0.24053, 51.41159, 15.2], [-0.24051, 51.41158, 15.2], [-0.23857, 51.41084, 15.7], [-0.23839, 51.41077, 15.9], [-0.23807, 51.41066, 15.8], [-0.23776, 51.41056, 15.7], [-0.23759, 51.41051, 15.6], [-0.23746, 51.41047, 15.6], [-0.23732, 51.41043, 15.5], [-0.23713, 51.41038, 15.5], [-0.23688, 51.41031, 15.4], [-0.2363, 51.41017, 15.2], [-0.23613, 51.41014, 15.2], [-0.23568, 51.41004, 15.2], [-0.23568, 51.41004, 15.2], [-0.23536, 51.40996, 15.5], [-0.23529, 51.40995, 15.6], [-0.23511, 51.40991, 15.8], [-0.23503, 51.40989, 15.8], [-0.23479, 51.40984, 15.8], [-0.23469, 51.40982, 15.8], [-0.23452, 51.40982, 15.8], [-0.23441, 51.40981, 15.8], [-0.23415, 51.40976, 15.7], [-0.23411, 51.40972, 15.7], [-0.23344, 51.40961, 15.9], [-0.23323, 51.40957, 16.1], [-0.23302, 51.40953, 16.2], [-0.23292, 51.40952, 16.3], [-0.23278, 51.40949, 16.4], [-0.2326, 51.40947, 16.6], [-0.23234, 51.40945, 16.9], [-0.23208, 51.40944, 17.2], [-0.23199, 51.40944, 17.3], [-0.23195, 51.40944, 17.3], [-0.23189, 51.40944, 17.4], [-0.23184, 51.40944, 17.5], [-0.23168, 51.40944, 17.7], [-0.23154, 51.40944, 17.7], [-0.23115, 51.40946, 17.6], [-0.23096, 51.40946, 17.6], [-0.23078, 51.40946, 17.6], [-0.2306, 51.40947, 17.5], [-0.23053, 51.40947, 17.4], [-0.2303, 51.40948, 17.2], [-0.23029, 51.40948, 17.2], [-0.23008, 51.4095, 17.1], [-0.22982, 51.40952, 17.0], [-0.22982, 51.40952, 17.0], [-0.2298, 51.40956, 17.0], [-0.2298, 51.40958, 17.0], [-0.2298, 51.40961, 17.0], [-0.2298, 51.40963, 17.0], [-0.22981, 51.40965, 17.0], [-0.22982, 51.40967, 17.0], [-0.22983, 51.40969, 17.0], [-0.22985, 51.40972, 17.0], [-0.2299, 51.4098, 17.0], [-0.22999, 51.40996, 17.0], [-0.23, 51.40997, 17.0], [-0.23005, 51.41006, 16.9], [-0.23007, 51.41011, 16.9], [-0.23009, 51.41014, 16.9], [-0.2301, 51.41017, 16.8], [-0.23011, 51.41018, 16.8], [-0.23011, 51.4102, 16.8], [-0.2301, 51.41021, 16.8], [-0.2301, 51.41022, 16.8], [-0.23009, 51.41023, 16.8], [-0.23009, 51.41023, 16.8], [-0.23008, 51.41024, 16.7], [-0.23006, 51.41025, 16.7], [-0.23004, 51.41026, 16.7], [-0.23, 51.41027, 16.7], [-0.22995, 51.41028, 16.7], [-0.22965, 51.41035, 16.6], [-0.22925, 51.41045, 16.5], [-0.22909, 51.41048, 16.5], [-0.22894, 51.41052, 16.5], [-0.22884, 51.41054, 16.6], [-0.22833, 51.41067, 17.0], [-0.22806, 51.41074, 17.0], [-0.22778, 51.41081, 17.0], [-0.2277, 51.41083, 17.0], [-0.22768, 51.41084, 17.0], [-0.22765, 51.41085, 17.0], [-0.22762, 51.41086, 17.1], [-0.22758, 51.41087, 17.1], [-0.22752, 51.41088, 17.1], [-0.22744, 51.4109, 17.2], [-0.22739, 51.41091, 17.3], [-0.22736, 51.41091, 17.3], [-0.22734, 51.41092, 17.4], [-0.2273, 51.41091, 17.4], [-0.2271, 51.41096, 17.7], [-0.227, 51.41099, 17.9], [-0.22658, 51.41109, 18.3], [-0.22592, 51.41125, 18.5], [-0.22586, 51.41126, 18.5], [-0.22582, 51.41127, 18.5], [-0.22577, 51.41129, 18.5], [-0.22573, 51.41131, 18.5], [-0.2255, 51.41144, 18.4], [-0.22524, 51.4116, 18.3], [-0.2248, 51.41193, 19.3], [-0.22467, 51.41201, 19.6], [-0.22453, 51.4121, 20.1], [-0.22441, 51.41218, 20.5], [-0.22428, 51.41225, 20.8], [-0.22403, 51.4124, 21.5], [-0.22379, 51.41253, 22.0], [-0.22364, 51.41262, 22.1], [-0.22339, 51.41276, 22.0], [-0.22326, 51.41282, 21.9], [-0.22318, 51.41286, 21.9], [-0.22298, 51.41296, 21.8], [-0.22284, 51.41304, 21.8], [-0.22275, 51.41308, 21.8], [-0.22256, 51.4132, 21.9], [-0.22229, 51.41336, 22.1], [-0.22228, 51.41337, 22.2], [-0.22167, 51.41373, 23.0], [-0.2214, 51.41389, 23.0], [-0.22121, 51.414, 23.1], [-0.2211, 51.41407, 23.1], [-0.22089, 51.41419, 23.2], [-0.2206, 51.41437, 23.2], [-0.22043, 51.41448, 23.2], [-0.22016, 51.41466, 23.2], [-0.21983, 51.41487, 23.4], [-0.21957, 51.41504, 23.7], [-0.21954, 51.41506, 23.7], [-0.21952, 51.41507, 23.8], [-0.2195, 51.41509, 23.8], [-0.21948, 51.4151, 23.9], [-0.21945, 51.41512, 23.9], [-0.21943, 51.41513, 23.9], [-0.21938, 51.41516, 24.0], [-0.21935, 51.41519, 24.1], [-0.2193, 51.41522, 24.2], [-0.21928, 51.41523, 24.2], [-0.21925, 51.41525, 24.3], [-0.21919, 51.41529, 24.4], [-0.21905, 51.41538, 24.6], [-0.2189, 51.41547, 24.8], [-0.21887, 51.41549, 24.8], [-0.21884, 51.4155, 24.8], [-0.21882, 51.41551, 24.8], [-0.21878, 51.41553, 24.8], [-0.21852, 51.41566, 24.8], [-0.21802, 51.41595, 25.3], [-0.21784, 51.41606, 25.6], [-0.21747, 51.41629, 26.1], [-0.21713, 51.41652, 26.5], [-0.21699, 51.41662, 26.6], [-0.21667, 51.41682, 26.6], [-0.2166, 51.41685, 26.6], [-0.21639, 51.41699, 26.7], [-0.21583, 51.41726, 26.4], [-0.21557, 51.41738, 26.1], [-0.21533, 51.4175, 25.8], [-0.21518, 51.41758, 25.8], [-0.21508, 51.41763, 25.8], [-0.21504, 51.41765, 25.8], [-0.21495, 51.4177, 25.9], [-0.2149, 51.41773, 26.0], [-0.21484, 51.41776, 26.1], [-0.21478, 51.4178, 26.2], [-0.21472, 51.41784, 26.4], [-0.21465, 51.4179, 26.5], [-0.21456, 51.41797, 26.7], [-0.21451, 51.418, 26.7], [-0.21447, 51.41803, 26.7], [-0.2144, 51.41809, 26.8], [-0.21433, 51.41814, 26.8], [-0.21419, 51.41824, 26.8], [-0.21416, 51.41827, 26.8], [-0.21411, 51.4183, 26.8], [-0.21409, 51.41832, 26.8], [-0.21404, 51.41836, 26.8], [-0.21393, 51.41843, 26.7], [-0.21381, 51.4185, 26.7], [-0.21375, 51.41853, 26.6], [-0.21365, 51.41859, 26.5], [-0.21349, 51.41868, 26.3], [-0.21324, 51.41882, 26.1], [-0.21298, 51.41897, 26.4], [-0.21247, 51.41929, 27.3], [-0.21221, 51.41944, 27.3], [-0.21203, 51.41957, 27.4], [-0.21197, 51.41961, 27.4], [-0.21191, 51.41964, 27.4], [-0.21185, 51.41968, 27.5], [-0.2118, 51.41971, 27.5], [-0.21173, 51.41975, 27.5], [-0.21165, 51.41979, 27.5], [-0.21158, 51.41984, 27.5], [-0.21152, 51.41987, 27.5], [-0.21133, 51.41996, 27.5], [-0.21115, 51.42005, 27.5], [-0.21109, 51.42008, 27.6], [-0.21102, 51.42012, 27.6], [-0.2109, 51.42019, 27.7], [-0.21085, 51.42023, 27.8], [-0.21079, 51.42026, 27.9], [-0.21075, 51.42029, 27.9], [-0.21068, 51.42034, 28.0], [-0.21064, 51.42037, 28.1], [-0.21056, 51.42043, 28.2], [-0.21048, 51.42048, 28.3], [-0.21041, 51.42054, 28.4], [-0.21042, 51.42054, 28.4], [-0.21042, 51.42055, 28.5], [-0.21043, 51.42055, 28.5], [-0.21043, 51.42056, 28.5], [-0.21044, 51.42057, 28.6], [-0.21044, 51.42058, 28.6], [-0.21044, 51.42059, 28.7], [-0.21043, 51.4206, 28.7], [-0.21043, 51.42061, 28.7], [-0.21042, 51.42061, 28.7], [-0.21042, 51.42062, 28.7], [-0.21041, 51.42062, 28.7], [-0.21041, 51.42063, 28.8], [-0.2104, 51.42063, 28.7], [-0.21039, 51.42063, 28.7], [-0.21038, 51.42063, 28.7], [-0.21038, 51.42064, 28.8], [-0.21037, 51.42064, 28.7], [-0.21035, 51.42064, 28.7], [-0.21034, 51.42064, 28.7], [-0.21033, 51.42064, 28.7], [-0.21032, 51.42064, 28.7], [-0.21031, 51.42064, 28.7], [-0.2103, 51.42064, 28.7], [-0.2103, 51.42063, 28.6], [-0.21017, 51.42075, 28.9], [-0.21006, 51.42082, 29.0], [-0.21, 51.42087, 29.0], [-0.20989, 51.42095, 29.1], [-0.20977, 51.42103, 29.2], [-0.20958, 51.42116, 29.4], [-0.20954, 51.42118, 29.4], [-0.20943, 51.42125, 29.5], [-0.20925, 51.42136, 29.6], [-0.2088, 51.42164, 29.5], [-0.20869, 51.42171, 29.4], [-0.20869, 51.42171, 29.4], [-0.20838, 51.42188, 29.1], [-0.20824, 51.42196, 28.9], [-0.20824, 51.42196, 28.9], [-0.20833, 51.42205, 29.0], [-0.20861, 51.42226, 29.3], [-0.20916, 51.42261, 30.1], [-0.20952, 51.42281, 30.8], [-0.20956, 51.42282, 30.9], [-0.20972, 51.42291, 31.2], [-0.20977, 51.42294, 31.3], [-0.20983, 51.42297, 31.4], [-0.20996, 51.42304, 31.6], [-0.21006, 51.42312, 32.0], [-0.2102, 51.42321, 32.9], [-0.21045, 51.42334, 34.7], [-0.21059, 51.4234, 35.7], [-0.21077, 51.42349, 37.0], [-0.21083, 51.42352, 37.4], [-0.21106, 51.42362, 38.7], [-0.21123, 51.42369, 39.6], [-0.21126, 51.4237, 39.7], [-0.21137, 51.42375, 40.3], [-0.21166, 51.42386, 41.6], [-0.21171, 51.42387, 41.9], [-0.21173, 51.42388, 42.0], [-0.21179, 51.4239, 42.3], [-0.21209, 51.42398, 43.8], [-0.21212, 51.42399, 44.0], [-0.21232, 51.42403, 45.0], [-0.21243, 51.42405, 45.5], [-0.2127, 51.42411, 46.9], [-0.21297, 51.42418, 48.3], [-0.21311, 51.42419, 49.0], [-0.21326, 51.42422, 49.8], [-0.21341, 51.42423, 50.5], [-0.21356, 51.42426, 51.1], [-0.2137, 51.42426, 51.6], [-0.21383, 51.42425, 52.0], [-0.21394, 51.42425, 52.4], [-0.21404, 51.42424, 52.7], [-0.21425, 51.42422, 53.3], [-0.21443, 51.4242, 53.7], [-0.21452, 51.42419, 53.9], [-0.2146, 51.42419, 54.1], [-0.21481, 51.42417, 54.6], [-0.215, 51.42416, 55.0], [-0.21515, 51.42415, 55.3], [-0.2152, 51.42415, 55.5], [-0.21523, 51.42415, 55.5], [-0.21526, 51.42414, 55.6], [-0.21528, 51.42414, 55.6], [-0.21531, 51.42414, 55.7], [-0.21534, 51.42414, 55.8], [-0.21536, 51.42414, 55.8], [-0.21539, 51.42414, 55.9], [-0.21542, 51.42414, 56.0], [-0.21545, 51.42414, 56.0], [-0.21549, 51.42414, 56.1], [-0.21552, 51.42414, 56.2], [-0.21555, 51.42415, 56.3], [-0.21559, 51.42416, 56.4], [-0.21562, 51.42416, 56.5], [-0.21565, 51.42417, 56.6], [-0.21568, 51.42418, 56.6], [-0.21569, 51.42418, 56.7], [-0.2157, 51.42418, 56.7], [-0.21571, 51.42418, 56.7], [-0.21572, 51.42418, 56.7], [-0.21573, 51.42418, 56.8], [-0.21574, 51.42418, 56.8], [-0.21575, 51.42418, 56.8], [-0.21575, 51.42419, 56.8], [-0.21576, 51.42419, 56.8], [-0.21577, 51.42419, 56.9], [-0.21578, 51.4242, 56.9], [-0.21579, 51.4242, 56.9], [-0.21579, 51.42421, 56.9], [-0.2158, 51.42421, 56.9], [-0.2158, 51.42422, 56.9], [-0.2158, 51.42423, 56.9], [-0.2158, 51.42424, 56.9], [-0.2158, 51.42425, 56.9], [-0.21594, 51.42434, 57.1], [-0.21598, 51.42438, 57.1], [-0.21606, 51.42447, 57.2], [-0.21618, 51.42455, 57.2], [-0.21635, 51.42467, 57.2], [-0.21646, 51.42474, 57.2], [-0.21661, 51.42483, 57.2], [-0.21674, 51.42492, 57.1], [-0.21692, 51.42504, 57.0], [-0.21702, 51.42511, 57.0], [-0.21708, 51.42515, 57.0], [-0.21716, 51.4252, 57.0], [-0.2172, 51.42523, 57.0], [-0.21725, 51.42525, 57.0], [-0.21729, 51.42526, 57.0], [-0.21748, 51.42534, 57.0], [-0.21748, 51.42533, 57.0], [-0.21749, 51.42533, 57.0], [-0.2175, 51.42533, 57.0], [-0.21751, 51.42533, 57.0], [-0.21751, 51.42532, 57.0], [-0.21752, 51.42532, 57.0], [-0.21753, 51.42532, 57.0], [-0.21754, 51.42532, 57.0], [-0.21755, 51.42532, 57.0], [-0.21756, 51.42532, 57.0], [-0.21757, 51.42532, 57.0], [-0.21757, 51.42533, 57.0], [-0.21758, 51.42533, 57.0], [-0.21759, 51.42533, 57.0], [-0.21772, 51.42533, 57.0], [-0.2179, 51.42534, 57.0], [-0.21799, 51.42532, 57.0], [-0.21811, 51.4253, 57.0], [-0.21812, 51.4253, 57.0], [-0.21817, 51.4253, 57.0], [-0.21821, 51.42529, 57.0], [-0.21826, 51.42529, 57.0], [-0.21831, 51.42529, 57.0], [-0.21835, 51.42528, 57.0], [-0.21844, 51.4253, 57.1], [-0.21852, 51.42531, 57.1], [-0.21872, 51.42534, 57.3], [-0.21898, 51.42538, 57.4], [-0.21916, 51.42541, 57.5], [-0.21923, 51.42543, 57.5], [-0.21936, 51.42546, 57.4], [-0.21937, 51.42546, 57.4], [-0.21963, 51.4255, 57.4], [-0.21981, 51.42553, 57.4], [-0.21991, 51.42555, 57.3], [-0.21996, 51.42556, 57.3], [-0.22005, 51.42558, 57.3], [-0.22014, 51.4256, 57.2], [-0.22023, 51.42562, 57.2], [-0.22024, 51.42563, 57.2], [-0.22029, 51.42564, 57.2], [-0.22034, 51.42565, 57.1], [-0.22037, 51.42566, 57.1], [-0.22041, 51.42567, 57.1], [-0.2205, 51.42569, 57.1], [-0.22066, 51.42574, 57.0], [-0.22073, 51.42576, 57.0], [-0.22092, 51.42581, 57.0], [-0.22109, 51.42586, 57.0], [-0.22116, 51.42588, 57.1], [-0.22131, 51.42593, 57.1], [-0.22145, 51.42598, 57.2], [-0.22178, 51.42609, 57.1], [-0.22187, 51.42612, 56.9], [-0.22207, 51.4262, 56.7], [-0.22216, 51.42623, 56.6], [-0.22225, 51.42626, 56.5], [-0.22242, 51.42633, 56.3], [-0.22252, 51.42638, 56.3], [-0.22257, 51.4264, 56.3], [-0.22261, 51.42643, 56.4], [-0.22268, 51.42648, 56.5], [-0.22271, 51.42651, 56.5], [-0.22273, 51.42653, 56.6], [-0.22277, 51.42657, 56.7], [-0.2228, 51.42661, 56.8], [-0.22283, 51.42665, 56.9], [-0.22286, 51.42671, 56.9], [-0.22292, 51.4268, 56.7], [-0.22303, 51.427, 56.2], [-0.22308, 51.4271, 56.0], [-0.2231, 51.42716, 55.8], [-0.22323, 51.4274, 55.2], [-0.22334, 51.42763, 55.2], [-0.22346, 51.4279, 55.6], [-0.22349, 51.42797, 55.7], [-0.22351, 51.42804, 55.8], [-0.22354, 51.4281, 55.9], [-0.22355, 51.42812, 55.9], [-0.22357, 51.4282, 56.1], [-0.22358, 51.42822, 56.1], [-0.22359, 51.42825, 56.2], [-0.22367, 51.42858, 56.2], [-0.22375, 51.42896, 56.1], [-0.22378, 51.42912, 56.1], [-0.22375, 51.42896, 56.1], [-0.22367, 51.42858, 56.2], [-0.22359, 51.42825, 56.2], [-0.22358, 51.42822, 56.1], [-0.22357, 51.4282, 56.1], [-0.22355, 51.42812, 55.9], [-0.22355, 51.42812, 55.9], [-0.22359, 51.42811, 56.0], [-0.22361, 51.4281, 56.0], [-0.22364, 51.42808, 56.0], [-0.22366, 51.42806, 55.9], [-0.22375, 51.42799, 55.9], [-0.22375, 51.42799, 55.9], [-0.22385, 51.42832, 56.6], [-0.22394, 51.42888, 56.5], [-0.22395, 51.42895, 56.5], [-0.22401, 51.42941, 56.9], [-0.22403, 51.42959, 57.2], [-0.22421, 51.43103, 57.0], [-0.22423, 51.43113, 57.0], [-0.22425, 51.43119, 57.0], [-0.22425, 51.43121, 57.0], [-0.22432, 51.43169, 57.0], [-0.22432, 51.43174, 57.0], [-0.22433, 51.43192, 57.1], [-0.22445, 51.4331, 58.3], [-0.22446, 51.43318, 58.5], [-0.22454, 51.43409, 58.1], [-0.22459, 51.4342, 58.0], [-0.22476, 51.43632, 58.0], [-0.22479, 51.43654, 57.2], [-0.22478, 51.43674, 56.6], [-0.22478, 51.43674, 56.6], [-0.22461, 51.43674, 56.4], [-0.22461, 51.43674, 56.4], [-0.22461, 51.4368, 56.4], [-0.22461, 51.43683, 56.3], [-0.2246, 51.43687, 56.3], [-0.22459, 51.43692, 56.2], [-0.22457, 51.43704, 56.0], [-0.2245, 51.43725, 55.7], [-0.22447, 51.43735, 55.5], [-0.22444, 51.43749, 55.3], [-0.22443, 51.43756, 55.1], [-0.22442, 51.43761, 55.0], [-0.22442, 51.4377, 54.8], [-0.22448, 51.43816, 53.5], [-0.22449, 51.43825, 53.2], [-0.2245, 51.43839, 53.2], [-0.2245, 51.43846, 53.5], [-0.2245, 51.43853, 53.8], [-0.2245, 51.43856, 53.9], [-0.22449, 51.43861, 54.1], [-0.22442, 51.43889, 55.2], [-0.22425, 51.43949, 56.9], [-0.22405, 51.4402, 57.8], [-0.22401, 51.44034, 57.7], [-0.2239, 51.44076, 57.7], [-0.2239, 51.44076, 57.7], [-0.22367, 51.44149, 57.6], [-0.22364, 51.44161, 57.6], [-0.22354, 51.44196, 58.1], [-0.22344, 51.44228, 58.6], [-0.22338, 51.44249, 58.9], [-0.22336, 51.44254, 59.0], [-0.2233, 51.44274, 59.2], [-0.22328, 51.44278, 59.3], [-0.22324, 51.44293, 59.3], [-0.22316, 51.44322, 59.5], [-0.22308, 51.44353, 59.8], [-0.22293, 51.44403, 60.3], [-0.22283, 51.44439, 60.3], [-0.22266, 51.44498, 60.4], [-0.22264, 51.44504, 60.3], [-0.22259, 51.44522, 59.9], [-0.22252, 51.44545, 59.5], [-0.22244, 51.44572, 59.1], [-0.22236, 51.44598, 58.3], [-0.22235, 51.44603, 58.2], [-0.22231, 51.44615, 57.7], [-0.22226, 51.44631, 57.2], [-0.22222, 51.44646, 56.7], [-0.22214, 51.44671, 55.9], [-0.22211, 51.44682, 55.5], [-0.22214, 51.44693, 55.2], [-0.22216, 51.44702, 54.9], [-0.22219, 51.44713, 54.5], [-0.2222, 51.44717, 54.4], [-0.22221, 51.4472, 54.3], [-0.22222, 51.44723, 54.2], [-0.22224, 51.44728, 54.0], [-0.2223, 51.44738, 53.6], [-0.22235, 51.44744, 53.4], [-0.22238, 51.44749, 53.2], [-0.22245, 51.44757, 52.9], [-0.22248, 51.4476, 52.8], [-0.22252, 51.44764, 52.6], [-0.22253, 51.44765, 52.6], [-0.22257, 51.44767, 52.5], [-0.22264, 51.4477, 52.4], [-0.22269, 51.44773, 52.3], [-0.22276, 51.44776, 52.2], [-0.22278, 51.44778, 52.1], [-0.22279, 51.44779, 52.1], [-0.2228, 51.44781, 52.0], [-0.22285, 51.44782, 52.0], [-0.2229, 51.44783, 51.9], [-0.22298, 51.44785, 51.8], [-0.22324, 51.44791, 51.8], [-0.22334, 51.44793, 51.8], [-0.22337, 51.44794, 51.8], [-0.22339, 51.44795, 51.8], [-0.22341, 51.44795, 51.8], [-0.22342, 51.44796, 51.8], [-0.22344, 51.44797, 51.8], [-0.22346, 51.44799, 51.8], [-0.22348, 51.44801, 51.7], [-0.22349, 51.44803, 51.7], [-0.22352, 51.44807, 51.7], [-0.22353, 51.44808, 51.7], [-0.22353, 51.4481, 51.7], [-0.22353, 51.44813, 51.7], [-0.22353, 51.44815, 51.6], [-0.22352, 51.44818, 51.6], [-0.2235, 51.44821, 51.6], [-0.22338, 51.44844, 51.5], [-0.22323, 51.44869, 52.1], [-0.22324, 51.44874, 52.3], [-0.22325, 51.44878, 52.4], [-0.22325, 51.44881, 52.4], [-0.22323, 51.44885, 52.5], [-0.22313, 51.449, 53.0], [-0.22306, 51.44914, 53.3], [-0.22303, 51.4492, 53.4], [-0.22265, 51.44993, 54.2], [-0.22251, 51.4502, 53.3], [-0.22248, 51.45025, 53.1], [-0.22244, 51.45034, 52.6], [-0.22244, 51.45034, 52.6], [-0.22237, 51.45047, 52.0], [-0.22222, 51.45076, 50.6], [-0.22221, 51.45079, 50.5], [-0.22193, 51.45132, 49.4], [-0.22192, 51.45142, 49.4], [-0.22182, 51.45161, 49.2], [-0.22149, 51.45226, 45.9], [-0.22138, 51.45245, 44.9], [-0.22136, 51.45251, 44.6], [-0.22131, 51.45261, 44.5], [-0.22124, 51.4527, 44.4], [-0.2212, 51.45277, 44.3], [-0.22117, 51.45281, 44.3], [-0.22108, 51.45292, 44.1], [-0.22106, 51.45294, 44.1], [-0.22097, 51.45301, 44.1], [-0.22089, 51.4531, 44.0], [-0.22073, 51.45331, 44.0], [-0.2206, 51.45347, 43.7], [-0.22053, 51.45358, 43.5], [-0.22042, 51.45376, 43.2], [-0.22037, 51.4538, 43.2], [-0.22024, 51.45396, 43.0], [-0.22016, 51.4541, 42.9], [-0.22009, 51.45424, 42.6], [-0.22005, 51.45431, 42.4], [-0.21997, 51.45448, 41.8], [-0.21978, 51.45488, 40.4], [-0.21974, 51.45497, 40.1], [-0.21969, 51.45508, 39.7], [-0.21958, 51.45532, 38.8], [-0.21953, 51.45541, 38.5], [-0.21945, 51.45559, 37.9], [-0.21941, 51.45568, 37.6], [-0.21937, 51.45576, 37.3], [-0.21931, 51.45589, 36.9], [-0.21915, 51.45624, 36.0], [-0.21911, 51.45633, 35.9], [-0.21908, 51.45639, 35.8], [-0.21896, 51.45663, 35.3], [-0.21887, 51.45683, 34.2], [-0.21877, 51.45702, 33.1], [-0.21871, 51.45713, 32.5], [-0.21861, 51.45731, 31.6], [-0.2183, 51.45784, 28.6], [-0.21824, 51.45796, 27.7], [-0.21816, 51.45811, 26.8], [-0.21799, 51.45842, 25.1], [-0.2179, 51.45859, 24.6], [-0.21784, 51.4587, 24.3], [-0.21776, 51.45886, 23.8], [-0.21775, 51.45889, 23.7], [-0.21769, 51.459, 23.4], [-0.21765, 51.45907, 23.2], [-0.2176, 51.45917, 22.9], [-0.21762, 51.45922, 22.7], [-0.21763, 51.45924, 22.7], [-0.21763, 51.45926, 22.6], [-0.21762, 51.45927, 22.6], [-0.21761, 51.4593, 22.6], [-0.21757, 51.45942, 22.3], [-0.21755, 51.45955, 22.0], [-0.21754, 51.45961, 21.9], [-0.21752, 51.45971, 21.7], [-0.21749, 51.45982, 21.4], [-0.21749, 51.45983, 21.4], [-0.21742, 51.45988, 21.2], [-0.21738, 51.46002, 20.8], [-0.21733, 51.46018, 20.0], [-0.2173, 51.46028, 19.5], [-0.21728, 51.46032, 19.3], [-0.21724, 51.46046, 18.7], [-0.21724, 51.46046, 18.7], [-0.21721, 51.46056, 18.2], [-0.21716, 51.4607, 17.6], [-0.21712, 51.46083, 17.0], [-0.21707, 51.46095, 16.6], [-0.21704, 51.46104, 16.3], [-0.21697, 51.46113, 15.9], [-0.21692, 51.46122, 15.6], [-0.2169, 51.46126, 15.5], [-0.21686, 51.4614, 15.0], [-0.21678, 51.46158, 14.3], [-0.21671, 51.46171, 14.0], [-0.21662, 51.4619, 14.0], [-0.21641, 51.46231, 13.8], [-0.21638, 51.46236, 13.7], [-0.21624, 51.46262, 13.6], [-0.21599, 51.46304, 13.8], [-0.21595, 51.46311, 13.9], [-0.21593, 51.46315, 13.9], [-0.21587, 51.46325, 13.9], [-0.2156, 51.4637, 13.6], [-0.21558, 51.46374, 13.5], [-0.21539, 51.46406, 13.4], [-0.21536, 51.4641, 13.4], [-0.21522, 51.46429, 12.8], [-0.21513, 51.4644, 12.3], [-0.21508, 51.46448, 12.0], [-0.21506, 51.46451, 11.8], [-0.21487, 51.46474, 11.0], [-0.21476, 51.46487, 10.7], [-0.21465, 51.465, 10.4], [-0.21458, 51.46509, 10.5], [-0.21457, 51.4651, 10.5], [-0.21449, 51.46524, 10.5], [-0.21444, 51.46532, 10.5], [-0.21435, 51.4655, 10.4], [-0.21429, 51.4656, 10.3], [-0.21428, 51.46564, 10.3], [-0.21427, 51.46575, 10.2], [-0.21424, 51.46584, 10.1], [-0.21422, 51.4659, 9.8], [-0.21416, 51.46595, 9.4], [-0.21408, 51.46601, 9.3], [-0.21396, 51.46611, 9.1], [-0.21392, 51.46614, 9.1], [-0.21382, 51.46624, 8.9], [-0.21373, 51.46631, 8.8], [-0.21365, 51.46638, 8.7], [-0.21339, 51.46652, 8.4], [-0.21339, 51.46652, 8.4], [-0.21306, 51.46681, 8.0], [-0.21301, 51.46686, 7.9], [-0.21289, 51.46696, 7.8], [-0.2123, 51.46748, 7.0], [-0.21219, 51.46758, 6.9], [-0.21207, 51.46769, 6.7], [-0.212, 51.46774, 6.6], [-0.21194, 51.4678, 6.5], [-0.2118, 51.46793, 6.7], [-0.21171, 51.468, 6.9], [-0.21153, 51.46816, 7.1], [-0.21144, 51.46824, 7.2], [-0.21128, 51.46836, 7.5], [-0.21117, 51.46845, 7.7], [-0.21104, 51.46856, 7.8], [-0.21078, 51.46877, 8.0], [-0.21066, 51.46887, 7.9], [-0.21054, 51.46897, 7.8], [-0.21046, 51.46906, 7.7], [-0.21032, 51.46921, 7.4], [-0.21028, 51.46925, 7.3], [-0.21025, 51.46928, 7.3], [-0.21021, 51.46932, 7.2], [-0.21021, 51.46932, 7.2], [-0.21014, 51.46931, 7.1], [-0.2101, 51.46931, 7.1], [-0.21006, 51.46931, 7.1], [-0.21, 51.46931, 7.0], [-0.20993, 51.46931, 7.0], [-0.2098, 51.46932, 7.0], [-0.20975, 51.46932, 7.1], [-0.20958, 51.46932, 7.1], [-0.20946, 51.46933, 7.1], [-0.20938, 51.46933, 7.1], [-0.20933, 51.46934, 7.2], [-0.20929, 51.46934, 7.2], [-0.20923, 51.46935, 7.2], [-0.20918, 51.46935, 7.2], [-0.20912, 51.46936, 7.3], [-0.20904, 51.46938, 7.4], [-0.20895, 51.46941, 7.6], [-0.2089, 51.46942, 7.6], [-0.20886, 51.46943, 7.7], [-0.20883, 51.46945, 7.7], [-0.2088, 51.46946, 7.8], [-0.20876, 51.46948, 7.9], [-0.20873, 51.46949, 7.9], [-0.2087, 51.46952, 8.0], [-0.20865, 51.46959, 8.1], [-0.20856, 51.46971, 8.4], [-0.20846, 51.46985, 8.7], [-0.20837, 51.46995, 8.9], [-0.20835, 51.46997, 8.9], [-0.20805, 51.47031, 9.0], [-0.20801, 51.47035, 9.0], [-0.20798, 51.47038, 9.0], [-0.20795, 51.47042, 9.0], [-0.20791, 51.47045, 9.0], [-0.20787, 51.47049, 9.0], [-0.20783, 51.47053, 9.0], [-0.20777, 51.47058, 9.0], [-0.20767, 51.47066, 9.0], [-0.20762, 51.4707, 9.0], [-0.20759, 51.47072, 9.0], [-0.20753, 51.47076, 9.0], [-0.20752, 51.47077, 9.0], [-0.20752, 51.47077, 9.0], [-0.20748, 51.47079, 9.0], [-0.20742, 51.47083, 8.9], [-0.20735, 51.47085, 8.8], [-0.20726, 51.4709, 8.7], [-0.20715, 51.47096, 8.6], [-0.20694, 51.47107, 8.4], [-0.2068, 51.47114, 8.4], [-0.20674, 51.47117, 8.4], [-0.2066, 51.47124, 8.5], [-0.20653, 51.47127, 8.5], [-0.20648, 51.47129, 8.5], [-0.20642, 51.47131, 8.6], [-0.20633, 51.47134, 8.6], [-0.20625, 51.47137, 8.6], [-0.20619, 51.47139, 8.7], [-0.20618, 51.47139, 8.7], [-0.20604, 51.47144, 8.7], [-0.20585, 51.47151, 8.8], [-0.20583, 51.47151, 8.8], [-0.20572, 51.47155, 9.0], [-0.20566, 51.47157, 9.1], [-0.20544, 51.47163, 9.4], [-0.20537, 51.47165, 9.5], [-0.20491, 51.47179, 9.7], [-0.20445, 51.47192, 9.4], [-0.20433, 51.47196, 9.3], [-0.20416, 51.472, 9.2], [-0.2039, 51.47205, 9.1], [-0.20376, 51.47209, 9.0], [-0.2036, 51.47212, 8.9], [-0.20333, 51.47216, 8.8], [-0.20307, 51.47219, 8.5], [-0.20292, 51.47221, 8.4], [-0.20265, 51.47225, 8.1], [-0.2025, 51.47227, 8.0], [-0.20231, 51.47231, 7.9], [-0.20173, 51.47242, 7.8], [-0.20142, 51.47247, 7.9], [-0.20129, 51.47249, 8.0], [-0.20107, 51.47253, 8.0], [-0.20091, 51.47256, 8.1], [-0.20082, 51.47258, 8.1], [-0.20077, 51.47259, 8.1], [-0.20072, 51.4726, 8.1], [-0.20045, 51.47268, 8.3], [-0.20005, 51.47274, 8.6], [-0.19977, 51.47275, 8.5], [-0.19946, 51.47277, 8.4], [-0.19936, 51.47279, 8.4], [-0.19903, 51.47282, 8.2], [-0.19899, 51.47283, 8.1], [-0.19878, 51.47285, 7.8], [-0.19866, 51.47286, 7.6], [-0.1985, 51.47288, 7.3], [-0.19841, 51.47291, 7.1], [-0.19833, 51.47294, 7.0], [-0.19827, 51.47296, 7.0], [-0.19815, 51.473, 7.0], [-0.19798, 51.47308, 7.0], [-0.1977, 51.47323, 7.0], [-0.19759, 51.47329, 7.0], [-0.19746, 51.47336, 7.1], [-0.19735, 51.4734, 7.3], [-0.19724, 51.47347, 7.5], [-0.19708, 51.47355, 7.8], [-0.19708, 51.47355, 7.8], [-0.19683, 51.47369, 8.2], [-0.19655, 51.47385, 8.6], [-0.19597, 51.47416, 9.0], [-0.19571, 51.4743, 8.7], [-0.19553, 51.4744, 8.5], [-0.19535, 51.4745, 8.3], [-0.19528, 51.47453, 8.2], [-0.19521, 51.47457, 8.1], [-0.19516, 51.4746, 8.1], [-0.19512, 51.47462, 8.1], [-0.19491, 51.47483, 8.0], [-0.19481, 51.47493, 8.0], [-0.19474, 51.475, 8.0], [-0.19451, 51.47524, 7.4], [-0.19441, 51.47534, 7.2], [-0.19434, 51.4754, 7.0], [-0.19426, 51.47545, 6.9], [-0.19411, 51.47553, 6.7], [-0.19407, 51.47556, 6.7], [-0.1939, 51.47564, 6.6], [-0.19379, 51.4757, 6.6], [-0.19365, 51.47578, 6.7], [-0.19354, 51.47586, 6.8], [-0.19346, 51.47591, 6.9], [-0.19338, 51.47597, 7.1], [-0.19331, 51.47601, 7.2], [-0.19328, 51.47603, 7.2], [-0.19325, 51.47605, 7.2], [-0.19309, 51.47616, 7.3], [-0.19298, 51.47625, 7.3], [-0.19294, 51.47627, 7.3], [-0.19277, 51.4764, 7.2], [-0.19272, 51.47644, 7.2], [-0.19237, 51.47668, 6.7], [-0.19225, 51.47677, 6.4], [-0.19195, 51.47696, 6.0], [-0.19184, 51.47702, 6.0], [-0.19174, 51.47707, 6.0], [-0.19165, 51.47712, 6.1], [-0.19157, 51.47716, 6.2], [-0.19137, 51.47727, 6.4], [-0.19121, 51.47737, 6.7], [-0.19115, 51.47741, 6.8], [-0.19106, 51.47746, 6.9], [-0.19102, 51.47748, 7.0], [-0.19098, 51.4775, 7.0], [-0.19094, 51.47752, 7.0], [-0.19092, 51.47752, 7.0], [-0.1909, 51.47753, 7.0], [-0.19086, 51.47754, 7.0], [-0.19083, 51.47755, 7.0], [-0.1908, 51.47755, 7.0], [-0.19076, 51.47755, 6.9], [-0.1907, 51.47755, 6.8], [-0.19061, 51.47755, 6.7], [-0.19044, 51.47756, 6.6], [-0.19041, 51.47757, 6.5], [-0.19037, 51.47758, 6.5], [-0.19034, 51.47759, 6.5], [-0.1903, 51.4776, 6.4], [-0.19019, 51.47764, 6.4], [-0.19013, 51.47768, 6.3], [-0.19011, 51.47769, 6.3], [-0.19007, 51.47771, 6.3], [-0.19002, 51.47774, 6.3], [-0.18994, 51.47779, 6.4], [-0.18981, 51.47788, 6.6], [-0.18969, 51.47795, 6.7], [-0.18958, 51.47802, 6.8], [-0.18955, 51.47803, 6.8], [-0.18945, 51.4781, 6.9], [-0.18935, 51.47816, 7.0], [-0.18924, 51.47822, 7.0], [-0.18922, 51.47824, 7.0], [-0.18828, 51.4788, 7.0], [-0.18802, 51.47896, 7.0], [-0.18773, 51.47913, 7.0], [-0.18762, 51.47919, 7.0], [-0.18758, 51.47922, 7.0], [-0.18754, 51.47925, 7.0], [-0.18737, 51.47935, 7.2], [-0.18735, 51.47936, 7.2], [-0.18722, 51.47944, 7.3], [-0.18713, 51.47949, 7.4], [-0.18705, 51.47954, 7.5], [-0.18693, 51.47962, 7.6], [-0.18685, 51.47967, 7.7], [-0.18675, 51.47973, 7.8], [-0.1866, 51.47982, 8.0], [-0.18648, 51.47989, 8.2], [-0.18628, 51.48001, 8.4], [-0.18625, 51.48002, 8.5], [-0.18614, 51.48008, 8.6], [-0.18607, 51.48012, 8.6], [-0.18591, 51.4802, 8.7], [-0.18586, 51.48022, 8.7], [-0.18583, 51.48024, 8.7], [-0.18576, 51.48027, 8.8], [-0.18568, 51.48031, 8.8], [-0.18557, 51.48036, 8.9], [-0.18546, 51.4804, 9.0], [-0.1854, 51.48043, 9.0], [-0.18509, 51.48055, 9.2], [-0.18496, 51.4806, 9.3], [-0.18472, 51.48068, 9.1], [-0.18448, 51.48077, 9.0], [-0.1843, 51.48083, 9.0], [-0.18416, 51.48088, 8.9], [-0.18395, 51.48096, 8.7], [-0.18387, 51.48099, 8.6], [-0.18367, 51.48106, 8.5], [-0.18345, 51.48114, 8.4], [-0.18338, 51.48116, 8.4], [-0.18335, 51.48117, 8.4], [-0.18331, 51.48119, 8.4], [-0.18326, 51.4812, 8.5], [-0.18308, 51.48126, 8.7], [-0.18293, 51.4813, 8.8], [-0.1825, 51.48143, 9.0], [-0.18244, 51.48145, 9.0], [-0.18239, 51.48147, 9.0], [-0.18205, 51.48157, 8.6], [-0.18175, 51.48164, 8.2], [-0.18171, 51.48166, 8.1], [-0.18167, 51.48167, 8.0], [-0.18156, 51.4817, 8.2], [-0.18156, 51.4817, 8.2], [-0.18133, 51.48147, 9.2], [-0.18129, 51.48142, 9.5], [-0.18124, 51.48138, 9.7], [-0.18121, 51.48133, 10.0], [-0.18111, 51.48123, 10.6], [-0.18102, 51.48113, 11.2], [-0.18099, 51.4811, 11.4], [-0.18088, 51.48099, 12.1], [-0.18086, 51.48096, 12.3], [-0.18083, 51.48093, 12.5], [-0.18079, 51.48089, 12.9], [-0.18071, 51.48082, 13.4], [-0.18061, 51.48073, 13.4], [-0.1806, 51.48073, 13.4], [-0.18025, 51.48044, 13.4], [-0.17996, 51.4802, 12.9], [-0.17991, 51.48015, 12.5], [-0.17991, 51.48015, 12.5], [-0.1796, 51.48018, 12.1], [-0.1793, 51.48021, 11.8], [-0.17927, 51.48021, 11.7], [-0.1792, 51.48022, 11.6], [-0.17846, 51.48029, 10.7], [-0.17836, 51.48031, 10.7], [-0.17821, 51.48034, 10.4], [-0.1782, 51.48034, 10.4], [-0.17802, 51.48038, 10.1], [-0.17793, 51.48041, 10.0], [-0.1779, 51.48042, 10.0], [-0.17784, 51.48044, 9.9], [-0.17777, 51.48047, 9.8], [-0.17772, 51.48049, 9.8], [-0.17771, 51.4805, 9.8], [-0.17767, 51.48052, 9.8], [-0.17758, 51.48057, 9.7], [-0.17746, 51.48065, 9.7], [-0.17738, 51.4807, 9.5], [-0.17732, 51.48074, 9.4], [-0.17727, 51.48078, 9.4], [-0.17724, 51.48081, 9.3], [-0.17716, 51.48086, 9.0], [-0.1771, 51.48091, 8.7], [-0.17695, 51.48101, 8.0], [-0.17689, 51.48105, 7.8], [-0.17685, 51.48108, 7.7], [-0.17676, 51.48115, 7.5], [-0.17674, 51.48116, 7.5], [-0.17672, 51.48117, 7.4], [-0.17657, 51.48128, 7.5], [-0.17648, 51.48134, 7.6], [-0.17636, 51.48142, 7.7], [-0.17634, 51.48144, 7.8], [-0.1762, 51.48153, 7.9], [-0.17611, 51.4816, 8.1], [-0.17607, 51.48162, 8.1], [-0.17602, 51.48164, 8.1], [-0.17591, 51.48169, 8.1], [-0.17585, 51.48171, 8.1], [-0.17578, 51.48173, 8.0], [-0.1757, 51.48175, 7.9], [-0.17562, 51.48177, 7.8], [-0.17551, 51.48179, 7.6], [-0.17543, 51.4818, 7.5], [-0.17535, 51.48182, 7.4], [-0.17529, 51.48182, 7.3], [-0.17523, 51.48182, 7.2], [-0.17507, 51.48184, 7.0], [-0.17495, 51.48185, 6.9], [-0.17476, 51.48188, 7.2], [-0.17466, 51.4819, 7.4], [-0.17424, 51.48198, 8.1], [-0.17408, 51.48201, 8.3], [-0.17399, 51.48203, 8.5], [-0.17387, 51.48209, 8.9], [-0.17371, 51.48213, 9.2], [-0.17343, 51.4822, 9.8], [-0.17343, 51.4822, 9.8], [-0.17323, 51.48224, 10.0], [-0.17319, 51.48225, 10.0], [-0.17312, 51.48225, 9.9], [-0.17309, 51.48225, 9.9], [-0.17306, 51.48225, 9.9], [-0.17304, 51.48225, 9.9], [-0.17301, 51.48224, 9.8], [-0.17291, 51.48226, 9.8], [-0.17268, 51.48231, 10.0], [-0.1726, 51.48233, 10.0], [-0.17254, 51.48235, 10.1], [-0.17248, 51.48236, 10.2], [-0.17243, 51.48238, 10.3], [-0.17236, 51.48239, 10.3], [-0.1721, 51.48246, 10.7], [-0.17182, 51.48252, 11.0], [-0.17153, 51.48258, 10.5], [-0.17143, 51.4826, 10.1], [-0.17111, 51.48267, 9.2], [-0.17073, 51.48274, 8.3], [-0.1705, 51.48279, 7.8], [-0.17047, 51.4828, 7.8], [-0.17042, 51.48283, 7.8], [-0.17039, 51.48284, 7.8], [-0.17036, 51.48285, 7.8], [-0.17032, 51.48285, 7.7], [-0.17025, 51.48286, 7.6], [-0.17021, 51.48286, 7.5], [-0.17017, 51.48285, 7.3], [-0.16997, 51.48289, 7.3], [-0.16994, 51.48289, 7.3], [-0.16962, 51.48295, 8.0], [-0.16892, 51.48306, 9.6], [-0.16856, 51.48311, 10.4], [-0.1683, 51.48315, 10.9], [-0.16819, 51.48319, 11.0], [-0.16812, 51.48321, 11.0], [-0.16805, 51.48323, 11.0], [-0.16797, 51.48326, 11.0], [-0.16794, 51.48327, 11.0], [-0.1679, 51.48329, 11.1], [-0.16784, 51.48332, 11.1], [-0.1678, 51.48335, 11.1], [-0.16776, 51.48338, 11.0], [-0.16767, 51.48342, 10.8], [-0.16762, 51.48345, 10.7], [-0.16759, 51.48347, 10.6], [-0.16754, 51.48349, 10.5], [-0.16744, 51.48353, 10.3], [-0.16739, 51.48354, 10.2], [-0.16735, 51.48354, 10.0], [-0.16731, 51.48355, 10.0], [-0.16717, 51.48355, 9.5], [-0.16705, 51.48354, 9.1], [-0.16697, 51.48354, 8.9], [-0.16692, 51.48353, 8.7], [-0.16687, 51.48353, 8.6], [-0.16677, 51.48351, 8.2], [-0.16666, 51.48349, 7.7], [-0.16661, 51.48348, 7.6], [-0.16654, 51.48347, 7.5], [-0.16652, 51.48347, 7.5], [-0.16638, 51.48346, 7.3], [-0.16625, 51.48345, 7.1], [-0.16603, 51.48346, 7.0], [-0.16596, 51.48346, 6.9], [-0.16582, 51.48348, 6.9], [-0.1653, 51.48355, 6.4], [-0.16513, 51.48357, 6.2], [-0.16437, 51.48367, 6.8], [-0.16435, 51.48367, 6.8], [-0.16428, 51.48369, 7.0], [-0.16423, 51.48372, 7.2], [-0.1642, 51.48373, 7.3], [-0.16415, 51.48374, 7.4], [-0.16409, 51.48375, 7.5], [-0.16404, 51.48375, 7.5], [-0.16399, 51.48376, 7.6], [-0.16384, 51.48377, 7.7], [-0.1638, 51.48377, 7.7], [-0.16374, 51.48375, 7.5], [-0.16355, 51.48378, 7.8], [-0.1632, 51.48383, 8.1], [-0.16301, 51.48385, 8.1], [-0.16196, 51.48399, 8.2], [-0.1618, 51.48401, 8.2], [-0.16126, 51.48408, 8.9], [-0.16097, 51.48412, 9.5], [-0.16089, 51.48413, 9.7], [-0.16086, 51.48413, 9.7], [-0.16075, 51.48414, 9.9], [-0.16067, 51.48416, 10.1], [-0.16018, 51.48422, 10.8], [-0.1599, 51.48426, 10.8], [-0.15982, 51.48427, 10.6], [-0.15923, 51.48436, 9.1], [-0.15906, 51.48438, 8.6], [-0.15863, 51.48443, 7.5], [-0.15851, 51.48445, 7.3], [-0.15829, 51.48447, 6.9], [-0.15702, 51.48464, 6.8], [-0.15676, 51.48468, 6.6], [-0.15654, 51.48471, 6.6], [-0.15619, 51.48475, 6.8], [-0.15577, 51.48482, 7.1], [-0.15548, 51.48487, 7.4], [-0.15543, 51.48488, 7.4], [-0.15459, 51.48503, 6.9], [-0.15411, 51.48512, 5.9], [-0.15355, 51.4852, 5.2], [-0.15305, 51.48528, 5.5], [-0.15304, 51.48528, 5.5], [-0.15297, 51.48529, 5.5], [-0.15289, 51.4853, 5.6], [-0.15283, 51.4853, 5.7], [-0.15278, 51.4853, 5.7], [-0.15274, 51.4853, 5.7], [-0.15269, 51.4853, 5.7], [-0.15261, 51.4853, 5.8], [-0.15253, 51.48531, 5.8], [-0.15244, 51.48532, 5.9], [-0.15219, 51.48536, 6.3], [-0.1521, 51.48538, 6.5], [-0.15166, 51.48545, 7.2], [-0.1514, 51.4855, 7.6], [-0.15132, 51.48552, 7.7], [-0.15107, 51.4856, 8.3], [-0.15098, 51.48562, 8.5], [-0.15085, 51.48566, 8.8], [-0.1505, 51.48574, 9.0], [-0.15039, 51.48576, 9.0], [-0.15029, 51.48578, 9.0], [-0.15027, 51.48579, 9.0], [-0.15018, 51.4858, 9.0], [-0.15004, 51.48582, 9.0], [-0.14986, 51.48583, 8.6], [-0.14978, 51.48583, 8.5], [-0.14973, 51.48583, 8.3], [-0.14925, 51.48576, 6.9], [-0.14909, 51.48575, 6.5], [-0.14888, 51.48573, 6.0], [-0.14866, 51.48573, 5.5], [-0.14804, 51.48573, 4.8], [-0.14792, 51.48573, 4.8], [-0.14787, 51.48573, 4.8], [-0.14777, 51.48574, 4.8], [-0.14773, 51.48574, 4.8], [-0.14691, 51.48575, 5.4], [-0.14671, 51.48576, 5.7], [-0.14665, 51.48576, 5.8], [-0.1465, 51.48577, 6.0], [-0.14641, 51.48577, 6.1], [-0.14624, 51.48577, 6.2], [-0.14619, 51.48577, 6.3], [-0.14607, 51.48576, 6.4], [-0.14587, 51.48574, 6.5], [-0.14575, 51.48573, 6.6], [-0.14561, 51.48571, 6.6], [-0.14531, 51.48569, 6.8], [-0.14516, 51.48568, 6.9], [-0.14501, 51.48567, 7.0], [-0.14441, 51.4856, 7.1], [-0.14429, 51.48559, 7.1], [-0.14414, 51.48557, 7.1], [-0.14396, 51.48555, 7.1], [-0.14388, 51.48554, 7.1], [-0.14377, 51.48552, 7.0], [-0.14328, 51.48545, 6.8], [-0.14302, 51.4854, 6.6], [-0.14286, 51.48537, 6.4], [-0.14276, 51.48536, 6.4], [-0.14258, 51.48534, 6.4], [-0.14253, 51.48533, 6.4], [-0.14232, 51.4853, 6.4], [-0.14213, 51.48526, 6.3], [-0.14207, 51.48525, 6.3], [-0.1418, 51.4852, 6.3], [-0.14165, 51.48517, 6.2], [-0.14153, 51.48514, 6.0], [-0.14148, 51.48514, 6.0], [-0.14119, 51.48509, 5.6], [-0.14111, 51.48508, 5.5], [-0.141, 51.48507, 5.4], [-0.14087, 51.48505, 5.3], [-0.14055, 51.485, 5.3], [-0.14049, 51.48499, 5.4], [-0.14009, 51.48493, 5.6], [-0.14006, 51.48493, 5.7], [-0.13996, 51.48492, 5.8], [-0.13987, 51.48492, 6.1], [-0.13978, 51.48492, 6.4], [-0.1397, 51.48492, 6.7], [-0.13963, 51.48492, 6.9], [-0.13957, 51.48492, 7.1], [-0.1395, 51.48492, 7.3], [-0.13942, 51.48493, 7.7], [-0.13936, 51.48493, 7.9], [-0.13929, 51.48493, 8.1], [-0.13921, 51.48494, 8.4], [-0.13918, 51.48494, 8.5], [-0.13902, 51.48496, 9.2], [-0.13879, 51.48499, 10.3], [-0.13876, 51.48499, 10.4], [-0.13862, 51.48501, 11.0], [-0.13852, 51.48503, 11.3], [-0.13839, 51.48506, 11.7], [-0.13836, 51.48506, 11.8], [-0.13787, 51.48515, 9.9], [-0.1373, 51.48525, 8.2], [-0.13682, 51.48532, 7.3], [-0.13674, 51.48534, 7.3], [-0.13657, 51.48537, 7.4], [-0.13636, 51.4854, 7.8], [-0.13635, 51.48541, 7.9], [-0.1361, 51.48545, 8.4], [-0.13609, 51.48545, 8.4], [-0.13605, 51.48546, 8.5], [-0.13599, 51.48547, 8.6], [-0.13581, 51.4855, 9.0], [-0.13519, 51.48561, 9.8], [-0.13496, 51.48565, 9.9], [-0.13488, 51.48566, 9.8], [-0.13442, 51.48575, 9.2], [-0.13419, 51.48579, 8.8], [-0.13382, 51.48586, 7.9], [-0.13361, 51.48589, 7.4], [-0.13331, 51.48595, 6.8], [-0.133, 51.486, 6.7], [-0.13286, 51.48606, 6.9], [-0.13266, 51.48611, 6.9], [-0.13246, 51.48616, 6.8], [-0.1323, 51.4862, 6.6], [-0.13213, 51.48625, 6.4], [-0.13191, 51.48633, 6.1], [-0.13181, 51.48636, 6.0], [-0.1317, 51.48641, 5.9], [-0.13158, 51.48645, 5.8], [-0.13152, 51.48649, 5.9], [-0.1314, 51.48654, 5.8], [-0.13136, 51.48656, 5.8], [-0.13135, 51.48657, 5.9], [-0.13131, 51.4866, 5.9], [-0.13122, 51.48666, 5.9], [-0.1312, 51.48668, 6.0], [-0.13109, 51.48677, 6.4], [-0.13105, 51.48682, 6.7], [-0.13096, 51.48692, 7.5], [-0.13089, 51.48705, 8.6], [-0.13086, 51.4871, 9.1], [-0.13072, 51.48735, 12.0], [-0.13061, 51.48755, 13.9], [-0.13058, 51.4876, 13.9], [-0.1305, 51.48774, 13.7], [-0.13033, 51.48797, 13.3], [-0.1303, 51.48801, 13.2], [-0.13022, 51.48807, 13.1], [-0.13022, 51.48807, 13.1], [-0.130177, 51.48811, 13.0], [-0.13009, 51.48819, 12.7], [-0.12995, 51.48833, 12.0], [-0.12992, 51.48836, 11.8], [-0.1298, 51.48848, 11.4], [-0.129759, 51.48852, 11.2], [-0.12972, 51.48856, 11.0], [-0.129707, 51.48858, 11.0], [-0.12963, 51.48865, 10.6], [-0.129537, 51.48873, 10.2], [-0.129398, 51.48881, 9.7], [-0.129317, 51.48886, 9.4], [-0.129287, 51.48888, 9.3], [-0.12926, 51.4889, 9.1], [-0.12916, 51.48895, 8.8], [-0.12913, 51.48897, 8.6], [-0.12908, 51.489, 8.4], [-0.12895, 51.48907, 7.8], [-0.12888, 51.48911, 7.5], [-0.12881, 51.48914, 7.2], [-0.12872, 51.48918, 6.9], [-0.12862, 51.48923, 6.7], [-0.12849, 51.48929, 6.3], [-0.128427, 51.48932, 6.2], [-0.12836, 51.48935, 6.1], [-0.128288, 51.48939, 5.9], [-0.12814, 51.48944, 5.8], [-0.12775, 51.48959, 5.3], [-0.12766, 51.48962, 5.2], [-0.12756, 51.48966, 5.1], [-0.12753, 51.48968, 5.0], [-0.127428, 51.48972, 4.8], [-0.12736, 51.48976, 4.7], [-0.127317, 51.48979, 4.6], [-0.12727, 51.48982, 4.4], [-0.1272, 51.48987, 4.3], [-0.12716, 51.48989, 4.2], [-0.12713, 51.48992, 4.1], [-0.12711, 51.48994, 4.1], [-0.12706, 51.48998, 3.9], [-0.126957, 51.49007, 4.2], [-0.12684, 51.49019, 4.7], [-0.12661, 51.49046, 6.2], [-0.12656, 51.49052, 6.5], [-0.12647, 51.49063, 7.0], [-0.12631, 51.49082, 7.6], [-0.12625, 51.4909, 8.1], [-0.12616, 51.49101, 8.7], [-0.12612, 51.49106, 8.9], [-0.12608, 51.49111, 9.0], [-0.125929, 51.49129, 9.4], [-0.12573, 51.49155, 9.4], [-0.12562, 51.49179, 8.7], [-0.12561, 51.49182, 8.6], [-0.12558, 51.49189, 8.2], [-0.12556, 51.49194, 7.9], [-0.12539, 51.49231, 6.0], [-0.12539, 51.49232, 6.0], [-0.125347, 51.49241, 5.6], [-0.12533, 51.49246, 5.4], [-0.12523, 51.49275, 11.2], [-0.12522, 51.49276, 11.5], [-0.12518, 51.4928, 12.4], [-0.125127, 51.49284, 13.4], [-0.12512, 51.49293, 15.9], [-0.12512, 51.49303, 18.8], [-0.12511, 51.49306, 19.6], [-0.12511, 51.49311, 21.0], [-0.12512, 51.49321, 23.8], [-0.125127, 51.49333, 27.1], [-0.125127, 51.49346, 26.5], [-0.12514, 51.4936, 25.7], [-0.12516, 51.4938, 24.6], [-0.12516, 51.49392, 23.9], [-0.12517, 51.49403, 23.3], [-0.12518, 51.4942, 22.3], [-0.12519, 51.49428, 21.6], [-0.12519, 51.49434, 21.2], [-0.125237, 51.4944, 20.7], [-0.12526, 51.49448, 20.1], [-0.12529, 51.49466, 18.8], [-0.12531, 51.49467, 18.8], [-0.125319, 51.49468, 18.7], [-0.12533, 51.49468, 18.7], [-0.12534, 51.49469, 18.7], [-0.12534, 51.4947, 18.6], [-0.12536, 51.49471, 18.6], [-0.12537, 51.49472, 18.6], [-0.12537, 51.49473, 18.5], [-0.12537, 51.49474, 18.4], [-0.125377, 51.49475, 18.4], [-0.125377, 51.49476, 18.3], [-0.125377, 51.49477, 18.3], [-0.125377, 51.49478, 18.2], [-0.125377, 51.49479, 18.1], [-0.125377, 51.4948, 18.1], [-0.12537, 51.49481, 18.0], [-0.12536, 51.49482, 17.9], [-0.12536, 51.49483, 17.8], [-0.125347, 51.49483, 17.8], [-0.12534, 51.49485, 17.6], [-0.12533, 51.49485, 17.6], [-0.12533, 51.49486, 17.5], [-0.125319, 51.49486, 17.5], [-0.12531, 51.49487, 17.4], [-0.1253, 51.49487, 17.3], [-0.12529, 51.49488, 17.2], [-0.12528, 51.49488, 17.2], [-0.12525, 51.49498, 16.3], [-0.1252, 51.49511, 16.1], [-0.12517, 51.49519, 16.0], [-0.125237, 51.49544, 16.7], [-0.12528, 51.49562, 17.1], [-0.12534, 51.49584, 17.5], [-0.1254, 51.49608, 14.6], [-0.12553, 51.49661, 8.8], [-0.125568, 51.4968, 8.3], [-0.12562, 51.49699, 8.4], [-0.125627, 51.49711, 8.2], [-0.12564, 51.49724, 8.1], [-0.12565, 51.49738, 7.9], [-0.12566, 51.49757, 7.6], [-0.125679, 51.49766, 7.6], [-0.1257, 51.49775, 7.5], [-0.12573, 51.49793, 7.4], [-0.12573, 51.49817, 6.8], [-0.12573, 51.49824, 6.7], [-0.12573, 51.49825, 6.7], [-0.125737, 51.49826, 6.7], [-0.125737, 51.49829, 6.6], [-0.12576, 51.49838, 7.2], [-0.12578, 51.49845, 8.1], [-0.125847, 51.4987, 11.0], [-0.126068, 51.49928, 15.2], [-0.12609, 51.49936, 15.0], [-0.126097, 51.49937, 15.0], [-0.12611, 51.49939, 14.9], [-0.12612, 51.4994, 14.8], [-0.12612, 51.49941, 14.8], [-0.12617, 51.49958, 14.4], [-0.12619, 51.49961, 14.3], [-0.1262, 51.49963, 14.3], [-0.126207, 51.49966, 14.2], [-0.126207, 51.49971, 14.1], [-0.12623, 51.49977, 13.9], [-0.12622, 51.50001, 13.6], [-0.126237, 51.50007, 13.7], [-0.12626, 51.50012, 13.9], [-0.12627, 51.50014, 13.9], [-0.12629, 51.50015, 13.9], [-0.12631, 51.50017, 14.0], [-0.12634, 51.50018, 14.0], [-0.12641, 51.50021, 14.0], [-0.12648, 51.50023, 14.0], [-0.126568, 51.50023, 13.9], [-0.12665, 51.50024, 13.9], [-0.12673, 51.50024, 14.0], [-0.12679, 51.50025, 14.1], [-0.12687, 51.50025, 14.2], [-0.12697, 51.50026, 14.4], [-0.12697, 51.50026, 14.4], [-0.12722, 51.5002, 14.5], [-0.127317, 51.50019, 14.6], [-0.12745, 51.50016, 14.7], [-0.12753, 51.50016, 14.8], [-0.12761, 51.50014, 14.7], [-0.12772, 51.50012, 14.7], [-0.12783, 51.50009, 14.5], [-0.12808, 51.50002, 14.1], [-0.12813, 51.50001, 14.1], [-0.128427, 51.49992, 14.3], [-0.12848, 51.4999, 14.4], [-0.12864, 51.49984, 14.6], [-0.12876, 51.49979, 14.8], [-0.12884, 51.49975, 14.8], [-0.128899, 51.49972, 14.8], [-0.12897, 51.49969, 14.8], [-0.12905, 51.49967, 14.8], [-0.12908, 51.49967, 14.8], [-0.12912, 51.49967, 14.8], [-0.12938, 51.49955, 14.4], [-0.12958, 51.49947, 14.0], [-0.129648, 51.49944, 13.8], [-0.12974, 51.4994, 13.5], [-0.12981, 51.49938, 13.4], [-0.12992, 51.49934, 13.1], [-0.13, 51.49931, 12.9], [-0.130287, 51.4992, 13.5], [-0.13045, 51.49914, 14.2], [-0.13124, 51.49885, 17.6], [-0.13131, 51.49883, 17.8], [-0.13187, 51.49862, 18.3], [-0.13203, 51.49856, 18.3], [-0.13251, 51.49839, 18.2], [-0.13278, 51.49829, 18.3], [-0.13326, 51.49812, 18.9], [-0.13341, 51.49806, 19.1], [-0.13364, 51.49798, 19.4], [-0.1338, 51.49792, 19.8], [-0.134, 51.49785, 20.5], [-0.13442, 51.49774, 22.1], [-0.13483, 51.49764, 24.0], [-0.13501, 51.4976, 24.9], [-0.13507, 51.49758, 24.8], [-0.135587, 51.497487, 23.1], [-0.13576, 51.49776, 21.0], [-0.13584, 51.49789, 20.1], [-0.13591, 51.49798, 19.5], [-0.13594, 51.49802, 19.3], [-0.136, 51.49809, 18.9], [-0.13605, 51.49814, 18.7], [-0.13608, 51.49817, 18.6], [-0.13617, 51.49824, 18.3], [-0.13622, 51.49828, 18.1], [-0.13628, 51.49832, 18.0], [-0.13634, 51.49836, 17.9], [-0.13642, 51.4984, 17.8], [-0.1365, 51.49844, 17.6], [-0.13664, 51.4985, 17.2], [-0.1368, 51.49857, 16.7], [-0.13716, 51.49872, 16.1], [-0.13739, 51.49881, 16.0], [-0.13746, 51.49884, 16.0], [-0.13757, 51.49889, 16.0], [-0.13776, 51.49897, 16.1], [-0.13795, 51.49905, 16.3], [-0.13814, 51.49909, 16.6], [-0.13839, 51.49916, 16.8], [-0.13863, 51.49923, 15.7], [-0.13865, 51.49924, 15.6], [-0.13903, 51.49936, 14.0], [-0.13938, 51.49947, 12.9], [-0.13958, 51.49954, 12.3], [-0.13981, 51.49961, 11.8], [-0.13987, 51.49963, 11.7], [-0.13997, 51.49967, 11.4], [-0.14003, 51.49969, 11.4], [-0.14013, 51.49973, 11.3], [-0.14024, 51.49978, 11.2], [-0.14033, 51.49982, 11.1], [-0.14045, 51.49988, 10.8], [-0.14048, 51.4999, 10.8], [-0.14067, 51.50003, 10.3], [-0.14075, 51.50009, 10.4], [-0.14079, 51.50012, 10.5], [-0.14084, 51.50016, 10.6], [-0.14089, 51.50021, 10.8], [-0.14089, 51.50021, 10.8], [-0.14083, 51.50035, 11.3], [-0.14077, 51.50046, 11.6], [-0.14071, 51.50059, 12.0], [-0.14062, 51.50079, 12.4], [-0.14062, 51.50079, 12.4], [-0.14053, 51.50098, 11.8], [-0.14046, 51.50115, 11.1], [-0.14041, 51.50127, 10.7], [-0.14036, 51.5014, 10.2], [-0.14029, 51.5015, 9.8], [-0.14006, 51.50167, 9.1], [-0.14005, 51.50172, 9.3], [-0.14003, 51.50176, 9.5], [-0.14002, 51.50178, 9.6], [-0.14002, 51.5018, 9.7], [-0.14001, 51.50182, 9.7], [-0.14001, 51.50184, 9.8], [-0.14001, 51.50187, 10.0], [-0.14001, 51.5019, 10.1], [-0.14001, 51.50194, 10.3], [-0.14003, 51.50198, 10.5], [-0.14005, 51.50202, 10.7], [-0.14009, 51.50207, 10.9], [-0.14009, 51.50207, 10.9], [-0.14016, 51.50211, 11.1], [-0.14022, 51.50213, 11.2], [-0.14028, 51.50215, 11.3], [-0.14035, 51.50217, 11.3], [-0.14042, 51.50218, 11.3], [-0.14048, 51.50219, 11.4], [-0.14056, 51.50219, 11.3], [-0.14064, 51.5022, 11.3], [-0.14072, 51.5022, 11.3], [-0.14084, 51.50219, 11.3], [-0.14108, 51.50218, 11.3], [-0.14156, 51.50218, 11.6], [-0.14197, 51.5022, 11.9], [-0.14214, 51.50221, 12.0], [-0.14244, 51.50222, 12.3], [-0.14343, 51.50226, 12.8], [-0.14343, 51.50226, 12.8], [-0.14362, 51.50224, 13.2], [-0.14448, 51.50227, 14.7], [-0.14549, 51.50231, 15.4], [-0.14574, 51.50232, 15.5], [-0.14737, 51.50238, 17.4], [-0.14854, 51.50242, 19.1], [-0.14879, 51.50242, 19.3], [-0.14908, 51.50243, 19.6], [-0.1495, 51.50245, 19.7], [-0.149788, 51.502504, 20.0], [-0.149844, 51.5026, 20.8], [-0.149779, 51.502729, 21.9], [-0.149753, 51.502924, 23.4], [-0.149757, 51.50306, 23.5], [-0.149628, 51.503167, 25.2], [-0.149281, 51.503317, 26.0], [-0.148628, 51.503626, 25.2], [-0.147906, 51.503967, 23.7], [-0.147627, 51.504154, 23.3], [-0.147338, 51.504374, 23.5], [-0.147338, 51.504374, 23.5], [-0.146088, 51.50513, 24.2], [-0.146, 51.50518, 23.9], [-0.146, 51.50519, 23.9], [-0.14582, 51.50528, 23.3], [-0.14578, 51.5053, 23.2], [-0.14556, 51.50541, 22.7], [-0.14534, 51.50553, 22.5], [-0.14525, 51.50557, 22.4], [-0.14502, 51.50569, 22.6], [-0.14471, 51.50586, 23.1], [-0.14467, 51.50588, 23.2], [-0.1446, 51.50592, 23.4], [-0.14436, 51.50605, 24.2], [-0.14409, 51.50619, 25.2], [-0.14353, 51.50647, 28.4], [-0.14342, 51.50652, 29.2], [-0.14291, 51.50677, 31.5], [-0.14249, 51.50698, 32.1], [-0.14238, 51.50703, 32.3], [-0.14225, 51.50709, 32.4], [-0.14205, 51.50719, 32.4], [-0.14177, 51.50732, 32.2], [-0.1413, 51.50754, 32.1], [-0.14084, 51.50774, 32.6], [-0.14067, 51.50781, 32.7], [-0.14064, 51.50782, 32.7], [-0.14061, 51.50783, 32.7], [-0.14055, 51.50785, 32.7], [-0.14011, 51.50803, 32.7], [-0.14, 51.50808, 32.7], [-0.13976, 51.50816, 32.4], [-0.13953, 51.50824, 32.2], [-0.13937, 51.5083, 32.1], [-0.13903, 51.5084, 31.8], [-0.13896, 51.50843, 31.8], [-0.13888, 51.50845, 31.7], [-0.13882, 51.50847, 31.6], [-0.13875, 51.50849, 31.5], [-0.13842, 51.50859, 31.1], [-0.1383, 51.50863, 31.0], [-0.13822, 51.50865, 30.9], [-0.13788, 51.50875, 30.7], [-0.13762, 51.50883, 30.7], [-0.13734, 51.50893, 30.7], [-0.13721, 51.50897, 30.9], [-0.13711, 51.50901, 31.0], [-0.13694, 51.50906, 31.3], [-0.13685, 51.50909, 31.5], [-0.13634, 51.50926, 32.3], [-0.13631, 51.50927, 32.4], [-0.13613, 51.50933, 32.6], [-0.13606, 51.50936, 32.7], [-0.13594, 51.5094, 32.8], [-0.13587, 51.50942, 32.9], [-0.13521, 51.50963, 32.8], [-0.135, 51.5097, 32.6], [-0.13496, 51.50972, 32.7], [-0.13494, 51.50972, 32.8], [-0.13492, 51.50973, 32.9], [-0.13491, 51.50974, 32.9], [-0.1349, 51.50974, 33.0], [-0.13489, 51.50975, 33.0], [-0.13488, 51.50975, 33.0], [-0.13488, 51.50976, 33.1], [-0.13487, 51.50977, 33.2], [-0.13486, 51.50979, 33.3], [-0.13486, 51.5098, 33.3], [-0.13485, 51.50981, 33.4], [-0.13485, 51.50984, 33.6], [-0.13485, 51.50988, 33.8], [-0.13485, 51.50993, 34.0], [-0.13485, 51.50994, 34.1], [-0.13484, 51.50995, 34.1], [-0.13481, 51.50999, 34.4], [-0.13479, 51.51001, 34.5], [-0.13476, 51.51004, 34.7], [-0.13469, 51.51008, 34.9], [-0.13464, 51.51011, 35.1], [-0.13464, 51.51011, 35.1], [-0.13455, 51.51015, 35.3], [-0.13445, 51.5102, 35.6], [-0.13439, 51.51024, 35.8], [-0.13438, 51.51024, 35.9], [-0.13437, 51.51025, 35.9], [-0.13432, 51.51029, 36.0], [-0.13431, 51.51031, 36.1], [-0.13414, 51.51053, 36.7], [-0.13398, 51.51074, 37.1], [-0.13385, 51.51086, 37.2], [-0.13377, 51.5109, 37.1], [-0.13361, 51.51105, 36.3], [-0.13338, 51.51127, 34.9], [-0.13321, 51.51139, 33.9], [-0.13313, 51.51144, 33.5], [-0.13306, 51.51149, 33.1], [-0.13287, 51.51159, 32.4], [-0.13281, 51.51162, 32.3], [-0.13275, 51.51165, 32.1], [-0.13268, 51.51168, 32.0], [-0.13261, 51.51172, 32.1], [-0.13254, 51.51176, 32.1], [-0.13251, 51.51177, 32.1], [-0.13243, 51.51181, 32.3], [-0.1324, 51.51183, 32.3], [-0.13235, 51.51185, 32.4], [-0.13211, 51.51195, 32.8], [-0.13187, 51.51205, 33.2], [-0.13149, 51.51221, 33.7], [-0.13132, 51.51227, 33.7], [-0.13121, 51.51231, 33.8], [-0.13113, 51.51234, 33.8], [-0.13108, 51.51235, 33.8], [-0.13072, 51.51248, 34.0], [-0.13067, 51.5125, 34.0], [-0.13059, 51.51253, 34.0], [-0.130567, 51.51254, 34.0], [-0.130397, 51.51261, 33.9], [-0.129957, 51.51276, 34.0], [-0.129787, 51.51284, 34.1], [-0.12972, 51.51288, 34.2], [-0.129677, 51.5129, 34.2], [-0.12953, 51.51299, 34.3], [-0.12945, 51.51304, 34.4], [-0.12942, 51.51307, 34.5], [-0.12942, 51.51307, 34.5], [-0.12937, 51.51311, 34.6], [-0.12931, 51.51315, 34.6], [-0.129287, 51.51316, 34.7], [-0.12914, 51.51326, 34.9], [-0.12914, 51.51326, 34.9], [-0.12924, 51.51344, 34.9], [-0.129287, 51.51355, 34.9], [-0.129398, 51.51375, 34.7], [-0.12948, 51.51388, 34.6], [-0.12952, 51.51399, 34.6], [-0.129537, 51.51403, 34.6], [-0.12962, 51.51422, 34.5], [-0.12972, 51.51452, 34.3], [-0.12987, 51.51487, 34.2], [-0.12989, 51.51491, 34.1], [-0.129927, 51.51501, 34.1], [-0.12995, 51.51506, 34.2], [-0.130067, 51.51533, 35.0], [-0.1301, 51.5154, 35.2], [-0.13017, 51.51559, 35.7], [-0.13022, 51.51579, 36.0], [-0.13023, 51.51581, 36.0], [-0.13024, 51.51585, 36.1], [-0.130259, 51.51593, 36.3], [-0.13027, 51.51596, 36.3], [-0.13031, 51.51618, 36.7], [-0.13036, 51.51642, 37.2], [-0.13036, 51.51642, 37.2], [-0.13038, 51.51649, 37.3], [-0.13041, 51.51656, 37.4], [-0.13042, 51.51658, 37.4], [-0.130427, 51.5166, 37.4], [-0.13045, 51.51665, 37.4], [-0.130508, 51.51674, 37.7], [-0.13056, 51.51681, 37.9], [-0.13063, 51.51691, 38.3], [-0.130677, 51.51698, 38.5], [-0.13078, 51.51709, 39.0], [-0.13091, 51.51722, 39.7], [-0.131067, 51.51738, 40.4], [-0.13113, 51.51743, 40.7], [-0.13133, 51.51764, 40.4], [-0.13136, 51.51767, 40.3], [-0.13137, 51.51767, 40.3], [-0.13152, 51.51783, 39.5], [-0.13179, 51.51811, 37.9], [-0.13179, 51.51811, 37.9], [-0.13183, 51.51815, 37.6], [-0.13223, 51.51856, 36.3], [-0.13229, 51.51863, 36.3], [-0.13243, 51.51877, 36.1], [-0.13254, 51.51888, 36.0], [-0.13266, 51.519, 36.0], [-0.13288, 51.51922, 36.1], [-0.13292, 51.51926, 36.2], [-0.13299, 51.51932, 36.4], [-0.13303, 51.51936, 36.5], [-0.13309, 51.51943, 36.6], [-0.13322, 51.51954, 36.9], [-0.1334, 51.51972, 37.2], [-0.13344, 51.51975, 37.3], [-0.13346, 51.51978, 37.3], [-0.13352, 51.51984, 37.4], [-0.13364, 51.51996, 37.5], [-0.13367, 51.51998, 37.5], [-0.13382, 51.52013, 37.1], [-0.13401, 51.52032, 36.7], [-0.13431, 51.52057, 36.4], [-0.13432, 51.52059, 36.4], [-0.13439, 51.52065, 36.4], [-0.13459, 51.52084, 36.5], [-0.1347, 51.52095, 37.0], [-0.13477, 51.52101, 37.2], [-0.13483, 51.52108, 37.4], [-0.13493, 51.52119, 37.8], [-0.13499, 51.52125, 38.0], [-0.13502, 51.52129, 38.1], [-0.13516, 51.52146, 38.6], [-0.13517, 51.52146, 38.6], [-0.1353, 51.52161, 38.9], [-0.13539, 51.52171, 38.9], [-0.13559, 51.52193, 38.5], [-0.13574, 51.52209, 38.0], [-0.13585, 51.5222, 37.7], [-0.13598, 51.52232, 37.4], [-0.13609, 51.52243, 37.2], [-0.13613, 51.52247, 37.1], [-0.1363, 51.52264, 36.8], [-0.13644, 51.5228, 36.6], [-0.13664, 51.52302, 36.4], [-0.13691, 51.52333, 35.7], [-0.13692, 51.52335, 35.7], [-0.13724, 51.52372, 35.9], [-0.13734, 51.52388, 36.0], [-0.13736, 51.52391, 36.0], [-0.13745, 51.52403, 35.9], [-0.13751, 51.52413, 35.9], [-0.13758, 51.52422, 35.7], [-0.13758, 51.52422, 35.7], [-0.13762, 51.52428, 35.5], [-0.13768, 51.52437, 35.2], [-0.13772, 51.52444, 35.1], [-0.13777, 51.52454, 34.9], [-0.13779, 51.52458, 34.8], [-0.13785, 51.52469, 34.7], [-0.13787, 51.52475, 34.6], [-0.13805, 51.52484, 34.7], [-0.13814, 51.52496, 34.8], [-0.13822, 51.52507, 34.7], [-0.13831, 51.52518, 34.5], [-0.13831, 51.52518, 34.5], [-0.13839, 51.52531, 34.5], [-0.13847, 51.52544, 34.4], [-0.13851, 51.52554, 34.3], [-0.13855, 51.52566, 34.0], [-0.13857, 51.52572, 33.9], [-0.1386, 51.52575, 33.9], [-0.13861, 51.52582, 33.7], [-0.13861, 51.52586, 33.6], [-0.13861, 51.52587, 33.6], [-0.13861, 51.52589, 33.6], [-0.13859, 51.52592, 33.5], [-0.1386, 51.52611, 33.2], [-0.13861, 51.52634, 32.9], [-0.13861, 51.5265, 32.6], [-0.13862, 51.52689, 31.4], [-0.13862, 51.52719, 30.2], [-0.13862, 51.52773, 29.0], [-0.13862, 51.52788, 29.0], [-0.13862, 51.52802, 29.0], [-0.13862, 51.52813, 29.0], [-0.13863, 51.52855, 29.6], [-0.13862, 51.52871, 30.0], [-0.13862, 51.52879, 30.3], [-0.13862, 51.5288, 30.3], [-0.13866, 51.52882, 30.3], [-0.13867, 51.52883, 30.3], [-0.13867, 51.52884, 30.3], [-0.13868, 51.52886, 30.4], [-0.13868, 51.5289, 30.5], [-0.13868, 51.52894, 30.6], [-0.13868, 51.529, 30.7], [-0.13868, 51.52911, 31.0], [-0.13867, 51.52925, 30.9], [-0.13866, 51.52939, 30.4], [-0.13866, 51.52943, 30.2], [-0.13866, 51.52957, 29.7], [-0.13866, 51.52975, 29.0], [-0.13869, 51.52997, 28.1], [-0.13873, 51.53042, 27.2], [-0.13876, 51.53063, 26.9], [-0.13877, 51.53068, 26.8], [-0.13879, 51.53077, 26.7], [-0.1388, 51.53079, 26.7], [-0.13882, 51.53085, 26.7], [-0.13885, 51.53094, 26.7], [-0.13893, 51.53127, 26.3], [-0.13901, 51.53145, 26.1], [-0.13902, 51.53146, 26.1], [-0.13907, 51.53162, 25.9], [-0.1391, 51.53172, 25.8], [-0.13912, 51.53178, 25.7], [-0.13917, 51.53192, 25.6], [-0.13925, 51.53219, 26.3], [-0.13928, 51.53228, 26.6], [-0.13929, 51.53234, 26.7], [-0.13931, 51.53243, 27.0], [-0.13934, 51.53252, 27.3], [-0.13934, 51.53258, 27.7], [-0.13934, 51.53261, 27.9], [-0.13934, 51.53262, 28.0], [-0.13933, 51.53263, 28.0], [-0.1393, 51.53266, 28.2], [-0.13929, 51.53282, 29.2], [-0.13928, 51.53287, 29.5], [-0.13926, 51.53312, 31.0], [-0.13926, 51.53312, 31.0], [-0.13926, 51.53312, 31.0], [-0.13926, 51.53317, 31.3], [-0.13923, 51.53351, 32.0], [-0.13924, 51.53367, 31.8], [-0.13923, 51.53394, 31.3], [-0.13919, 51.53416, 31.0], [-0.13919, 51.53418, 31.0], [-0.13917, 51.5343, 30.7], [-0.13912, 51.53441, 30.3], [-0.13912, 51.53441, 30.3], [-0.13904, 51.53455, 29.9], [-0.13902, 51.53458, 29.7], [-0.13899, 51.53464, 29.5], [-0.13898, 51.53466, 29.5], [-0.13897, 51.53469, 29.4], [-0.13896, 51.53485, 28.9], [-0.13899, 51.53499, 28.6], [-0.139, 51.53501, 28.6], [-0.13903, 51.53509, 28.8], [-0.13908, 51.53517, 29.0], [-0.13909, 51.53519, 29.0], [-0.13915, 51.53528, 29.3], [-0.13918, 51.53532, 29.4], [-0.13923, 51.53537, 29.6], [-0.13936, 51.5355, 30.1], [-0.13972, 51.53586, 31.2], [-0.13981, 51.53595, 31.2], [-0.13987, 51.53601, 31.1], [-0.14034, 51.53645, 30.5], [-0.14052, 51.53663, 30.4], [-0.14065, 51.53675, 30.6], [-0.14075, 51.53684, 30.8], [-0.14075, 51.53684, 30.8], [-0.14078, 51.53687, 30.9], [-0.14085, 51.53694, 31.0], [-0.14094, 51.53702, 31.2], [-0.14097, 51.53705, 31.3], [-0.14104, 51.53712, 31.4], [-0.14107, 51.53714, 31.4], [-0.14113, 51.53722, 31.5], [-0.14127, 51.53739, 31.6], [-0.14128, 51.5374, 31.6], [-0.14143, 51.53757, 31.8], [-0.14155, 51.53771, 32.1], [-0.14168, 51.53786, 32.4], [-0.14193, 51.53814, 32.9], [-0.14201, 51.53824, 33.0], [-0.14226, 51.53853, 32.7], [-0.14226, 51.53853, 32.7], [-0.14231, 51.53856, 32.7], [-0.14232, 51.53856, 32.7], [-0.14232, 51.53856, 32.7], [-0.142426, 51.538804, 32.4], [-0.142426, 51.538804, 32.4], [-0.142442, 51.53908, 32.0], [-0.142442, 51.53908, 32.0], [-0.142345, 51.539552, 31.4], [-0.14235, 51.5396, 31.3], [-0.14225, 51.54004, 30.6], [-0.1422, 51.5403, 30.1], [-0.14218, 51.54042, 29.9], [-0.14215, 51.5406, 29.6], [-0.14215, 51.54066, 29.5], [-0.14213, 51.5408, 29.2], [-0.14212, 51.54086, 29.1], [-0.1421, 51.54097, 28.9], [-0.14208, 51.54107, 28.7], [-0.14206, 51.54117, 28.5], [-0.14203, 51.5414, 28.3], [-0.14202, 51.54146, 28.2], [-0.14201, 51.54149, 28.2], [-0.142, 51.54158, 28.1], [-0.14195, 51.5419, 27.9], [-0.14193, 51.542, 27.9], [-0.14193, 51.54202, 27.9], [-0.14188, 51.54236, 28.1], [-0.14185, 51.54255, 28.4], [-0.14184, 51.54267, 28.9], [-0.14183, 51.54274, 29.1], [-0.14177, 51.54315, 30.6], [-0.14173, 51.54346, 31.7], [-0.14172, 51.54358, 32.3], [-0.14171, 51.54361, 32.4], [-0.14171, 51.54364, 32.5], [-0.14169, 51.54367, 32.6], [-0.14166, 51.54373, 32.9], [-0.14155, 51.54397, 34.1], [-0.14152, 51.54404, 34.4], [-0.14151, 51.54411, 34.7], [-0.1415, 51.54415, 34.9], [-0.1415, 51.54419, 34.9], [-0.14148, 51.54463, 33.3], [-0.14148, 51.54472, 33.0], [-0.14152, 51.54481, 32.7], [-0.14153, 51.54484, 32.6], [-0.14154, 51.54487, 32.5], [-0.14156, 51.54501, 32.0], [-0.14158, 51.5451, 32.4], [-0.14159, 51.54513, 32.5], [-0.1416, 51.54517, 32.6], [-0.14162, 51.54539, 33.4], [-0.14163, 51.54544, 33.6], [-0.14163, 51.54546, 33.7], [-0.14163, 51.54547, 33.7], [-0.14161, 51.54551, 33.8], [-0.14168, 51.54571, 34.5], [-0.14171, 51.54578, 34.7], [-0.14171, 51.5458, 34.8], [-0.14172, 51.54588, 34.9], [-0.14173, 51.54596, 34.8], [-0.14176, 51.54614, 34.8], [-0.14176, 51.54616, 34.8], [-0.14176, 51.54622, 34.8], [-0.14176, 51.54624, 34.8], [-0.14176, 51.54634, 34.8], [-0.14176, 51.54652, 34.8], [-0.14173, 51.54663, 34.8], [-0.14171, 51.54668, 34.9], [-0.1417, 51.54671, 34.9], [-0.14169, 51.54678, 34.9], [-0.14166, 51.54688, 35.0], [-0.14163, 51.54698, 35.0], [-0.14158, 51.54718, 35.1], [-0.14156, 51.54728, 35.1], [-0.14156, 51.54734, 35.1], [-0.14144, 51.54761, 35.8], [-0.14136, 51.54778, 36.6], [-0.14126, 51.54803, 37.7], [-0.14124, 51.54809, 38.0], [-0.14122, 51.5482, 38.4], [-0.14119, 51.54834, 39.0], [-0.14118, 51.54837, 39.0], [-0.14115, 51.54848, 39.2], [-0.14112, 51.54861, 39.3], [-0.14107, 51.54885, 39.6], [-0.14104, 51.54887, 39.6], [-0.14102, 51.54897, 39.8], [-0.141, 51.54904, 39.8], [-0.14096, 51.54919, 40.0], [-0.14093, 51.54932, 39.8], [-0.1409, 51.54944, 39.7], [-0.14088, 51.54958, 39.5], [-0.14086, 51.54969, 39.4], [-0.14081, 51.54989, 39.1], [-0.14072, 51.5504, 38.0], [-0.14071, 51.55047, 38.0], [-0.1407, 51.55055, 38.2], [-0.1407, 51.55057, 38.2], [-0.14069, 51.55061, 38.2], [-0.14068, 51.55075, 38.4], [-0.14068, 51.55077, 38.4], [-0.14066, 51.55088, 38.6], [-0.14066, 51.55094, 38.7], [-0.14066, 51.55099, 38.7], [-0.14066, 51.55102, 38.8], [-0.14067, 51.5511, 38.9], [-0.14068, 51.55113, 38.9], [-0.14069, 51.55116, 39.0], [-0.14072, 51.55122, 39.1], [-0.14078, 51.55128, 39.2], [-0.1408, 51.55131, 39.3], [-0.14083, 51.55134, 39.4], [-0.14092, 51.55146, 39.9], [-0.14095, 51.5515, 40.1], [-0.14098, 51.55154, 40.2], [-0.1411, 51.55168, 40.7], [-0.1411, 51.55168, 40.7], [-0.1411, 51.55193, 41.5], [-0.1411, 51.55194, 41.6], [-0.14106, 51.55218, 42.4], [-0.14102, 51.55246, 43.4], [-0.141, 51.55258, 43.7], [-0.14098, 51.55275, 43.9], [-0.14094, 51.55297, 44.2], [-0.1409, 51.55314, 44.5], [-0.14087, 51.55324, 44.8], [-0.14082, 51.55338, 45.2], [-0.14079, 51.55347, 45.5], [-0.14076, 51.55355, 45.8], [-0.1407, 51.5537, 46.3], [-0.14066, 51.55376, 46.5], [-0.14063, 51.55382, 46.8], [-0.14055, 51.55394, 47.2], [-0.14048, 51.55405, 47.6], [-0.14046, 51.55408, 47.7], [-0.14042, 51.55413, 47.9], [-0.14036, 51.5542, 48.2], [-0.14023, 51.55437, 48.5], [-0.14014, 51.5545, 48.7], [-0.13995, 51.55477, 49.1], [-0.1398, 51.55496, 49.5], [-0.13968, 51.55513, 49.6], [-0.1395, 51.55537, 49.7], [-0.13943, 51.55548, 49.6], [-0.1393, 51.55565, 49.4], [-0.13927, 51.55568, 49.3], [-0.13919, 51.55579, 49.1], [-0.13901, 51.55603, 48.7], [-0.13868, 51.55649, 47.8], [-0.1386, 51.5566, 47.5], [-0.1384, 51.55687, 47.3], [-0.1384, 51.55687, 47.3], [-0.13862, 51.55714, 48.1], [-0.13869, 51.55724, 48.4], [-0.13896, 51.55758, 49.5], [-0.13898, 51.5576, 49.5], [-0.1392, 51.55793, 50.5], [-0.13927, 51.55802, 50.7], [-0.13942, 51.55825, 51.4], [-0.13954, 51.55842, 52.0], [-0.13957, 51.55847, 52.5], [-0.13977, 51.55875, 55.5], [-0.14002, 51.55912, 59.7], [-0.14022, 51.55942, 61.1], [-0.14027, 51.5595, 61.3], [-0.14039, 51.55967, 61.9], [-0.14046, 51.55975, 62.1], [-0.14048, 51.55978, 62.2], [-0.14051, 51.55982, 62.3], [-0.14056, 51.55987, 62.5], [-0.14057, 51.55987, 62.5], [-0.14076, 51.56005, 63.1], [-0.14084, 51.56014, 63.5], [-0.14088, 51.56018, 63.7], [-0.14091, 51.56023, 63.9], [-0.14094, 51.56027, 64.1], [-0.14094, 51.56028, 64.1], [-0.14097, 51.56034, 64.3], [-0.14099, 51.56039, 64.5], [-0.141, 51.56043, 64.6], [-0.14101, 51.56046, 64.8], [-0.14103, 51.56055, 65.1], [-0.14103, 51.56059, 65.2], [-0.14103, 51.56061, 65.3], [-0.14103, 51.56071, 65.6], [-0.14103, 51.56075, 65.7], [-0.14103, 51.5609, 66.2], [-0.14101, 51.5612, 66.9], [-0.141, 51.56122, 66.9], [-0.14099, 51.56137, 67.3], [-0.14097, 51.56146, 67.5], [-0.14095, 51.56154, 67.7], [-0.14092, 51.5616, 67.8], [-0.14089, 51.56166, 68.0], [-0.14086, 51.56172, 68.2], [-0.14083, 51.56178, 68.4], [-0.14081, 51.56182, 68.5], [-0.14075, 51.5619, 68.8], [-0.14072, 51.56196, 69.1], [-0.1407, 51.56201, 69.3], [-0.14068, 51.56205, 69.5], [-0.14067, 51.56207, 69.5], [-0.14066, 51.56211, 69.7], [-0.14063, 51.56219, 70.1], [-0.14062, 51.56225, 70.4], [-0.14061, 51.56228, 70.5], [-0.14055, 51.56254, 71.6], [-0.14055, 51.56256, 71.5], [-0.14055, 51.56258, 71.5], [-0.14054, 51.56263, 71.4], [-0.14054, 51.56267, 71.3], [-0.14055, 51.56273, 71.1], [-0.14055, 51.56278, 71.0], [-0.14058, 51.56293, 70.6], [-0.1406, 51.56303, 70.3], [-0.14062, 51.56312, 70.0], [-0.14065, 51.56318, 69.8], [-0.14068, 51.56326, 69.5], [-0.14068, 51.56326, 69.5], [-0.14069, 51.56331, 69.4], [-0.14073, 51.5634, 69.1], [-0.14074, 51.56342, 69.0], [-0.14075, 51.56353, 68.7], [-0.14076, 51.56359, 68.5], [-0.14076, 51.56363, 68.4], [-0.14076, 51.56368, 68.2], [-0.14075, 51.56375, 68.0], [-0.14074, 51.56384, 67.8], [-0.14071, 51.56392, 67.6], [-0.14067, 51.56408, 67.1], [-0.14066, 51.56413, 66.9], [-0.14064, 51.56421, 66.9], [-0.14063, 51.56427, 67.1], [-0.14062, 51.56433, 67.3], [-0.14062, 51.56437, 67.4], [-0.14061, 51.56442, 67.6], [-0.14062, 51.56447, 67.7], [-0.14064, 51.56452, 67.9], [-0.14066, 51.56457, 68.1], [-0.14069, 51.56464, 68.4], [-0.14073, 51.56472, 68.8], [-0.14083, 51.56492, 69.7], [-0.14091, 51.56504, 70.4], [-0.14098, 51.56517, 71.3], [-0.14098, 51.56518, 71.4], [-0.14102, 51.56524, 71.8], [-0.14108, 51.56534, 72.5], [-0.14108, 51.56538, 72.7], [-0.14111, 51.56544, 73.1], [-0.14114, 51.56551, 73.6], [-0.14118, 51.56564, 74.4], [-0.14119, 51.5657, 74.7], [-0.1412, 51.56574, 74.9], [-0.14123, 51.56586, 75.7], [-0.14124, 51.5659, 76.0], [-0.14125, 51.56593, 76.2], [-0.14129, 51.56609, 77.4], [-0.14131, 51.56619, 78.1], [-0.14131, 51.56621, 78.3], [-0.14134, 51.56641, 79.8], [-0.14135, 51.56649, 80.3], [-0.14136, 51.56653, 80.6], [-0.14138, 51.5667, 81.8], [-0.14139, 51.56671, 81.9], [-0.14141, 51.56685, 82.6], [-0.14141, 51.56688, 82.7], [-0.14143, 51.56702, 83.4], [-0.14145, 51.56711, 83.9], [-0.14146, 51.56718, 84.2], [-0.14147, 51.56723, 84.5], [-0.14149, 51.56732, 84.9], [-0.14151, 51.56742, 85.4], [-0.14156, 51.56752, 86.1], [-0.14162, 51.56767, 88.2], [-0.14167, 51.5678, 90.0], [-0.14172, 51.56792, 91.6], [-0.14178, 51.56806, 93.6], [-0.14185, 51.56821, 95.6], [-0.14194, 51.56841, 98.0], [-0.14202, 51.56852, 99.2], [-0.14207, 51.56859, 99.9], [-0.14213, 51.56864, 100.5], [-0.14217, 51.56868, 101.0], [-0.14229, 51.56878, 102.3], [-0.14239, 51.56886, 103.4], [-0.1424, 51.56888, 103.6], [-0.14241, 51.56889, 103.8], [-0.14241, 51.56891, 104.0], [-0.14242, 51.56893, 104.2], [-0.14243, 51.56895, 104.5], [-0.14243, 51.56897, 104.7], [-0.14243, 51.56899, 104.9], [-0.14241, 51.56901, 105.0], [-0.1424, 51.56903, 105.2], [-0.14239, 51.56904, 105.3], [-0.14239, 51.56905, 105.4], [-0.14224, 51.56919, 106.2], [-0.14224, 51.56919, 106.2], [-0.1421, 51.56915, 105.4], [-0.1421, 51.56915, 105.4], [-0.14206, 51.56916, 105.4], [-0.14203, 51.56918, 105.4], [-0.14199, 51.5692, 105.4], [-0.14196, 51.56921, 105.3], [-0.14177, 51.56926, 104.9], [-0.14137, 51.56931, 103.9], [-0.14124, 51.56933, 103.5], [-0.14114, 51.56935, 103.3], [-0.14103, 51.56937, 103.1], [-0.14096, 51.56939, 103.0], [-0.1409, 51.5694, 102.9], [-0.14083, 51.56942, 102.8], [-0.14074, 51.56944, 102.7], [-0.14065, 51.56947, 102.6], [-0.14054, 51.56951, 102.6], [-0.14053, 51.56951, 102.5], [-0.14044, 51.56954, 102.5], [-0.14039, 51.56956, 102.5], [-0.1402, 51.56965, 102.6], [-0.14004, 51.56971, 102.7], [-0.13985, 51.56982, 102.8], [-0.13966, 51.56992, 102.7], [-0.13959, 51.56996, 102.7], [-0.13955, 51.56998, 102.7], [-0.1394, 51.57006, 102.0], [-0.13935, 51.57009, 101.7], [-0.13932, 51.5701, 101.6], [-0.13918, 51.57018, 100.8], [-0.13898, 51.57029, 99.8], [-0.13889, 51.57034, 99.3], [-0.13886, 51.57036, 99.1], [-0.13868, 51.57048, 98.2], [-0.13858, 51.57052, 97.8], [-0.13845, 51.57058, 97.2], [-0.13837, 51.57061, 97.1], [-0.13835, 51.57061, 97.0], [-0.13832, 51.57063, 96.9], [-0.13826, 51.57065, 96.8], [-0.13822, 51.57066, 96.7], [-0.13815, 51.57069, 96.6], [-0.1381, 51.57071, 96.5], [-0.13805, 51.57073, 96.4], [-0.13801, 51.57075, 96.3], [-0.13797, 51.57077, 96.2], [-0.13795, 51.57078, 96.2], [-0.13787, 51.57083, 96.0], [-0.13781, 51.57087, 96.0], [-0.13776, 51.5709, 96.0], [-0.13767, 51.57094, 96.1], [-0.13761, 51.57096, 96.1], [-0.13756, 51.57098, 96.2], [-0.13754, 51.57099, 96.2], [-0.13741, 51.57104, 96.4], [-0.13737, 51.57105, 96.5], [-0.13727, 51.57108, 96.7], [-0.13707, 51.57115, 97.3], [-0.13707, 51.57115, 97.3], [-0.13707, 51.57115, 97.3], [-0.13693, 51.5712, 97.7], [-0.13686, 51.57123, 98.0], [-0.13679, 51.57125, 98.2], [-0.13673, 51.57128, 98.5], [-0.13668, 51.5713, 98.6], [-0.13655, 51.57136, 98.5], [-0.13637, 51.57144, 98.2], [-0.13627, 51.5715, 98.1], [-0.13615, 51.57156, 97.8], [-0.13606, 51.5716, 97.6], [-0.13604, 51.57161, 97.6], [-0.13598, 51.57164, 97.5], [-0.13595, 51.57165, 97.4], [-0.13584, 51.57168, 96.9], [-0.13568, 51.57174, 95.8], [-0.13542, 51.57184, 94.3], [-0.13535, 51.57187, 93.9], [-0.13526, 51.5719, 93.5], [-0.13521, 51.57193, 93.3], [-0.13515, 51.57196, 93.1], [-0.1351, 51.57199, 92.9], [-0.13491, 51.57209, 92.2], [-0.13482, 51.57214, 91.9], [-0.13467, 51.57222, 91.4], [-0.13462, 51.57225, 91.3], [-0.13436, 51.57239, 90.5], [-0.13429, 51.57242, 90.3], [-0.1342, 51.57248, 90.1], [-0.13397, 51.5726, 89.3], [-0.13384, 51.57267, 88.9], [-0.13379, 51.5727, 88.8], [-0.13371, 51.57274, 88.7], [-0.13369, 51.57275, 88.6], [-0.13356, 51.57282, 88.5], [-0.13349, 51.57286, 88.5], [-0.1334, 51.5729, 88.5], [-0.13311, 51.57303, 88.4], [-0.13306, 51.57305, 88.3], [-0.13301, 51.57307, 88.3], [-0.13292, 51.57311, 88.2], [-0.13281, 51.57314, 88.1], [-0.13264, 51.57319, 88.0], [-0.13249, 51.57323, 87.9], [-0.13219, 51.57331, 87.2], [-0.13189, 51.5734, 86.3], [-0.13182, 51.57343, 86.1], [-0.13171, 51.57346, 85.8], [-0.13139, 51.57356, 84.6], [-0.1313, 51.57359, 84.3], [-0.13129, 51.57359, 84.3], [-0.13121, 51.57361, 84.1], [-0.13114, 51.57362, 83.9], [-0.131037, 51.57364, 83.6], [-0.13099, 51.57365, 83.4], [-0.13084, 51.57367, 83.0], [-0.13075, 51.57368, 82.8], [-0.13049, 51.57372, 82.1], [-0.130317, 51.57374, 81.8], [-0.13019, 51.57376, 81.5], [-0.13005, 51.57378, 81.2], [-0.12994, 51.57379, 80.8], [-0.12981, 51.57381, 80.2], [-0.12938, 51.57386, 78.3], [-0.12931, 51.57387, 78.0], [-0.12924, 51.57388, 77.7], [-0.12922, 51.57388, 77.6], [-0.12914, 51.5739, 77.2], [-0.12883, 51.57396, 75.8], [-0.12856, 51.574, 74.5], [-0.128288, 51.57405, 73.5], [-0.128067, 51.57409, 73.1], [-0.12764, 51.57417, 72.3], [-0.12764, 51.57417, 72.3], [-0.127539, 51.57421, 72.2], [-0.127487, 51.57423, 72.1], [-0.12731, 51.57434, 71.8], [-0.12725, 51.57438, 71.8], [-0.12722, 51.57439, 71.7], [-0.12717, 51.5744, 71.6], [-0.127097, 51.57442, 71.5], [-0.127097, 51.57442, 71.5], [-0.12708, 51.57448, 71.6], [-0.127039, 51.57455, 71.5], [-0.12698, 51.57466, 71.5], [-0.12695, 51.57472, 71.5], [-0.12694, 51.57474, 71.5], [-0.12691, 51.57478, 71.5], [-0.12689, 51.57482, 71.5], [-0.12681, 51.57496, 71.5], [-0.126568, 51.57541, 71.5], [-0.12651, 51.57553, 71.0], [-0.12647, 51.57559, 70.7], [-0.126429, 51.57567, 70.4], [-0.12639, 51.57572, 70.1], [-0.126237, 51.57595, 68.9], [-0.126068, 51.57617, 67.6], [-0.12606, 51.57619, 67.4], [-0.126, 51.57627, 67.0], [-0.1259, 51.57638, 66.4], [-0.12581, 51.57649, 65.9], [-0.12577, 51.57654, 65.7], [-0.125707, 51.5766, 65.4], [-0.12556, 51.57674, 64.7], [-0.12544, 51.57687, 63.5], [-0.12541, 51.5769, 63.3], [-0.125319, 51.577, 62.3], [-0.12525, 51.57708, 61.5], [-0.12519, 51.57715, 60.8], [-0.12493, 51.5774, 58.0], [-0.12488, 51.57745, 57.4], [-0.12481, 51.57752, 56.7], [-0.12469, 51.57765, 55.8], [-0.12464, 51.5777, 55.5], [-0.12454, 51.5778, 54.8], [-0.12443, 51.57789, 54.3], [-0.12438, 51.57794, 54.0], [-0.12433, 51.57797, 53.8], [-0.1242, 51.57809, 53.2], [-0.12409, 51.57819, 52.6], [-0.12406, 51.57822, 52.4], [-0.12404, 51.57824, 52.3], [-0.12402, 51.57827, 52.1], [-0.12398, 51.57834, 51.8], [-0.12394, 51.57841, 51.6], [-0.1239, 51.57848, 51.4], [-0.12387, 51.57865, 51.2], [-0.12386, 51.57868, 51.1], [-0.12385, 51.57871, 51.1], [-0.12385, 51.57874, 51.0], [-0.12384, 51.57876, 51.0], [-0.12381, 51.57893, 50.8], [-0.12379, 51.57909, 50.6], [-0.12379, 51.57913, 50.5], [-0.12379, 51.57918, 50.4], [-0.12379, 51.57921, 50.3], [-0.12378, 51.57924, 50.3], [-0.12376, 51.57933, 50.1], [-0.12375, 51.57938, 50.0], [-0.12373, 51.57942, 49.9], [-0.1237, 51.57948, 49.8], [-0.12367, 51.57954, 49.7], [-0.12365, 51.57958, 49.6], [-0.12363, 51.57961, 49.6], [-0.12356, 51.57972, 49.4], [-0.1235, 51.57979, 49.3], [-0.1235, 51.57979, 49.3], [-0.1234, 51.57991, 49.1], [-0.12333, 51.57999, 49.0], [-0.12325, 51.58006, 48.8], [-0.12323, 51.58008, 48.7], [-0.12307, 51.58022, 48.2], [-0.12302, 51.58025, 48.1], [-0.12294, 51.58032, 47.9], [-0.12275, 51.58047, 47.6], [-0.12238, 51.58077, 46.9], [-0.12232, 51.58082, 46.8], [-0.1221, 51.58099, 46.1], [-0.12207, 51.58101, 46.1], [-0.12186, 51.58118, 45.4], [-0.12186, 51.5812, 45.4], [-0.1217, 51.58131, 44.9], [-0.12161, 51.58137, 44.7], [-0.1216, 51.58138, 44.7], [-0.12154, 51.58142, 44.5], [-0.12152, 51.58143, 44.5], [-0.12149, 51.58145, 44.5], [-0.12148, 51.58145, 44.5], [-0.12142, 51.58149, 44.4], [-0.12137, 51.58151, 44.3], [-0.12128, 51.58155, 44.2], [-0.12123, 51.58158, 44.2], [-0.12119, 51.5816, 44.1], [-0.12105, 51.58166, 44.0], [-0.12093, 51.58171, 43.9], [-0.12085, 51.58174, 43.9], [-0.12077, 51.58177, 44.0], [-0.12073, 51.58179, 44.0], [-0.12066, 51.58182, 44.0], [-0.1205, 51.58188, 44.1], [-0.12032, 51.58195, 44.3], [-0.1203, 51.58196, 44.3], [-0.12015, 51.58202, 44.4], [-0.12005, 51.58205, 44.5], [-0.11999, 51.58207, 44.5], [-0.11986, 51.58212, 44.6], [-0.1197, 51.58219, 44.8], [-0.11947, 51.58227, 45.2], [-0.11919, 51.58238, 45.8], [-0.11919, 51.58239, 45.8], [-0.11919, 51.5824, 45.8], [-0.11919, 51.58241, 45.8], [-0.11918, 51.58241, 45.9], [-0.11918, 51.58242, 45.9], [-0.11918, 51.58243, 45.9], [-0.11917, 51.58243, 45.9], [-0.11916, 51.58244, 46.0], [-0.11915, 51.58244, 46.0], [-0.11914, 51.58244, 46.0], [-0.11914, 51.58245, 46.0], [-0.11913, 51.58245, 46.1], [-0.11912, 51.58245, 46.1], [-0.11911, 51.58245, 46.1], [-0.1191, 51.58245, 46.2], [-0.11909, 51.58245, 46.2], [-0.11908, 51.58245, 46.2], [-0.11907, 51.58245, 46.3], [-0.11906, 51.58245, 46.3], [-0.11905, 51.58245, 46.3], [-0.11905, 51.58244, 46.3], [-0.11904, 51.58244, 46.4], [-0.11903, 51.58244, 46.4], [-0.11886, 51.5825, 47.1], [-0.11884, 51.5825, 47.2], [-0.11842, 51.58266, 48.9], [-0.11819, 51.58274, 49.0], [-0.11804, 51.5828, 48.8], [-0.11778, 51.5829, 48.5], [-0.11767, 51.58294, 48.4], [-0.11758, 51.58297, 48.3], [-0.1174, 51.58306, 48.2], [-0.11731, 51.58311, 48.2], [-0.11721, 51.58316, 48.2], [-0.11711, 51.58324, 48.3], [-0.11708, 51.58326, 48.3], [-0.11687, 51.58343, 48.5], [-0.11672, 51.58354, 48.6], [-0.1166, 51.58364, 48.7], [-0.1165, 51.58373, 48.8], [-0.11632, 51.58391, 49.3], [-0.11626, 51.58396, 49.4], [-0.11618, 51.58404, 49.6], [-0.11615, 51.58407, 49.7], [-0.11614, 51.58409, 49.8], [-0.11611, 51.58411, 49.8], [-0.11597, 51.58428, 50.0], [-0.1159, 51.58437, 50.0], [-0.11585, 51.58443, 50.0], [-0.11581, 51.58447, 50.0], [-0.11569, 51.58464, 49.8], [-0.11565, 51.58469, 49.8], [-0.11561, 51.58473, 49.7], [-0.11556, 51.58478, 49.7], [-0.11554, 51.58481, 49.6], [-0.11553, 51.58485, 49.6], [-0.11552, 51.58488, 49.6], [-0.11551, 51.58491, 49.6], [-0.11547, 51.58497, 49.6], [-0.11545, 51.585, 49.5], [-0.11542, 51.58506, 49.2], [-0.11536, 51.58517, 48.6], [-0.11534, 51.58522, 48.4], [-0.11529, 51.58533, 47.8], [-0.11526, 51.58537, 47.5], [-0.11524, 51.5854, 47.4], [-0.11519, 51.58548, 46.9], [-0.11515, 51.58556, 46.5], [-0.11494, 51.5859, 44.7], [-0.11491, 51.58596, 44.4], [-0.11489, 51.58599, 44.3], [-0.11485, 51.58606, 44.0], [-0.11481, 51.58613, 43.7], [-0.11471, 51.5863, 43.0], [-0.1146, 51.5865, 42.1], [-0.11457, 51.58659, 41.8], [-0.11453, 51.58664, 41.5], [-0.11445, 51.58681, 40.9], [-0.11445, 51.58683, 40.8], [-0.11442, 51.58689, 40.6], [-0.1144, 51.58693, 40.5], [-0.11438, 51.587, 40.3], [-0.11438, 51.58703, 40.2], [-0.11437, 51.58706, 40.1], [-0.11436, 51.58711, 39.9], [-0.11437, 51.58716, 39.8], [-0.11438, 51.5872, 39.6], [-0.11438, 51.58724, 39.5], [-0.11439, 51.58726, 39.5], [-0.11439, 51.58727, 39.4], [-0.11441, 51.58732, 39.3], [-0.11442, 51.58735, 39.2], [-0.11445, 51.58741, 38.9], [-0.1145, 51.58752, 38.5], [-0.11452, 51.58754, 38.3], [-0.11459, 51.58766, 37.4], [-0.11461, 51.5877, 37.2], [-0.11461, 51.5877, 37.2], [-0.11459, 51.58774, 36.9], [-0.11458, 51.58776, 36.8], [-0.11457, 51.58777, 36.7], [-0.11457, 51.58778, 36.7], [-0.11457, 51.5878, 36.5], [-0.11456, 51.58784, 36.3], [-0.11456, 51.58784, 36.3], [-0.1145, 51.58785, 36.2], [-0.11433, 51.58788, 36.2], [-0.11421, 51.58789, 36.2], [-0.11414, 51.5879, 36.2], [-0.11407, 51.58792, 36.1], [-0.11394, 51.58796, 36.0], [-0.11382, 51.58797, 36.0], [-0.11367, 51.58798, 36.1], [-0.11354, 51.58799, 36.2], [-0.11334, 51.58801, 36.3], [-0.11324, 51.58803, 35.8], [-0.11321, 51.58804, 35.7], [-0.11317, 51.58805, 35.5], [-0.11302, 51.5881, 34.8], [-0.11282, 51.58817, 33.8], [-0.11261, 51.58824, 32.9], [-0.11229, 51.58835, 31.4], [-0.11197, 51.58847, 30.2], [-0.11169, 51.58859, 28.8], [-0.11161, 51.58862, 28.6], [-0.11152, 51.58869, 28.2], [-0.11123, 51.58878, 27.6], [-0.1111, 51.58881, 27.4], [-0.11106, 51.58883, 27.3], [-0.11096, 51.58885, 27.2], [-0.11087, 51.58887, 27.1], [-0.11067, 51.58889, 26.7], [-0.11047, 51.58892, 26.3], [-0.11032, 51.58893, 26.1], [-0.11013, 51.58895, 25.7], [-0.11002, 51.58896, 25.5], [-0.10996, 51.58896, 25.5], [-0.10978, 51.58898, 25.4], [-0.10966, 51.58899, 25.4], [-0.10963, 51.589, 25.4], [-0.10955, 51.58902, 25.4], [-0.10943, 51.58905, 25.3], [-0.10943, 51.58905, 25.3], [-0.10864, 51.58924, 24.9], [-0.10849, 51.58928, 24.9], [-0.10839, 51.5893, 24.9], [-0.1083, 51.58932, 24.8], [-0.10824, 51.58934, 24.8], [-0.10812, 51.58937, 24.8], [-0.10772, 51.58943, 24.7], [-0.10706, 51.58953, 24.0], [-0.10667, 51.58958, 23.5], [-0.1062, 51.58966, 23.4], [-0.10565, 51.58975, 23.1], [-0.10467, 51.58998, 22.1], [-0.10416, 51.59009, 22.0], [-0.10402, 51.59016, 22.2], [-0.10387, 51.59023, 22.4], [-0.1038, 51.59027, 22.4], [-0.1038, 51.59027, 22.4], [-0.10375, 51.59029, 22.5], [-0.10359, 51.59037, 22.7], [-0.10351, 51.59041, 22.8], [-0.10342, 51.59045, 22.9], [-0.10337, 51.59049, 23.0], [-0.10333, 51.59053, 23.0], [-0.10333, 51.59053, 23.0], [-0.10322, 51.59043, 22.9], [-0.10317, 51.59032, 22.9], [-0.10311, 51.59025, 22.8], [-0.10301, 51.59016, 22.7], [-0.10285, 51.59001, 23.0], [-0.10278, 51.58994, 23.1], [-0.10276, 51.58992, 23.1], [-0.10271, 51.58984, 23.3], [-0.10267, 51.58978, 23.4], [-0.10261, 51.58969, 23.6], [-0.10254, 51.58959, 24.0], [-0.10247, 51.58948, 24.4], [-0.10221, 51.58909, 25.5], [-0.1021, 51.58892, 25.8], [-0.1021, 51.58892, 25.8], [-0.102, 51.58887, 25.8], [-0.10198, 51.58886, 25.8], [-0.10195, 51.58884, 25.8], [-0.10171, 51.58871, 26.2], [-0.10154, 51.5886, 26.5], [-0.10151, 51.58858, 26.6], [-0.10138, 51.58852, 26.6], [-0.10136, 51.58851, 26.6], [-0.10134, 51.58849, 26.6], [-0.10128, 51.58847, 26.6], [-0.10125, 51.58845, 26.6], [-0.10111, 51.58839, 26.5], [-0.10103, 51.58835, 26.4], [-0.10096, 51.58833, 26.3], [-0.10095, 51.58832, 26.3], [-0.10087, 51.58829, 26.1], [-0.10064, 51.5882, 25.6], [-0.10046, 51.58814, 25.2], [-0.10033, 51.58809, 25.0], [-0.09962, 51.58785, 24.6], [-0.09948, 51.5878, 24.6], [-0.09929, 51.58771, 24.7], [-0.09913, 51.58765, 24.8], [-0.09891, 51.58756, 24.7], [-0.09885, 51.58754, 24.6], [-0.09882, 51.58752, 24.6], [-0.09877, 51.58749, 24.5], [-0.09866, 51.58745, 24.3], [-0.09848, 51.58738, 23.9], [-0.09836, 51.58734, 23.6], [-0.09829, 51.58731, 23.5], [-0.09761, 51.58707, 23.0], [-0.09749, 51.58704, 22.9], [-0.09732, 51.587, 22.8], [-0.09726, 51.58699, 22.8], [-0.09704, 51.58693, 22.8], [-0.09704, 51.58693, 22.8], [-0.09663, 51.58683, 23.0], [-0.09639, 51.58676, 23.0], [-0.09628, 51.58673, 23.0], [-0.09624, 51.58672, 23.0], [-0.0962, 51.5867, 23.0], [-0.09611, 51.58668, 23.0], [-0.09603, 51.58666, 23.0], [-0.09602, 51.58665, 22.9], [-0.09596, 51.58664, 22.9], [-0.09587, 51.58661, 22.8], [-0.09563, 51.58654, 22.5], [-0.09475, 51.58623, 20.8], [-0.09462, 51.58618, 20.5], [-0.09457, 51.58617, 20.4], [-0.09451, 51.58615, 20.3], [-0.09441, 51.58612, 20.1], [-0.09434, 51.5861, 20.0], [-0.09428, 51.58609, 20.0], [-0.09419, 51.58608, 19.9], [-0.09408, 51.58606, 19.9], [-0.09401, 51.58605, 19.9], [-0.09396, 51.58605, 19.9], [-0.09391, 51.58604, 19.9], [-0.09385, 51.58604, 19.9], [-0.09378, 51.58604, 20.0], [-0.09373, 51.58604, 20.0], [-0.09371, 51.58604, 20.0], [-0.09365, 51.58604, 20.1], [-0.09355, 51.58605, 20.1], [-0.09309, 51.58606, 20.3], [-0.09277, 51.58607, 20.3], [-0.09264, 51.58608, 20.3], [-0.09252, 51.58608, 20.3], [-0.09239, 51.58608, 20.2], [-0.09178, 51.58608, 19.4], [-0.09103, 51.58615, 19.4], [-0.09086, 51.58617, 19.4], [-0.09041, 51.58623, 19.7], [-0.09017, 51.58626, 19.9], [-0.08992, 51.58629, 20.0], [-0.08966, 51.58632, 19.8], [-0.08956, 51.58633, 19.8], [-0.08938, 51.58635, 19.7], [-0.08938, 51.58636, 19.7], [-0.08937, 51.58636, 19.7], [-0.08936, 51.58636, 19.7], [-0.08936, 51.58637, 19.7], [-0.08935, 51.58637, 19.7], [-0.08934, 51.58637, 19.7], [-0.08933, 51.58637, 19.7], [-0.08932, 51.58637, 19.7], [-0.08931, 51.58637, 19.7], [-0.0893, 51.58637, 19.7], [-0.08929, 51.58637, 19.7], [-0.08929, 51.58636, 19.7], [-0.0891, 51.58639, 19.7], [-0.08862, 51.58646, 20.1], [-0.08841, 51.58647, 20.2], [-0.08832, 51.58647, 20.3], [-0.08823, 51.58646, 20.3], [-0.0881, 51.58644, 20.2], [-0.08769, 51.58637, 19.9], [-0.08766, 51.58637, 19.9], [-0.08732, 51.58632, 19.6], [-0.08712, 51.58629, 19.4], [-0.08705, 51.58628, 19.3], [-0.08702, 51.58628, 19.3], [-0.08699, 51.58628, 19.3], [-0.08695, 51.58628, 19.3], [-0.08691, 51.58627, 19.2], [-0.08683, 51.58626, 19.1], [-0.08683, 51.58627, 19.2], [-0.08683, 51.58628, 19.2], [-0.08682, 51.58628, 19.2], [-0.08682, 51.58629, 19.2], [-0.08681, 51.58629, 19.2], [-0.0868, 51.58629, 19.2], [-0.0868, 51.5863, 19.2], [-0.08679, 51.5863, 19.2], [-0.08678, 51.5863, 19.2], [-0.08677, 51.5863, 19.2], [-0.08676, 51.5863, 19.2], [-0.08675, 51.5863, 19.2], [-0.08674, 51.5863, 19.2], [-0.08674, 51.58629, 19.1], [-0.08673, 51.58629, 19.1], [-0.08672, 51.58629, 19.1], [-0.08672, 51.58628, 19.1], [-0.08671, 51.58628, 19.1], [-0.08671, 51.58627, 19.1], [-0.08671, 51.58626, 19.1], [-0.08671, 51.58625, 19.0], [-0.08671, 51.58624, 19.0], [-0.08666, 51.58623, 18.9], [-0.08636, 51.58618, 18.2], [-0.0862, 51.58615, 17.9], [-0.086, 51.58612, 17.4], [-0.08583, 51.58608, 16.9], [-0.08562, 51.58603, 16.3], [-0.08557, 51.58602, 16.1], [-0.0854, 51.58598, 15.6], [-0.08514, 51.58592, 14.7], [-0.08513, 51.58591, 14.7], [-0.08495, 51.58587, 14.2], [-0.08418, 51.58567, 14.0], [-0.08356, 51.58552, 14.3], [-0.08319, 51.58545, 14.6], [-0.08309, 51.58543, 14.6], [-0.08297, 51.58541, 14.7], [-0.08284, 51.58539, 14.8], [-0.0827, 51.58537, 14.9], [-0.08267, 51.58536, 14.9], [-0.08249, 51.58533, 15.0], [-0.08239, 51.58532, 15.1], [-0.08218, 51.5853, 15.1], [-0.08196, 51.58528, 15.2], [-0.08152, 51.58525, 15.3], [-0.08144, 51.58524, 15.3], [-0.08123, 51.58524, 15.3], [-0.08057, 51.58523, 15.5], [-0.07989, 51.58522, 16.0], [-0.07981, 51.58522, 16.0], [-0.07968, 51.58522, 16.0], [-0.07912, 51.58521, 15.9], [-0.07896, 51.58521, 15.8], [-0.07869, 51.5852, 15.4], [-0.07857, 51.5852, 15.3], [-0.07847, 51.58519, 15.2], [-0.0784, 51.58519, 15.1], [-0.07831, 51.58518, 15.0], [-0.07826, 51.58517, 14.9], [-0.07821, 51.58515, 14.9], [-0.07807, 51.58511, 14.7], [-0.07798, 51.58509, 14.6], [-0.07763, 51.58497, 14.2], [-0.0775, 51.58493, 14.1], [-0.07726, 51.58485, 13.9], [-0.07712, 51.5848, 13.8], [-0.07613, 51.58448, 13.6], [-0.07594, 51.58442, 13.7], [-0.07573, 51.58434, 13.7], [-0.07555, 51.58429, 13.5], [-0.07554, 51.58429, 13.5], [-0.07547, 51.58427, 13.4], [-0.0754, 51.58425, 13.4], [-0.07539, 51.58424, 13.4], [-0.07531, 51.58423, 13.3], [-0.07523, 51.58421, 13.2], [-0.07511, 51.58419, 13.1], [-0.07489, 51.58416, 13.0], [-0.07478, 51.58414, 13.0], [-0.07435, 51.5841, 13.0], [-0.07395, 51.58405, 12.8], [-0.0735, 51.58401, 12.5], [-0.07338, 51.58399, 12.5], [-0.07305, 51.58395, 12.8], [-0.07278, 51.58392, 13.1], [-0.07268, 51.58391, 13.2], [-0.07258, 51.58392, 13.2], [-0.07254, 51.58393, 13.2], [-0.07251, 51.58393, 13.3], [-0.07246, 51.58394, 13.3], [-0.07243, 51.58394, 13.4], [-0.0724, 51.58395, 13.4], [-0.07231, 51.58398, 13.5], [-0.07219, 51.58403, 13.5], [-0.07219, 51.58403, 13.5], [-0.07203, 51.58406, 13.7], [-0.07189, 51.58408, 13.8], [-0.07181, 51.58408, 13.9], [-0.07173, 51.58409, 14.0], [-0.07166, 51.58409, 14.1], [-0.07159, 51.58408, 14.0], [-0.07148, 51.58407, 13.9], [-0.07142, 51.58407, 13.8], [-0.07128, 51.58407, 13.7], [-0.07106, 51.58406, 13.4], [-0.0709, 51.58406, 13.2], [-0.07065, 51.58405, 12.7], [-0.07032, 51.58405, 11.9], [-0.07002, 51.58404, 11.2], [-0.06985, 51.58403, 11.3], [-0.06978, 51.58405, 11.4], [-0.06968, 51.58406, 11.5], [-0.06956, 51.58407, 11.6], [-0.06944, 51.58408, 11.7], [-0.06935, 51.5841, 11.8], [-0.06924, 51.58412, 11.9], [-0.06909, 51.58415, 12.1], [-0.06901, 51.58418, 12.2], [-0.0689, 51.58421, 12.4], [-0.06877, 51.58424, 12.5], [-0.06856, 51.58429, 12.8], [-0.06841, 51.58432, 12.9], [-0.06827, 51.58436, 13.0], [-0.06817, 51.58438, 12.9], [-0.06802, 51.58441, 12.9], [-0.06791, 51.58443, 12.8], [-0.06788, 51.58443, 12.8], [-0.0677, 51.58446, 12.7], [-0.06764, 51.58447, 12.7], [-0.06751, 51.58449, 12.6], [-0.06743, 51.58451, 12.5], [-0.06733, 51.58452, 12.4], [-0.06722, 51.58454, 12.2], [-0.06696, 51.58459, 11.8], [-0.06681, 51.58461, 11.6], [-0.06662, 51.58464, 11.4], [-0.06634, 51.58468, 11.2], [-0.06613, 51.58471, 11.1], [-0.06595, 51.58473, 11.0], [-0.06586, 51.58475, 11.0], [-0.06531, 51.58479, 10.2], [-0.06506, 51.58481, 9.9], [-0.06496, 51.58481, 9.8], [-0.06465, 51.58484, 9.9], [-0.0645, 51.58485, 9.9], [-0.06439, 51.58485, 10.0], [-0.064297, 51.58487, 10.0], [-0.06424, 51.58488, 10.0], [-0.06419, 51.5849, 10.0], [-0.06414, 51.58492, 10.0], [-0.0641, 51.58494, 9.9], [-0.06406, 51.58499, 9.9], [-0.06404, 51.58502, 9.8], [-0.06403, 51.58506, 9.8], [-0.064019, 51.58511, 9.8], [-0.06397, 51.58542, 9.8], [-0.06393, 51.58564, 9.7], [-0.06389, 51.58586, 9.7], [-0.06388, 51.58597, 9.8], [-0.06385, 51.58612, 9.8], [-0.063839, 51.5862, 9.9], [-0.06383, 51.58634, 10.0], [-0.063797, 51.58652, 10.0], [-0.06379, 51.58664, 10.1], [-0.06374, 51.58693, 9.8], [-0.063728, 51.58705, 9.7], [-0.06372, 51.58714, 9.7], [-0.06368, 51.58729, 9.5], [-0.06365, 51.58739, 9.4], [-0.063589, 51.58765, 9.5], [-0.06357, 51.58773, 9.6], [-0.063478, 51.58798, 10.0], [-0.06343, 51.58812, 10.3], [-0.06332, 51.58826, 10.8], [-0.06332, 51.58826, 10.8], [-0.06326, 51.58834, 11.0], [-0.06324, 51.58836, 11.0], [-0.063187, 51.58841, 10.9], [-0.06311, 51.58847, 10.8], [-0.06311, 51.58847, 10.8], [-0.063048, 51.58844, 10.9], [-0.06296, 51.58839, 10.9], [-0.06272, 51.5883, 10.9], [-0.06252, 51.58822, 10.9], [-0.06246, 51.5882, 10.8], [-0.06238, 51.58818, 10.7], [-0.06234, 51.58817, 10.7], [-0.06223, 51.58815, 10.6], [-0.06215, 51.58814, 10.5], [-0.06208, 51.58813, 10.5], [-0.06177, 51.5881, 10.3], [-0.06171, 51.5881, 10.3], [-0.06138, 51.58809, 10.3], [-0.06109, 51.58809, 10.3], [-0.06098, 51.58809, 10.3], [-0.06071, 51.58806, 10.4], [-0.06055, 51.58804, 10.5], [-0.06033, 51.58803, 10.5], [-0.06012, 51.58803, 10.5], [-0.05989, 51.58802, 10.5], [-0.05967, 51.58802, 10.5], [-0.05946, 51.58801, 10.5], [-0.05932, 51.588, 10.6], [-0.05919, 51.58797, 10.6], [-0.05914, 51.58798, 10.6], [-0.05902, 51.58798, 10.8], [-0.05888, 51.58798, 10.9], [-0.05873, 51.58798, 11.1], [-0.05871, 51.58798, 11.1], [-0.05858, 51.58798, 11.3], [-0.05837, 51.58798, 11.5], [-0.05805, 51.58796, 11.2], [-0.05798, 51.58795, 11.1], [-0.05774, 51.58794, 10.8], [-0.05744, 51.58792, 10.4], [-0.05739, 51.58792, 10.2], [-0.0571, 51.58788, 10.0], [-0.05699, 51.58787, 10.0], [-0.05682, 51.58785, 9.9], [-0.05678, 51.58784, 9.9], [-0.05669, 51.58782, 9.9], [-0.05663, 51.58781, 9.8], [-0.05654, 51.5878, 9.8], [-0.05644, 51.58778, 9.7], [-0.05643, 51.58778, 9.7], [-0.05631, 51.58776, 9.7], [-0.05619, 51.58773, 9.6], [-0.05605, 51.5877, 9.6], [-0.05597, 51.58768, 9.5], [-0.05579, 51.58763, 9.5], [-0.05553, 51.58756, 9.3], [-0.05546, 51.58754, 9.3], [-0.05488, 51.5874, 9.1], [-0.05458, 51.58733, 9.2], [-0.05368, 51.58712, 9.7], [-0.05363, 51.5871, 9.8], [-0.05355, 51.58707, 9.9], [-0.05353, 51.58706, 9.9], [-0.05341, 51.58702, 9.9], [-0.05321, 51.58695, 9.9], [-0.05316, 51.58693, 9.9], [-0.05289, 51.58682, 9.9], [-0.05285, 51.5868, 9.9], [-0.05271, 51.58674, 9.9], [-0.05254, 51.58666, 10.0], [-0.05243, 51.58661, 9.8], [-0.05216, 51.58648, 9.1], [-0.05208, 51.58644, 8.9], [-0.05197, 51.58639, 8.6], [-0.05187, 51.58635, 8.4], [-0.05185, 51.58634, 8.3], [-0.05173, 51.58629, 8.0], [-0.05169, 51.58628, 8.0], [-0.05156, 51.58624, 8.1], [-0.05143, 51.58622, 8.3], [-0.05132, 51.5862, 8.5], [-0.05123, 51.58618, 8.6], [-0.05115, 51.58618, 8.7], [-0.0511, 51.58617, 8.8], [-0.05108, 51.58617, 8.8], [-0.05099, 51.58617, 9.0], [-0.05091, 51.58617, 9.1], [-0.05082, 51.58617, 9.2], [-0.05073, 51.58617, 9.4], [-0.05062, 51.58617, 9.6], [-0.05032, 51.58621, 10.1], [-0.04992, 51.58625, 10.4], [-0.04964, 51.58627, 10.0], [-0.04912, 51.58633, 9.4], [-0.04821, 51.58642, 9.4], [-0.04796, 51.58644, 9.3], [-0.04792, 51.58644, 9.3], [-0.04708, 51.58653, 8.5], [-0.04687, 51.58655, 8.1], [-0.04659, 51.58658, 7.8], [-0.04627, 51.58661, 7.9], [-0.04609, 51.58663, 7.9], [-0.04599, 51.58664, 8.0], [-0.0456, 51.58668, 8.0], [-0.04555, 51.58668, 8.0], [-0.04546, 51.58669, 8.0], [-0.04546, 51.58669, 8.0], [-0.04527, 51.5867, 8.0], [-0.04514, 51.58671, 8.0], [-0.0451, 51.58672, 8.0], [-0.0447, 51.58674, 8.0], [-0.04444, 51.58677, 8.0], [-0.04403, 51.58681, 8.0], [-0.04364, 51.58685, 8.0], [-0.04313, 51.58691, 8.2], [-0.04273, 51.58696, 8.7], [-0.04257, 51.58699, 8.9], [-0.04149, 51.58712, 10.9], [-0.04138, 51.58713, 11.1], [-0.04118, 51.58717, 11.4], [-0.04056, 51.58722, 12.7], [-0.04023, 51.58725, 13.4], [-0.03995, 51.58727, 14.0], [-0.03974, 51.58729, 14.2], [-0.03941, 51.58732, 14.6], [-0.03921, 51.58734, 14.8], [-0.03914, 51.58735, 14.9], [-0.03881, 51.58739, 15.7], [-0.03874, 51.58739, 15.8], [-0.03849, 51.58743, 16.5], [-0.03825, 51.58745, 16.9], [-0.03809, 51.58746, 16.9], [-0.038, 51.58747, 16.9], [-0.03783, 51.58749, 17.0], [-0.03772, 51.5875, 17.0], [-0.0375, 51.58752, 16.9], [-0.03738, 51.58753, 16.9], [-0.03715, 51.58755, 16.8], [-0.03691, 51.58757, 16.8], [-0.03675, 51.58759, 16.8], [-0.03645, 51.58761, 16.7], [-0.03625, 51.58763, 16.7], [-0.03598, 51.58766, 16.6], [-0.03582, 51.58768, 16.6], [-0.03528, 51.58775, 17.1], [-0.03474, 51.58782, 17.2], [-0.03447, 51.58785, 17.2], [-0.03425, 51.58789, 17.1], [-0.03418, 51.5879, 17.0], [-0.03403, 51.58792, 17.0], [-0.03398, 51.58792, 17.0], [-0.0338, 51.58796, 16.9], [-0.03365, 51.58799, 16.9], [-0.03352, 51.58802, 16.9], [-0.03346, 51.58803, 17.0], [-0.0334, 51.58805, 17.0], [-0.03324, 51.5881, 17.1], [-0.03314, 51.58814, 17.2], [-0.03298, 51.58819, 17.4], [-0.0328, 51.58825, 17.6], [-0.0323, 51.5884, 18.5], [-0.03229, 51.5884, 18.6], [-0.03229, 51.5884, 18.6], [-0.03126, 51.58871, 20.5], [-0.03081, 51.58884, 21.0], [-0.03061, 51.5889, 21.4], [-0.03049, 51.58895, 21.5], [-0.03045, 51.58896, 21.6], [-0.03041, 51.58898, 21.6], [-0.03036, 51.58901, 21.7], [-0.03031, 51.58904, 21.7], [-0.03022, 51.58909, 21.8], [-0.03011, 51.58914, 21.9], [-0.0301, 51.58914, 21.9], [-0.03001, 51.58918, 22.0], [-0.02992, 51.58922, 22.1], [-0.02989, 51.58923, 22.2], [-0.02952, 51.58937, 22.6], [-0.0294, 51.5894, 22.8], [-0.0293, 51.58942, 22.9], [-0.02909, 51.58948, 23.0], [-0.02899, 51.5895, 23.1], [-0.02894, 51.58952, 23.2], [-0.02888, 51.58953, 23.2], [-0.02881, 51.58954, 23.3], [-0.02868, 51.58957, 23.4], [-0.02859, 51.58958, 23.6], [-0.0285, 51.58959, 23.7], [-0.02837, 51.58961, 23.8], [-0.02806, 51.58965, 23.9], [-0.02794, 51.58966, 23.9], [-0.02783, 51.58968, 23.9], [-0.02765, 51.5897, 24.0], [-0.02749, 51.58973, 24.0], [-0.02738, 51.58975, 24.1], [-0.02725, 51.58977, 24.3], [-0.0272, 51.58978, 24.3], [-0.02702, 51.5898, 24.6], [-0.02692, 51.58982, 24.7], [-0.02677, 51.58984, 25.0], [-0.02662, 51.58985, 25.1], [-0.02655, 51.58986, 24.9], [-0.02647, 51.58988, 24.7], [-0.0262, 51.5899, 24.1], [-0.02611, 51.58991, 23.8], [-0.02596, 51.58993, 23.5], [-0.0255, 51.58998, 22.3], [-0.02452, 51.59011, 20.6], [-0.02357, 51.59025, 20.6], [-0.02338, 51.59028, 20.6], [-0.02329, 51.59029, 20.6], [-0.0232, 51.59031, 20.5], [-0.02312, 51.59033, 20.4], [-0.02306, 51.59034, 20.4], [-0.02298, 51.59036, 20.3], [-0.0229, 51.59038, 20.2], [-0.02268, 51.59044, 19.9], [-0.02245, 51.59051, 19.5], [-0.02234, 51.59054, 19.3], [-0.022, 51.59062, 18.9], [-0.02197, 51.59063, 18.8], [-0.02188, 51.59065, 18.7], [-0.02165, 51.5907, 18.5], [-0.02148, 51.59073, 18.4], [-0.0214, 51.59074, 18.4], [-0.02132, 51.59075, 18.3], [-0.02126, 51.59076, 18.3], [-0.02117, 51.59078, 18.2], [-0.02101, 51.5908, 18.2], [-0.02084, 51.59083, 18.0], [-0.0207, 51.59084, 18.2], [-0.02063, 51.59085, 18.2], [-0.02056, 51.59085, 18.3], [-0.02048, 51.59085, 18.4], [-0.02041, 51.59085, 18.5], [-0.0204, 51.59085, 18.5], [-0.02034, 51.59085, 18.6], [-0.02028, 51.59084, 18.7], [-0.0202, 51.59083, 18.8], [-0.02014, 51.59083, 18.8], [-0.02008, 51.59081, 19.0], [-0.02003, 51.5908, 19.1], [-0.01996, 51.5908, 19.2], [-0.01977, 51.59076, 19.4], [-0.01932, 51.59064, 19.9], [-0.01889, 51.59051, 20.8], [-0.01847, 51.59043, 21.4], [-0.01837, 51.5904, 21.5], [-0.01808, 51.59034, 22.3], [-0.01736, 51.59017, 24.5], [-0.01701, 51.59011, 25.6], [-0.01685, 51.59008, 26.1], [-0.01666, 51.59005, 26.7], [-0.016219, 51.58997, 26.8], [-0.01573, 51.58989, 27.0], [-0.01567, 51.58988, 27.1], [-0.01541, 51.58986, 26.9], [-0.01528, 51.58985, 26.8], [-0.01485, 51.58986, 26.5], [-0.01471, 51.5899, 26.3], [-0.01428, 51.58993, 26.5], [-0.01407, 51.58994, 26.6], [-0.01347, 51.58997, 27.1], [-0.01331, 51.58998, 27.2], [-0.01297, 51.59001, 26.9], [-0.01269, 51.59003, 26.8], [-0.01238, 51.59006, 26.7], [-0.01201, 51.59009, 26.5], [-0.01166, 51.59013, 26.4], [-0.01155, 51.59014, 26.4], [-0.01137, 51.59017, 26.3], [-0.01135, 51.59018, 26.2], [-0.0111, 51.59022, 26.1], [-0.01101, 51.59023, 26.1], [-0.01086, 51.59025, 26.1], [-0.0102, 51.59039, 26.7], [-0.00986, 51.59046, 27.2], [-0.00968, 51.5905, 27.6], [-0.00933, 51.59058, 28.2], [-0.00894, 51.59069, 28.9], [-0.00881, 51.59073, 29.1], [-0.00872, 51.59075, 29.3], [-0.00862, 51.59079, 29.4], [-0.00836, 51.59088, 29.7], [-0.00823, 51.59093, 29.4], [-0.00823, 51.59093, 29.4], [-0.00823, 51.59093, 29.4], [-0.00795, 51.59103, 28.8], [-0.0078, 51.59108, 28.5], [-0.00757, 51.59115, 28.1], [-0.00729, 51.59123, 27.8], [-0.00713, 51.59126, 27.7], [-0.00693, 51.5913, 27.5], [-0.0068, 51.59133, 27.4], [-0.00663, 51.59137, 27.2], [-0.00641, 51.59139, 27.2], [-0.00616, 51.59141, 27.3], [-0.00609, 51.59142, 27.3], [-0.00597, 51.59144, 27.2], [-0.00592, 51.59144, 27.3], [-0.00588, 51.59145, 27.3], [-0.00587, 51.59148, 27.1], [-0.00586, 51.59148, 27.1], [-0.00577, 51.5915, 27.0], [-0.00566, 51.59153, 27.0], [-0.00559, 51.59154, 27.0], [-0.00554, 51.59155, 27.0], [-0.00539, 51.59158, 26.9], [-0.0053, 51.59159, 27.0], [-0.00511, 51.59163, 27.0], [-0.00497, 51.59166, 27.0], [-0.00488, 51.59169, 26.9], [-0.00454, 51.59179, 26.7], [-0.0044, 51.59182, 26.6], [-0.00422, 51.59187, 26.5], [-0.00389, 51.59196, 26.4], [-0.00362, 51.59201, 26.4], [-0.00352, 51.59203, 26.5], [-0.00347, 51.59204, 26.5], [-0.0034, 51.59206, 26.5], [-0.00338, 51.59206, 26.5], [-0.00325, 51.5921, 26.5], [-0.00305, 51.59215, 26.6], [-0.00291, 51.59218, 26.7], [-0.00278, 51.5922, 26.8], [-0.00274, 51.59221, 26.8], [-0.00257, 51.59224, 26.9], [-0.00245, 51.59226, 27.1], [-0.00199, 51.59234, 28.1], [-0.00183, 51.59236, 28.5], [-0.00175, 51.59238, 28.7], [-0.00171, 51.59238, 28.8], [-0.00153, 51.59243, 29.1], [-0.00143, 51.59245, 29.3], [-0.00138, 51.59245, 29.4], [-0.00127, 51.59247, 29.6], [-0.00115, 51.59248, 29.8], [-0.00112, 51.59249, 29.9], [-0.00105, 51.59249, 30.0], [-0.00085, 51.59252, 30.4], [-0.00069, 51.59254, 30.7], [-0.00062, 51.59255, 30.8], [-0.00055, 51.59255, 31.0], [-0.00045, 51.59256, 31.0], [-0.00037, 51.59257, 34.0], [-0.00036, 51.59257, 34.0], [-0.00014, 51.59258, 34.0], [3e-05, 51.59258, 34.4], [6e-05, 51.59258, 34.5], [0.00021, 51.5926, 35.1], [0.0003, 51.5926, 35.4], [0.00042, 51.59261, 35.8], [0.00047, 51.59262, 36.0], [0.00054, 51.59262, 36.3], [0.0006, 51.59263, 36.5], [0.00063, 51.59263, 36.6], [0.00067, 51.59264, 36.8], [0.00074, 51.59264, 37.0], [0.00101, 51.59268, 38.1], [0.00123, 51.5927, 38.9], [0.00133, 51.59272, 39.3], [0.00162, 51.59275, 40.4], [0.00183, 51.59278, 41.2], [0.0024, 51.59285, 43.1], [0.00293, 51.59291, 45.0], [0.00348, 51.59299, 46.9], [0.00379, 51.59303, 47.5], [0.0038, 51.59304, 47.6], [0.004028, 51.59307, 48.1], [0.00449, 51.59315, 49.3], [0.00474, 51.5932, 50.1], [0.00475, 51.5932, 50.1], [0.00492, 51.59323, 50.6], [0.00512, 51.59327, 51.0], [0.00517, 51.59328, 51.1], [0.00546, 51.59333, 51.5], [0.00568, 51.59337, 51.9], [0.00591, 51.59342, 52.4], [0.00618, 51.59348, 53.1], [0.00648, 51.59353, 53.8], [0.00655, 51.59354, 54.0], [0.00683, 51.59359, 54.3], [0.00708, 51.59363, 54.4], [0.00739, 51.59369, 54.4], [0.00748, 51.59371, 54.5], [0.00767, 51.59374, 54.7], [0.00795, 51.59379, 55.1], [0.0085, 51.59389, 55.8], [0.0087, 51.59391, 56.0], [0.00912, 51.59398, 56.5], [0.00956, 51.59405, 57.2], [0.00967, 51.59409, 57.4], [0.00979, 51.59412, 57.6], [0.00988, 51.59415, 57.8], [0.00997, 51.59417, 58.0], [0.01003, 51.5942, 58.0], [0.01007, 51.59422, 58.0], [0.01012, 51.59426, 58.0], [0.01021, 51.59435, 58.0], [0.01021, 51.59435, 58.0], [0.01025, 51.59443, 57.9], [0.01028, 51.59448, 57.8], [0.01035, 51.59461, 57.7], [0.01036, 51.59463, 57.6], [0.01036, 51.59464, 57.6], [0.01038, 51.59468, 57.6], [0.01041, 51.59478, 57.4], [0.01041, 51.59484, 57.3], [0.01039, 51.59492, 57.1], [0.01037, 51.59499, 57.0], [0.01038, 51.59504, 57.0], [0.01022, 51.59529, 57.0], [0.01007, 51.59552, 57.0], [0.01005, 51.5956, 57.1], [0.01003, 51.59564, 57.2], [0.01003, 51.59568, 57.3], [0.01002, 51.59572, 57.4], [0.01002, 51.59575, 57.4], [0.01002, 51.59578, 57.5], [0.01002, 51.59581, 57.6], [0.01003, 51.59584, 57.7], [0.01005, 51.59587, 57.8], [0.01007, 51.5959, 57.9], [0.01011, 51.59594, 58.0], [0.01015, 51.59597, 58.2], [0.01023, 51.59601, 58.4], [0.01049, 51.59613, 59.1], [0.01061, 51.59619, 59.6], [0.01073, 51.59624, 59.9], [0.01082, 51.59629, 60.3], [0.01091, 51.59633, 60.6], [0.011, 51.5964, 61.2], [0.01108, 51.59644, 61.5], [0.01116, 51.59648, 61.9], [0.01123, 51.59652, 62.3], [0.01128, 51.59656, 62.6], [0.01134, 51.59662, 63.2], [0.01139, 51.59668, 63.7], [0.0115, 51.59681, 64.5], [0.0116, 51.59705, 65.8], [0.01168, 51.59722, 66.6], [0.01169, 51.59724, 66.7], [0.01183, 51.59751, 67.8], [0.01198, 51.59779, 68.3], [0.01212, 51.59805, 68.8], [0.01212, 51.59805, 68.8], [0.01212, 51.59805, 68.8], [0.01232, 51.59845, 69.0], [0.01238, 51.59856, 68.8], [0.01242, 51.59865, 68.7], [0.01251, 51.5988, 68.4], [0.01257, 51.5989, 68.4], [0.01268, 51.5991, 68.3], [0.01273, 51.59916, 68.3], [0.01276, 51.59922, 68.4], [0.01294, 51.59946, 68.7], [0.0132, 51.59981, 69.0], [0.0133, 51.59993, 69.0], [0.01332, 51.59995, 69.0], [0.01344, 51.60009, 68.8], [0.01355, 51.60021, 68.5], [0.01368, 51.60036, 68.2], [0.01383, 51.60055, 67.7], [0.01387, 51.60059, 67.6], [0.01402, 51.60076, 67.3], [0.01413, 51.60088, 67.2], [0.01421, 51.60096, 67.3], [0.01433, 51.6011, 67.4], [0.01459, 51.60138, 67.8], [0.01504, 51.60187, 67.6], [0.016, 51.60296, 64.6], [0.01633, 51.60334, 64.8], [0.01644, 51.60346, 64.7], [0.01657, 51.60361, 64.5], [0.01672, 51.60377, 64.5], [0.01688, 51.60394, 64.7], [0.01709, 51.60418, 65.0], [0.01724, 51.60435, 64.8], [0.01727, 51.60438, 64.7], [0.0173, 51.60443, 64.7], [0.01736, 51.60451, 64.6], [0.01743, 51.60459, 64.5], [0.01748, 51.60465, 64.4], [0.0175, 51.60467, 64.4], [0.01754, 51.6047, 64.4], [0.01759, 51.60473, 64.3], [0.01765, 51.6048, 64.2], [0.0177, 51.60484, 64.2], [0.01776, 51.60489, 64.1], [0.01783, 51.60493, 64.1], [0.01787, 51.60496, 64.0], [0.01796, 51.60501, 64.0], [0.01796, 51.60501, 64.0], [0.01795, 51.60505, 63.9], [0.01795, 51.60508, 63.8], [0.01795, 51.60513, 63.7], [0.01798, 51.60517, 63.6], [0.01801, 51.6052, 63.5], [0.01803, 51.60523, 63.4], [0.01811, 51.60534, 63.0], [0.01816, 51.60541, 62.7], [0.01825, 51.60551, 62.3], [0.01849, 51.60581, 60.9], [0.0187, 51.60607, 61.5], [0.01878, 51.60616, 61.9], [0.01885, 51.60624, 62.1], [0.01891, 51.60629, 62.3], [0.01898, 51.60634, 62.5], [0.01901, 51.60638, 62.7], [0.01906, 51.60644, 62.9], [0.01914, 51.60652, 63.3], [0.01923, 51.60659, 63.6], [0.01928, 51.60663, 63.7], [0.01937, 51.60671, 63.9], [0.01937, 51.60671, 63.9], [0.01943, 51.60676, 64.0], [0.01962, 51.60692, 64.4], [0.01972, 51.60707, 64.9], [0.01978, 51.60714, 65.2], [0.01993, 51.60732, 66.1], [0.01999, 51.6074, 66.5], [0.02007, 51.60749, 66.7], [0.02033, 51.60779, 66.3], [0.02044, 51.60788, 66.1], [0.02057, 51.60804, 66.0], [0.02064, 51.60814, 66.1], [0.02074, 51.60826, 66.1], [0.02094, 51.60855, 65.6], [0.02104, 51.60872, 65.4], [0.02114, 51.60887, 65.3], [0.02126, 51.60906, 65.4], [0.02131, 51.60913, 65.5], [0.02138, 51.60922, 65.7], [0.02146, 51.60934, 65.8], [0.02151, 51.60943, 65.8], [0.02157, 51.60951, 65.9], [0.02164, 51.60959, 66.0], [0.02194, 51.61001, 66.0], [0.02207, 51.6102, 66.6], [0.0222, 51.61035, 67.0], [0.02226, 51.61043, 67.2], [0.02228, 51.61046, 67.2], [0.02237, 51.61057, 67.5], [0.02278, 51.61108, 68.2], [0.0229, 51.61122, 68.4], [0.02308, 51.61145, 69.1], [0.02309, 51.61147, 69.1], [0.02315, 51.61155, 69.4], [0.02319, 51.61161, 69.6], [0.02326, 51.61171, 70.1], [0.02337, 51.61186, 70.6], [0.02343, 51.61196, 70.9], [0.02352, 51.6121, 71.2], [0.02356, 51.61215, 71.3], [0.02361, 51.61224, 71.5], [0.02369, 51.61236, 71.7], [0.02377, 51.61249, 71.9], [0.02395, 51.61277, 71.8], [0.02394, 51.61277, 71.9], [0.02394, 51.61278, 71.9], [0.02393, 51.61278, 71.9], [0.02392, 51.61278, 71.9], [0.02392, 51.61279, 71.9], [0.02391, 51.61279, 72.0], [0.02391, 51.6128, 72.0], [0.02391, 51.61281, 72.0], [0.02391, 51.61282, 72.0], [0.02391, 51.61283, 72.0], [0.02392, 51.61283, 72.0], [0.02392, 51.61284, 72.0], [0.02393, 51.61284, 72.0], [0.02394, 51.61284, 72.0], [0.02394, 51.61285, 72.0], [0.02395, 51.61285, 71.9], [0.02396, 51.61285, 71.9], [0.02397, 51.61285, 71.9], [0.02398, 51.61285, 71.9], [0.02399, 51.61285, 71.8], [0.024, 51.61285, 71.8], [0.02413, 51.61308, 71.8], [0.02419, 51.61318, 71.7], [0.02448, 51.61364, 72.4], [0.02455, 51.61375, 72.8], [0.02462, 51.61388, 73.4], [0.02466, 51.61397, 73.9], [0.0247, 51.61404, 74.3], [0.02477, 51.61419, 75.0], [0.02478, 51.61422, 75.1], [0.02483, 51.61434, 75.3], [0.02485, 51.61441, 75.3], [0.02489, 51.61448, 75.4], [0.02488, 51.61455, 75.5], [0.02497, 51.61482, 75.8], [0.02508, 51.61512, 75.7], [0.02518, 51.61533, 75.3], [0.02524, 51.61547, 75.0], [0.02535, 51.61573, 74.7], [0.02553, 51.61615, 74.4], [0.02567, 51.61647, 74.2], [0.02571, 51.61656, 74.1], [0.02589, 51.61691, 73.6], [0.02601, 51.61713, 73.0], [0.02607, 51.61724, 72.7], [0.0261, 51.61729, 72.6], [0.02618, 51.61745, 72.2], [0.02623, 51.61754, 71.9], [0.02627, 51.61761, 71.7], [0.02647, 51.61802, 70.6], [0.02654, 51.61818, 70.2], [0.02654, 51.61818, 70.2], [0.02674, 51.6186, 70.1], [0.02699, 51.619, 69.6], [0.02717, 51.61932, 69.6], [0.0272, 51.61938, 69.7], [0.02728, 51.61954, 69.9], [0.02731, 51.6196, 70.0], [0.02731, 51.61962, 70.1], [0.02742, 51.61987, 70.7], [0.02753, 51.62012, 71.5], [0.02754, 51.62014, 71.6], [0.02756, 51.62021, 72.0], [0.02757, 51.62027, 72.2], [0.02763, 51.62046, 73.1], [0.02766, 51.62055, 73.6], [0.02768, 51.62063, 74.0], [0.02771, 51.6207, 74.3], [0.0277, 51.62079, 74.8], [0.02772, 51.62084, 75.0], [0.02773, 51.62089, 75.3], [0.02775, 51.62091, 75.4], [0.02778, 51.62094, 75.6], [0.02781, 51.62107, 76.2], [0.02784, 51.62117, 76.8], [0.02786, 51.62122, 77.1], [0.02788, 51.62129, 77.4], [0.02791, 51.62139, 78.0], [0.02792, 51.62145, 78.3], [0.02796, 51.62157, 79.0], [0.02801, 51.62175, 79.5], [0.02807, 51.62197, 79.5], [0.02812, 51.62213, 79.5], [0.0282, 51.62242, 79.6], [0.02823, 51.62251, 79.6], [0.02826, 51.62264, 79.4], [0.0283, 51.62275, 79.3], [0.02832, 51.62283, 79.2], [0.02838, 51.62304, 78.7], [0.02843, 51.62323, 78.3], [0.02849, 51.62343, 77.7], [0.02855, 51.62364, 76.9], [0.02859, 51.62378, 76.3], [0.02862, 51.62387, 76.0], [0.02866, 51.62402, 75.4], [0.02867, 51.62404, 75.4], [0.02867, 51.62404, 75.4], [0.02869, 51.62412, 75.1], [0.02872, 51.62423, 74.7], [0.02877, 51.62441, 74.3], [0.0288, 51.62451, 74.1], [0.02885, 51.62465, 73.9], [0.02891, 51.62487, 73.4], [0.02891, 51.62488, 73.4], [0.02893, 51.62496, 73.3], [0.02896, 51.62506, 73.1], [0.02898, 51.62513, 73.0], [0.02902, 51.62525, 72.9], [0.02908, 51.62545, 72.6], [0.02915, 51.62567, 72.3], [0.02918, 51.62577, 72.2], [0.02927, 51.62602, 71.5], [0.02938, 51.62635, 70.4], [0.0294, 51.62641, 70.3], [0.02959, 51.62697, 70.2], [0.02974, 51.62742, 71.0], [0.02981, 51.6276, 71.1], [0.02991, 51.62791, 70.7], [0.02995, 51.62804, 70.5], [0.03, 51.62817, 70.4], [0.03006, 51.62834, 70.3], [0.03008, 51.62841, 70.2], [0.03017, 51.62869, 70.0], [0.0302, 51.62877, 69.9], [0.03025, 51.62892, 69.8], [0.03027, 51.62898, 69.7], [0.03028, 51.62902, 69.7], [0.03031, 51.62912, 69.6], [0.03046, 51.62953, 69.1], [0.03058, 51.62989, 68.4], [0.03061, 51.62998, 68.3], [0.03064, 51.63007, 68.1], [0.03068, 51.63018, 68.0], [0.03082, 51.63057, 67.6], [0.03089, 51.63076, 67.4], [0.03092, 51.63086, 67.4], [0.03092, 51.63086, 67.4], [0.03096, 51.63098, 67.3], [0.03111, 51.6314, 67.2], [0.03115, 51.63151, 67.2], [0.03121, 51.63171, 67.4], [0.03129, 51.63194, 68.5], [0.03139, 51.63221, 69.9], [0.031399, 51.63224, 70.0], [0.03145, 51.63238, 70.6], [0.03155, 51.63268, 71.0], [0.03161, 51.63286, 70.9], [0.03162, 51.63292, 70.8], [0.03179, 51.63336, 70.3], [0.031808, 51.63342, 70.1], [0.031898, 51.63368, 69.1], [0.03198, 51.63394, 67.9], [0.032009, 51.63402, 67.6], [0.03204, 51.63409, 67.3], [0.032079, 51.63422, 66.8], [0.03211, 51.63432, 66.4], [0.03219, 51.63455, 65.6], [0.032238, 51.63468, 65.1], [0.0323, 51.63488, 64.3], [0.0324, 51.63516, 63.1], [0.03243, 51.63526, 62.6], [0.03259, 51.63574, 60.8], [0.03268, 51.63599, 61.0], [0.03275, 51.63623, 61.7], [0.03285, 51.6365, 62.5], [0.03288, 51.63659, 62.8], [0.033, 51.63696, 63.9], [0.03302, 51.63701, 64.1], [0.03312, 51.63732, 65.1], [0.0332, 51.63754, 65.7], [0.03323, 51.63766, 65.7], [0.03323, 51.63766, 65.7], [0.03328, 51.6378, 65.8], [0.03341, 51.63827, 66.0], [0.03356, 51.63885, 64.9], [0.0336, 51.63905, 64.6], [0.03361, 51.63913, 64.4], [0.03369, 51.63947, 65.3], [0.03374, 51.63976, 66.3], [0.03375, 51.63982, 66.5], [0.03378, 51.64001, 67.0], [0.03379, 51.64004, 66.9], [0.03385, 51.64038, 65.6], [0.03391, 51.64063, 64.6], [0.03392, 51.64069, 64.3], [0.03399, 51.64096, 63.3], [0.03402, 51.64107, 63.0], [0.03409, 51.64126, 62.4], [0.03417, 51.64154, 61.5], [0.03426, 51.64182, 60.7], [0.0344, 51.64217, 59.9], [0.03442, 51.64224, 59.8], [0.03445, 51.64232, 59.6], [0.03455, 51.64258, 59.0], [0.03463, 51.64282, 57.9], [0.03465, 51.64287, 57.7], [0.03465, 51.64288, 57.7], [0.03465, 51.64289, 57.6], [0.03473, 51.64308, 56.8], [0.03494, 51.64366, 54.8], [0.03494, 51.64367, 54.7], [0.03495, 51.6437, 54.6], [0.03507, 51.644, 53.6], [0.03519, 51.64428, 52.9], [0.0352, 51.64431, 52.9], [0.03527, 51.6445, 52.9], [0.03527, 51.6445, 52.9], [0.03528, 51.64455, 52.8], [0.03536, 51.64476, 52.9], [0.03542, 51.64492, 53.0], [0.03555, 51.64526, 53.4], [0.03561, 51.64545, 53.6], [0.03572, 51.64573, 53.8], [0.03575, 51.64583, 53.9], [0.03589, 51.6462, 55.0], [0.03596, 51.64639, 55.5], [0.03603, 51.64658, 56.1], [0.03607, 51.64672, 56.4], [0.03614, 51.6469, 56.7], [0.03617, 51.64699, 56.9], [0.03618, 51.64706, 57.0], [0.03621, 51.64715, 57.1], [0.03625, 51.64727, 57.2], [0.03628, 51.64734, 57.3], [0.03637, 51.64753, 57.3], [0.03646, 51.64777, 56.9], [0.03647, 51.64782, 56.9], [0.03654, 51.64801, 56.5], [0.03658, 51.64808, 56.4], [0.03673, 51.6485, 56.8], [0.03676, 51.64857, 57.2], [0.0369, 51.64896, 58.9], [0.03698, 51.64916, 59.7], [0.03704, 51.64935, 60.2], [0.03705, 51.64938, 60.3], [0.0371, 51.64953, 60.7], [0.03716, 51.64968, 61.2], [0.03723, 51.64989, 61.8], [0.03728, 51.65001, 62.2], [0.03732, 51.65013, 62.9], [0.03751, 51.65065, 65.4], [0.03755, 51.65075, 65.8], [0.03758, 51.65084, 66.2], [0.0376, 51.65088, 66.5], [0.0376, 51.65089, 66.5], [0.03763, 51.65095, 66.9], [0.03767, 51.65106, 67.4], [0.03768, 51.65107, 67.5], [0.03768, 51.65107, 67.5], [0.03772, 51.65118, 68.1], [0.03782, 51.65148, 69.6], [0.03787, 51.65161, 70.2], [0.03793, 51.65177, 71.1], [0.03799, 51.65192, 72.1], [0.03805, 51.6521, 73.3], [0.03806, 51.65211, 73.3], [0.03819, 51.65247, 75.6], [0.03824, 51.65261, 76.3], [0.03831, 51.65281, 77.1], [0.03836, 51.65295, 77.7], [0.03838, 51.65301, 77.9], [0.03843, 51.65313, 78.5], [0.03846, 51.65321, 78.8], [0.0385, 51.65334, 79.4], [0.03851, 51.65337, 79.7], [0.03852, 51.65339, 79.8], [0.03867, 51.65381, 83.0], [0.0387, 51.65392, 83.8], [0.03871, 51.65394, 83.9], [0.03877, 51.65412, 85.2], [0.03878, 51.65415, 85.4], [0.03893, 51.65454, 86.4], [0.03904, 51.65477, 86.8], [0.03914, 51.65496, 87.0], [0.03923, 51.65515, 86.6], [0.03924, 51.65516, 86.5], [0.03924, 51.65523, 86.3], [0.03925, 51.6553, 86.1], [0.03928, 51.65538, 85.9], [0.03931, 51.65543, 85.7], [0.03928, 51.65545, 85.7], [0.03926, 51.65547, 85.7], [0.03924, 51.6555, 85.7], [0.03923, 51.65552, 85.6], [0.03922, 51.65555, 85.6], [0.03922, 51.65557, 85.5], [0.03922, 51.6556, 85.4], [0.03923, 51.65562, 85.4], [0.03923, 51.65563, 85.4], [0.03924, 51.65564, 85.3], [0.03925, 51.65565, 85.3], [0.03925, 51.65566, 85.2], [0.03926, 51.65567, 85.2], [0.03927, 51.65568, 85.1], [0.03928, 51.65569, 85.1], [0.03929, 51.6557, 85.0], [0.03932, 51.65572, 84.9], [0.03934, 51.65573, 84.9], [0.03937, 51.65575, 84.7], [0.0394, 51.65576, 84.6], [0.03943, 51.65577, 84.5], [0.03946, 51.65577, 84.5], [0.0395, 51.65578, 84.4], [0.03956, 51.65578, 84.2], [0.03974, 51.65589, 84.0], [0.0398, 51.65597, 84.3], [0.04021, 51.6565, 86.9], [0.04034, 51.65667, 88.0], [0.04041, 51.65677, 88.9], [0.0406, 51.65701, 90.9], [0.0406, 51.65701, 90.9], [0.04065, 51.65708, 91.5], [0.04071, 51.65716, 92.1], [0.04078, 51.65725, 92.9], [0.04086, 51.65734, 93.7], [0.04093, 51.65744, 94.6], [0.04121, 51.6578, 95.3], [0.04128, 51.6579, 95.2], [0.04135, 51.65799, 95.1], [0.04143, 51.6581, 94.9], [0.04172, 51.65848, 94.2], [0.0422, 51.65913, 95.2], [0.04267, 51.65977, 100.4], [0.04314, 51.6604, 102.1], [0.04316, 51.66042, 102.0], [0.04319, 51.66047, 102.0], [0.04324, 51.66053, 101.9], [0.04327, 51.66056, 101.9], [0.04341, 51.66074, 101.4], [0.0435, 51.66086, 101.0], [0.04364, 51.66102, 100.5], [0.0439, 51.66133, 100.0], [0.04404, 51.66149, 99.9], [0.04417, 51.66165, 99.9], [0.04447, 51.66199, 101.2], [0.04464, 51.66218, 102.0], [0.04466, 51.6622, 102.1], [0.04479, 51.66234, 102.6], [0.04487, 51.66244, 103.0], [0.04495, 51.66253, 103.4], [0.04495, 51.66253, 103.4], [0.04505, 51.66264, 104.0], [0.04506, 51.66265, 104.1], [0.0453, 51.66293, 105.9], [0.04533, 51.66297, 106.2], [0.04535, 51.66298, 106.2], [0.04547, 51.66312, 107.0], [0.04574, 51.66344, 108.4], [0.04575, 51.66346, 108.4], [0.04585, 51.66356, 108.5], [0.04588, 51.6636, 108.6], [0.04602, 51.66376, 108.7], [0.04608, 51.66382, 108.7], [0.04617, 51.66391, 108.7], [0.04641, 51.66413, 108.6], [0.04672, 51.66437, 107.4], [0.04719, 51.6647, 106.1], [0.0472, 51.66471, 106.1], [0.04755, 51.66493, 105.1], [0.04757, 51.66494, 105.1], [0.04797, 51.6652, 104.2], [0.04798, 51.6652, 104.2], [0.04818, 51.66533, 103.8], [0.04821, 51.66534, 103.7], [0.04825, 51.66537, 103.7], [0.04863, 51.66564, 103.2], [0.04881, 51.66577, 103.1], [0.04884, 51.66579, 103.1], [0.049, 51.6659, 103.1], [0.04914, 51.66599, 103.2], [0.05024, 51.66674, 102.2], [0.0505, 51.66693, 102.6], [0.0506, 51.66699, 102.8], [0.05144, 51.66757, 103.3], [0.05164, 51.6677, 103.0], [0.05164, 51.6677, 103.0], [0.05174, 51.66777, 102.8], [0.05208, 51.66801, 102.1], [0.05255, 51.66833, 101.9], [0.05264, 51.6684, 101.7], [0.05276, 51.66848, 101.5], [0.05293, 51.66859, 101.0], [0.0532, 51.66878, 100.2], [0.0533, 51.66885, 99.8], [0.0534, 51.66891, 99.7], [0.05341, 51.66893, 99.7], [0.05351, 51.66899, 99.8], [0.05378, 51.66918, 100.1], [0.05397, 51.66932, 101.0], [0.05406, 51.66938, 101.5], [0.05409, 51.6694, 101.6], [0.05444, 51.66964, 103.5], [0.05543, 51.67031, 108.6], [0.0555, 51.67036, 108.9], [0.05576, 51.67053, 110.0], [0.05593, 51.67065, 110.9], [0.05612, 51.67078, 111.9], [0.05669, 51.67116, 114.8], [0.05699, 51.67139, 115.3], [0.05726, 51.67156, 115.7], [0.05746, 51.6717, 116.0], [0.05757, 51.67177, 116.0], [0.05785, 51.67196, 116.1], [0.05797, 51.67204, 116.3], [0.05819, 51.67219, 116.5], [0.05827, 51.67224, 116.6], [0.05846, 51.67238, 116.9], [0.05896, 51.67272, 117.5], [0.05902, 51.67276, 117.6], [0.05934, 51.67299, 118.2], [0.05994, 51.6734, 119.9], [0.06, 51.67344, 120.0], [0.06013, 51.67353, 120.0], [0.06021, 51.67358, 120.0], [0.06038, 51.67369, 120.0], [0.06051, 51.67378, 120.0], [0.06064, 51.67387, 120.0], [0.06078, 51.67397, 120.0], [0.06095, 51.67408, 120.1], [0.061, 51.67411, 120.2], [0.06119, 51.67424, 120.2], [0.06143, 51.67439, 119.8], [0.06176, 51.67462, 118.9], [0.0618, 51.67464, 118.8], [0.06208, 51.67483, 118.2], [0.06234, 51.67498, 117.9], [0.06234, 51.67498, 117.9], [0.06232, 51.675, 117.8], [0.0623, 51.67503, 117.7], [0.0623, 51.67506, 117.7], [0.06229, 51.67509, 117.6], [0.0623, 51.67512, 117.5], [0.06231, 51.67514, 117.5], [0.06233, 51.67517, 117.5], [0.06237, 51.67521, 117.4], [0.06241, 51.67523, 117.4], [0.06245, 51.67525, 117.4], [0.06249, 51.67527, 117.3], [0.06254, 51.67528, 117.3], [0.06259, 51.67529, 117.3], [0.06264, 51.67529, 117.4], [0.062687, 51.67529, 117.4], [0.062728, 51.67529, 117.4], [0.06279, 51.67528, 117.4], [0.063297, 51.67565, 115.9], [0.06365, 51.6759, 115.9], [0.064227, 51.67629, 117.7], [0.06447, 51.67645, 118.3], [0.06463, 51.67656, 118.6], [0.06478, 51.67667, 118.7], [0.065, 51.67681, 119.2], [0.06518, 51.67693, 119.3], [0.06555, 51.67719, 119.6], [0.06608, 51.67751, 120.3], [0.0662, 51.6776, 120.6], [0.06637, 51.67769, 120.9], [0.06639, 51.6777, 120.9], [0.0665, 51.67776, 121.1], [0.06673, 51.67788, 121.4], [0.06703, 51.67803, 121.4], [0.06735, 51.67817, 121.1], [0.06753, 51.67825, 121.0], [0.068, 51.67846, 120.7], [0.06824, 51.67856, 120.7], [0.06848, 51.67866, 120.8], [0.0686, 51.67872, 120.9], [0.06873, 51.67878, 121.1], [0.0696, 51.67921, 122.1], [0.07043, 51.67968, 123.3], [0.07076, 51.67987, 123.6], [0.07076, 51.67987, 123.6], [0.07084, 51.67992, 123.7], [0.07089, 51.67995, 123.7], [0.07107, 51.68006, 123.6], [0.07148, 51.6803, 123.4], [0.07194, 51.68061, 124.2], [0.07218, 51.68079, 124.8], [0.07278, 51.68133, 124.8], [0.07279, 51.68134, 124.8], [0.07299, 51.68152, 124.5], [0.07361, 51.68202, 123.7], [0.07431, 51.68249, 124.2], [0.07494, 51.68283, 124.6], [0.07557, 51.68314, 124.9], [0.0758, 51.68327, 125.0], [0.0761, 51.68342, 125.1], [0.07646, 51.68361, 124.9], [0.07662, 51.68369, 124.7], [0.07722, 51.68401, 123.6], [0.07728, 51.68404, 123.5], [0.07745, 51.68413, 123.1], [0.07768, 51.68423, 123.1], [0.07888, 51.68473, 122.4], [0.07916, 51.68485, 122.4], [0.07937, 51.68494, 122.4], [0.07984, 51.68514, 122.4], [0.07985, 51.68514, 122.4], [0.08008, 51.68524, 122.2], [0.08009, 51.68524, 122.2], [0.08032, 51.68534, 122.2], [0.08039, 51.68537, 122.1], [0.08055, 51.68544, 122.1], [0.08056, 51.68545, 122.1], [0.08059, 51.68546, 122.1], [0.08079, 51.68555, 122.0], [0.08102, 51.68566, 122.0], [0.08119, 51.68573, 122.2], [0.08168, 51.68596, 121.6], [0.08217, 51.68616, 119.5], [0.08221, 51.68617, 119.4], [0.08221, 51.68618, 119.3], [0.08225, 51.68619, 119.1], [0.08272, 51.68634, 117.3], [0.08281, 51.68637, 116.8], [0.08281, 51.68637, 116.8], [0.08365, 51.68666, 114.2], [0.084, 51.68677, 114.7], [0.08401, 51.68677, 114.7], [0.08406, 51.68678, 114.8], [0.0843, 51.68687, 115.1], [0.08451, 51.68694, 115.4], [0.08458, 51.68697, 115.4], [0.08513, 51.68718, 115.4], [0.08524, 51.68722, 115.3], [0.08558, 51.68735, 115.2], [0.08613, 51.68757, 115.6], [0.08679, 51.68784, 115.7], [0.08684, 51.68786, 115.6], [0.08727, 51.68804, 115.0], [0.08755, 51.68817, 114.9], [0.08766, 51.68822, 115.0], [0.0877, 51.68824, 115.1], [0.08817, 51.68846, 115.7], [0.08825, 51.68849, 115.8], [0.08863, 51.68867, 115.1], [0.08881, 51.68875, 114.8], [0.08909, 51.68887, 114.4], [0.09005, 51.6893, 114.4], [0.09021, 51.68939, 113.9], [0.09031, 51.68943, 113.7], [0.09069, 51.6896, 112.9], [0.09094, 51.68971, 112.5], [0.09123, 51.68984, 112.2], [0.09123, 51.68985, 112.2], [0.09132, 51.68989, 112.1], [0.09156, 51.69, 111.9], [0.09193, 51.69017, 111.7], [0.09213, 51.69028, 111.5], [0.09273, 51.69054, 111.6], [0.09284, 51.69059, 111.7], [0.09362, 51.69093, 111.9], [0.09368, 51.69095, 111.9], [0.09399, 51.69105, 112.0], [0.09571, 51.69166, 112.9], [0.0959, 51.69173, 112.9], [0.09605, 51.69179, 113.0], [0.09637, 51.6919, 113.3], [0.09763, 51.69233, 112.8], [0.09764, 51.69233, 112.8], [0.0979, 51.69242, 112.5], [0.0979, 51.69242, 112.5], [0.09839, 51.69259, 111.9], [0.09874, 51.69271, 111.3], [0.09919, 51.69286, 110.8], [0.10014, 51.69321, 110.4], [0.10013, 51.69321, 110.4], [0.10013, 51.69322, 110.4], [0.10013, 51.69323, 110.5], [0.10013, 51.69324, 110.5], [0.10013, 51.69325, 110.5], [0.10013, 51.69326, 110.6], [0.10013, 51.69327, 110.6], [0.10014, 51.69327, 110.6], [0.10014, 51.69328, 110.6], [0.10014, 51.69329, 110.7], [0.10015, 51.69329, 110.7], [0.10015, 51.6933, 110.7], [0.10016, 51.6933, 110.7], [0.10017, 51.69331, 110.7], [0.10018, 51.69331, 110.7], [0.10018, 51.69332, 110.7], [0.10019, 51.69332, 110.7], [0.1002, 51.69332, 110.7], [0.10021, 51.69332, 110.7], [0.10022, 51.69332, 110.7], [0.10023, 51.69332, 110.7], [0.10024, 51.69332, 110.7], [0.10025, 51.69332, 110.6], [0.10027, 51.69332, 110.6], [0.10028, 51.69331, 110.6], [0.10029, 51.69331, 110.6], [0.1003, 51.69331, 110.5], [0.10031, 51.6933, 110.5], [0.10032, 51.6933, 110.5], [0.10032, 51.69329, 110.4], [0.10033, 51.69329, 110.4], [0.10033, 51.69328, 110.4], [0.10034, 51.69328, 110.4], [0.10126, 51.69359, 110.1], [0.10176, 51.69377, 110.5], [0.10204, 51.69388, 110.8], [0.10254, 51.69409, 111.6], [0.10265, 51.69414, 111.7], [0.10276, 51.69419, 111.7], [0.10288, 51.69425, 111.4], [0.10372, 51.69474, 110.3], [0.1043, 51.69509, 109.7], [0.10435, 51.69512, 109.6], [0.10454, 51.69521, 109.3], [0.10522, 51.69554, 109.0], [0.10612, 51.69591, 108.8], [0.10623, 51.69596, 108.7], [0.10629, 51.69598, 108.6], [0.10665, 51.69614, 108.3], [0.10693, 51.69626, 108.0], [0.10711, 51.69633, 107.8], [0.10744, 51.69646, 107.5], [0.10778, 51.69662, 107.4], [0.10806, 51.69675, 107.6], [0.10829, 51.69685, 107.7], [0.10836, 51.69688, 107.8], [0.10851, 51.69694, 107.7], [0.10858, 51.69698, 107.7], [0.1088, 51.6971, 107.8], [0.10894, 51.69715, 107.8], [0.10904, 51.69719, 107.9], [0.10911, 51.69724, 108.0], [0.10949, 51.69745, 108.3], [0.10956, 51.6975, 108.5], [0.10969, 51.69758, 108.6], [0.11002, 51.69781, 109.4], [0.11003, 51.6979, 109.5], [0.11008, 51.69795, 109.5], [0.11013, 51.698, 109.6], [0.11013, 51.69801, 109.6], [0.11013, 51.69802, 109.6], [0.11014, 51.69802, 109.6], [0.11014, 51.69803, 109.6], [0.11014, 51.69804, 109.6], [0.11015, 51.69804, 109.6], [0.11015, 51.69805, 109.7], [0.11016, 51.69805, 109.7], [0.11017, 51.69805, 109.7], [0.11017, 51.69806, 109.7], [0.11018, 51.69806, 109.7], [0.11019, 51.69806, 109.7], [0.1102, 51.69806, 109.7], [0.1102, 51.69807, 109.7], [0.11021, 51.69807, 109.7], [0.11022, 51.69807, 109.7], [0.11032, 51.69815, 109.8], [0.11055, 51.69832, 110.0], [0.11055, 51.69833, 110.0], [0.11054, 51.69833, 110.0], [0.11054, 51.69834, 110.0], [0.11055, 51.69834, 110.0], [0.11055, 51.69835, 110.0], [0.11056, 51.69835, 110.0], [0.11056, 51.69836, 110.0], [0.11057, 51.69836, 110.0], [0.11058, 51.69836, 110.0], [0.11059, 51.69836, 110.0], [0.1106, 51.69836, 110.0], [0.11061, 51.69836, 110.0], [0.11062, 51.69836, 110.0], [0.11063, 51.69836, 110.0], [0.11073, 51.69844, 109.9], [0.11107, 51.69874, 109.4], [0.11124, 51.69889, 109.2], [0.1116, 51.6992, 109.0], [0.11165, 51.69925, 109.0], [0.11205, 51.69956, 109.0], [0.11205, 51.69956, 109.0], [0.11221, 51.69969, 109.0], [0.11238, 51.69982, 109.0], [0.11248, 51.69989, 109.0], [0.11289, 51.70019, 108.8], [0.11296, 51.70024, 108.7], [0.11348, 51.70061, 109.0], [0.11366, 51.70072, 109.1], [0.11401, 51.70093, 108.4], [0.11403, 51.70094, 108.3], [0.11436, 51.70109, 107.8], [0.11441, 51.70113, 107.6], [0.11468, 51.70129, 107.2], [0.11502, 51.70149, 106.9], [0.11561, 51.70184, 105.3], [0.11562, 51.70185, 105.2], [0.11582, 51.70198, 104.9], [0.11612, 51.70221, 104.6], [0.11649, 51.70251, 104.6], [0.11654, 51.70258, 105.0], [0.11689, 51.70291, 106.9], [0.11735, 51.70337, 109.7], [0.11743, 51.70346, 110.0], [0.11782, 51.70389, 111.4], [0.11814, 51.70425, 112.6], [0.11825, 51.70435, 112.8], [0.11836, 51.70445, 113.0], [0.11854, 51.70465, 113.2], [0.1187, 51.70482, 113.4], [0.11875, 51.70488, 113.5], [0.11889, 51.70503, 113.6], [0.11899, 51.70513, 113.5], [0.11905, 51.70521, 113.4], [0.11905, 51.70521, 113.4], [0.11911, 51.7052, 113.5], [0.11916, 51.70519, 113.5], [0.11921, 51.70519, 113.6], [0.11928, 51.70519, 113.7], [0.11932, 51.7052, 113.7], [0.1194, 51.70521, 113.8], [0.11963, 51.70527, 113.9], [0.12099, 51.70564, 116.2], [0.12167, 51.70582, 118.9], [0.12174, 51.70584, 118.9], [0.12217, 51.70595, 118.7], [0.12306, 51.70622, 117.9], [0.1237, 51.7064, 117.3], [0.1238, 51.70643, 117.2], [0.1238, 51.70643, 117.2], [0.12431, 51.70657, 116.4], [0.12511, 51.70679, 115.3], [0.125568, 51.70692, 115.6], [0.126347, 51.70713, 116.7], [0.12651, 51.70718, 117.0], [0.12692, 51.70729, 116.9], [0.12752, 51.70745, 115.8], [0.12817, 51.70764, 114.4], [0.128288, 51.70767, 114.1], [0.12895, 51.70785, 113.3], [0.129317, 51.70794, 112.6], [0.129957, 51.70814, 111.1], [0.130207, 51.70823, 110.7], [0.13059, 51.70838, 110.2], [0.13095, 51.70852, 109.3], [0.13147, 51.70873, 107.5], [0.13177, 51.70884, 106.8], [0.13238, 51.70909, 106.2], [0.13245, 51.70911, 106.1], [0.13325, 51.70941, 104.5], [0.13398, 51.70961, 105.5], [0.13532, 51.70996, 107.5], [0.13558, 51.71003, 107.7], [0.1356, 51.71003, 107.7], [0.13568, 51.71006, 107.8], [0.1372, 51.71043, 110.1], [0.13747, 51.7105, 110.4], [0.13749, 51.7105, 110.4], [0.13779, 51.71058, 110.8], [0.13835, 51.71075, 111.2], [0.13851, 51.71082, 111.0], [0.13874, 51.71092, 110.8], [0.13876, 51.71093, 110.8], [0.13896, 51.71101, 110.5], [0.13922, 51.71113, 109.9], [0.13945, 51.71123, 109.2], [0.13978, 51.71137, 108.1], [0.13978, 51.71137, 108.1], [0.14016, 51.71154, 106.4], [0.14018, 51.71155, 106.3], [0.1404, 51.71165, 105.2], [0.14055, 51.71172, 104.8], [0.1415, 51.71213, 103.1], [0.14214, 51.71236, 101.9], [0.14244, 51.71245, 101.2], [0.14264, 51.7125, 100.7], [0.14277, 51.71253, 100.2], [0.14347, 51.71262, 98.6], [0.14415, 51.7127, 98.5], [0.14427, 51.71272, 98.5], [0.14456, 51.71275, 98.5], [0.14484, 51.71278, 98.6], [0.14507, 51.71281, 98.6], [0.14541, 51.71284, 98.4], [0.14571, 51.71288, 98.2], [0.1462, 51.71291, 98.0], [0.14627, 51.71292, 98.0], [0.14677, 51.71295, 97.8], [0.14753, 51.71298, 97.7], [0.14828, 51.71299, 97.8], [0.1483, 51.71299, 97.8], [0.14859, 51.71299, 97.5], [0.14903, 51.71298, 97.0], [0.14995, 51.71292, 96.1], [0.15033, 51.71289, 96.1], [0.15039, 51.71288, 96.1], [0.15112, 51.71284, 96.5], [0.15176, 51.71283, 97.2], [0.15177, 51.71283, 97.2], [0.15189, 51.71283, 97.2], [0.1525, 51.71285, 97.2], [0.15281, 51.71287, 96.9], [0.15355, 51.71291, 96.5], [0.15358, 51.71291, 96.5], [0.15476, 51.71296, 96.5], [0.15528, 51.71296, 96.2], [0.15558, 51.71295, 95.8], [0.1559, 51.71291, 95.4], [0.15599, 51.71289, 95.2], [0.15599, 51.71289, 95.2], [0.15642, 51.71278, 94.2], [0.15644, 51.71278, 94.1], [0.15737, 51.71266, 91.9], [0.15796, 51.71258, 90.2], [0.15866, 51.7125, 88.6], [0.15906, 51.7125, 88.1], [0.15928, 51.7125, 87.9], [0.15948, 51.71251, 87.7], [0.15982, 51.71255, 87.3], [0.16006, 51.71258, 87.1], [0.16137, 51.71276, 86.0], [0.16161, 51.7128, 85.8], [0.16197, 51.71285, 85.5], [0.16207, 51.71287, 85.5], [0.16206, 51.71288, 85.5], [0.16206, 51.71289, 85.5], [0.16206, 51.7129, 85.5], [0.16206, 51.71291, 85.5], [0.16207, 51.71291, 85.5], [0.16207, 51.71292, 85.5], [0.16207, 51.71293, 85.5], [0.16208, 51.71293, 85.5], [0.16209, 51.71293, 85.5], [0.16209, 51.71294, 85.5], [0.1621, 51.71294, 85.5], [0.16211, 51.71295, 85.5], [0.16212, 51.71295, 85.5], [0.16213, 51.71295, 85.5], [0.16214, 51.71295, 85.5], [0.16215, 51.71295, 85.5], [0.16216, 51.71295, 85.4], [0.16217, 51.71295, 85.4], [0.16218, 51.71295, 85.4], [0.16219, 51.71295, 85.4], [0.1622, 51.71295, 85.4], [0.16221, 51.71295, 85.4], [0.16221, 51.71294, 85.4], [0.16222, 51.71294, 85.4], [0.16223, 51.71294, 85.3], [0.16223, 51.71293, 85.3], [0.16224, 51.71293, 85.3], [0.16224, 51.71292, 85.3], [0.16225, 51.71292, 85.3], [0.16225, 51.71291, 85.3], [0.16262, 51.71301, 84.8], [0.16306, 51.71321, 83.8], [0.16318, 51.71327, 83.4], [0.16328, 51.71332, 83.1], [0.16341, 51.71338, 83.1], [0.16372, 51.71354, 83.1], [0.16384, 51.7136, 83.1], [0.16424, 51.7138, 82.9], [0.16495, 51.71417, 82.1], [0.16544, 51.71447, 82.2], [0.16557, 51.71455, 82.1], [0.16593, 51.71482, 81.8], [0.16614, 51.71501, 81.3], [0.1663, 51.71517, 80.8], [0.16658, 51.71552, 80.1], [0.16675, 51.71584, 80.0], [0.16683, 51.71598, 79.8], [0.1669, 51.71606, 79.7], [0.16696, 51.71614, 79.6], [0.16705, 51.71621, 79.5], [0.16723, 51.71632, 79.4], [0.16747, 51.71647, 79.2], [0.16748, 51.71647, 79.2], [0.16764, 51.7166, 79.2], [0.16768, 51.71664, 79.2], [0.16777, 51.71675, 79.3], [0.16786, 51.71693, 79.4], [0.16786, 51.71693, 79.4], [0.16794, 51.71707, 79.5], [0.16809, 51.7173, 79.7], [0.16816, 51.71736, 79.8], [0.16828, 51.71745, 79.9], [0.16832, 51.71747, 80.0], [0.16857, 51.71755, 80.2], [0.16882, 51.71761, 80.4], [0.16977, 51.71786, 82.0], [0.16981, 51.71786, 82.1], [0.16981, 51.71787, 82.1], [0.1698, 51.71787, 82.1], [0.16981, 51.71787, 82.1], [0.16981, 51.71788, 82.1], [0.16981, 51.71789, 82.2], [0.16982, 51.71789, 82.2], [0.16983, 51.71789, 82.2], [0.16984, 51.71789, 82.2], [0.16985, 51.71789, 82.2], [0.16986, 51.71789, 82.2], [0.16987, 51.71789, 82.2], [0.16987, 51.71788, 82.2], [0.17084, 51.71813, 83.5], [0.1712, 51.71822, 83.8], [0.17149, 51.7183, 84.0], [0.17222, 51.71848, 84.9], [0.1735, 51.71881, 86.8], [0.17366, 51.71885, 87.0], [0.17402, 51.71894, 87.6], [0.1743, 51.719, 88.1], [0.17479, 51.71909, 89.4], [0.17505, 51.71912, 90.0], [0.17533, 51.71915, 90.4], [0.17542, 51.71916, 90.5], [0.17561, 51.71918, 90.7], [0.17589, 51.71924, 91.1], [0.17622, 51.71933, 91.8], [0.17649, 51.71944, 92.3], [0.17665, 51.71951, 92.6], [0.17682, 51.71961, 92.7], [0.17703, 51.71977, 92.7], [0.17729, 51.71998, 92.8], [0.17789, 51.72048, 94.6], [0.17792, 51.72051, 94.7], [0.17798, 51.72055, 94.9], [0.17816, 51.72071, 95.5], [0.17833, 51.72085, 96.0], [0.17836, 51.72087, 96.0], [0.17856, 51.72105, 96.0], [0.17865, 51.72114, 96.0], [0.17883, 51.72132, 96.0], [0.17907, 51.72161, 96.0], [0.17945, 51.7221, 94.5], [0.17947, 51.72212, 94.4], [0.17948, 51.72214, 94.3], [0.1797, 51.72242, 93.5], [0.17975, 51.72248, 93.3], [0.17984, 51.72261, 93.2], [0.17986, 51.72262, 93.2], [0.17986, 51.72262, 93.2], [0.18016, 51.72296, 92.6], [0.18037, 51.72315, 92.1], [0.18073, 51.72343, 91.1], [0.18087, 51.72355, 90.6], [0.180977, 51.723672, 90.1], [0.181112, 51.723751, 89.7], [0.181291, 51.723899, 89.0], [0.181522, 51.723935, 88.4], [0.182106, 51.72399, 87.5], [0.18254, 51.724, 86.9], [0.18272, 51.72399, 86.5], [0.182724, 51.72399, 86.5], [0.18304, 51.72399, 85.7], [0.18343, 51.72399, 84.8], [0.18357, 51.724, 84.4], [0.18386, 51.724, 83.7], [0.18475, 51.72403, 81.6], [0.18502, 51.72404, 81.0], [0.18522, 51.72405, 80.8], [0.1856, 51.72406, 80.4], [0.18589, 51.72408, 80.0], [0.18609, 51.72408, 79.8], [0.18647, 51.7241, 79.3], [0.1867, 51.72411, 79.1], [0.18716, 51.72413, 79.6], [0.18753, 51.72414, 80.1], [0.18777, 51.72414, 80.4], [0.18792, 51.72415, 80.5], [0.18806, 51.72415, 80.7], [0.18823, 51.72415, 80.9], [0.18835, 51.72415, 81.0], [0.18857, 51.72415, 81.0], [0.18863, 51.72415, 81.0], [0.18885, 51.72413, 81.1], [0.18912, 51.72411, 81.1], [0.18941, 51.72408, 81.5], [0.18962, 51.72407, 81.7], [0.18981, 51.72407, 81.9], [0.18997, 51.72408, 82.1], [0.19022, 51.7241, 81.8], [0.19121, 51.72419, 80.5], [0.19147, 51.72421, 80.2], [0.19208, 51.72425, 79.9], [0.19229, 51.72426, 79.9], [0.19264, 51.72428, 79.9], [0.19291, 51.7243, 79.8], [0.19321, 51.72433, 79.8], [0.19321, 51.72433, 79.8], [0.19323, 51.72433, 79.8], [0.1934, 51.72435, 79.7], [0.19357, 51.72438, 79.5], [0.19375, 51.72441, 79.2], [0.19386, 51.72444, 79.0], [0.1939, 51.72444, 79.0], [0.19404, 51.72448, 78.8], [0.19413, 51.72451, 78.6], [0.19418, 51.72452, 78.6], [0.19435, 51.72458, 78.2], [0.19451, 51.72464, 77.8], [0.19492, 51.72482, 77.1], [0.19523, 51.72496, 77.3], [0.19534, 51.72501, 77.4], [0.19553, 51.72508, 77.5], [0.19558, 51.7251, 77.5], [0.19567, 51.72513, 77.5], [0.19583, 51.72518, 77.6], [0.196, 51.72521, 77.7], [0.19617, 51.72524, 77.8], [0.19638, 51.72525, 78.1], [0.19672, 51.72526, 78.3], [0.19733, 51.72528, 77.8], [0.19837, 51.72531, 77.4], [0.19902, 51.72534, 77.7], [0.19906, 51.72534, 77.8], [0.19931, 51.72534, 77.8], [0.19966, 51.72536, 77.8], [0.19989, 51.72536, 77.7], [0.20006, 51.72536, 77.7], [0.20033, 51.72535, 77.5], [0.20049, 51.72534, 77.4], [0.20076, 51.72531, 77.1], [0.20082, 51.7253, 77.1], [0.20106, 51.72525, 76.5], [0.20126, 51.7252, 76.1], [0.20145, 51.72515, 75.7], [0.20174, 51.72507, 75.1], [0.2022, 51.72492, 73.9], [0.20267, 51.72477, 72.5], [0.20325, 51.72459, 70.7], [0.2035, 51.72451, 70.0], [0.2035, 51.72451, 70.0], [0.20428, 51.72426, 68.1], [0.20473, 51.72411, 67.1], [0.20507, 51.72398, 66.0], [0.20534, 51.72387, 64.9], [0.20556, 51.72378, 64.1], [0.20565, 51.72374, 63.8], [0.20578, 51.72368, 63.3], [0.20597, 51.72361, 62.8], [0.20601, 51.72359, 62.6], [0.20627, 51.72348, 61.9], [0.20658, 51.72337, 61.2], [0.2068, 51.72329, 60.8], [0.2071, 51.72319, 60.3], [0.20732, 51.72313, 60.0], [0.20739, 51.7231, 59.9], [0.20775, 51.72299, 59.2], [0.20784, 51.72296, 59.0], [0.20827, 51.72283, 57.9], [0.20861, 51.72271, 57.2], [0.20872, 51.72267, 56.9], [0.20883, 51.72263, 56.7], [0.20885, 51.72261, 56.6], [0.20913, 51.72248, 56.1], [0.20938, 51.72235, 55.9], [0.20966, 51.7222, 55.8], [0.20975, 51.72215, 55.7], [0.20981, 51.72212, 55.7], [0.20993, 51.72206, 55.6], [0.21024, 51.72192, 55.7], [0.21038, 51.72187, 55.8], [0.21059, 51.7218, 55.8], [0.21071, 51.72177, 55.9], [0.21088, 51.72172, 55.9], [0.21112, 51.72166, 55.7], [0.21125, 51.72163, 55.5], [0.21133, 51.72161, 55.5], [0.21152, 51.72157, 55.3], [0.21156, 51.72156, 55.3], [0.21205, 51.72144, 55.3], [0.21206, 51.72144, 55.3], [0.21234, 51.72137, 55.4], [0.21234, 51.72137, 55.4], [0.21239, 51.72136, 55.4], [0.21272, 51.72128, 55.5], [0.21306, 51.72121, 55.5], [0.21331, 51.72116, 55.4], [0.21345, 51.72114, 55.4], [0.21391, 51.72109, 55.3], [0.21437, 51.72105, 55.1], [0.2144, 51.72105, 55.1], [0.21458, 51.72104, 55.0], [0.21466, 51.72103, 54.9], [0.21499, 51.72101, 54.6], [0.21544, 51.72099, 53.9], [0.21552, 51.72098, 53.8], [0.21559, 51.72098, 53.7], [0.21594, 51.72097, 53.2], [0.21616, 51.72097, 52.8], [0.21623, 51.72096, 52.7], [0.21639, 51.72096, 52.4], [0.21652, 51.72096, 52.2], [0.21668, 51.72095, 52.0], [0.21681, 51.72095, 52.0], [0.21712, 51.72094, 52.0], [0.21785, 51.72094, 52.3], [0.21828, 51.72093, 52.7], [0.21839, 51.72093, 52.8], [0.21883, 51.72093, 52.8], [0.21883, 51.72093, 52.8], [0.21904, 51.72092, 52.9], [0.21913, 51.72092, 52.9], [0.21948, 51.72091, 53.0], [0.21974, 51.72089, 53.0], [0.22, 51.72086, 53.0], [0.2201, 51.72084, 53.0], [0.22018, 51.72082, 53.0], [0.22032, 51.72079, 52.8], [0.22044, 51.72075, 52.7], [0.22056, 51.72071, 52.6], [0.22077, 51.72063, 52.3], [0.22152, 51.72034, 52.0], [0.22156, 51.72033, 52.1], [0.22172, 51.72027, 52.0], [0.22181, 51.72023, 52.0], [0.22206, 51.72013, 51.9], [0.22216, 51.72008, 51.8], [0.22231, 51.72001, 51.8], [0.22243, 51.71994, 51.9], [0.22255, 51.71986, 52.1], [0.22267, 51.71976, 52.2], [0.2228, 51.71964, 52.4], [0.22298, 51.71946, 52.6], [0.22304, 51.7194, 52.6], [0.22315, 51.7193, 52.8], [0.22321, 51.71924, 52.9], [0.22329, 51.71917, 52.9], [0.22331, 51.71915, 52.9], [0.22343, 51.71906, 52.6], [0.22352, 51.719, 52.4], [0.22364, 51.71892, 52.1], [0.22369, 51.71889, 52.1], [0.22382, 51.71882, 51.8], [0.22398, 51.71874, 51.6], [0.22405, 51.71871, 51.5], [0.22458, 51.71851, 51.0], [0.22478, 51.71843, 50.9], [0.22499, 51.71835, 51.0], [0.22511, 51.7183, 51.0], [0.22525, 51.71824, 51.1], [0.2254, 51.71818, 51.1], [0.22554, 51.71811, 51.1], [0.2257, 51.71803, 51.1], [0.22582, 51.71796, 51.0], [0.22596, 51.71788, 50.8], [0.22607, 51.71781, 50.5], [0.22621, 51.71772, 50.2], [0.2264, 51.71759, 49.7], [0.22661, 51.71745, 49.2], [0.22678, 51.71732, 49.4], [0.22688, 51.71724, 49.6], [0.22696, 51.71715, 49.8], [0.22703, 51.71706, 50.0], [0.22708, 51.71699, 50.1], [0.22708, 51.71698, 50.1], [0.22714, 51.71687, 50.3], [0.22717, 51.71678, 50.5], [0.2272, 51.71667, 50.6], [0.22723, 51.71657, 50.5], [0.22725, 51.71645, 50.3], [0.22728, 51.71628, 49.9], [0.2273, 51.71614, 49.6], [0.22738, 51.71578, 49.0], [0.22742, 51.71561, 49.0], [0.22747, 51.71549, 49.0], [0.22752, 51.71539, 49.0], [0.22759, 51.7153, 48.9], [0.22767, 51.71521, 48.8], [0.22777, 51.71513, 48.7], [0.22779, 51.71512, 48.7], [0.2279, 51.71504, 48.5], [0.22808, 51.71494, 48.3], [0.22834, 51.71483, 48.0], [0.22847, 51.71478, 47.9], [0.22872, 51.7147, 47.7], [0.22883, 51.71467, 47.6], [0.22898, 51.71463, 47.6], [0.22901, 51.71462, 47.6], [0.22956, 51.71445, 47.2], [0.23054, 51.71415, 47.0], [0.23057, 51.71414, 47.0], [0.2307, 51.71409, 47.0], [0.23093, 51.71402, 47.0], [0.2311, 51.71395, 47.0], [0.2312, 51.71391, 47.0], [0.2313, 51.71387, 47.0], [0.23164, 51.71369, 47.0], [0.2318, 51.7136, 46.8], [0.23196, 51.71353, 46.6], [0.23212, 51.71347, 46.5], [0.23225, 51.71343, 46.3], [0.23242, 51.71339, 46.1], [0.23259, 51.71335, 45.9], [0.23276, 51.71332, 45.7], [0.2329, 51.7133, 45.5], [0.2331, 51.71329, 45.5], [0.23338, 51.71328, 45.7], [0.23386, 51.71329, 45.9], [0.23419, 51.7133, 46.1], [0.2343, 51.7133, 46.3], [0.2344, 51.7133, 46.6], [0.23444, 51.7133, 46.7], [0.23452, 51.7133, 46.8], [0.23464, 51.71329, 47.1], [0.23473, 51.71328, 47.4], [0.23477, 51.71328, 47.4], [0.23487, 51.71327, 47.7], [0.23488, 51.71327, 47.7], [0.23501, 51.71325, 48.0], [0.23513, 51.71323, 48.3], [0.23536, 51.71318, 48.9], [0.2357, 51.7131, 49.7], [0.2358, 51.71307, 49.9], [0.23588, 51.71306, 50.1], [0.2361, 51.71302, 50.6], [0.2363, 51.71299, 51.1], [0.23635, 51.71298, 51.2], [0.23645, 51.71298, 51.5], [0.23659, 51.71296, 51.8], [0.23692, 51.71294, 52.6], [0.23716, 51.71293, 53.2], [0.23779, 51.71292, 54.9], [0.2386, 51.7129, 56.9], [0.23889, 51.71289, 57.4], [0.23962, 51.71288, 59.0], [0.24047, 51.71286, 60.7], [0.24087, 51.71285, 61.3], [0.24177, 51.71283, 63.3], [0.24217, 51.71282, 63.5], [0.24222, 51.71282, 63.6], [0.24229, 51.71282, 63.6], [0.24263, 51.7128, 63.8], [0.24308, 51.71277, 64.1], [0.24338, 51.71275, 64.3], [0.24345, 51.71274, 64.3], [0.24381, 51.71271, 64.3], [0.2441, 51.71268, 64.2], [0.24428, 51.71266, 64.3], [0.24469, 51.71275, 64.7], [0.24469, 51.71275, 64.7], [0.2447, 51.71276, 64.8], [0.24471, 51.71278, 64.8], [0.24473, 51.71279, 64.8], [0.24475, 51.7128, 64.8], [0.24477, 51.71281, 64.8], [0.24479, 51.71282, 64.8], [0.24481, 51.71283, 64.9], [0.24483, 51.71284, 64.9], [0.24495, 51.71303, 65.0], [0.24495, 51.71309, 65.0], [0.24495, 51.71323, 65.0], [0.24495, 51.71342, 65.1], [0.24495, 51.71352, 65.2], [0.24496, 51.71383, 65.6], [0.245, 51.71402, 65.8], [0.24505, 51.71423, 65.9], [0.24511, 51.71446, 65.9], [0.2452, 51.7147, 65.9], [0.24523, 51.71478, 65.9], [0.24524, 51.71483, 65.9], [0.24527, 51.71498, 66.0], [0.24531, 51.71508, 65.8], [0.24534, 51.71516, 65.6], [0.24539, 51.71527, 65.4], [0.24572, 51.71566, 64.4], [0.24591, 51.71589, 63.9], [0.24605, 51.71613, 63.7], [0.24622, 51.71639, 63.6], [0.24623, 51.71641, 63.6], [0.24638, 51.71662, 63.7], [0.24648, 51.71674, 63.6], [0.24649, 51.71675, 63.6], [0.24652, 51.71678, 63.5], [0.24664, 51.71689, 63.4], [0.24682, 51.71702, 63.0], [0.24715, 51.71724, 62.4], [0.24751, 51.71745, 62.1], [0.24756, 51.71747, 62.1], [0.24766, 51.71752, 62.1], [0.24766, 51.71752, 62.1], [0.24766, 51.71752, 62.1], [0.24771, 51.71754, 62.1], [0.24791, 51.71762, 62.1], [0.24823, 51.71776, 62.2], [0.24838, 51.71785, 62.1], [0.24844, 51.71789, 62.0], [0.24848, 51.71792, 61.9], [0.24882, 51.71818, 61.3], [0.24923, 51.71854, 60.8], [0.24946, 51.71873, 60.5], [0.24967, 51.71889, 60.3], [0.24969, 51.71891, 60.3], [0.250139, 51.71932, 59.8], [0.25034, 51.71951, 59.6], [0.250529, 51.71969, 59.4], [0.25063, 51.71979, 59.2], [0.250699, 51.71986, 59.2], [0.25084, 51.72005, 58.9], [0.25091, 51.72017, 58.4], [0.25095, 51.72024, 58.2], [0.25099, 51.72032, 58.0], [0.251139, 51.72064, 57.3], [0.25117, 51.72072, 57.2], [0.25123, 51.72087, 57.0], [0.25128, 51.72105, 57.1], [0.25133, 51.72122, 57.2], [0.25133, 51.72124, 57.2], [0.25134, 51.72125, 57.2], [0.25139, 51.72144, 57.2], [0.25146, 51.72161, 57.2], [0.25158, 51.72176, 57.3], [0.25166, 51.72185, 57.4], [0.25171, 51.72189, 57.6], [0.251759, 51.72194, 57.7], [0.251859, 51.72202, 57.9], [0.25194, 51.7221, 58.2], [0.25199, 51.72215, 58.4], [0.25211, 51.72227, 58.8], [0.25221, 51.72241, 59.4], [0.25228, 51.72254, 59.8], [0.252369, 51.72264, 60.0], [0.25249, 51.72277, 60.3], [0.25254, 51.7228, 60.4], [0.252589, 51.72283, 60.5], [0.25272, 51.7229, 60.7], [0.25274, 51.72291, 60.8], [0.25282, 51.72298, 61.0], [0.25285, 51.723, 61.0], [0.25294, 51.72306, 61.2], [0.25294, 51.72307, 61.2], [0.25294, 51.72308, 61.2], [0.25294, 51.72309, 61.2], [0.25294, 51.7231, 61.2], [0.25294, 51.72311, 61.3], [0.25295, 51.72311, 61.3], [0.25295, 51.72312, 61.3], [0.25296, 51.72313, 61.3], [0.252969, 51.72314, 61.3], [0.252979, 51.72315, 61.4], [0.25299, 51.72315, 61.4], [0.253, 51.72316, 61.4], [0.25301, 51.72316, 61.4], [0.25302, 51.72317, 61.4], [0.253029, 51.72317, 61.4], [0.25304, 51.72318, 61.5], [0.25305, 51.72318, 61.5], [0.25306, 51.72318, 61.5], [0.25307, 51.72318, 61.5], [0.25308, 51.72318, 61.5], [0.253089, 51.72318, 61.5], [0.2531, 51.72319, 61.5], [0.25311, 51.72319, 61.6], [0.25313, 51.72319, 61.6], [0.25321, 51.72331, 61.8], [0.25322, 51.72331, 61.8], [0.25327, 51.72338, 62.1], [0.2533, 51.72342, 62.3], [0.25341, 51.72352, 62.7], [0.253479, 51.72357, 62.9], [0.25363, 51.72372, 63.4], [0.25372, 51.72384, 63.8], [0.25385, 51.72405, 64.6], [0.254029, 51.72433, 65.4], [0.25422, 51.7246, 66.0], [0.25446, 51.72491, 67.1], [0.25462, 51.72513, 67.6], [0.25478, 51.72529, 68.0], [0.25491, 51.72545, 68.4], [0.25502, 51.72559, 68.7], [0.255199, 51.72588, 69.2], [0.25533, 51.72608, 69.3], [0.25568, 51.7266, 69.1], [0.255699, 51.72663, 69.0], [0.2559, 51.72701, 68.2], [0.25617, 51.72747, 67.4], [0.256249, 51.72758, 67.6], [0.25634, 51.7277, 67.8], [0.25654, 51.72796, 68.4], [0.25688, 51.72836, 68.5], [0.25722, 51.72874, 67.8], [0.257469, 51.72902, 67.8], [0.25754, 51.72909, 67.9], [0.25776, 51.7294, 68.4], [0.257969, 51.72973, 69.1], [0.25813, 51.73005, 69.8], [0.25824, 51.73037, 70.3], [0.258249, 51.73041, 70.4], [0.25827, 51.73046, 70.5], [0.25834, 51.73065, 70.8], [0.25837, 51.73072, 70.8], [0.25844, 51.73084, 70.9], [0.25857, 51.73099, 70.4], [0.25874, 51.73114, 70.1], [0.259, 51.73132, 70.0], [0.259249, 51.73149, 70.0], [0.259969, 51.73182, 70.8], [0.260529, 51.73206, 70.2], [0.260579, 51.73208, 70.2], [0.26083, 51.73218, 70.0], [0.26107, 51.73228, 69.6], [0.261359, 51.73239, 69.3], [0.26139, 51.7324, 69.3], [0.2619, 51.73261, 68.5], [0.26204, 51.73267, 68.2], [0.26227, 51.73278, 67.8], [0.26239, 51.73284, 67.6], [0.2625, 51.73289, 67.5], [0.26272, 51.73301, 67.1], [0.2629, 51.73311, 66.8], [0.26329, 51.73336, 66.0], [0.26343, 51.73348, 65.4], [0.26365, 51.73367, 64.4], [0.26383, 51.73384, 63.6], [0.26384, 51.73385, 63.5], [0.26406, 51.73409, 62.4], [0.26424, 51.73433, 61.6], [0.26445, 51.73463, 60.8], [0.26461, 51.73493, 60.5], [0.26467, 51.73506, 60.5], [0.26477, 51.73527, 60.6], [0.26483, 51.73541, 60.7], [0.26488, 51.73553, 60.8], [0.26496, 51.73571, 60.9], [0.26498, 51.73576, 60.9], [0.26504, 51.73589, 61.2], [0.26507, 51.73593, 61.3], [0.26517, 51.7361, 61.8], [0.26527, 51.73626, 62.2], [0.26529, 51.73629, 62.3], [0.26544, 51.73649, 62.8], [0.26567, 51.73676, 63.2], [0.26568, 51.73677, 63.2], [0.26579, 51.73688, 63.1], [0.26587, 51.73698, 62.9], [0.26596, 51.73707, 62.7], [0.26597, 51.73708, 62.7], [0.26603, 51.73715, 62.5], [0.26622, 51.73734, 62.1], [0.26639, 51.7375, 61.7], [0.26643, 51.73754, 61.5], [0.26658, 51.73767, 61.0], [0.26678, 51.73781, 60.6], [0.26689, 51.73788, 60.5], [0.26697, 51.73793, 60.5], [0.26719, 51.73805, 60.3], [0.26735, 51.73815, 60.2], [0.26761, 51.73828, 59.9], [0.26764, 51.7383, 59.9], [0.26774, 51.73834, 59.7], [0.26803, 51.73848, 59.0], [0.2685, 51.73867, 58.0], [0.26882, 51.7388, 57.3], [0.26895, 51.73884, 57.0], [0.26908, 51.73888, 56.8], [0.26927, 51.73893, 56.4], [0.26949, 51.73899, 56.0], [0.26966, 51.73902, 55.8], [0.26992, 51.73906, 55.4], [0.27004, 51.73907, 55.2], [0.27008, 51.73908, 55.1], [0.27017, 51.73908, 55.0], [0.27043, 51.73909, 54.7], [0.2707, 51.73909, 54.3], [0.27098, 51.73908, 54.0], [0.2712, 51.73907, 53.7], [0.27122, 51.73907, 53.7], [0.27165, 51.73906, 53.2], [0.27204, 51.73908, 52.6], [0.2723, 51.7391, 52.3], [0.27248, 51.73913, 52.0], [0.2727, 51.73918, 51.5], [0.27317, 51.73939, 50.1], [0.27339, 51.7395, 49.6], [0.27349, 51.73955, 49.5], [0.27362, 51.73961, 49.5], [0.27367, 51.73964, 49.4], [0.27394, 51.73978, 49.3], [0.27415, 51.73991, 49.1], [0.27434, 51.74005, 49.3], [0.27458, 51.74029, 49.8], [0.27472, 51.74044, 50.2], [0.27473, 51.74046, 50.2], [0.27478, 51.74051, 50.3], [0.27498, 51.74075, 50.9], [0.275, 51.74078, 50.9], [0.27512, 51.74093, 50.8], [0.27529, 51.74117, 50.8], [0.27542, 51.74142, 51.1], [0.27542, 51.74143, 51.1], [0.27545, 51.74148, 51.1], [0.27557, 51.74172, 51.3], [0.27569, 51.74194, 51.2], [0.27578, 51.74209, 51.1], [0.27591, 51.74229, 50.9], [0.27602, 51.74242, 50.8], [0.27603, 51.74243, 50.8], [0.27604, 51.74244, 50.8], [0.27605, 51.74246, 50.7], [0.27614, 51.74258, 50.8], [0.27639, 51.74287, 51.2], [0.27644, 51.74292, 51.3], [0.27645, 51.74293, 51.3], [0.27659, 51.74309, 51.5], [0.27693, 51.74347, 51.7], [0.27728, 51.74386, 51.3], [0.27729, 51.74388, 51.3], [0.27765, 51.74428, 50.7], [0.27771, 51.74435, 50.6], [0.27811, 51.74486, 50.1], [0.27821, 51.74507, 50.2], [0.27826, 51.74523, 50.4], [0.27831, 51.74536, 50.5], [0.27834, 51.74563, 50.8], [0.27835, 51.74583, 51.0], [0.2783, 51.74608, 51.6], [0.27827, 51.74619, 51.9], [0.27825, 51.74625, 52.1], [0.27823, 51.74629, 52.2], [0.27814, 51.7465, 52.8], [0.27807, 51.74664, 53.3], [0.27802, 51.74677, 53.4], [0.27797, 51.74696, 53.4], [0.27796, 51.7471, 53.4], [0.27796, 51.74727, 53.4], [0.27797, 51.74748, 53.4], [0.27803, 51.74775, 53.5], [0.27807, 51.74795, 53.5], [0.27808, 51.74804, 53.5], [0.27812, 51.74831, 53.5], [0.27813, 51.74837, 53.5], [0.27818, 51.74864, 53.7], [0.27824, 51.74882, 53.7], [0.27826, 51.74889, 53.8], [0.27831, 51.74899, 53.8], [0.27836, 51.74911, 54.0], [0.27845, 51.74932, 54.8], [0.27846, 51.74933, 54.9], [0.27849, 51.74952, 55.6], [0.27852, 51.74965, 56.1], [0.27854, 51.74972, 56.3], [0.27854, 51.74979, 56.6], [0.27855, 51.74983, 56.7], [0.27856, 51.74997, 57.2], [0.27855, 51.75019, 57.9], [0.27855, 51.75023, 58.0], [0.27854, 51.75037, 58.5], [0.27853, 51.75051, 58.9], [0.27853, 51.75055, 59.1], [0.27851, 51.75077, 59.8], [0.27847, 51.75094, 60.4], [0.27845, 51.75102, 60.7], [0.27843, 51.75108, 60.9], [0.27837, 51.75124, 61.5], [0.27826, 51.75143, 62.1], [0.27821, 51.7515, 62.3], [0.27815, 51.75157, 62.4], [0.27806, 51.75166, 62.6], [0.27796, 51.75174, 62.8], [0.27795, 51.75174, 62.8], [0.27784, 51.75182, 63.0], [0.27775, 51.75186, 63.0], [0.27772, 51.75187, 63.0], [0.27749, 51.75197, 63.1], [0.27727, 51.75205, 63.1], [0.27709, 51.75212, 63.1], [0.27703, 51.75216, 63.2], [0.27692, 51.75222, 63.3], [0.27683, 51.75229, 63.4], [0.27682, 51.7523, 63.5], [0.2767, 51.75241, 63.7], [0.27668, 51.75244, 63.8], [0.27666, 51.75248, 63.9], [0.27661, 51.75259, 64.5], [0.27661, 51.75262, 64.7], [0.27659, 51.7527, 65.2], [0.2766, 51.75279, 65.7], [0.2766, 51.7528, 65.7], [0.27666, 51.75306, 67.3], [0.27669, 51.75315, 67.9], [0.27674, 51.75333, 68.9], [0.27678, 51.75346, 69.0], [0.27686, 51.75368, 69.3], [0.27694, 51.75388, 69.5], [0.277, 51.75403, 69.8], [0.27702, 51.75407, 69.8], [0.27707, 51.75426, 70.2], [0.27708, 51.75438, 70.5], [0.27709, 51.75449, 70.8], [0.27712, 51.75473, 71.4], [0.27712, 51.75474, 71.4], [0.27721, 51.75546, 74.0], [0.27722, 51.7556, 74.6], [0.27723, 51.75564, 74.8], [0.27726, 51.75584, 75.6], [0.27733, 51.75617, 75.7], [0.27735, 51.75625, 75.8], [0.27737, 51.75635, 75.8], [0.27739, 51.75651, 76.0], [0.27741, 51.75672, 76.1], [0.2774, 51.75696, 76.1], [0.27734, 51.75741, 76.0], [0.27734, 51.75743, 76.0], [0.27732, 51.75761, 76.0], [0.27729, 51.75779, 76.1], [0.27728, 51.75786, 76.1], [0.27724, 51.75819, 76.3], [0.27722, 51.75868, 76.9], [0.27721, 51.75941, 77.2], [0.27721, 51.75949, 77.0], [0.2772, 51.75976, 76.5], [0.2772, 51.75978, 76.5], [0.27723, 51.76005, 76.1], [0.27724, 51.76012, 76.1], [0.27729, 51.76046, 76.6], [0.27736, 51.76076, 76.9], [0.27741, 51.76096, 77.0], [0.2775, 51.76123, 77.0], [0.27759, 51.76138, 76.9], [0.27767, 51.76157, 76.8], [0.27774, 51.76171, 76.6], [0.27778, 51.76181, 76.3], [0.27782, 51.76188, 76.1], [0.27803, 51.76224, 75.0], [0.27813, 51.76239, 74.5], [0.27824, 51.76255, 73.9], [0.27833, 51.76272, 73.2], [0.27834, 51.76273, 73.2], [0.2784, 51.7629, 72.5], [0.27842, 51.76295, 72.3], [0.27845, 51.76307, 71.9], [0.27847, 51.76316, 71.6], [0.27848, 51.76325, 71.3], [0.27851, 51.76345, 70.8], [0.27857, 51.76379, 70.1], [0.2786, 51.76397, 69.7], [0.27865, 51.76422, 69.2], [0.27867, 51.76432, 69.1], [0.27875, 51.76468, 68.7], [0.27876, 51.76471, 68.7], [0.27885, 51.76507, 68.7], [0.27895, 51.76535, 69.8], [0.27906, 51.76556, 70.7], [0.27913, 51.76565, 71.1], [0.2792, 51.76571, 71.4], [0.27931, 51.7658, 71.8], [0.27939, 51.76585, 72.0], [0.27942, 51.76586, 72.0], [0.2795, 51.7659, 72.0], [0.27963, 51.76595, 72.1], [0.27967, 51.76597, 72.1], [0.2799, 51.76603, 72.0], [0.28037, 51.76612, 71.7], [0.28045, 51.76613, 71.7], [0.28095, 51.76622, 71.2], [0.28129, 51.7663, 70.8], [0.28156, 51.76639, 70.5], [0.28178, 51.76648, 70.3], [0.2819, 51.76654, 70.2], [0.28205, 51.76662, 70.0], [0.28207, 51.76663, 70.0], [0.28228, 51.76675, 69.4], [0.2824, 51.76685, 69.0], [0.28244, 51.7669, 68.8], [0.28255, 51.76704, 68.5], [0.28259, 51.76709, 68.3], [0.28271, 51.76727, 68.0], [0.28284, 51.76748, 67.6], [0.28285, 51.7675, 67.6], [0.28298, 51.76779, 66.7], [0.28318, 51.76797, 66.1], [0.28338, 51.76807, 65.6], [0.28343, 51.76809, 65.5], [0.28354, 51.76812, 65.3], [0.28374, 51.76816, 64.9], [0.2841, 51.76821, 64.4], [0.28426, 51.76825, 64.1], [0.28453, 51.76832, 63.6], [0.28483, 51.76839, 63.5], [0.28514, 51.76848, 63.7], [0.28532, 51.76855, 64.0], [0.28559, 51.76865, 64.5], [0.28577, 51.76879, 65.2], [0.28585, 51.76886, 65.5], [0.28594, 51.76894, 66.0], [0.28614, 51.76912, 67.1], [0.2863, 51.7693, 67.8], [0.28639, 51.76942, 68.1], [0.28648, 51.76957, 68.4], [0.28652, 51.76969, 68.6], [0.28652, 51.76975, 68.6], [0.28652, 51.76979, 68.7], [0.28648, 51.7699, 68.9], [0.28636, 51.77002, 69.0], [0.28623, 51.77013, 68.9], [0.28614, 51.77023, 68.9], [0.28603, 51.77034, 68.9], [0.28596, 51.77045, 68.9], [0.28593, 51.77056, 68.9], [0.28591, 51.77071, 68.9], [0.28592, 51.77074, 68.9], [0.28595, 51.77104, 68.4], [0.28597, 51.77109, 68.2], [0.28602, 51.77127, 67.7], [0.28605, 51.77139, 67.4], [0.28622, 51.77173, 66.4], [0.28632, 51.77191, 65.8], [0.28637, 51.77206, 65.4], [0.28652, 51.77254, 64.1], [0.28657, 51.77267, 63.7], [0.28663, 51.77284, 63.2], [0.28667, 51.77293, 63.0], [0.28683, 51.77334, 62.0], [0.28684, 51.77337, 62.0], [0.28684, 51.77338, 62.1], [0.28697, 51.7737, 62.4], [0.28702, 51.77385, 62.6], [0.2871, 51.77403, 62.8], [0.28716, 51.77418, 63.0], [0.28717, 51.7742, 63.1], [0.28726, 51.77437, 63.6], [0.28729, 51.77444, 63.7], [0.28745, 51.77471, 64.3], [0.28756, 51.77485, 64.6], [0.28771, 51.775, 64.7], [0.28788, 51.77515, 65.3], [0.28809, 51.77532, 65.8], [0.28848, 51.77561, 66.8], [0.28869, 51.77579, 67.4], [0.28878, 51.77588, 67.6], [0.28879, 51.77589, 67.6], [0.28895, 51.77603, 67.9], [0.28903, 51.7761, 68.1], [0.28911, 51.77618, 68.3], [0.28922, 51.77626, 68.5], [0.28929, 51.77633, 68.7], [0.28942, 51.77646, 69.2], [0.28944, 51.77648, 69.3], [0.28955, 51.77662, 69.8], [0.28965, 51.77678, 69.9], [0.28972, 51.77695, 69.8], [0.28977, 51.7773, 69.4], [0.2898, 51.77743, 69.3], [0.28981, 51.77744, 69.3], [0.28982, 51.77749, 69.2], [0.28983, 51.77751, 69.2], [0.2899, 51.77763, 68.8], [0.29, 51.77773, 68.4], [0.29017, 51.77783, 68.0], [0.29073, 51.77806, 66.8], [0.29082, 51.7781, 66.6], [0.29102, 51.77817, 65.9], [0.29133, 51.7783, 64.9], [0.29143, 51.77838, 64.6], [0.29148, 51.77843, 64.4], [0.29152, 51.77849, 64.4], [0.29156, 51.77857, 64.3], [0.29156, 51.77861, 64.3], [0.29159, 51.77874, 64.2], [0.2916, 51.77879, 64.2], [0.29163, 51.77892, 64.1], [0.29165, 51.77905, 64.0], [0.29174, 51.77932, 63.7], [0.29179, 51.77948, 63.4], [0.29193, 51.77983, 62.8], [0.29197, 51.77998, 62.7], [0.29199, 51.78002, 62.6], [0.29199, 51.78003, 62.6], [0.29202, 51.78015, 62.5], [0.29203, 51.7802, 62.4], [0.29203, 51.78021, 62.4], [0.29208, 51.78056, 62.2], [0.2921, 51.78066, 62.1], [0.29211, 51.78092, 61.9], [0.29211, 51.78098, 61.8], [0.29212, 51.78121, 61.5], [0.29212, 51.78128, 61.5], [0.29212, 51.78136, 61.4], [0.29213, 51.78141, 61.3], [0.29213, 51.78145, 61.3], [0.29213, 51.78146, 61.2], [0.29216, 51.78156, 61.1], [0.29217, 51.78159, 61.1], [0.2922, 51.78166, 61.0], [0.29225, 51.78175, 60.9], [0.2924, 51.78198, 60.6], [0.29255, 51.7822, 60.3], [0.29258, 51.78226, 60.2], [0.2926, 51.7823, 60.1], [0.29265, 51.78241, 59.9], [0.29266, 51.78248, 59.8], [0.29268, 51.78261, 59.9], [0.29268, 51.78266, 60.0], [0.29268, 51.78268, 60.0], [0.29269, 51.78284, 60.2], [0.29269, 51.78289, 60.2], [0.2927, 51.78315, 60.5], [0.29271, 51.78318, 60.6], [0.29271, 51.78333, 60.7], [0.29271, 51.78338, 60.8], [0.29271, 51.78356, 61.0], [0.29271, 51.7837, 61.2], [0.29272, 51.78374, 61.2], [0.29272, 51.78383, 61.3], [0.29273, 51.78387, 61.4], [0.29274, 51.7839, 61.4], [0.29274, 51.78391, 61.4], [0.29278, 51.78411, 61.6], [0.29286, 51.78439, 61.3], [0.29289, 51.78467, 60.9], [0.29286, 51.78493, 60.7], [0.29286, 51.78494, 60.6], [0.29283, 51.78505, 60.7], [0.29272, 51.78538, 61.6], [0.29262, 51.78576, 62.7], [0.29258, 51.78591, 63.0], [0.29257, 51.78609, 63.2], [0.29257, 51.78612, 63.3], [0.29258, 51.7863, 63.5], [0.29259, 51.78632, 63.5], [0.29262, 51.78671, 63.9], [0.29262, 51.78683, 64.1], [0.29263, 51.78701, 64.4], [0.29265, 51.78743, 65.1], [0.29267, 51.78756, 65.2], [0.29275, 51.78772, 65.1], [0.29276, 51.78774, 65.1], [0.2929, 51.78797, 64.9], [0.29296, 51.78805, 64.8], [0.29299, 51.78815, 64.7], [0.29301, 51.78824, 64.5], [0.29302, 51.78834, 64.4], [0.29303, 51.78842, 64.1], [0.29303, 51.78846, 63.9], [0.29301, 51.78865, 63.2], [0.293, 51.78876, 62.9], [0.29296, 51.78904, 61.9], [0.29293, 51.78913, 61.6], [0.2929, 51.78928, 61.4], [0.29282, 51.78948, 61.2], [0.29276, 51.78959, 61.2], [0.29271, 51.78972, 61.1], [0.29267, 51.78987, 61.0], [0.29266, 51.79001, 60.8], [0.29266, 51.79003, 60.9], [0.29266, 51.79025, 61.4], [0.29269, 51.79055, 62.1], [0.29269, 51.79057, 62.1], [0.29273, 51.79073, 62.5], [0.29276, 51.79088, 62.7], [0.29285, 51.79111, 62.9], [0.293, 51.79145, 63.1], [0.29303, 51.79154, 63.2], [0.29307, 51.79168, 63.3], [0.29307, 51.79168, 63.3], [0.29364, 51.79166, 63.0], [0.29382, 51.79166, 63.0], [0.29404, 51.79167, 63.0], [0.29411, 51.79168, 63.0], [0.29441, 51.79171, 62.7], [0.29468, 51.79177, 62.3], [0.29512, 51.79187, 61.6], [0.29547, 51.79199, 61.0], [0.29554, 51.79201, 60.9], [0.29571, 51.79209, 60.6], [0.29619, 51.79229, 59.8], [0.29635, 51.79238, 59.5], [0.29669, 51.7925, 59.0], [0.2968, 51.79255, 59.0], [0.29729, 51.79275, 59.2], [0.29744, 51.79282, 59.4], [0.29761, 51.79288, 59.6], [0.29777, 51.79295, 60.0], [0.29825, 51.79316, 61.4], [0.29836, 51.79322, 61.8], [0.29848, 51.7933, 62.1], [0.29864, 51.79344, 62.4], [0.2989, 51.79369, 62.7], [0.29918, 51.79394, 63.0], [0.29921, 51.79396, 63.1], [0.29933, 51.79406, 63.4], [0.29946, 51.79412, 63.7], [0.2995, 51.79414, 63.8], [0.29959, 51.79417, 64.0], [0.29972, 51.7942, 64.3], [0.29982, 51.79423, 64.5], [0.30025, 51.79433, 65.4], [0.30084, 51.79445, 66.7], [0.3011, 51.7945, 67.4], [0.30151, 51.79459, 68.5], [0.30154, 51.7946, 68.6], [0.30197, 51.79469, 69.2], [0.3021, 51.79471, 69.4], [0.30232, 51.79476, 69.7], [0.30253, 51.7948, 70.1], [0.30279, 51.79484, 70.6], [0.30294, 51.79485, 71.0], [0.30316, 51.79485, 71.4], [0.30345, 51.79485, 71.8], [0.30367, 51.79487, 71.8], [0.30369, 51.79487, 71.8], [0.304, 51.79492, 71.9], [0.30415, 51.79494, 71.9], [0.30431, 51.79497, 72.0], [0.30439, 51.79499, 72.0], [0.30443, 51.795, 72.0], [0.30451, 51.79502, 72.0], [0.30454, 51.79503, 72.0], [0.30469, 51.79508, 72.0], [0.30472, 51.79509, 72.0], [0.30485, 51.79514, 72.0], [0.30497, 51.7952, 72.0], [0.30521, 51.79532, 72.0], [0.30541, 51.7954, 72.0], [0.30559, 51.79545, 72.0], [0.30616, 51.79557, 72.3], [0.30701, 51.79573, 72.9], [0.30703, 51.79573, 72.9], [0.30707, 51.79574, 72.9], [0.3073, 51.79579, 72.9], [0.30747, 51.79582, 73.0], [0.30752, 51.79583, 73.0], [0.30771, 51.79587, 73.0], [0.30827, 51.796, 73.0], [0.3087, 51.79608, 73.1], [0.30923, 51.79617, 73.5], [0.30929, 51.79618, 73.6], [0.30982, 51.79625, 74.3], [0.31021, 51.79629, 74.5], [0.31026, 51.79629, 74.5], [0.31047, 51.79629, 74.5], [0.31095, 51.79624, 74.6], [0.31098, 51.79623, 74.7], [0.31113, 51.79618, 74.8], [0.31113, 51.79618, 74.8], [0.31114, 51.79619, 74.8], [0.31116, 51.79619, 74.8], [0.31118, 51.7962, 74.9], [0.31119, 51.7962, 74.9], [0.3112, 51.7962, 74.9], [0.31122, 51.7962, 74.9], [0.31123, 51.79619, 74.9], [0.31124, 51.79619, 74.9], [0.31124, 51.79618, 74.9], [0.31125, 51.79618, 74.9], [0.31125, 51.79617, 74.9], [0.31125, 51.79616, 74.9], [0.31125, 51.79615, 74.9], [0.31125, 51.79614, 74.9], [0.31124, 51.79614, 74.9], [0.31123, 51.79613, 74.8], [0.31122, 51.79613, 74.8], [0.3113, 51.79607, 74.8], [0.31137, 51.79602, 74.9], [0.31137, 51.79593, 74.8], [0.31137, 51.79573, 74.6], [0.31138, 51.79536, 74.3], [0.31138, 51.7951, 74.1], [0.31139, 51.79501, 74.0], [0.3114, 51.79488, 74.0], [0.31145, 51.79447, 73.8], [0.31145, 51.79445, 73.8], [0.31146, 51.79437, 73.8], [0.31146, 51.79435, 73.8], [0.31154, 51.79409, 73.9], [0.31159, 51.79393, 74.2], [0.3117, 51.79356, 74.7], [0.31178, 51.79329, 75.0], [0.3118, 51.79323, 75.0], [0.31191, 51.79268, 75.2], [0.31197, 51.79239, 75.4], [0.31201, 51.79225, 75.4], [0.31213, 51.79199, 75.6], [0.31214, 51.79197, 75.6], [0.31238, 51.79164, 75.9], [0.31243, 51.79158, 75.9], [0.31282, 51.79114, 76.4], [0.31293, 51.79105, 76.5], [0.31308, 51.79093, 76.7], [0.31324, 51.79083, 76.9], [0.31347, 51.79069, 76.8], [0.31376, 51.79053, 76.6], [0.31384, 51.79049, 76.5], [0.31398, 51.79041, 76.4], [0.31415, 51.79032, 76.1], [0.31455, 51.79009, 75.8], [0.31463, 51.79002, 75.6], [0.31479, 51.7899, 75.4], [0.31481, 51.78988, 75.4], [0.31483, 51.78986, 75.4], [0.31493, 51.78976, 75.1], [0.3151, 51.78955, 74.3], [0.31529, 51.78925, 73.3], [0.31529, 51.78924, 73.2], [0.3154, 51.78908, 73.0], [0.31554, 51.78889, 73.0], [0.31572, 51.78859, 73.0], [0.31591, 51.78826, 72.7], [0.31592, 51.78824, 72.7], [0.31593, 51.78822, 72.6], [0.31597, 51.78809, 72.3], [0.31598, 51.78784, 71.8], [0.31601, 51.78725, 71.3], [0.31601, 51.78724, 71.3], [0.31605, 51.78707, 71.4], [0.31608, 51.78699, 71.5], [0.31611, 51.78693, 71.6], [0.31615, 51.78681, 71.7], [0.31619, 51.78671, 71.8], [0.31624, 51.78658, 72.2], [0.31624, 51.78644, 72.5], [0.31619, 51.78621, 73.0], [0.31612, 51.78611, 73.0], [0.31603, 51.78598, 73.1], [0.31595, 51.78585, 73.2], [0.31586, 51.78567, 72.7], [0.31583, 51.78561, 72.5], [0.31582, 51.7856, 72.4], [0.31581, 51.78556, 72.3], [0.31577, 51.78543, 72.0], [0.31575, 51.78535, 71.7], [0.31573, 51.78525, 71.5], [0.31567, 51.78495, 70.7], [0.31563, 51.78475, 70.1], [0.31559, 51.78454, 69.4], [0.31558, 51.78453, 69.4], [0.31557, 51.78446, 69.2], [0.31556, 51.78433, 68.8], [0.31554, 51.78418, 68.3], [0.31554, 51.78415, 68.2], [0.31553, 51.78397, 67.7], [0.31557, 51.78376, 67.2], [0.31559, 51.78364, 67.0], [0.3156, 51.78362, 66.9], [0.31564, 51.7835, 66.8], [0.31566, 51.78346, 66.7], [0.31572, 51.78338, 66.7], [0.31578, 51.78331, 66.7], [0.31581, 51.78328, 66.7], [0.31584, 51.78324, 66.6], [0.3159, 51.7832, 66.6], [0.31601, 51.78316, 66.7], [0.31626, 51.78308, 67.0], [0.31674, 51.78292, 67.0], [0.31677, 51.78291, 67.0], [0.31754, 51.7827, 65.5], [0.31774, 51.78265, 65.3], [0.31795, 51.7826, 65.1], [0.31839, 51.78249, 65.0], [0.31906, 51.78234, 64.6], [0.3195, 51.78222, 64.3], [0.31967, 51.78215, 64.2], [0.31971, 51.78213, 64.1], [0.31975, 51.78211, 64.1], [0.32017, 51.78191, 63.7], [0.32062, 51.78168, 63.8], [0.32085, 51.78157, 63.8], [0.32086, 51.78156, 63.8], [0.32115, 51.78137, 63.7], [0.32132, 51.78122, 63.5], [0.32137, 51.78114, 63.4], [0.3215, 51.78098, 63.2], [0.32181, 51.78059, 63.2], [0.32183, 51.78056, 63.3], [0.32202, 51.78038, 63.4], [0.32221, 51.78029, 63.5], [0.32241, 51.78021, 63.4], [0.32289, 51.7801, 63.8], [0.32325, 51.78003, 64.0], [0.32341, 51.78, 64.1], [0.32387, 51.77994, 64.7], [0.32477, 51.77987, 65.7], [0.32544, 51.77981, 66.6], [0.32569, 51.77977, 66.9], [0.32575, 51.77976, 67.0], [0.32591, 51.77974, 67.3], [0.32597, 51.77973, 67.4], [0.3266, 51.7796, 68.4], [0.3268, 51.77956, 68.6], [0.32685, 51.77954, 68.6], [0.32707, 51.77949, 68.8], [0.32715, 51.77947, 68.9], [0.32717, 51.77947, 69.0], [0.32772, 51.77929, 70.0], [0.32834, 51.77905, 71.6], [0.32869, 51.77889, 70.4], [0.32884, 51.77881, 70.0], [0.32904, 51.7787, 69.6], [0.32994, 51.77825, 69.1], [0.33035, 51.77804, 69.4], [0.33052, 51.77796, 69.4], [0.33173, 51.77739, 70.2], [0.33178, 51.77737, 70.2], [0.33267, 51.77696, 70.1], [0.33358, 51.77654, 70.2], [0.33388, 51.77641, 70.3], [0.33456, 51.77612, 70.8], [0.33506, 51.77593, 71.6], [0.33528, 51.77584, 71.6], [0.33559, 51.77575, 71.3], [0.3357, 51.77572, 71.1], [0.33588, 51.77567, 71.0], [0.33612, 51.7756, 70.8], [0.33658, 51.77546, 70.5], [0.33705, 51.77526, 70.5], [0.338, 51.77489, 70.4], [0.33845, 51.77472, 70.3], [0.33938, 51.77443, 70.5], [0.3394, 51.77442, 70.5], [0.33951, 51.77439, 70.4], [0.34, 51.77424, 70.0], [0.34045, 51.77412, 69.9], [0.34088, 51.77403, 69.6], [0.34112, 51.774, 69.3], [0.34132, 51.77398, 69.1], [0.34167, 51.77398, 68.8], [0.34195, 51.77398, 69.0], [0.34217, 51.77399, 69.3], [0.34233, 51.774, 69.4], [0.34244, 51.774, 69.5], [0.34246, 51.774, 69.6], [0.34302, 51.77402, 70.1], [0.3439, 51.77404, 69.2], [0.34408, 51.77403, 68.8], [0.3442, 51.77403, 68.6], [0.34428, 51.77402, 68.4], [0.34438, 51.774, 68.1], [0.34446, 51.77398, 67.9], [0.34484, 51.77387, 67.0], [0.34487, 51.77387, 66.9], [0.34526, 51.77371, 66.3], [0.3458, 51.77346, 66.0], [0.34614, 51.7733, 65.6], [0.34645, 51.77321, 65.2], [0.34654, 51.7732, 65.1], [0.34683, 51.77317, 64.8], [0.3469, 51.77317, 64.8], [0.34743, 51.77313, 64.3], [0.34787, 51.77308, 63.9], [0.34799, 51.77306, 63.7], [0.34835, 51.77298, 63.4], [0.34879, 51.77289, 63.2], [0.34916, 51.77286, 63.0], [0.34965, 51.77286, 62.1], [0.35014, 51.77289, 61.5], [0.35057, 51.77291, 61.5], [0.35138, 51.77294, 61.9], [0.35173, 51.77294, 62.1], [0.35196, 51.77292, 62.2], [0.35234, 51.77289, 62.3], [0.35246, 51.77288, 62.3], [0.35271, 51.77286, 62.7], [0.35299, 51.77282, 63.0], [0.35318, 51.7728, 63.2], [0.35331, 51.77277, 63.3], [0.35332, 51.77277, 63.3], [0.35347, 51.77274, 62.9], [0.35365, 51.77269, 62.4], [0.35379, 51.77263, 62.0], [0.35393, 51.77257, 61.6], [0.35407, 51.7725, 61.1], [0.35433, 51.77235, 60.5], [0.3546, 51.77219, 60.1], [0.35512, 51.77189, 60.1], [0.35534, 51.77177, 60.4], [0.35544, 51.77171, 60.5], [0.35568, 51.77158, 60.7], [0.35615, 51.77129, 61.3], [0.35636, 51.77113, 61.6], [0.35642, 51.77109, 61.7], [0.35671, 51.77089, 62.1], [0.35714, 51.77057, 61.4], [0.3573, 51.77045, 61.1], [0.35738, 51.77037, 60.9], [0.35776, 51.77009, 60.5], [0.35806, 51.76988, 60.3], [0.35826, 51.76974, 60.3], [0.35856, 51.76957, 60.0], [0.35877, 51.76945, 59.7], [0.35928, 51.7692, 59.2], [0.35968, 51.76904, 58.9], [0.35976, 51.76901, 58.8], [0.36008, 51.76888, 58.3], [0.36018, 51.76886, 58.2], [0.36044, 51.76878, 57.9], [0.36078, 51.76867, 57.6], [0.36097, 51.76863, 57.5], [0.36159, 51.76849, 57.3], [0.3626, 51.76828, 58.1], [0.36343, 51.76809, 59.1], [0.36368, 51.76802, 58.9], [0.36384, 51.76798, 58.7], [0.36416, 51.76786, 58.3], [0.36462, 51.76767, 58.0], [0.36492, 51.76753, 58.0], [0.36516, 51.76742, 58.1], [0.36536, 51.7673, 58.1], [0.36557, 51.76718, 58.1], [0.36569, 51.76711, 58.1], [0.36616, 51.76678, 57.7], [0.3664, 51.76659, 57.3], [0.36656, 51.76645, 57.1], [0.36692, 51.76611, 57.0], [0.3674, 51.76569, 56.5], [0.36767, 51.7655, 55.8], [0.36775, 51.76545, 55.6], [0.36791, 51.76535, 55.3], [0.36801, 51.76529, 55.2], [0.3684, 51.76509, 55.2], [0.36882, 51.7649, 55.5], [0.36886, 51.76489, 55.6], [0.3695, 51.76468, 56.6], [0.36986, 51.76458, 57.3], [0.37031, 51.76449, 57.6], [0.37089, 51.7644, 57.7], [0.37093, 51.76439, 57.7], [0.37189, 51.76424, 57.1], [0.37333, 51.76402, 57.6], [0.37399, 51.76391, 57.4], [0.37418, 51.76388, 57.3], [0.37427, 51.76387, 57.3], [0.37502, 51.76375, 57.0], [0.37563, 51.76364, 56.7], [0.37671, 51.76341, 57.1], [0.37675, 51.7634, 57.1], [0.37782, 51.76315, 56.7], [0.37808, 51.76308, 56.8], [0.37828, 51.76303, 56.8], [0.3787, 51.76291, 56.5], [0.37968, 51.76262, 55.9], [0.38031, 51.76242, 55.1], [0.3811, 51.76218, 53.1], [0.3812, 51.76215, 52.9], [0.38121, 51.76215, 52.9], [0.38168, 51.76203, 52.0], [0.382, 51.76194, 51.6], [0.38201, 51.76194, 51.6], [0.38248, 51.76182, 51.0], [0.38281, 51.76174, 50.3], [0.38319, 51.76164, 49.2], [0.38335, 51.7616, 48.7], [0.38361, 51.76153, 48.2], [0.38382, 51.76147, 47.7], [0.38388, 51.76146, 47.6], [0.38403, 51.76142, 47.3], [0.38426, 51.76133, 46.6], [0.38439, 51.76128, 46.2], [0.3844, 51.76128, 46.2], [0.38456, 51.76119, 45.6], [0.38475, 51.76109, 45.0], [0.38477, 51.76107, 44.9], [0.385, 51.76089, 44.1], [0.38524, 51.76062, 43.8], [0.38531, 51.76049, 43.5], [0.38533, 51.76045, 43.5], [0.3854, 51.76032, 43.2], [0.38552, 51.76007, 42.8], [0.38566, 51.75977, 42.2], [0.38582, 51.75952, 41.8], [0.38587, 51.75947, 41.8], [0.38602, 51.75932, 41.6], [0.38603, 51.75931, 41.6], [0.38606, 51.75928, 41.5], [0.38638, 51.75901, 41.3], [0.38674, 51.75875, 41.0], [0.38693, 51.75862, 40.9], [0.38695, 51.7586, 40.9], [0.38698, 51.75858, 40.9], [0.38712, 51.75848, 40.8], [0.38717, 51.75845, 40.8], [0.3875, 51.75821, 41.0], [0.38754, 51.75818, 41.1], [0.38766, 51.75807, 41.3], [0.38767, 51.75807, 41.3], [0.38773, 51.75801, 41.4], [0.3878, 51.75792, 41.5], [0.38786, 51.75782, 41.7], [0.38799, 51.75755, 42.1], [0.38822, 51.75705, 41.7], [0.38826, 51.75694, 41.5], [0.38838, 51.7566, 41.1], [0.3884, 51.7565, 41.2], [0.38842, 51.75641, 41.2], [0.3885, 51.75609, 41.4], [0.38859, 51.75575, 41.5], [0.38859, 51.75574, 41.5], [0.38868, 51.75534, 41.2], [0.38877, 51.75494, 40.9], [0.3888, 51.75483, 40.7], [0.38893, 51.75436, 39.9], [0.38893, 51.75434, 39.8], [0.38905, 51.75399, 39.5], [0.38927, 51.75366, 39.6], [0.3893, 51.75361, 39.5], [0.38961, 51.75328, 39.4], [0.38973, 51.75318, 39.3], [0.38984, 51.7531, 39.2], [0.39002, 51.753, 39.2], [0.39026, 51.75287, 38.9], [0.39027, 51.75286, 38.9], [0.39044, 51.75279, 38.7], [0.39072, 51.75268, 38.4], [0.39146, 51.75246, 38.7], [0.39161, 51.75243, 38.8], [0.39182, 51.75239, 38.8], [0.39201, 51.75235, 38.7], [0.39247, 51.75226, 38.4], [0.39252, 51.75225, 38.4], [0.39327, 51.75209, 37.6], [0.39357, 51.75201, 37.2], [0.39358, 51.75201, 37.2], [0.3938, 51.75195, 37.0], [0.39471, 51.75166, 36.6], [0.39507, 51.75152, 36.7], [0.39512, 51.7515, 36.7], [0.3953, 51.75143, 36.7], [0.39595, 51.75114, 36.2], [0.39613, 51.75104, 36.1], [0.39675, 51.75068, 35.7], [0.39679, 51.75066, 35.6], [0.39752, 51.75018, 35.2], [0.39801, 51.74985, 35.5], [0.39836, 51.74962, 35.5], [0.39836, 51.74962, 35.5], [0.39838, 51.74968, 35.6], [0.39839, 51.74971, 35.7], [0.39841, 51.74974, 35.7], [0.39843, 51.74977, 35.7], [0.39841, 51.74974, 35.7], [0.39839, 51.74971, 35.7], [0.39838, 51.74968, 35.6], [0.39836, 51.74962, 35.5], [0.39836, 51.74962, 35.5], [0.39876, 51.74943, 35.3], [0.39914, 51.74928, 35.1], [0.39924, 51.74925, 35.1], [0.39951, 51.74916, 35.0], [0.40001, 51.74905, 34.9], [0.40049, 51.74898, 34.8], [0.4009, 51.74894, 34.8], [0.40094, 51.74893, 34.8], [0.4015, 51.74886, 35.1], [0.40197, 51.74878, 35.1], [0.40203, 51.74877, 35.0], [0.40224, 51.74872, 34.9], [0.40235, 51.74869, 34.9], [0.40246, 51.74866, 34.8], [0.40261, 51.74861, 34.7], [0.40291, 51.74851, 34.5], [0.40312, 51.74842, 34.3], [0.40322, 51.74837, 34.1], [0.40347, 51.74824, 33.9], [0.40351, 51.74822, 33.9], [0.4037, 51.74812, 33.7], [0.40387, 51.74803, 33.6], [0.40414, 51.74783, 33.4], [0.40455, 51.74748, 33.0], [0.40522, 51.74691, 33.8], [0.4057, 51.74654, 33.8], [0.40586, 51.74644, 33.7], [0.40613, 51.74626, 33.7], [0.40646, 51.74604, 33.8], [0.40649, 51.74602, 33.8], [0.40702, 51.7457, 33.9], [0.40706, 51.74568, 33.9], [0.40782, 51.74529, 34.4], [0.40784, 51.74528, 34.4], [0.40791, 51.74525, 34.5], [0.40869, 51.74492, 34.9], [0.40879, 51.74486, 34.8], [0.40953, 51.74455, 34.9], [0.41061, 51.74408, 34.8], [0.41132, 51.74378, 33.8], [0.41193, 51.74355, 33.0], [0.41221, 51.74346, 33.0], [0.41271, 51.7433, 33.2], [0.41313, 51.74316, 33.5], [0.41383, 51.74294, 34.1], [0.41416, 51.74286, 34.4], [0.41479, 51.74272, 35.0], [0.41545, 51.74262, 35.1], [0.41571, 51.7426, 35.1], [0.41611, 51.74257, 35.1], [0.41665, 51.74254, 35.0], [0.41757, 51.74255, 35.0], [0.41879, 51.74258, 34.2], [0.4189, 51.74258, 34.2], [0.41919, 51.74259, 34.2], [0.4196, 51.7426, 34.2], [0.42045, 51.7426, 34.1], [0.42106, 51.74257, 34.1], [0.42159, 51.74252, 34.0], [0.4217, 51.74251, 34.0], [0.42186, 51.74249, 33.8], [0.4224, 51.7424, 33.0], [0.42257, 51.74238, 32.8], [0.42288, 51.7423, 32.3], [0.42302, 51.74227, 32.1], [0.42355, 51.74212, 31.4], [0.42365, 51.74209, 31.3], [0.42436, 51.74192, 30.9], [0.42442, 51.74191, 30.8], [0.42497, 51.74181, 30.7], [0.42538, 51.74176, 30.8], [0.42585, 51.74172, 31.0], [0.42605, 51.74171, 31.2], [0.42672, 51.74169, 32.1], [0.42719, 51.74168, 32.6], [0.42805, 51.74169, 34.3], [0.42864, 51.74171, 35.3], [0.42892, 51.74171, 35.7], [0.4294, 51.74172, 36.2], [0.4297, 51.74171, 36.6], [0.42991, 51.74168, 36.9], [0.43007, 51.74166, 36.9], [0.4303, 51.74165, 36.6], [0.4303, 51.74165, 36.6], [0.4303, 51.74166, 36.6], [0.43031, 51.74166, 36.6], [0.43031, 51.74167, 36.6], [0.43032, 51.74168, 36.6], [0.43032, 51.74169, 36.6], [0.43033, 51.74169, 36.6], [0.43034, 51.7417, 36.6], [0.43035, 51.7417, 36.6], [0.43036, 51.74171, 36.5], [0.43037, 51.74171, 36.5], [0.43038, 51.74171, 36.5], [0.43039, 51.74171, 36.5], [0.43039, 51.74172, 36.5], [0.4304, 51.74172, 36.5], [0.43041, 51.74172, 36.5], [0.43042, 51.74172, 36.5], [0.43043, 51.74172, 36.5], [0.43044, 51.74171, 36.4], [0.43045, 51.74171, 36.4], [0.43046, 51.74171, 36.4], [0.43047, 51.74171, 36.4], [0.43048, 51.7417, 36.4], [0.43049, 51.7417, 36.4], [0.43049, 51.74169, 36.4], [0.4305, 51.74169, 36.4], [0.43051, 51.74168, 36.4], [0.43051, 51.74167, 36.4], [0.43052, 51.74167, 36.4], [0.43052, 51.74166, 36.4], [0.43053, 51.74166, 36.3], [0.43053, 51.74165, 36.3], [0.43053, 51.74164, 36.3], [0.43053, 51.74163, 36.2], [0.43052, 51.74162, 36.2], [0.43052, 51.74161, 36.2], [0.43051, 51.74161, 36.2], [0.43051, 51.7416, 36.2], [0.4305, 51.7416, 36.2], [0.4305, 51.74159, 36.1], [0.43049, 51.74159, 36.2], [0.43048, 51.74159, 36.2], [0.43048, 51.74158, 36.1], [0.43047, 51.74158, 36.1], [0.43046, 51.74158, 36.1], [0.43045, 51.74157, 36.1], [0.43044, 51.74157, 36.1], [0.43043, 51.74157, 36.1], [0.43042, 51.74157, 36.1], [0.43041, 51.74157, 36.2], [0.43037, 51.74147, 35.8], [0.43034, 51.74142, 35.6], [0.43028, 51.74127, 35.1], [0.43027, 51.74115, 34.6], [0.43026, 51.741, 34.0], [0.43026, 51.74066, 33.0], [0.43022, 51.7402, 31.9], [0.4302, 51.74008, 31.6], [0.43017, 51.73978, 30.9], [0.43017, 51.73972, 30.7], [0.43016, 51.73967, 30.6], [0.43012, 51.73942, 29.9], [0.43012, 51.73937, 29.8], [0.4301, 51.73923, 29.8], [0.43009, 51.7392, 29.8], [0.43009, 51.73919, 29.8], [0.43007, 51.73908, 29.8], [0.43007, 51.73906, 29.8], [0.43006, 51.73902, 29.8], [0.43003, 51.73888, 29.8], [0.43003, 51.73887, 29.8], [0.43003, 51.73887, 29.8], [0.43003, 51.73887, 29.8], [0.43002, 51.7388, 29.8], [0.42996, 51.73848, 29.9], [0.42996, 51.73847, 29.9], [0.42997, 51.73836, 30.0], [0.42998, 51.73823, 30.1], [0.43002, 51.73806, 30.0], [0.43006, 51.73782, 30.0], [0.43005, 51.73768, 30.0], [0.43001, 51.73749, 30.0], [0.42994, 51.73731, 30.0], [0.42982, 51.73704, 30.1], [0.42967, 51.73681, 30.4], [0.4295, 51.73655, 30.9], [0.42943, 51.73647, 31.2], [0.42941, 51.73645, 31.3], [0.42929, 51.73631, 31.7], [0.42916, 51.73616, 32.0], [0.42908, 51.73606, 32.1], [0.42904, 51.73603, 32.2], [0.42886, 51.73583, 32.4], [0.42865, 51.73561, 32.6], [0.42833, 51.73529, 33.0], [0.42828, 51.73524, 33.1], [0.42802, 51.73497, 33.4], [0.42776, 51.73466, 34.1], [0.42772, 51.73461, 34.2], [0.42757, 51.73442, 34.6], [0.42748, 51.73428, 34.9], [0.4274, 51.73416, 35.0], [0.42732, 51.73404, 35.0], [0.42717, 51.7338, 35.2], [0.42691, 51.73339, 35.7], [0.42665, 51.73302, 37.1], [0.4265, 51.73282, 38.0], [0.42639, 51.73266, 38.8], [0.42637, 51.73264, 38.9], [0.42614, 51.73239, 39.6], [0.42605, 51.73227, 39.7], [0.42597, 51.73219, 39.8], [0.42565, 51.73196, 40.1], [0.4255, 51.73187, 40.3], [0.42524, 51.73177, 40.6], [0.42505, 51.73169, 40.9], [0.42499, 51.73167, 41.0], [0.42499, 51.73167, 41.0], [0.42461, 51.73157, 42.2], [0.42436, 51.73151, 43.0], [0.4243, 51.7315, 43.1], [0.42408, 51.73146, 43.6], [0.42389, 51.73143, 43.8], [0.42386, 51.73142, 43.9], [0.42384, 51.73142, 43.9], [0.42345, 51.73137, 44.3], [0.42337, 51.73136, 44.3], [0.4233, 51.73135, 44.4], [0.42326, 51.73134, 44.4], [0.42312, 51.73131, 44.5], [0.42293, 51.73123, 44.8], [0.42247, 51.73099, 45.7], [0.42231, 51.7309, 46.0], [0.4222, 51.73086, 46.3], [0.42198, 51.73081, 46.7], [0.42186, 51.73079, 46.9], [0.4214, 51.73074, 47.5], [0.42107, 51.73071, 48.0], [0.42084, 51.73069, 48.3], [0.42021, 51.73064, 49.2], [0.41868, 51.73045, 51.5], [0.41783, 51.73034, 52.8], [0.41769, 51.73033, 53.0], [0.41704, 51.73028, 53.7], [0.41688, 51.73027, 53.9], [0.4166, 51.73022, 54.2], [0.416, 51.73011, 54.7], [0.41547, 51.72999, 55.0], [0.41538, 51.72996, 55.1], [0.41416, 51.72963, 55.9], [0.41361, 51.72947, 56.3], [0.41214, 51.72903, 57.0], [0.41109, 51.72875, 57.3], [0.41082, 51.72867, 57.4], [0.41067, 51.72862, 57.3], [0.41062, 51.7286, 57.3], [0.41056, 51.72858, 57.3], [0.41036, 51.7285, 57.2], [0.41021, 51.72841, 57.1], [0.41021, 51.72841, 57.1], [0.41023, 51.7284, 57.1], [0.41023, 51.72839, 57.1], [0.41024, 51.72839, 57.1], [0.41025, 51.72838, 57.1], [0.41026, 51.72837, 57.0], [0.41026, 51.72836, 57.0], [0.41027, 51.72836, 57.0], [0.41027, 51.72835, 57.0], [0.41027, 51.72834, 57.0], [0.41028, 51.72834, 57.0], [0.41028, 51.72833, 57.0], [0.41028, 51.72832, 57.0], [0.41028, 51.72831, 57.0], [0.41028, 51.7283, 57.0], [0.41028, 51.72829, 56.9], [0.41027, 51.72829, 56.9], [0.41027, 51.72828, 56.9], [0.41026, 51.72827, 56.9], [0.41026, 51.72826, 56.9], [0.41025, 51.72825, 56.9], [0.41024, 51.72824, 56.9], [0.41023, 51.72824, 56.9], [0.41022, 51.72823, 56.9], [0.41021, 51.72823, 56.9], [0.4102, 51.72822, 56.9], [0.41033, 51.72812, 56.7], [0.41039, 51.72804, 56.6], [0.41047, 51.72792, 56.5], [0.41053, 51.72775, 56.3], [0.41055, 51.72764, 56.2], [0.41055, 51.72759, 56.1], [0.41058, 51.72751, 56.0], [0.41058, 51.72739, 56.0], [0.41051, 51.72709, 56.0], [0.41044, 51.72693, 56.0], [0.41044, 51.72693, 56.0], [0.41051, 51.72709, 56.0], [0.41058, 51.72739, 56.0], [0.41058, 51.72751, 56.0], [0.41055, 51.72759, 56.1], [0.41055, 51.72764, 56.2], [0.41053, 51.72775, 56.3], [0.41047, 51.72792, 56.5], [0.41039, 51.72804, 56.6], [0.41033, 51.72812, 56.7], [0.4102, 51.72822, 56.9], [0.4102, 51.72822, 56.9], [0.41019, 51.72822, 56.9], [0.41019, 51.72821, 56.9], [0.41018, 51.72821, 56.9], [0.41017, 51.72821, 56.9], [0.41016, 51.72821, 56.9], [0.41015, 51.7282, 56.8], [0.41014, 51.7282, 56.8], [0.41013, 51.7282, 56.8], [0.41012, 51.7282, 56.8], [0.41011, 51.7282, 56.8], [0.4101, 51.7282, 56.8], [0.41009, 51.7282, 56.8], [0.41008, 51.7282, 56.8], [0.41007, 51.7282, 56.8], [0.41006, 51.7282, 56.8], [0.41005, 51.7282, 56.8], [0.41004, 51.7282, 56.8], [0.41003, 51.7282, 56.8], [0.41002, 51.72821, 56.9], [0.41001, 51.72821, 56.9], [0.41, 51.72821, 56.9], [0.40999, 51.72822, 56.9], [0.40998, 51.72822, 56.9], [0.40997, 51.72822, 56.9], [0.40997, 51.72823, 56.9], [0.40996, 51.72823, 56.9], [0.40995, 51.72824, 57.0], [0.40994, 51.72824, 57.0], [0.40993, 51.72825, 57.0], [0.40993, 51.72826, 57.0], [0.40992, 51.72826, 57.0], [0.40992, 51.72827, 57.0], [0.40991, 51.72827, 57.0], [0.40976, 51.72823, 57.2], [0.40952, 51.72817, 57.5], [0.40945, 51.72814, 57.6], [0.40918, 51.72803, 58.0], [0.40915, 51.72801, 58.0], [0.40901, 51.72795, 58.1], [0.40873, 51.72786, 58.3], [0.40864, 51.72784, 58.4], [0.40822, 51.72774, 58.8], [0.40754, 51.72762, 59.7], [0.40712, 51.72755, 59.9], [0.40669, 51.72749, 60.0], [0.40616, 51.72742, 60.4], [0.40534, 51.72738, 60.8], [0.40519, 51.72738, 60.8], [0.40495, 51.72738, 60.7], [0.40473, 51.72738, 60.3], [0.40456, 51.72737, 59.9], [0.40443, 51.72723, 59.5], [0.40443, 51.72723, 59.5], [0.4042, 51.7273, 59.1], [0.40406, 51.72734, 58.9], [0.40379, 51.72743, 58.5], [0.40353, 51.72751, 58.2], [0.40328, 51.72759, 57.7], [0.40284, 51.72774, 56.8], [0.40272, 51.72778, 56.6], [0.40256, 51.72783, 56.3], [0.40225, 51.72793, 55.7], [0.40203, 51.728, 55.2], [0.40199, 51.72801, 55.2], [0.40184, 51.72805, 54.9], [0.40165, 51.72809, 54.6], [0.40145, 51.72813, 54.9], [0.40109, 51.72818, 55.6], [0.40084, 51.72821, 56.1], [0.40063, 51.72822, 56.4], [0.40034, 51.72823, 56.7], [0.40009, 51.72822, 57.0], [0.39987, 51.72822, 57.4], [0.39983, 51.72821, 57.5], [0.39948, 51.72818, 58.3], [0.39914, 51.72814, 59.0], [0.39896, 51.72812, 59.2], [0.39864, 51.72806, 59.4], [0.39859, 51.72805, 59.5], [0.39824, 51.72797, 59.7], [0.39796, 51.7279, 59.9], [0.39774, 51.72783, 60.0], [0.39757, 51.72777, 59.9], [0.39745, 51.72773, 59.8], [0.39724, 51.72764, 59.6], [0.39682, 51.72746, 59.1], [0.39658, 51.72736, 59.5], [0.39632, 51.72723, 60.3], [0.39586, 51.72702, 61.5], [0.39549, 51.72686, 61.9], [0.39521, 51.72673, 62.0], [0.39466, 51.72647, 62.4], [0.39432, 51.72632, 62.8], [0.39402, 51.72618, 63.2], [0.39373, 51.72606, 63.5], [0.39335, 51.7259, 64.0], [0.39309, 51.72581, 64.0], [0.39281, 51.72573, 64.3], [0.39239, 51.72561, 64.8], [0.39226, 51.72559, 65.0], [0.39199, 51.72553, 65.3], [0.39198, 51.72552, 65.4], [0.39166, 51.72547, 65.7], [0.39141, 51.72543, 65.8], [0.39111, 51.7254, 65.7], [0.39079, 51.72537, 65.7], [0.39055, 51.72536, 65.7], [0.39033, 51.72535, 65.7], [0.3902, 51.72534, 65.8], [0.39, 51.72534, 65.8], [0.38983, 51.72535, 65.8], [0.38961, 51.72535, 65.9], [0.38933, 51.72537, 66.0], [0.389, 51.72539, 66.1], [0.38868, 51.72541, 66.0], [0.38842, 51.72541, 66.0], [0.38808, 51.72542, 66.3], [0.38772, 51.72541, 66.8], [0.38728, 51.72538, 67.2], [0.38686, 51.72534, 67.6], [0.38662, 51.7253, 67.9], [0.38632, 51.72525, 67.7], [0.38603, 51.72519, 67.6], [0.38591, 51.72516, 67.5], [0.38575, 51.72512, 67.6], [0.38566, 51.7251, 67.6], [0.38549, 51.72505, 67.8], [0.38538, 51.72502, 67.9], [0.38519, 51.72497, 68.0], [0.3848, 51.72483, 67.6], [0.38472, 51.7248, 67.5], [0.38447, 51.72472, 67.2], [0.38363, 51.72441, 67.2], [0.38306, 51.7242, 66.9], [0.38251, 51.72399, 65.2], [0.38218, 51.72388, 64.7], [0.38193, 51.7238, 64.4], [0.38172, 51.72373, 64.1], [0.3817, 51.72372, 64.1], [0.38149, 51.72366, 64.3], [0.3811, 51.72354, 64.7], [0.38061, 51.72342, 64.9], [0.38037, 51.72336, 65.0], [0.3802, 51.72332, 65.0], [0.37977, 51.72323, 65.4], [0.37954, 51.72318, 65.6], [0.37927, 51.72313, 65.9], [0.37897, 51.72308, 66.2], [0.37846, 51.723, 66.5], [0.37799, 51.72294, 67.4], [0.37786, 51.72292, 67.6], [0.37714, 51.72283, 68.8], [0.37666, 51.72277, 69.3], [0.37628, 51.72272, 69.7], [0.37537, 51.72259, 70.2], [0.37454, 51.72248, 71.1], [0.37415, 51.72242, 72.0], [0.3741, 51.72242, 72.1], [0.3739, 51.72239, 72.3], [0.37353, 51.72234, 72.8], [0.37319, 51.72229, 73.1], [0.37264, 51.7222, 73.5], [0.37244, 51.72216, 73.6], [0.37196, 51.72208, 73.5], [0.37162, 51.72202, 73.3], [0.37136, 51.72197, 72.9], [0.37112, 51.72193, 72.5], [0.37086, 51.72188, 72.0], [0.37042, 51.72179, 71.9], [0.36962, 51.72162, 70.7], [0.36847, 51.72137, 68.0], [0.36839, 51.72135, 67.9], [0.36787, 51.72123, 67.2], [0.36758, 51.72116, 66.8], [0.3673, 51.7211, 66.3], [0.36701, 51.72104, 65.7], [0.36645, 51.72091, 64.5], [0.36582, 51.72077, 63.2], [0.36498, 51.72058, 62.9], [0.36465, 51.72051, 62.3], [0.36424, 51.72041, 61.7], [0.36392, 51.72034, 61.3], [0.36354, 51.72026, 60.8], [0.36297, 51.72013, 60.3], [0.3627, 51.72007, 60.1], [0.36186, 51.71989, 59.3], [0.3616, 51.71983, 59.1], [0.36089, 51.71967, 59.9], [0.36078, 51.71965, 60.1], [0.36051, 51.71958, 60.4], [0.3597, 51.7194, 61.7], [0.35914, 51.71928, 63.1], [0.35908, 51.71926, 63.2], [0.35885, 51.71922, 63.7], [0.3586, 51.71917, 64.4], [0.35826, 51.71911, 65.1], [0.35811, 51.71908, 65.4], [0.35775, 51.71902, 66.1], [0.35741, 51.71896, 66.6], [0.35715, 51.71892, 66.8], [0.35677, 51.71886, 67.1], [0.35475, 51.71854, 67.6], [0.35372, 51.71839, 68.7], [0.35336, 51.71834, 69.0], [0.35304, 51.71829, 69.7], [0.35257, 51.71823, 70.7], [0.35206, 51.71817, 71.3], [0.3518, 51.71814, 71.6], [0.35158, 51.71812, 71.8], [0.35127, 51.7181, 72.1], [0.351, 51.71808, 72.3], [0.3505, 51.71806, 72.6], [0.34991, 51.71805, 73.0], [0.34926, 51.71807, 73.3], [0.34914, 51.71807, 73.4], [0.34841, 51.71811, 73.5], [0.34769, 51.71816, 73.6], [0.34764, 51.71817, 73.6], [0.34699, 51.71822, 73.7], [0.34644, 51.71826, 73.6], [0.34558, 51.71832, 73.0], [0.34474, 51.71837, 72.8], [0.34441, 51.71839, 72.5], [0.344, 51.71839, 72.1], [0.34348, 51.71839, 71.5], [0.3432, 51.71838, 71.6], [0.34307, 51.71838, 71.9], [0.34274, 51.71836, 72.5], [0.34234, 51.71834, 73.2], [0.34184, 51.7183, 73.7], [0.34082, 51.7182, 73.8], [0.34014, 51.71813, 73.8], [0.3395, 51.71806, 74.1], [0.33911, 51.71802, 74.2], [0.33865, 51.71797, 74.1], [0.33861, 51.71797, 74.1], [0.33833, 51.71793, 74.0], [0.33832, 51.71793, 74.1], [0.33799, 51.71789, 74.8], [0.33749, 51.71781, 75.8], [0.33712, 51.71775, 76.1], [0.33681, 51.7177, 76.3], [0.33654, 51.71765, 76.5], [0.33624, 51.71759, 76.7], [0.336, 51.71754, 76.9], [0.33559, 51.71744, 76.9], [0.33502, 51.71731, 77.0], [0.33441, 51.71716, 78.1], [0.3342, 51.71711, 78.5], [0.33405, 51.71707, 78.6], [0.33302, 51.71682, 79.6], [0.33108, 51.71634, 80.3], [0.32974, 51.71599, 80.9], [0.32948, 51.71592, 81.4], [0.32947, 51.71591, 81.4], [0.32855, 51.71566, 83.3], [0.32794, 51.71549, 84.3], [0.32754, 51.71538, 84.9], [0.32722, 51.71529, 85.3], [0.32709, 51.71525, 85.5], [0.32638, 51.71505, 86.4], [0.32544, 51.71477, 87.7], [0.32462, 51.71452, 89.5], [0.32387, 51.71429, 91.3], [0.32343, 51.71415, 91.8], [0.32297, 51.714, 92.1], [0.32219, 51.71374, 92.9], [0.32112, 51.71339, 94.4], [0.32087, 51.7133, 95.0], [0.32061, 51.71322, 95.4], [0.32002, 51.71302, 96.4], [0.31864, 51.71256, 98.0], [0.3178, 51.71228, 98.3], [0.3175, 51.71218, 98.4], [0.31714, 51.71206, 98.5], [0.31685, 51.71197, 98.6], [0.31659, 51.71188, 98.8], [0.31655, 51.71187, 98.8], [0.31603, 51.7117, 99.0], [0.31583, 51.71163, 99.0], [0.3158, 51.71162, 98.9], [0.31557, 51.71155, 98.9], [0.31518, 51.71143, 98.7], [0.31479, 51.71131, 98.7], [0.31441, 51.71121, 98.8], [0.31428, 51.71118, 98.9], [0.31414, 51.71114, 99.0], [0.31412, 51.71114, 99.0], [0.31384, 51.71108, 99.0], [0.3136, 51.71103, 99.0], [0.31346, 51.71101, 99.0], [0.3133, 51.71099, 99.0], [0.31293, 51.71094, 98.5], [0.31289, 51.71093, 98.4], [0.31257, 51.7109, 98.0], [0.31219, 51.71086, 98.0], [0.31177, 51.71082, 98.0], [0.31151, 51.7108, 97.6], [0.31135, 51.71078, 97.2], [0.31107, 51.71075, 96.5], [0.31088, 51.71073, 96.0], [0.31082, 51.71072, 95.8], [0.31042, 51.71067, 95.3], [0.30994, 51.71061, 94.6], [0.30942, 51.71053, 93.5], [0.30906, 51.71048, 92.9], [0.3086, 51.7104, 92.3], [0.30808, 51.71031, 91.3], [0.308, 51.71029, 91.1], [0.30796, 51.71028, 91.0], [0.30772, 51.71024, 90.3], [0.30724, 51.71015, 89.2], [0.30568, 51.70987, 85.5], [0.30371, 51.70951, 80.9], [0.30312, 51.70941, 80.0], [0.30262, 51.70931, 79.2], [0.30227, 51.70925, 78.7], [0.30208, 51.70922, 78.5], [0.30203, 51.70921, 78.4], [0.30181, 51.70917, 78.2], [0.30157, 51.70913, 78.1], [0.30129, 51.7091, 78.2], [0.30112, 51.70907, 78.3], [0.30095, 51.70906, 78.3], [0.30064, 51.70903, 78.3], [0.30017, 51.709, 78.4], [0.29992, 51.70899, 78.4], [0.29981, 51.70899, 78.4], [0.29944, 51.70898, 78.4], [0.29916, 51.70898, 78.4], [0.29881, 51.70898, 78.4], [0.29876, 51.70898, 78.4], [0.29848, 51.70898, 78.4], [0.2981, 51.70899, 78.6], [0.29785, 51.70899, 78.9], [0.29747, 51.709, 79.2], [0.29711, 51.70901, 79.2], [0.29686, 51.70902, 79.2], [0.29644, 51.70905, 79.6], [0.29619, 51.70907, 80.2], [0.29592, 51.7091, 80.8], [0.29571, 51.70912, 81.1], [0.29478, 51.70924, 82.0], [0.29396, 51.70934, 82.2], [0.29364, 51.70937, 82.0], [0.29336, 51.70941, 81.8], [0.29292, 51.70945, 81.6], [0.29234, 51.70951, 81.4], [0.29184, 51.70956, 81.1], [0.29113, 51.7096, 80.3], [0.29077, 51.70962, 79.9], [0.29026, 51.70964, 79.6], [0.28997, 51.70964, 79.4], [0.28959, 51.70965, 78.6], [0.28881, 51.70965, 77.4], [0.28841, 51.70964, 77.0], [0.28752, 51.70963, 76.5], [0.28704, 51.70962, 76.2], [0.28659, 51.7096, 75.9], [0.28618, 51.7096, 75.1], [0.28562, 51.7096, 74.2], [0.28526, 51.70961, 73.7], [0.28488, 51.70963, 73.1], [0.28438, 51.70966, 72.2], [0.28388, 51.7097, 71.4], [0.28314, 51.70976, 70.3], [0.28297, 51.70977, 70.0], [0.28248, 51.70979, 69.2], [0.28227, 51.7098, 69.0], [0.282, 51.70981, 68.6], [0.28141, 51.70982, 67.4], [0.28118, 51.70983, 66.6], [0.28098, 51.70983, 65.9], [0.28083, 51.70983, 65.4], [0.28032, 51.70984, 64.3], [0.28031, 51.70984, 64.2], [0.27986, 51.70985, 63.5], [0.27949, 51.70985, 63.4], [0.2789, 51.70987, 63.3], [0.27858, 51.70989, 63.3], [0.27829, 51.70993, 63.1], [0.27801, 51.70998, 62.7], [0.27785, 51.71001, 62.4], [0.27771, 51.71004, 62.2], [0.27762, 51.71007, 62.0], [0.2775, 51.7101, 61.8], [0.27678, 51.71029, 61.0], [0.27624, 51.71043, 60.2], [0.27602, 51.71049, 59.9], [0.27584, 51.71054, 59.7], [0.27547, 51.71063, 59.4], [0.27508, 51.71071, 59.2], [0.2748, 51.71077, 58.6], [0.27476, 51.71078, 58.5], [0.27439, 51.71085, 57.5], [0.27401, 51.71092, 56.4], [0.27368, 51.71097, 55.6], [0.27328, 51.71102, 54.9], [0.27287, 51.71107, 54.3], [0.27283, 51.71108, 54.3], [0.27249, 51.71111, 53.7], [0.27197, 51.71116, 53.0], [0.27185, 51.71117, 52.9], [0.27168, 51.71118, 52.8], [0.27129, 51.71121, 52.9], [0.27081, 51.71125, 53.0], [0.27053, 51.71127, 52.9], [0.2704, 51.71128, 52.9], [0.26941, 51.71136, 53.0], [0.269, 51.71139, 53.1], [0.26821, 51.71146, 53.8], [0.26794, 51.71148, 54.5], [0.26778, 51.71149, 54.9], [0.26721, 51.71153, 56.0], [0.26669, 51.71157, 56.7], [0.26635, 51.7116, 56.9], [0.26605, 51.71162, 56.9], [0.26604, 51.71162, 56.9], [0.26548, 51.71167, 57.0], [0.26538, 51.71168, 57.0], [0.26528, 51.71169, 57.0], [0.26496, 51.71172, 56.9], [0.26461, 51.71177, 56.4], [0.26445, 51.71179, 56.2], [0.26425, 51.71182, 55.9], [0.26402, 51.71186, 55.6], [0.26365, 51.71192, 55.3], [0.26333, 51.71198, 55.0], [0.26317, 51.71202, 54.6], [0.26316, 51.71202, 54.6], [0.263, 51.71205, 54.2], [0.26274, 51.7121, 53.6], [0.26269, 51.71211, 53.5], [0.261689, 51.71236, 52.0], [0.26116, 51.71248, 50.8], [0.26078, 51.71258, 49.5], [0.26035, 51.71268, 48.0], [0.26006, 51.71275, 46.9], [0.259809, 51.71281, 46.1], [0.25977, 51.71282, 46.0], [0.25938, 51.71288, 45.0], [0.25906, 51.71293, 44.3], [0.25876, 51.71297, 43.8], [0.25874, 51.71297, 43.8], [0.25854, 51.71299, 43.5], [0.258249, 51.71301, 43.1], [0.257969, 51.71302, 43.1], [0.257749, 51.71303, 43.0], [0.25744, 51.71303, 43.0], [0.257089, 51.71303, 43.4], [0.25696, 51.71302, 43.6], [0.25667, 51.71301, 44.0], [0.25607, 51.71297, 44.9], [0.25552, 51.71294, 46.3], [0.25541, 51.71293, 46.5], [0.25489, 51.7129, 47.7], [0.25411, 51.71285, 49.6], [0.25322, 51.71281, 51.7], [0.25219, 51.71277, 54.2], [0.25113, 51.71273, 56.5], [0.25023, 51.7127, 58.7], [0.24972, 51.71269, 59.7], [0.24866, 51.71267, 61.3], [0.24753, 51.71268, 62.7], [0.24753, 51.71268, 62.7], [0.24677, 51.71269, 63.6], [0.24649, 51.7127, 64.0], [0.2462, 51.7127, 64.3], [0.24588, 51.71271, 64.7], [0.24571, 51.71272, 64.8], [0.24568, 51.71271, 64.8], [0.24553, 51.71266, 64.9], [0.24536, 51.71261, 64.9], [0.24536, 51.71261, 64.9], [0.24535, 51.71259, 65.0], [0.24534, 51.71256, 65.0], [0.24532, 51.71254, 65.0], [0.24531, 51.71252, 65.0], [0.24528, 51.7125, 65.0], [0.24526, 51.71249, 65.0], [0.24524, 51.71247, 65.0], [0.24521, 51.71246, 65.0], [0.24512, 51.71225, 64.7], [0.24513, 51.71221, 64.7], [0.24523, 51.71196, 64.4], [0.24527, 51.71185, 64.2], [0.24536, 51.71162, 63.9], [0.24537, 51.71156, 63.9], [0.24538, 51.71155, 63.9], [0.24539, 51.71142, 63.7], [0.2454, 51.71133, 63.6], [0.24541, 51.71127, 63.5], [0.24541, 51.71119, 63.4], [0.24539, 51.71113, 63.4], [0.24537, 51.71107, 63.3], [0.24534, 51.71095, 63.1], [0.24529, 51.71083, 63.0], [0.24521, 51.71066, 62.4], [0.2452, 51.71064, 62.4], [0.24485, 51.71009, 60.0], [0.24478, 51.70996, 59.4], [0.24471, 51.70986, 59.0], [0.24467, 51.7098, 58.7], [0.24465, 51.70975, 58.6], [0.24461, 51.70961, 58.1], [0.2446, 51.70948, 57.8], [0.2446, 51.70936, 57.5], [0.24461, 51.7093, 57.4], [0.24473, 51.70867, 56.6], [0.24476, 51.70851, 56.4], [0.24482, 51.70815, 56.0], [0.24485, 51.70803, 55.8], [0.24488, 51.70783, 55.4], [0.24492, 51.70761, 55.1], [0.24492, 51.7076, 55.0], [0.24509, 51.70682, 55.2], [0.2451, 51.70674, 55.2], [0.24515, 51.70642, 54.9], [0.24516, 51.70638, 54.9], [0.24519, 51.70623, 54.8], [0.24538, 51.70575, 55.1], [0.24541, 51.70568, 55.2], [0.24543, 51.70562, 55.2], [0.24546, 51.70554, 55.2], [0.24547, 51.70534, 54.9], [0.24554, 51.70506, 54.7], [0.24558, 51.70484, 54.7], [0.24558, 51.7048, 54.6], [0.24559, 51.70474, 54.6], [0.2456, 51.70466, 54.6], [0.2456, 51.70446, 54.4], [0.24559, 51.70445, 54.4], [0.2456, 51.70437, 54.3], [0.24557, 51.70418, 54.1], [0.24557, 51.70414, 54.0], [0.24553, 51.7039, 53.5], [0.24553, 51.70387, 53.5], [0.24549, 51.70374, 53.2], [0.24546, 51.70359, 52.9], [0.24539, 51.70346, 52.6], [0.24536, 51.70342, 52.5], [0.24533, 51.70336, 52.4], [0.24532, 51.70333, 52.4], [0.24526, 51.70326, 52.0], [0.24524, 51.70324, 51.9], [0.2452, 51.7032, 51.7], [0.24504, 51.70307, 51.1], [0.24492, 51.70296, 50.4], [0.24409, 51.70219, 45.8], [0.24408, 51.70218, 45.7], [0.24388, 51.70196, 44.8], [0.24355, 51.7016, 44.0], [0.24346, 51.70151, 44.0], [0.24321, 51.70123, 44.2], [0.24305, 51.70107, 44.4], [0.24297, 51.70099, 44.4], [0.24286, 51.70085, 44.6], [0.24279, 51.70077, 44.8], [0.24279, 51.70074, 44.8], [0.24278, 51.70068, 45.0], [0.24278, 51.70064, 45.0], [0.2428, 51.70057, 45.2], [0.24282, 51.70053, 45.2], [0.24282, 51.70053, 45.2], [0.24283, 51.70051, 45.2], [0.24286, 51.70048, 45.2], [0.24304, 51.70027, 45.3], [0.24312, 51.70018, 45.2], [0.24326, 51.70003, 45.1], [0.24339, 51.69981, 46.4], [0.24343, 51.69974, 46.9], [0.24362, 51.69946, 48.9], [0.24365, 51.69943, 49.1], [0.24376, 51.69925, 50.4], [0.24385, 51.69911, 51.3], [0.24389, 51.69904, 51.8], [0.2439, 51.69899, 52.1], [0.24392, 51.69894, 52.4], [0.24392, 51.69888, 52.7], [0.24393, 51.6988, 53.2], [0.24389, 51.69851, 54.9], [0.24374, 51.698, 57.4], [0.24373, 51.69786, 58.0], [0.24371, 51.69769, 58.7], [0.2437, 51.69758, 59.2], [0.2437, 51.69753, 59.4], [0.2437, 51.69744, 59.7], [0.2437, 51.69731, 60.1], [0.24371, 51.69723, 60.3], [0.24372, 51.69717, 60.5], [0.24372, 51.69717, 60.5], [0.24373, 51.69717, 60.5], [0.24374, 51.69717, 60.5], [0.24375, 51.69717, 60.5], [0.24376, 51.69717, 60.5], [0.24376, 51.69716, 60.5], [0.24377, 51.69716, 60.5], [0.24378, 51.69716, 60.5], [0.24379, 51.69716, 60.5], [0.24379, 51.69715, 60.5], [0.2438, 51.69715, 60.5], [0.2438, 51.69714, 60.5], [0.24381, 51.69714, 60.5], [0.24382, 51.69713, 60.6], [0.24382, 51.69712, 60.6], [0.24383, 51.69712, 60.6], [0.24383, 51.69711, 60.6], [0.24383, 51.6971, 60.6], [0.24383, 51.69709, 60.7], [0.24383, 51.69708, 60.7], [0.24383, 51.69707, 60.7], [0.24383, 51.69706, 60.8], [0.24382, 51.69706, 60.8], [0.24382, 51.69705, 60.8], [0.24381, 51.69705, 60.8], [0.24381, 51.69704, 60.8], [0.2438, 51.69704, 60.9], [0.24379, 51.69704, 60.9], [0.24379, 51.69703, 60.9], [0.24378, 51.69703, 60.9], [0.24377, 51.69703, 60.9], [0.24377, 51.69702, 60.9], [0.24376, 51.69702, 60.9], [0.24375, 51.69702, 60.9], [0.24374, 51.69702, 60.9], [0.24373, 51.69702, 60.9], [0.24372, 51.69702, 61.0], [0.24371, 51.69701, 61.0], [0.2437, 51.69701, 61.0], [0.2437, 51.69702, 61.0], [0.24365, 51.69683, 61.5], [0.24355, 51.69646, 62.7], [0.24354, 51.69634, 63.2], [0.24353, 51.69623, 63.6], [0.24354, 51.6961, 64.0], [0.24356, 51.69591, 64.7], [0.24358, 51.69575, 65.0], [0.2436, 51.69562, 65.1], [0.24361, 51.69554, 65.1], [0.24362, 51.69552, 65.1], [0.24363, 51.69544, 65.1], [0.24364, 51.69542, 65.1], [0.24365, 51.69533, 65.1], [0.24367, 51.69523, 65.1], [0.24366, 51.69515, 65.2], [0.24365, 51.69509, 65.2], [0.2436, 51.69501, 65.4], [0.24354, 51.69492, 65.2], [0.24352, 51.69488, 65.1], [0.24341, 51.69472, 64.8], [0.24327, 51.69452, 64.1], [0.24312, 51.69431, 63.0], [0.24305, 51.6942, 62.4], [0.24304, 51.69419, 62.4], [0.24292, 51.69401, 61.3], [0.24271, 51.69371, 59.7], [0.2427, 51.69368, 59.6], [0.24259, 51.69352, 58.8], [0.2425, 51.69335, 58.1], [0.24245, 51.69324, 57.7], [0.24206, 51.6926, 55.4], [0.24194, 51.69248, 54.8], [0.24181, 51.69238, 54.0], [0.24168, 51.6923, 53.3], [0.24158, 51.69224, 52.7], [0.2415, 51.6922, 52.4], [0.2414, 51.69216, 52.0], [0.24133, 51.69214, 51.9], [0.24123, 51.69212, 51.7], [0.24106, 51.69207, 51.4], [0.24101, 51.69206, 51.4], [0.24079, 51.69202, 51.3], [0.2407, 51.692, 51.3], [0.24051, 51.69196, 51.4], [0.24036, 51.69193, 51.5], [0.24013, 51.69187, 51.8], [0.23992, 51.69181, 52.2], [0.2396, 51.69168, 53.0], [0.23939, 51.69159, 53.6], [0.23916, 51.69148, 54.2], [0.2388, 51.69132, 55.3], [0.23846, 51.69116, 56.3], [0.23823, 51.69105, 56.9], [0.238, 51.69094, 57.3], [0.23776, 51.69084, 57.7], [0.23764, 51.69078, 57.8], [0.2373, 51.69061, 57.7], [0.23704, 51.69048, 57.6], [0.23671, 51.69032, 57.4], [0.23657, 51.69024, 57.3], [0.23595, 51.68986, 56.3], [0.23576, 51.68975, 55.8], [0.23521, 51.68939, 54.1], [0.23467, 51.68903, 53.0], [0.2346, 51.68898, 53.0], [0.23456, 51.68895, 53.0], [0.23452, 51.68891, 53.0], [0.23444, 51.68884, 53.0], [0.23436, 51.68874, 53.0], [0.23432, 51.68867, 53.0], [0.23428, 51.68859, 53.0], [0.23426, 51.6885, 52.9], [0.23425, 51.68846, 52.9], [0.23423, 51.68839, 52.9], [0.23422, 51.68826, 52.5], [0.23421, 51.6881, 51.7], [0.2342, 51.68807, 51.6], [0.23419, 51.68787, 50.7], [0.23415, 51.68757, 49.4], [0.23412, 51.68744, 48.8], [0.23406, 51.68728, 48.3], [0.23401, 51.6872, 48.1], [0.23392, 51.68708, 47.8], [0.23389, 51.68706, 47.7], [0.23379, 51.68696, 47.5], [0.23364, 51.68684, 47.3], [0.23355, 51.68676, 47.1], [0.23335, 51.68662, 46.6], [0.23298, 51.68634, 45.2], [0.23285, 51.68624, 44.8], [0.23232, 51.6858, 43.1], [0.23211, 51.68559, 42.3], [0.23192, 51.68538, 41.5], [0.23176, 51.68516, 40.7], [0.23162, 51.6849, 40.1], [0.23153, 51.6847, 40.3], [0.23145, 51.68446, 40.4], [0.23144, 51.68445, 40.4], [0.23131, 51.68404, 40.0], [0.23118, 51.68378, 39.5], [0.23117, 51.68375, 39.4], [0.23112, 51.68366, 39.2], [0.231, 51.68347, 39.0], [0.23097, 51.68341, 38.9], [0.23092, 51.68334, 38.8], [0.23072, 51.68313, 39.3], [0.23056, 51.68298, 39.7], [0.23043, 51.68289, 40.0], [0.23018, 51.68273, 40.5], [0.22988, 51.68253, 41.1], [0.2298, 51.68248, 41.2], [0.2297, 51.68241, 41.3], [0.22927, 51.68209, 41.8], [0.22905, 51.68192, 42.1], [0.22897, 51.68185, 42.2], [0.22876, 51.6817, 42.5], [0.22858, 51.68156, 42.9], [0.22832, 51.68139, 43.7], [0.2281, 51.68125, 44.7], [0.22781, 51.68106, 46.2], [0.2278, 51.68106, 46.2], [0.22758, 51.6809, 47.5], [0.22734, 51.6807, 48.2], [0.22719, 51.68056, 48.4], [0.22703, 51.68043, 48.6], [0.22695, 51.68037, 48.8], [0.22679, 51.68026, 49.0], [0.22663, 51.68017, 49.2], [0.22659, 51.68014, 49.3], [0.22658, 51.68013, 49.3], [0.22655, 51.68011, 49.3], [0.22608, 51.6798, 49.2], [0.22591, 51.67969, 49.2], [0.2259, 51.67968, 49.2], [0.22559, 51.67947, 48.7], [0.22546, 51.67939, 48.5], [0.22524, 51.67926, 48.2], [0.22484, 51.67902, 48.0], [0.22436, 51.67882, 48.4], [0.22408, 51.67874, 48.6], [0.22383, 51.67867, 48.6], [0.22373, 51.67864, 48.6], [0.22355, 51.67861, 48.7], [0.22347, 51.67859, 48.8], [0.22346, 51.67859, 48.8], [0.22327, 51.67856, 48.8], [0.22316, 51.67854, 48.7], [0.22216, 51.67842, 48.2], [0.221, 51.67834, 48.8], [0.22091, 51.67834, 48.9], [0.22055, 51.67831, 48.9], [0.22017, 51.67829, 48.8], [0.21986, 51.67826, 48.7], [0.21978, 51.67826, 48.7], [0.21967, 51.67825, 48.7], [0.21928, 51.67822, 48.6], [0.21869, 51.67818, 48.4], [0.21841, 51.67816, 48.4], [0.2184, 51.67816, 48.4], [0.21754, 51.67807, 48.7], [0.21739, 51.67806, 48.7], [0.21652, 51.67791, 48.0], [0.21575, 51.67771, 47.0], [0.21537, 51.67758, 46.4], [0.2151, 51.67749, 45.9], [0.2147, 51.67732, 45.1], [0.21454, 51.67724, 44.8], [0.21445, 51.6772, 44.7], [0.21436, 51.67716, 44.6], [0.2138, 51.67684, 44.3], [0.21373, 51.67679, 44.3], [0.21306, 51.67631, 45.4], [0.21303, 51.6763, 45.5], [0.21277, 51.67608, 45.8], [0.2126, 51.67595, 46.0], [0.2125, 51.67588, 46.1], [0.21217, 51.67561, 45.4], [0.21215, 51.6756, 45.4], [0.21204, 51.67551, 45.2], [0.21199, 51.67547, 45.1], [0.21152, 51.67509, 44.7], [0.21136, 51.67496, 44.5], [0.2113, 51.67492, 44.5], [0.21127, 51.67489, 44.4], [0.21111, 51.67477, 44.2], [0.21014, 51.67399, 41.8], [0.21003, 51.67391, 41.4], [0.20935, 51.67334, 38.0], [0.20908, 51.67309, 37.7], [0.20906, 51.67307, 37.7], [0.20874, 51.67278, 37.3], [0.20859, 51.67263, 37.2], [0.20844, 51.67249, 37.0], [0.20842, 51.67247, 36.9], [0.20809, 51.67213, 36.2], [0.20773, 51.67177, 35.9], [0.20704, 51.67112, 35.3], [0.20688, 51.67098, 35.2], [0.20678, 51.6709, 35.1], [0.20653, 51.67069, 35.0], [0.20607, 51.67036, 35.1], [0.2058, 51.67017, 35.2], [0.20546, 51.66995, 35.0], [0.20485, 51.66955, 35.3], [0.20477, 51.6695, 35.4], [0.20427, 51.66919, 36.7], [0.20396, 51.669, 37.9], [0.20287, 51.66836, 43.0], [0.20207, 51.66779, 46.7], [0.20189, 51.66766, 47.3], [0.20175, 51.66757, 47.7], [0.2014, 51.66737, 48.0], [0.20124, 51.66728, 48.0], [0.20103, 51.66717, 48.0], [0.20079, 51.66706, 47.9], [0.20055, 51.66694, 47.7], [0.20033, 51.66684, 47.4], [0.2001, 51.66673, 47.2], [0.20001, 51.66668, 47.0], [0.19962, 51.66654, 46.6], [0.19955, 51.66651, 46.5], [0.1993, 51.66641, 46.1], [0.19901, 51.66633, 45.7], [0.19882, 51.66627, 45.4], [0.19877, 51.66626, 45.3], [0.19851, 51.66619, 44.8], [0.19803, 51.66606, 43.6], [0.19775, 51.66599, 42.9], [0.19738, 51.66591, 42.1], [0.19716, 51.66587, 41.7], [0.19688, 51.66582, 41.2], [0.1966, 51.66576, 41.0], [0.19633, 51.6657, 41.5], [0.1963, 51.6657, 41.6], [0.19606, 51.66563, 42.0], [0.19568, 51.66553, 42.6], [0.19553, 51.66548, 42.9], [0.19527, 51.66541, 43.3], [0.19522, 51.6654, 43.4], [0.1949, 51.66532, 44.0], [0.19473, 51.66527, 44.2], [0.19457, 51.66522, 44.4], [0.19447, 51.66519, 44.6], [0.19413, 51.6651, 45.2], [0.19393, 51.66502, 45.6], [0.19369, 51.66493, 45.7], [0.19341, 51.6648, 45.6], [0.1928, 51.66451, 45.5], [0.19161, 51.66398, 46.0], [0.19147, 51.66392, 46.1], [0.19096, 51.66371, 46.4], [0.19044, 51.66348, 46.6], [0.19029, 51.6634, 46.6], [0.18972, 51.66312, 47.5], [0.18926, 51.66289, 48.6], [0.18884, 51.6627, 49.6], [0.18855, 51.66259, 50.4], [0.18821, 51.66248, 51.1], [0.18809, 51.66244, 51.0], [0.18794, 51.6624, 51.0], [0.18782, 51.66237, 51.1], [0.18779, 51.66236, 51.1], [0.18753, 51.66229, 51.2], [0.18712, 51.6622, 51.5], [0.18686, 51.66214, 51.8], [0.18686, 51.66214, 51.8], [0.18686, 51.66214, 51.8], [0.18671, 51.66211, 52.0], [0.18646, 51.66204, 52.4], [0.18626, 51.66199, 52.8], [0.18619, 51.66197, 52.9], [0.18618, 51.66197, 52.9], [0.18596, 51.6619, 53.3], [0.18593, 51.66189, 53.3], [0.18592, 51.66188, 53.3], [0.18565, 51.66179, 53.5], [0.18541, 51.66171, 53.6], [0.18516, 51.66162, 53.7], [0.18491, 51.66154, 53.8], [0.1849, 51.66154, 53.8], [0.18482, 51.66151, 53.9], [0.18465, 51.66144, 54.0], [0.18442, 51.66135, 54.2], [0.18381, 51.66112, 54.6], [0.1837, 51.66107, 54.7], [0.18349, 51.66098, 54.8], [0.18335, 51.66092, 55.0], [0.18333, 51.66091, 55.0], [0.18327, 51.66088, 54.9], [0.18306, 51.66079, 54.6], [0.18279, 51.66065, 54.1], [0.18234, 51.6604, 53.3], [0.18216, 51.66028, 52.9], [0.18208, 51.66023, 52.8], [0.18162, 51.6599, 51.6], [0.18144, 51.65978, 50.9], [0.18124, 51.65965, 50.1], [0.18101, 51.65952, 49.3], [0.18092, 51.65948, 49.0], [0.18048, 51.65929, 47.8], [0.17969, 51.65897, 45.8], [0.1793, 51.65882, 44.8], [0.17905, 51.65873, 44.4], [0.17899, 51.6587, 44.3], [0.17827, 51.65846, 43.2], [0.17778, 51.65829, 40.8], [0.17774, 51.65828, 40.6], [0.17672, 51.65794, 36.2], [0.17596, 51.65768, 34.6], [0.1758, 51.65762, 34.3], [0.17557, 51.65754, 34.1], [0.17536, 51.65747, 33.9], [0.1752, 51.65742, 33.7], [0.17515, 51.6574, 33.6], [0.17508, 51.65738, 33.6], [0.17463, 51.65723, 32.7], [0.17443, 51.65716, 32.4], [0.1743, 51.6571, 32.1], [0.17426, 51.65708, 32.0], [0.17397, 51.65692, 31.6], [0.17379, 51.6568, 31.3], [0.17361, 51.65669, 31.1], [0.17339, 51.65652, 30.5], [0.17323, 51.65639, 29.9], [0.17309, 51.65628, 29.5], [0.17307, 51.65626, 29.4], [0.1729, 51.65609, 28.8], [0.17277, 51.65595, 28.3], [0.17234, 51.65541, 30.3], [0.17211, 51.65513, 31.3], [0.17211, 51.65513, 31.3], [0.17214, 51.65512, 31.4], [0.17218, 51.65511, 31.5], [0.17221, 51.65509, 31.6], [0.17224, 51.65507, 31.7], [0.17227, 51.65505, 31.8], [0.17229, 51.65503, 31.8], [0.17231, 51.655, 32.0], [0.17232, 51.65498, 32.1], [0.17233, 51.65496, 32.2], [0.17234, 51.65493, 32.3], [0.17234, 51.6549, 32.4], [0.17233, 51.65488, 32.5], [0.17232, 51.65485, 32.6], [0.17231, 51.65483, 32.7], [0.1723, 51.6548, 32.8], [0.17228, 51.65478, 32.9], [0.17225, 51.65476, 33.0], [0.17222, 51.65474, 33.0], [0.1722, 51.65473, 33.1], [0.17219, 51.65472, 33.1], [0.17216, 51.65471, 33.2], [0.17212, 51.65469, 33.3], [0.17208, 51.65468, 33.3], [0.17204, 51.65468, 33.4], [0.172, 51.65467, 33.4], [0.17196, 51.65467, 33.4], [0.17192, 51.65467, 33.5], [0.17187, 51.65467, 33.5], [0.17183, 51.65468, 33.5], [0.17178, 51.65469, 33.4], [0.17171, 51.65456, 34.1], [0.17167, 51.65446, 34.6], [0.1716, 51.65428, 35.2], [0.1715, 51.65405, 35.5], [0.17145, 51.65392, 35.4], [0.17139, 51.65377, 35.3], [0.17129, 51.65353, 35.3], [0.17122, 51.65335, 35.4], [0.17117, 51.65324, 35.9], [0.17115, 51.65318, 36.1], [0.1707, 51.65208, 41.0], [0.17062, 51.65188, 42.0], [0.17058, 51.65178, 42.5], [0.17053, 51.65167, 43.0], [0.17042, 51.65134, 43.6], [0.17035, 51.65118, 43.8], [0.17018, 51.6508, 44.4], [0.17016, 51.65076, 44.6], [0.17015, 51.65074, 44.7], [0.17, 51.65047, 46.2], [0.16985, 51.65023, 47.5], [0.16923, 51.64944, 50.7], [0.16918, 51.64939, 50.9], [0.16907, 51.64926, 51.6], [0.16906, 51.64926, 51.6], [0.16888, 51.64902, 52.6], [0.16884, 51.64893, 53.1], [0.16877, 51.64881, 53.7], [0.16877, 51.6488, 53.7], [0.16867, 51.6486, 54.9], [0.16859, 51.64843, 55.9], [0.16858, 51.64842, 55.9], [0.16857, 51.64839, 56.1], [0.16842, 51.64812, 57.8], [0.16841, 51.64812, 57.8], [0.16839, 51.6481, 58.0], [0.16838, 51.64808, 58.1], [0.16811, 51.64773, 59.7], [0.1679, 51.6475, 60.5], [0.16769, 51.64731, 61.0], [0.1675, 51.64717, 61.6], [0.16726, 51.64703, 62.4], [0.16687, 51.64678, 64.1], [0.16653, 51.64657, 65.1], [0.16622, 51.64636, 65.2], [0.16605, 51.64622, 65.3], [0.16594, 51.64612, 65.4], [0.16589, 51.64606, 65.5], [0.16588, 51.64605, 65.5], [0.16578, 51.64594, 65.7], [0.16569, 51.64582, 65.9], [0.16562, 51.6457, 66.3], [0.16554, 51.64556, 66.7], [0.16543, 51.64526, 67.9], [0.1654, 51.64508, 68.7], [0.16538, 51.64489, 69.2], [0.16533, 51.64447, 69.9], [0.16531, 51.64431, 70.1], [0.1653, 51.6442, 70.3], [0.16523, 51.6439, 70.9], [0.16516, 51.64363, 71.5], [0.16505, 51.64325, 72.3], [0.16504, 51.64319, 72.4], [0.165, 51.64307, 72.6], [0.16497, 51.64293, 72.9], [0.16495, 51.64274, 73.2], [0.16494, 51.64255, 73.7], [0.16495, 51.64247, 73.9], [0.16495, 51.64245, 73.9], [0.16496, 51.64235, 74.0], [0.16504, 51.64213, 74.5], [0.1651, 51.64201, 74.7], [0.16512, 51.64198, 74.7], [0.16512, 51.64198, 74.7], [0.1648, 51.64188, 74.2], [0.16468, 51.64185, 73.9], [0.16436, 51.64175, 73.3], [0.16429, 51.64173, 73.2], [0.16428, 51.64172, 73.2], [0.16402, 51.64164, 72.7], [0.16384, 51.64158, 72.6], [0.16379, 51.64156, 72.5], [0.16377, 51.64155, 72.5], [0.16375, 51.64154, 72.5], [0.16363, 51.64147, 72.6], [0.16356, 51.64143, 72.6], [0.16354, 51.64141, 72.7], [0.16338, 51.64129, 72.9], [0.16335, 51.64127, 72.9], [0.1632, 51.64116, 73.7], [0.1632, 51.64115, 73.7], [0.16319, 51.64115, 73.7], [0.16298, 51.64102, 74.6], [0.16257, 51.64079, 76.0], [0.16244, 51.64071, 76.4], [0.16235, 51.64064, 76.6], [0.16232, 51.64062, 76.7], [0.16218, 51.64052, 77.0], [0.16199, 51.64036, 77.4], [0.16191, 51.6403, 77.5], [0.16161, 51.64006, 77.8], [0.1613, 51.63979, 77.3], [0.16122, 51.63972, 77.3], [0.16105, 51.63957, 77.3], [0.16104, 51.63956, 77.3], [0.16067, 51.63926, 77.8], [0.16052, 51.63917, 78.0], [0.16038, 51.63909, 78.1], [0.16035, 51.63907, 78.1], [0.15997, 51.6389, 78.3], [0.15913, 51.6385, 77.6], [0.15899, 51.63843, 77.7], [0.15851, 51.63825, 78.2], [0.15838, 51.6382, 78.3], [0.15826, 51.63816, 78.3], [0.15824, 51.63815, 78.2], [0.15813, 51.6381, 78.1], [0.15798, 51.63803, 78.0], [0.15778, 51.63791, 78.0], [0.15757, 51.63777, 78.1], [0.15745, 51.6377, 78.3], [0.15741, 51.63767, 78.4], [0.15733, 51.63763, 78.5], [0.1573, 51.63762, 78.5], [0.1572, 51.63759, 78.6], [0.15681, 51.6375, 79.0], [0.15654, 51.63744, 79.1], [0.15636, 51.63741, 79.0], [0.15598, 51.63737, 78.9], [0.15562, 51.63735, 78.9], [0.15548, 51.63733, 79.0], [0.15545, 51.63733, 79.0], [0.15529, 51.6373, 79.2], [0.15505, 51.63723, 79.6], [0.1547, 51.63715, 80.7], [0.15467, 51.63714, 80.8], [0.15449, 51.6371, 81.3], [0.1543, 51.63708, 81.8], [0.15391, 51.63709, 82.1], [0.15368, 51.63709, 82.3], [0.15352, 51.6371, 82.3], [0.15334, 51.63711, 82.4], [0.15323, 51.63711, 82.3], [0.15273, 51.63711, 82.1], [0.15273, 51.63711, 82.1], [0.15265, 51.63711, 82.0], [0.15245, 51.63712, 81.9], [0.15207, 51.63712, 81.9], [0.15197, 51.63713, 81.9], [0.15194, 51.63713, 81.9], [0.15178, 51.63714, 81.9], [0.15166, 51.63715, 81.8], [0.15165, 51.63715, 81.8], [0.15132, 51.6372, 81.7], [0.15093, 51.63724, 81.6], [0.15092, 51.63724, 81.6], [0.15073, 51.63725, 81.6], [0.15064, 51.63725, 81.6], [0.15054, 51.63725, 81.6], [0.15035, 51.63723, 81.6], [0.15008, 51.63719, 81.7], [0.1498, 51.63712, 81.7], [0.14968, 51.63709, 81.6], [0.14967, 51.63709, 81.6], [0.14954, 51.63705, 81.5], [0.14931, 51.63699, 81.4], [0.14888, 51.63685, 81.5], [0.14876, 51.63681, 81.6], [0.14864, 51.63677, 81.7], [0.1486, 51.63676, 81.7], [0.1485, 51.63673, 81.8], [0.14849, 51.63672, 81.8], [0.14834, 51.63665, 82.1], [0.14827, 51.63662, 82.1], [0.14823, 51.6366, 82.1], [0.14816, 51.63654, 82.2], [0.1481, 51.63648, 82.4], [0.14808, 51.63644, 82.5], [0.14803, 51.63636, 82.7], [0.14801, 51.6363, 82.9], [0.14798, 51.63615, 83.4], [0.14797, 51.63577, 84.7], [0.14796, 51.63559, 85.1], [0.14794, 51.6354, 85.6], [0.14791, 51.63533, 85.7], [0.14791, 51.63528, 85.8], [0.14791, 51.63522, 86.0], [0.14776, 51.63486, 86.7], [0.14758, 51.6344, 88.1], [0.14751, 51.63424, 88.7], [0.1474, 51.63399, 89.1], [0.14731, 51.63378, 89.2], [0.14729, 51.63373, 89.3], [0.14718, 51.63358, 89.5], [0.14716, 51.63355, 89.6], [0.14712, 51.63352, 89.7], [0.14701, 51.63342, 90.1], [0.14701, 51.63342, 90.1], [0.1469, 51.63345, 90.2], [0.14678, 51.63349, 90.4], [0.14673, 51.6335, 90.5], [0.1466, 51.63351, 90.5], [0.14631, 51.63353, 90.3], [0.14606, 51.63354, 90.1], [0.1456, 51.63355, 90.1], [0.14535, 51.63356, 90.2], [0.14497, 51.63359, 90.3], [0.1445, 51.63363, 91.0], [0.14435, 51.63365, 91.2], [0.14398, 51.63367, 91.5], [0.14392, 51.63368, 91.6], [0.14374, 51.63369, 91.7], [0.14331, 51.63371, 92.0], [0.14309, 51.63372, 92.3], [0.14299, 51.63372, 92.4], [0.14277, 51.63372, 92.7], [0.14261, 51.63373, 92.9], [0.14249, 51.63375, 93.0], [0.14235, 51.63376, 93.2], [0.14223, 51.63378, 93.3], [0.14222, 51.63378, 93.3], [0.14208, 51.6338, 93.5], [0.14199, 51.63382, 93.6], [0.1419, 51.63385, 93.7], [0.14176, 51.63389, 93.9], [0.14166, 51.63393, 94.0], [0.14151, 51.63396, 94.2], [0.14135, 51.63399, 94.5], [0.14114, 51.63401, 94.8], [0.14083, 51.63403, 95.2], [0.14014, 51.63407, 95.9], [0.13993, 51.63406, 96.3], [0.13958, 51.63403, 97.2], [0.13942, 51.63402, 97.6], [0.13935, 51.63401, 97.7], [0.13922, 51.63397, 98.1], [0.13906, 51.63391, 98.5], [0.13904, 51.63388, 98.6], [0.13902, 51.63386, 98.7], [0.13901, 51.63383, 98.7], [0.139, 51.6338, 98.8], [0.13896, 51.63368, 98.9], [0.13895, 51.63365, 99.0], [0.13893, 51.63358, 99.1], [0.13893, 51.63357, 99.1], [0.13891, 51.63317, 98.9], [0.1389, 51.63312, 98.7], [0.13889, 51.63304, 98.5], [0.13886, 51.63293, 98.2], [0.13883, 51.63284, 98.0], [0.13876, 51.63273, 97.7], [0.13865, 51.63255, 97.2], [0.13855, 51.63244, 96.8], [0.1385, 51.63237, 96.5], [0.13848, 51.63235, 96.5], [0.13841, 51.63228, 96.2], [0.13817, 51.63205, 95.2], [0.13807, 51.63196, 94.8], [0.13795, 51.63185, 94.5], [0.13778, 51.63168, 94.0], [0.13769, 51.63158, 93.8], [0.1376, 51.63149, 93.6], [0.13746, 51.63132, 93.2], [0.13742, 51.63126, 93.0], [0.13741, 51.63125, 93.0], [0.1374, 51.63124, 93.0], [0.13733, 51.63112, 92.7], [0.13724, 51.63097, 92.3], [0.13714, 51.63073, 92.0], [0.13713, 51.6307, 92.0], [0.13708, 51.63057, 92.0], [0.13699, 51.63034, 92.0], [0.13695, 51.63023, 92.0], [0.13694, 51.63022, 92.0], [0.13687, 51.63007, 92.0], [0.13685, 51.63003, 92.0], [0.13683, 51.62998, 92.1], [0.13679, 51.62992, 92.4], [0.13676, 51.62986, 92.7], [0.13675, 51.62985, 92.7], [0.1366, 51.62969, 93.2], [0.13653, 51.62963, 93.2], [0.13651, 51.62962, 93.2], [0.13644, 51.62957, 93.1], [0.13637, 51.62953, 93.0], [0.13628, 51.62949, 92.8], [0.13618, 51.62944, 92.5], [0.13608, 51.62941, 92.2], [0.13603, 51.62939, 92.1], [0.13576, 51.62931, 91.1], [0.13569, 51.62929, 90.9], [0.13568, 51.62929, 90.8], [0.13543, 51.62922, 89.9], [0.13541, 51.62921, 89.8], [0.13526, 51.62917, 89.2], [0.13516, 51.62914, 88.9], [0.13489, 51.62907, 88.2], [0.13483, 51.62906, 88.0], [0.13466, 51.62902, 87.7], [0.13462, 51.62901, 87.6], [0.13451, 51.62899, 87.3], [0.13441, 51.62897, 87.1], [0.13429, 51.62894, 86.8], [0.13415, 51.62891, 86.5], [0.13408, 51.62889, 86.3], [0.13407, 51.62888, 86.4], [0.13397, 51.62884, 86.3], [0.13391, 51.62882, 86.2], [0.13389, 51.62881, 86.1], [0.13384, 51.62878, 86.1], [0.13379, 51.62875, 86.1], [0.13374, 51.62871, 86.2], [0.13369, 51.62868, 86.2], [0.13366, 51.62865, 86.3], [0.13363, 51.62863, 86.3], [0.13362, 51.62862, 86.3], [0.13345, 51.62849, 86.5], [0.13335, 51.62842, 86.5], [0.1331, 51.62823, 85.5], [0.13307, 51.6282, 85.4], [0.13303, 51.62818, 85.2], [0.13301, 51.62816, 85.1], [0.133, 51.62815, 85.1], [0.13293, 51.62809, 84.9], [0.13287, 51.62805, 84.7], [0.13284, 51.62803, 84.6], [0.13282, 51.62801, 84.6], [0.13278, 51.62798, 84.5], [0.13275, 51.62796, 84.4], [0.13265, 51.62787, 84.3], [0.13257, 51.62782, 84.1], [0.13247, 51.62775, 84.0], [0.13237, 51.62768, 84.0], [0.13221, 51.62754, 84.3], [0.13212, 51.62745, 84.6], [0.13205, 51.6274, 84.6], [0.132, 51.62735, 84.8], [0.13183, 51.6272, 85.2], [0.13179, 51.62716, 85.4], [0.1317, 51.6271, 85.5], [0.13153, 51.62696, 85.8], [0.13151, 51.62695, 85.7], [0.13133, 51.62683, 85.7], [0.13108, 51.62666, 85.5], [0.13089, 51.62653, 85.3], [0.13085, 51.62651, 85.2], [0.130817, 51.62649, 85.2], [0.1307, 51.6264, 85.2], [0.13041, 51.62621, 85.3], [0.13023, 51.62608, 85.6], [0.13012, 51.62601, 85.8], [0.13011, 51.626, 85.8], [0.13002, 51.62594, 86.1], [0.12972, 51.62573, 85.8], [0.12934, 51.62547, 85.2], [0.12924, 51.6254, 85.1], [0.12914, 51.62533, 85.1], [0.12891, 51.62518, 84.9], [0.12874, 51.62506, 84.9], [0.12872, 51.62505, 84.9], [0.12855, 51.62494, 84.6], [0.12849, 51.6249, 84.4], [0.128457, 51.62489, 84.3], [0.128457, 51.62488, 84.3], [0.12841, 51.62486, 84.1], [0.12828, 51.62479, 83.8], [0.12813, 51.62472, 83.5], [0.128097, 51.6247, 83.5], [0.12808, 51.6247, 83.4], [0.12781, 51.62458, 82.8], [0.12781, 51.62458, 82.8], [0.12776, 51.62456, 82.7], [0.12747, 51.62444, 81.9], [0.12712, 51.62429, 80.8], [0.126847, 51.62418, 79.8], [0.12678, 51.62415, 79.6], [0.12627, 51.62393, 79.2], [0.125818, 51.62376, 79.0], [0.125818, 51.62376, 79.0], [0.125517, 51.62364, 78.7], [0.12543, 51.62361, 78.5], [0.12494, 51.62342, 77.8], [0.12447, 51.62324, 77.1], [0.12442, 51.62322, 77.0], [0.12418, 51.62314, 76.5], [0.12399, 51.62307, 76.4], [0.12391, 51.62304, 76.3], [0.12296, 51.62271, 75.3], [0.12289, 51.62269, 75.2], [0.12282, 51.62266, 75.1], [0.1227, 51.62262, 75.1], [0.12208, 51.6224, 74.9], [0.12196, 51.62236, 74.8], [0.12194, 51.62236, 74.8], [0.12177, 51.62229, 74.7], [0.12163, 51.62225, 74.8], [0.12143, 51.62219, 75.0], [0.12137, 51.62217, 75.1], [0.12118, 51.62211, 75.4], [0.12102, 51.62207, 75.7], [0.12064, 51.62196, 76.2], [0.12058, 51.62195, 76.2], [0.12047, 51.62191, 76.3], [0.12036, 51.62188, 76.4], [0.1203, 51.62186, 76.5], [0.12028, 51.62185, 76.5], [0.12015, 51.6218, 76.7], [0.12004, 51.62176, 76.8], [0.11991, 51.62171, 77.2], [0.11968, 51.62162, 77.8], [0.11964, 51.6216, 77.9], [0.11951, 51.62157, 78.2], [0.11932, 51.62152, 78.7], [0.11929, 51.62151, 78.7], [0.11898, 51.62142, 79.2], [0.11866, 51.62132, 79.4], [0.1186, 51.6213, 79.4], [0.11833, 51.62122, 79.5], [0.11831, 51.62121, 79.5], [0.11779, 51.62106, 79.9], [0.11769, 51.62103, 80.0], [0.11734, 51.6209, 80.3], [0.11709, 51.62081, 80.5], [0.11683, 51.62072, 80.8], [0.11679, 51.6207, 80.9], [0.11654, 51.62059, 80.9], [0.11632, 51.6205, 80.9], [0.11628, 51.62049, 80.9], [0.11592, 51.62033, 81.2], [0.1158, 51.62027, 81.4], [0.11562, 51.62018, 81.6], [0.11558, 51.62016, 81.6], [0.11555, 51.62015, 81.6], [0.11552, 51.62014, 81.7], [0.11547, 51.62014, 81.7], [0.11529, 51.62009, 81.8], [0.11509, 51.62004, 81.9], [0.11507, 51.62004, 81.9], [0.11479, 51.61997, 81.8], [0.11464, 51.61994, 81.6], [0.11454, 51.61992, 81.5], [0.11453, 51.61991, 81.5], [0.11437, 51.61987, 81.4], [0.11421, 51.61982, 81.3], [0.11419, 51.61981, 81.3], [0.11393, 51.61974, 81.2], [0.1138, 51.61969, 81.2], [0.1135, 51.61959, 81.1], [0.11335, 51.61954, 81.0], [0.11286, 51.61938, 80.9], [0.11276, 51.61935, 80.8], [0.11228, 51.6192, 80.9], [0.11196, 51.61909, 81.0], [0.11171, 51.61901, 81.0], [0.11145, 51.61893, 80.8], [0.11139, 51.61891, 80.8], [0.11055, 51.61864, 80.5], [0.11045, 51.61861, 80.5], [0.11033, 51.61857, 80.5], [0.10924, 51.61824, 81.8], [0.10922, 51.61823, 81.8], [0.10906, 51.61819, 81.9], [0.10892, 51.61815, 82.0], [0.10856, 51.61807, 82.2], [0.10852, 51.61806, 82.2], [0.10821, 51.618, 82.4], [0.10797, 51.61795, 82.7], [0.10764, 51.61789, 83.2], [0.10754, 51.61787, 83.4], [0.10747, 51.61785, 83.5], [0.1071, 51.61779, 84.1], [0.10652, 51.6177, 85.2], [0.10601, 51.61761, 85.8], [0.10554, 51.61753, 86.0], [0.10515, 51.61747, 86.0], [0.10459, 51.61739, 86.6], [0.10419, 51.61732, 87.2], [0.10394, 51.61727, 87.3], [0.10334, 51.61717, 87.4], [0.10327, 51.61716, 87.5], [0.1029, 51.61709, 87.8], [0.10232, 51.61697, 88.1], [0.10205, 51.61691, 88.2], [0.10174, 51.61686, 88.2], [0.10162, 51.61682, 88.1], [0.10149, 51.61679, 87.9], [0.10131, 51.61674, 87.7], [0.10091, 51.61662, 86.6], [0.10026, 51.61645, 84.6], [0.09995, 51.61636, 83.3], [0.09974, 51.6163, 82.7], [0.09961, 51.61623, 82.0], [0.09948, 51.61617, 81.4], [0.09948, 51.61617, 81.4], [0.09933, 51.61634, 83.4], [0.09907, 51.61651, 85.3], [0.09907, 51.61651, 85.3], [0.09902, 51.61655, 85.8], [0.09882, 51.61669, 86.9], [0.09858, 51.61687, 86.4], [0.09843, 51.61697, 86.0], [0.09837, 51.61701, 85.8], [0.09833, 51.61704, 85.6], [0.09824, 51.61711, 85.1], [0.0982, 51.61714, 84.8], [0.09812, 51.61719, 84.3], [0.09795, 51.61731, 83.3], [0.09774, 51.61747, 82.0], [0.0977, 51.61749, 81.8], [0.09752, 51.61763, 80.4], [0.09712, 51.61793, 77.6], [0.09699, 51.61804, 76.6], [0.09697, 51.61806, 76.4], [0.09676, 51.61825, 74.7], [0.09669, 51.61832, 74.1], [0.09666, 51.61835, 73.9], [0.09666, 51.61836, 73.8], [0.09661, 51.61842, 73.3], [0.09653, 51.61851, 72.4], [0.09627, 51.61884, 69.5], [0.09622, 51.61888, 69.1], [0.09613, 51.61898, 68.2], [0.09611, 51.619, 68.0], [0.09608, 51.61902, 67.8], [0.09603, 51.61905, 67.4], [0.09597, 51.61907, 67.1], [0.09591, 51.61909, 66.7], [0.09589, 51.61909, 66.7], [0.09585, 51.6191, 66.5], [0.09576, 51.61909, 66.2], [0.09569, 51.61909, 65.9], [0.09562, 51.61908, 65.8], [0.09534, 51.61901, 65.2], [0.09515, 51.61896, 64.8], [0.09501, 51.61892, 64.5], [0.09489, 51.6189, 64.2], [0.0948, 51.61889, 63.9], [0.09472, 51.61889, 63.5], [0.09461, 51.61889, 63.1], [0.09451, 51.61891, 62.6], [0.09442, 51.61892, 62.2], [0.09429, 51.61895, 61.5], [0.09428, 51.61895, 61.5], [0.09417, 51.61899, 60.9], [0.09402, 51.61905, 60.2], [0.09381, 51.61913, 59.3], [0.09359, 51.61924, 58.5], [0.09342, 51.61935, 58.0], [0.09341, 51.61935, 58.0], [0.09341, 51.61936, 58.0], [0.09319, 51.61949, 57.3], [0.09318, 51.6195, 57.3], [0.09311, 51.61954, 57.1], [0.0929, 51.61967, 56.7], [0.09273, 51.61976, 56.4], [0.09257, 51.61985, 56.1], [0.09254, 51.61987, 56.1], [0.0924, 51.61994, 56.0], [0.09232, 51.61998, 56.0], [0.09205, 51.62012, 56.1], [0.09173, 51.62028, 56.3], [0.09166, 51.62031, 56.3], [0.09098, 51.62063, 54.3], [0.09094, 51.62065, 54.2], [0.09088, 51.62067, 54.0], [0.09073, 51.62074, 53.6], [0.09072, 51.62075, 53.6], [0.09064, 51.62078, 53.5], [0.09049, 51.62085, 53.1], [0.09048, 51.62085, 53.1], [0.09048, 51.62086, 53.1], [0.0903, 51.62094, 52.4], [0.08996, 51.62111, 51.3], [0.08983, 51.62117, 50.9], [0.08938, 51.62139, 49.7], [0.08933, 51.62141, 49.6], [0.08924, 51.62146, 49.4], [0.08906, 51.62155, 49.0], [0.08894, 51.62161, 48.8], [0.08889, 51.62164, 48.7], [0.08879, 51.62168, 48.5], [0.08872, 51.62172, 48.4], [0.08865, 51.62175, 48.3], [0.08848, 51.62182, 48.0], [0.08839, 51.62185, 47.8], [0.08833, 51.62188, 47.7], [0.08818, 51.62191, 47.6], [0.08799, 51.62195, 47.5], [0.08793, 51.62197, 47.5], [0.08789, 51.62198, 47.5], [0.08787, 51.62198, 47.5], [0.08772, 51.62202, 47.5], [0.08741, 51.6221, 47.5], [0.0871, 51.62219, 47.4], [0.08695, 51.62223, 47.5], [0.08682, 51.62226, 47.5], [0.0867, 51.62229, 47.5], [0.08656, 51.62232, 47.6], [0.08632, 51.62237, 48.0], [0.086, 51.62244, 48.5], [0.08594, 51.62245, 48.6], [0.08583, 51.62248, 48.9], [0.0857, 51.62251, 49.2], [0.08562, 51.62254, 49.5], [0.08552, 51.62258, 49.9], [0.08543, 51.62262, 50.3], [0.08535, 51.62268, 50.8], [0.08523, 51.6228, 51.6], [0.08511, 51.62295, 52.6], [0.08505, 51.62306, 53.3], [0.08501, 51.62317, 54.0], [0.08497, 51.62331, 54.8], [0.08495, 51.62345, 55.5], [0.08495, 51.62356, 56.1], [0.08494, 51.62371, 56.8], [0.08492, 51.6238, 57.3], [0.08489, 51.62389, 57.7], [0.08482, 51.62403, 58.5], [0.08469, 51.62421, 59.6], [0.08464, 51.62428, 60.1], [0.08459, 51.62434, 60.5], [0.08454, 51.62441, 61.0], [0.08447, 51.62448, 61.4], [0.08442, 51.62453, 61.7], [0.08437, 51.62458, 62.0], [0.08412, 51.62481, 63.1], [0.08409, 51.62483, 63.2], [0.08399, 51.62492, 63.6], [0.08388, 51.62502, 64.0], [0.08382, 51.62507, 64.2], [0.08344, 51.62538, 64.9], [0.08333, 51.62546, 65.1], [0.08329, 51.62549, 65.1], [0.08303, 51.62569, 65.3], [0.08295, 51.62574, 65.3], [0.08291, 51.62576, 65.3], [0.08287, 51.62578, 65.3], [0.08282, 51.6258, 65.3], [0.08279, 51.62581, 65.3], [0.08276, 51.62582, 65.3], [0.08273, 51.62583, 65.3], [0.08271, 51.62584, 65.3], [0.0827, 51.62585, 65.3], [0.08268, 51.62587, 65.3], [0.08268, 51.62587, 65.3], [0.08268, 51.62586, 65.2], [0.08267, 51.62586, 65.2], [0.08266, 51.62586, 65.2], [0.08266, 51.62585, 65.2], [0.08265, 51.62585, 65.2], [0.08264, 51.62585, 65.2], [0.08263, 51.62585, 65.2], [0.08262, 51.62585, 65.2], [0.08261, 51.62585, 65.1], [0.0826, 51.62585, 65.1], [0.08259, 51.62585, 65.1], [0.08259, 51.62586, 65.1], [0.08258, 51.62586, 65.1], [0.08256, 51.62583, 65.1], [0.08249, 51.62577, 64.8], [0.0824, 51.6257, 64.7], [0.08231, 51.62563, 64.5], [0.08212, 51.62548, 64.2], [0.08212, 51.62548, 64.2], [0.08209, 51.62546, 64.1], [0.08202, 51.6254, 64.0], [0.08193, 51.62533, 63.8], [0.08179, 51.62522, 63.5], [0.08168, 51.62513, 63.3], [0.08149, 51.62498, 62.9], [0.08146, 51.62495, 62.7], [0.08132, 51.62484, 62.1], [0.08123, 51.62478, 61.8], [0.08115, 51.62471, 61.5], [0.0811, 51.62467, 61.3], [0.08098, 51.62458, 60.9], [0.08093, 51.62455, 60.8], [0.08086, 51.6245, 60.6], [0.08086, 51.6245, 60.6], [0.08018, 51.62485, 62.3], [0.07996, 51.62497, 62.8], [0.07958, 51.62516, 62.1], [0.07951, 51.6252, 62.0], [0.07916, 51.62536, 61.4], [0.07889, 51.62549, 61.1], [0.07882, 51.62552, 61.1], [0.07833, 51.62573, 60.7], [0.07829, 51.62574, 60.7], [0.07798, 51.62587, 60.6], [0.07784, 51.62593, 60.6], [0.07773, 51.62599, 60.6], [0.07766, 51.62604, 60.6], [0.07763, 51.62606, 60.7], [0.07753, 51.62612, 60.7], [0.07745, 51.62616, 60.7], [0.07737, 51.62621, 60.8], [0.07701, 51.62639, 61.1], [0.07686, 51.62647, 61.3], [0.07679, 51.62651, 61.5], [0.07678, 51.62651, 61.5], [0.07658, 51.62664, 61.7], [0.07641, 51.62673, 61.2], [0.07636, 51.62675, 61.0], [0.07629, 51.62679, 60.7], [0.07622, 51.62682, 60.5], [0.07622, 51.62682, 60.5], [0.07613, 51.62685, 60.2], [0.07602, 51.62688, 59.9], [0.07593, 51.62691, 59.6], [0.07582, 51.62693, 59.4], [0.07571, 51.62694, 59.2], [0.07559, 51.62694, 59.1], [0.07547, 51.62694, 59.1], [0.0753, 51.62694, 58.9], [0.07529, 51.62694, 58.9], [0.07509, 51.62694, 58.7], [0.07498, 51.62694, 58.6], [0.07475, 51.62696, 57.7], [0.07427, 51.627, 56.0], [0.07296, 51.62713, 52.5], [0.07254, 51.62717, 51.5], [0.07248, 51.62717, 51.3], [0.07204, 51.62721, 50.2], [0.07136, 51.62728, 47.9], [0.07115, 51.6273, 46.9], [0.07094, 51.62732, 45.9], [0.07072, 51.62734, 45.0], [0.07053, 51.62735, 44.3], [0.07038, 51.62736, 43.8], [0.07022, 51.62737, 43.2], [0.07002, 51.6274, 42.4], [0.06984, 51.62743, 41.6], [0.06947, 51.6275, 40.1], [0.06946, 51.6275, 40.1], [0.06923, 51.62754, 38.9], [0.0692, 51.62755, 38.7], [0.06918, 51.62755, 38.6], [0.0689, 51.62759, 37.3], [0.06874, 51.62761, 36.5], [0.06846, 51.62764, 35.3], [0.06835, 51.62765, 34.8], [0.06823, 51.62764, 34.4], [0.06812, 51.62764, 34.0], [0.06804, 51.62762, 33.8], [0.06802, 51.62762, 33.7], [0.06793, 51.6276, 33.5], [0.06783, 51.62757, 33.2], [0.06779, 51.62755, 33.1], [0.06777, 51.62755, 33.0], [0.06772, 51.62752, 33.0], [0.06765, 51.62749, 32.7], [0.06759, 51.62745, 32.5], [0.06754, 51.62741, 32.3], [0.06748, 51.62736, 32.1], [0.06739, 51.62726, 31.8], [0.06706, 51.6268, 31.2], [0.06703, 51.62676, 31.1], [0.06702, 51.62674, 31.1], [0.06637, 51.62586, 30.9], [0.06632, 51.62579, 30.8], [0.06601, 51.62539, 29.7], [0.06601, 51.62539, 29.7], [0.06587, 51.62546, 29.2], [0.06581, 51.62549, 29.1], [0.06581, 51.62549, 29.1], [0.06566, 51.62557, 28.6], [0.06543, 51.62568, 27.9], [0.0653, 51.62573, 27.6], [0.065268, 51.62575, 27.5], [0.06524, 51.62576, 27.4], [0.06515, 51.6258, 27.2], [0.06504, 51.62585, 27.1], [0.065018, 51.62585, 27.1], [0.06481, 51.62593, 27.0], [0.06474, 51.62596, 26.9], [0.06457, 51.62601, 26.8], [0.06449, 51.62604, 26.8], [0.06433, 51.62609, 26.7], [0.06415, 51.62615, 26.6], [0.06413, 51.62615, 26.6], [0.06397, 51.62619, 26.5], [0.06376, 51.62625, 26.3], [0.06364, 51.62628, 26.1], [0.063547, 51.62629, 26.0], [0.06332, 51.62634, 25.8], [0.06311, 51.62638, 25.6], [0.0629, 51.62642, 25.4], [0.06271, 51.62645, 25.2], [0.0625, 51.62648, 24.9], [0.06228, 51.62651, 24.5], [0.0621, 51.62654, 24.2], [0.06202, 51.62655, 24.1], [0.06189, 51.62657, 23.8], [0.06109, 51.62669, 21.5], [0.06092, 51.62672, 21.0], [0.06081, 51.62673, 20.7], [0.06062, 51.62676, 20.2], [0.05999, 51.62686, 18.5], [0.05969, 51.6269, 17.8], [0.05963, 51.62691, 17.7], [0.05948, 51.62693, 17.3], [0.05936, 51.62695, 17.1], [0.05929, 51.62695, 17.1], [0.05925, 51.62695, 17.0], [0.05911, 51.62696, 16.9], [0.05841, 51.627, 16.3], [0.05796, 51.62703, 15.9], [0.05776, 51.62704, 15.9], [0.05767, 51.62704, 15.9], [0.05727, 51.62707, 16.0], [0.05678, 51.6271, 16.0], [0.05657, 51.62712, 16.2], [0.05628, 51.62714, 16.6], [0.05623, 51.62715, 16.7], [0.05585, 51.62718, 17.2], [0.05555, 51.6272, 17.6], [0.05541, 51.62721, 17.8], [0.05526, 51.62723, 18.0], [0.05518, 51.62723, 18.1], [0.05486, 51.62726, 18.7], [0.0548, 51.62726, 18.7], [0.05465, 51.62727, 19.0], [0.05442, 51.62728, 19.4], [0.0542, 51.62729, 19.7], [0.05411, 51.6273, 19.8], [0.05394, 51.6273, 20.0], [0.05374, 51.62731, 20.3], [0.05335, 51.62733, 20.8], [0.05289, 51.62734, 22.8], [0.05288, 51.62734, 22.9], [0.05248, 51.62735, 24.7], [0.052, 51.62736, 26.5], [0.05196, 51.62736, 26.6], [0.05176, 51.62736, 27.3], [0.05162, 51.62736, 27.8], [0.05148, 51.62736, 28.3], [0.05129, 51.62735, 28.9], [0.05117, 51.62735, 29.3], [0.05101, 51.62734, 29.8], [0.05085, 51.62733, 30.3], [0.05076, 51.62732, 30.5], [0.05066, 51.62731, 30.7], [0.0499, 51.62724, 32.3], [0.04962, 51.62721, 32.7], [0.04928, 51.62718, 33.4], [0.04875, 51.62716, 34.2], [0.04859, 51.62715, 34.5], [0.04859, 51.62715, 34.5], [0.04818, 51.62713, 35.4], [0.04767, 51.6271, 37.3], [0.04735, 51.62708, 38.2], [0.04731, 51.62708, 38.4], [0.04728, 51.62708, 38.4], [0.04724, 51.62708, 38.6], [0.04714, 51.62709, 38.9], [0.047, 51.62709, 39.3], [0.04621, 51.62712, 41.7], [0.04616, 51.62712, 41.9], [0.04612, 51.62712, 42.0], [0.04606, 51.62712, 42.2], [0.04591, 51.62711, 42.7], [0.04566, 51.62709, 43.6], [0.04493, 51.62704, 46.4], [0.04392, 51.62696, 50.3], [0.04375, 51.62695, 50.8], [0.04363, 51.62694, 51.2], [0.04355, 51.62694, 51.4], [0.04344, 51.62694, 51.7], [0.04336, 51.62694, 52.0], [0.04326, 51.62695, 52.3], [0.04319, 51.62696, 52.5], [0.04314, 51.62697, 52.6], [0.04299, 51.62699, 53.1], [0.04284, 51.62702, 53.5], [0.04268, 51.62704, 54.0], [0.0425, 51.62706, 54.6], [0.04236, 51.62708, 55.1], [0.04223, 51.62709, 55.6], [0.0421, 51.6271, 56.1], [0.04206, 51.62711, 56.2], [0.04192, 51.62712, 56.7], [0.0412, 51.62715, 59.4], [0.04118, 51.62715, 59.4], [0.04115, 51.62715, 59.5], [0.04111, 51.62715, 59.7], [0.04094, 51.62716, 60.2], [0.04077, 51.62717, 60.8], [0.04059, 51.62718, 61.4], [0.04044, 51.62718, 62.0], [0.04037, 51.62719, 62.2], [0.04025, 51.62719, 62.6], [0.04015, 51.6272, 62.9], [0.04004, 51.6272, 63.3], [0.03965, 51.62722, 64.5], [0.03944, 51.62722, 65.1], [0.03933, 51.62722, 65.5], [0.03903, 51.62721, 66.4], [0.03895, 51.62721, 66.6], [0.03865, 51.62721, 67.3], [0.03859, 51.62721, 67.4], [0.03859, 51.6272, 67.5], [0.03858, 51.6272, 67.5], [0.03858, 51.62719, 67.5], [0.03857, 51.62719, 67.5], [0.03856, 51.62719, 67.6], [0.03855, 51.62719, 67.6], [0.03854, 51.62719, 67.6], [0.03853, 51.62719, 67.6], [0.03852, 51.62719, 67.7], [0.03852, 51.6272, 67.6], [0.03851, 51.6272, 67.7], [0.03851, 51.62721, 67.6], [0.03842, 51.62721, 67.8], [0.03788, 51.62718, 69.8], [0.03783, 51.62718, 70.0], [0.03716, 51.62714, 72.1], [0.03676, 51.62712, 73.1], [0.03652, 51.62711, 73.9], [0.0357, 51.62707, 76.9], [0.03555, 51.62706, 77.4], [0.03482, 51.62703, 79.7], [0.03421, 51.627, 81.5], [0.03382, 51.62698, 82.4], [0.03374, 51.62698, 82.5], [0.03364, 51.62697, 82.7], [0.03344, 51.62696, 83.1], [0.03333, 51.62695, 83.3], [0.03319, 51.62695, 83.0], [0.03315, 51.62695, 82.9], [0.03312, 51.62695, 82.8], [0.03309, 51.62696, 82.8], [0.03306, 51.62696, 82.7], [0.03306, 51.62696, 82.7], [0.03305, 51.62696, 82.7], [0.03304, 51.62696, 82.6], [0.03304, 51.62695, 82.6], [0.03303, 51.62695, 82.6], [0.03302, 51.62695, 82.6], [0.03301, 51.62695, 82.6], [0.033, 51.62695, 82.5], [0.033, 51.62696, 82.6], [0.03299, 51.62696, 82.5], [0.03296, 51.62692, 82.4], [0.03297, 51.62692, 82.4], [0.03297, 51.62691, 82.4], [0.03298, 51.62691, 82.4], [0.03299, 51.62691, 82.5], [0.03299, 51.6269, 82.5], [0.03299, 51.62689, 82.4], [0.03299, 51.62688, 82.4], [0.03299, 51.62687, 82.4], [0.03298, 51.62687, 82.4], [0.03298, 51.62686, 82.4], [0.03297, 51.62686, 82.4], [0.03296, 51.62686, 82.3], [0.03296, 51.62685, 82.3], [0.03295, 51.62685, 82.3], [0.03294, 51.62685, 82.3], [0.03293, 51.62685, 82.3], [0.03292, 51.62685, 82.2], [0.03262, 51.62646, 81.5], [0.032488, 51.62632, 81.4], [0.03229, 51.6261, 81.4], [0.03216, 51.62593, 81.5], [0.03196, 51.62565, 81.7], [0.03194, 51.62563, 81.7], [0.031759, 51.62537, 82.2], [0.03155, 51.62509, 82.4], [0.03143, 51.62493, 82.1], [0.031399, 51.62488, 81.9], [0.03123, 51.62464, 81.2], [0.03113, 51.62449, 80.9], [0.0311, 51.62444, 80.7], [0.03094, 51.62421, 80.3], [0.03079, 51.62398, 80.2], [0.03071, 51.62386, 80.3], [0.03063, 51.62375, 80.4], [0.03052, 51.62356, 80.6], [0.03034, 51.62328, 81.0], [0.03028, 51.62317, 80.9], [0.03016, 51.62295, 80.9], [0.02999, 51.62266, 81.0], [0.02994, 51.62258, 80.9], [0.02989, 51.62252, 80.9], [0.02985, 51.62247, 80.7], [0.0298, 51.62241, 80.4], [0.0297, 51.62232, 80.0], [0.02948, 51.62211, 79.4], [0.02941, 51.62205, 79.3], [0.02931, 51.62195, 79.2], [0.02928, 51.62192, 79.2], [0.0292, 51.62185, 79.2], [0.0292, 51.62185, 79.2], [0.02914, 51.6218, 79.2], [0.02897, 51.62164, 79.1], [0.02895, 51.62162, 79.0], [0.02859, 51.62129, 77.4], [0.02843, 51.62114, 76.7], [0.0283, 51.62102, 76.1], [0.0283, 51.62097, 75.8], [0.02826, 51.62092, 75.5], [0.02819, 51.62086, 75.2], [0.02807, 51.62077, 74.6], [0.02798, 51.62071, 74.3], [0.0279, 51.62066, 74.1], [0.0278, 51.62061, 73.8], [0.0278, 51.62061, 73.8], [0.02779, 51.62057, 73.6], [0.02779, 51.62051, 73.3], [0.02778, 51.62046, 73.1], [0.02769, 51.62024, 72.0], [0.02769, 51.62023, 71.9], [0.02765, 51.62014, 71.5], [0.02762, 51.62007, 71.2], [0.02756, 51.61993, 70.7], [0.02749, 51.61976, 70.2], [0.02743, 51.61964, 69.9], [0.0274, 51.61956, 69.7], [0.02737, 51.61951, 69.6], [0.02725, 51.61926, 69.2], [0.02722, 51.61921, 69.1], [0.02718, 51.61914, 69.1], [0.0271, 51.61897, 69.2], [0.02701, 51.6188, 69.3], [0.02688, 51.61855, 69.5], [0.0268, 51.61839, 69.6], [0.02673, 51.61826, 69.9], [0.02665, 51.61812, 70.3], [0.02649, 51.61781, 70.9], [0.02638, 51.61759, 71.5], [0.02634, 51.61752, 71.7], [0.02625, 51.61737, 72.2], [0.0261, 51.61709, 72.9], [0.02597, 51.61685, 73.5], [0.02592, 51.61675, 73.7], [0.02578, 51.61647, 74.1], [0.02567, 51.61625, 74.2], [0.0256, 51.61607, 74.3], [0.02558, 51.61603, 74.3], [0.02549, 51.61581, 74.4], [0.02543, 51.61568, 74.6], [0.02531, 51.6154, 75.0], [0.02516, 51.61502, 75.6], [0.02515, 51.61499, 75.6], [0.02509, 51.61484, 75.6], [0.02502, 51.61467, 75.6], [0.02497, 51.61454, 75.5], [0.02489, 51.61448, 75.4], [0.02485, 51.61441, 75.3], [0.02483, 51.61434, 75.3], [0.02478, 51.61422, 75.1], [0.02477, 51.61419, 75.0], [0.0247, 51.61404, 74.3], [0.02466, 51.61397, 73.9], [0.02462, 51.61388, 73.4], [0.02455, 51.61375, 72.8], [0.02448, 51.61364, 72.4], [0.02419, 51.61318, 71.7], [0.02413, 51.61308, 71.8], [0.024, 51.61285, 71.8], [0.02401, 51.61285, 71.8], [0.02401, 51.61284, 71.8], [0.02402, 51.61284, 71.8], [0.02403, 51.61284, 71.7], [0.02403, 51.61283, 71.7], [0.02404, 51.61283, 71.7], [0.02404, 51.61282, 71.7], [0.02404, 51.61281, 71.7], [0.02404, 51.6128, 71.7], [0.02404, 51.61279, 71.7], [0.02403, 51.61279, 71.7], [0.02403, 51.61278, 71.7], [0.02402, 51.61278, 71.7], [0.02401, 51.61278, 71.7], [0.02401, 51.61277, 71.7], [0.024, 51.61277, 71.7], [0.02399, 51.61277, 71.7], [0.02398, 51.61277, 71.8], [0.02397, 51.61277, 71.8], [0.02396, 51.61277, 71.8], [0.02395, 51.61277, 71.8], [0.02377, 51.61249, 71.9], [0.02369, 51.61236, 71.7], [0.02361, 51.61224, 71.5], [0.02356, 51.61215, 71.3], [0.02352, 51.6121, 71.2], [0.02343, 51.61196, 70.9], [0.02337, 51.61186, 70.6], [0.02326, 51.61171, 70.1], [0.02319, 51.61161, 69.6], [0.02315, 51.61155, 69.4], [0.02309, 51.61147, 69.1], [0.02308, 51.61145, 69.1], [0.0229, 51.61122, 68.4], [0.02278, 51.61108, 68.2], [0.02237, 51.61057, 67.5], [0.02228, 51.61046, 67.2], [0.02226, 51.61043, 67.2], [0.0222, 51.61035, 67.0], [0.02207, 51.6102, 66.6], [0.02194, 51.61001, 66.0], [0.02164, 51.60959, 66.0], [0.02157, 51.60951, 65.9], [0.02151, 51.60943, 65.8], [0.02146, 51.60934, 65.8], [0.02138, 51.60922, 65.7], [0.02131, 51.60913, 65.5], [0.02126, 51.60906, 65.4], [0.02114, 51.60887, 65.3], [0.02104, 51.60872, 65.4], [0.02094, 51.60855, 65.6], [0.02074, 51.60826, 66.1], [0.02064, 51.60814, 66.1], [0.02057, 51.60804, 66.0], [0.02044, 51.60788, 66.1], [0.02043, 51.60777, 65.9], [0.02043, 51.60775, 65.9], [0.02042, 51.60774, 65.9], [0.0202, 51.60744, 66.0], [0.02014, 51.60737, 65.9], [0.02003, 51.60723, 65.6], [0.01989, 51.60707, 64.9], [0.01962, 51.60692, 64.4], [0.01943, 51.60676, 64.0], [0.01928, 51.60663, 63.7], [0.01923, 51.60659, 63.6], [0.01914, 51.60652, 63.3], [0.01906, 51.60644, 62.9], [0.01901, 51.60638, 62.7], [0.01898, 51.60634, 62.5], [0.01897, 51.60626, 62.2], [0.01872, 51.60577, 60.7], [0.0187, 51.60571, 60.9], [0.01869, 51.60563, 61.1], [0.01869, 51.60555, 61.3], [0.01868, 51.60548, 61.5], [0.01871, 51.60499, 62.7], [0.01874, 51.60493, 62.6], [0.01876, 51.60488, 62.5], [0.01877, 51.60482, 62.5], [0.01878, 51.60476, 62.5], [0.01878, 51.60476, 62.5], [0.01878, 51.60475, 62.5], [0.01879, 51.60471, 62.5], [0.01879, 51.60467, 62.5], [0.01879, 51.60456, 62.6], [0.01883, 51.60441, 62.5], [0.01888, 51.60423, 62.3], [0.01889, 51.60418, 62.3], [0.01896, 51.60395, 61.3], [0.01902, 51.60373, 60.5], [0.01903, 51.60371, 60.4], [0.01906, 51.60355, 59.8], [0.01907, 51.60347, 59.6], [0.0191, 51.60336, 59.2], [0.01912, 51.60329, 59.0], [0.01917, 51.60305, 58.0], [0.01918, 51.60301, 57.8], [0.01924, 51.60284, 57.0], [0.01924, 51.60283, 57.0], [0.01927, 51.60268, 56.4], [0.01928, 51.60266, 56.3], [0.01929, 51.60264, 56.2], [0.01929, 51.60259, 56.0], [0.01931, 51.60248, 55.6], [0.01931, 51.60246, 55.5], [0.01932, 51.60239, 55.2], [0.01932, 51.60225, 54.7], [0.01932, 51.60209, 54.2], [0.01932, 51.60201, 53.9], [0.01932, 51.60172, 52.8], [0.01933, 51.60171, 52.8], [0.01933, 51.60162, 52.5], [0.01934, 51.60158, 52.4], [0.01934, 51.60153, 52.4], [0.01938, 51.60134, 51.9], [0.01946, 51.60113, 51.2], [0.01947, 51.60109, 51.1], [0.01954, 51.60087, 50.3], [0.01956, 51.60084, 50.1], [0.01976, 51.60048, 51.0], [0.01982, 51.60037, 51.4], [0.01983, 51.60035, 51.5], [0.01999, 51.60008, 52.5], [0.0201, 51.5999, 52.9], [0.02014, 51.59982, 52.9], [0.02024, 51.59966, 52.9], [0.02035, 51.59944, 53.1], [0.0204, 51.59934, 53.2], [0.02048, 51.59916, 53.4], [0.02053, 51.59905, 53.4], [0.02058, 51.59894, 53.4], [0.02064, 51.59888, 53.3], [0.02068, 51.59879, 53.3], [0.02071, 51.59871, 53.2], [0.02082, 51.59845, 53.0], [0.02091, 51.59824, 52.7], [0.02096, 51.59811, 52.6], [0.02102, 51.59796, 52.4], [0.02107, 51.59787, 52.3], [0.02114, 51.5977, 52.2], [0.02121, 51.59755, 52.1], [0.0213, 51.59734, 51.7], [0.02138, 51.59714, 51.3], [0.02143, 51.59704, 51.0], [0.02146, 51.59699, 50.9], [0.02153, 51.59689, 50.6], [0.02159, 51.59678, 50.3], [0.02162, 51.59673, 50.2], [0.02163, 51.5967, 50.1], [0.02164, 51.59668, 50.1], [0.02168, 51.59658, 49.6], [0.02171, 51.59648, 49.2], [0.02174, 51.59632, 48.5], [0.02176, 51.59624, 48.3], [0.02177, 51.59622, 48.2], [0.02182, 51.59612, 47.9], [0.02188, 51.59601, 47.7], [0.02194, 51.59588, 47.3], [0.02199, 51.59577, 47.0], [0.02201, 51.59571, 46.9], [0.02202, 51.59566, 46.8], [0.02207, 51.59556, 46.5], [0.02213, 51.59546, 46.3], [0.02216, 51.59536, 46.4], [0.02222, 51.59521, 46.4], [0.02222, 51.5952, 46.4], [0.02226, 51.59512, 46.4], [0.02229, 51.59503, 46.5], [0.0223, 51.59492, 46.4], [0.0223, 51.59477, 46.2], [0.0223, 51.59475, 46.2], [0.02231, 51.59464, 46.0], [0.02231, 51.59456, 45.9], [0.02229, 51.59445, 45.8], [0.02229, 51.59442, 45.8], [0.0223, 51.59434, 45.7], [0.02236, 51.59395, 45.0], [0.02238, 51.59382, 44.8], [0.02239, 51.5937, 44.6], [0.0224, 51.59365, 44.5], [0.02241, 51.59356, 44.4], [0.02242, 51.59343, 44.2], [0.02243, 51.59336, 44.1], [0.02244, 51.59328, 43.9], [0.02244, 51.59305, 43.4], [0.02244, 51.59261, 42.3], [0.02245, 51.59258, 42.3], [0.02245, 51.59256, 42.2], [0.02246, 51.59248, 42.0], [0.02247, 51.59236, 42.0], [0.02249, 51.59207, 42.0], [0.02251, 51.59193, 42.0], [0.02251, 51.59186, 42.0], [0.0225, 51.59175, 42.0], [0.02247, 51.59145, 41.3], [0.02246, 51.59135, 40.9], [0.02246, 51.59133, 40.9], [0.02246, 51.59131, 40.8], [0.02245, 51.59127, 40.7], [0.02239, 51.59095, 39.6], [0.02235, 51.59076, 39.0], [0.0223, 51.59051, 38.5], [0.02225, 51.59026, 37.9], [0.02225, 51.59024, 37.9], [0.02225, 51.59022, 37.8], [0.02224, 51.59019, 37.8], [0.0222, 51.58999, 37.4], [0.02216, 51.58979, 37.3], [0.02214, 51.58967, 37.3], [0.02212, 51.58958, 37.2], [0.02212, 51.58956, 37.2], [0.02208, 51.5894, 37.1], [0.02206, 51.58929, 37.1], [0.02205, 51.58925, 37.1], [0.02203, 51.58918, 37.0], [0.02201, 51.58911, 36.9], [0.02199, 51.58903, 36.8], [0.02197, 51.58896, 36.8], [0.02193, 51.58885, 36.6], [0.02192, 51.5888, 36.6], [0.02186, 51.58862, 36.3], [0.02185, 51.58861, 36.3], [0.02177, 51.58838, 36.1], [0.02158, 51.58784, 35.5], [0.02152, 51.58767, 35.4], [0.02145, 51.58748, 35.2], [0.02144, 51.58743, 35.2], [0.0214, 51.58728, 35.0], [0.02137, 51.58719, 34.9], [0.02137, 51.58718, 34.8], [0.02135, 51.58712, 34.8], [0.02135, 51.58708, 34.7], [0.02134, 51.58706, 34.7], [0.02132, 51.58697, 34.5], [0.02129, 51.5868, 34.2], [0.02122, 51.58649, 33.8], [0.02116, 51.5863, 33.6], [0.02109, 51.58605, 33.3], [0.02104, 51.5859, 33.1], [0.021, 51.5858, 33.0], [0.02096, 51.58569, 33.0], [0.0209, 51.58553, 33.0], [0.02086, 51.58543, 33.0], [0.02075, 51.58516, 33.0], [0.02073, 51.58509, 33.0], [0.02062, 51.58479, 32.9], [0.02056, 51.58463, 32.8], [0.02055, 51.58461, 32.9], [0.0205, 51.58448, 32.9], [0.02041, 51.58417, 33.0], [0.02034, 51.58393, 32.0], [0.02032, 51.5838, 31.4], [0.0203, 51.58372, 31.0], [0.02027, 51.58356, 30.2], [0.02026, 51.58351, 29.9], [0.02025, 51.58344, 29.6], [0.02024, 51.5834, 29.4], [0.02023, 51.58335, 29.1], [0.02022, 51.58326, 29.1], [0.02022, 51.58313, 29.4], [0.02023, 51.58303, 29.5], [0.02024, 51.58299, 29.6], [0.02025, 51.58289, 29.7], [0.02026, 51.58281, 29.9], [0.02027, 51.58266, 30.1], [0.02027, 51.5826, 30.2], [0.02028, 51.58243, 30.3], [0.02029, 51.58235, 30.3], [0.02029, 51.58223, 30.3], [0.0203, 51.58212, 30.3], [0.02029, 51.582, 30.3], [0.02029, 51.58195, 30.3], [0.02029, 51.58195, 30.3], [0.02043, 51.5819, 30.0], [0.02048, 51.58188, 29.8], [0.02057, 51.58184, 29.6], [0.0206, 51.58183, 29.6], [0.02065, 51.58179, 29.4], [0.02076, 51.58171, 29.2], [0.02088, 51.58162, 28.9], [0.021, 51.58155, 28.6], [0.02113, 51.58147, 28.3], [0.02118, 51.58143, 28.2], [0.02121, 51.58142, 28.1], [0.02161, 51.58116, 27.1], [0.02166, 51.58114, 27.0], [0.02182, 51.58105, 27.0], [0.0219, 51.58101, 26.9], [0.02223, 51.58079, 27.1], [0.0226, 51.58056, 27.2], [0.02264, 51.58054, 27.2], [0.023, 51.58033, 27.0], [0.02315, 51.58023, 26.9], [0.02333, 51.58011, 26.9], [0.02345, 51.58004, 26.8], [0.02358, 51.57996, 26.9], [0.02368, 51.57989, 27.2], [0.02375, 51.57985, 27.4], [0.02387, 51.57977, 27.7], [0.02449, 51.57939, 29.0], [0.02468, 51.57927, 29.2], [0.02474, 51.57924, 29.2], [0.0248, 51.5792, 29.3], [0.02486, 51.57916, 29.3], [0.02494, 51.57911, 29.2], [0.02521, 51.57895, 29.2], [0.02525, 51.57893, 29.2], [0.02528, 51.57891, 29.2], [0.02531, 51.57889, 29.2], [0.0254, 51.57883, 29.2], [0.02543, 51.57881, 29.2], [0.02545, 51.57879, 29.2], [0.02547, 51.57878, 29.2], [0.02549, 51.57876, 29.2], [0.0255, 51.57875, 29.2], [0.02552, 51.57873, 29.2], [0.02562, 51.5786, 29.2], [0.02576, 51.5784, 29.1], [0.02583, 51.57833, 29.0], [0.0259, 51.57823, 29.4], [0.02614, 51.57794, 30.3], [0.02638, 51.57764, 31.1], [0.02641, 51.5776, 31.2], [0.02651, 51.57747, 31.4], [0.02653, 51.57744, 31.4], [0.02671, 51.57727, 31.2], [0.02682, 51.57717, 31.1], [0.02686, 51.57712, 31.1], [0.02689, 51.5771, 31.1], [0.02707, 51.57698, 31.0], [0.02713, 51.57695, 30.9], [0.02716, 51.57692, 30.9], [0.0272, 51.57689, 30.9], [0.02722, 51.57686, 30.9], [0.02725, 51.57683, 31.0], [0.02727, 51.5768, 31.0], [0.02731, 51.57674, 31.1], [0.02742, 51.57656, 31.1], [0.02743, 51.57654, 31.1], [0.02745, 51.57652, 31.0], [0.02765, 51.57617, 30.7], [0.02775, 51.576, 30.6], [0.02782, 51.5759, 30.6], [0.02783, 51.57587, 30.6], [0.02797, 51.57567, 30.6], [0.02803, 51.57557, 30.7], [0.02803, 51.57557, 30.7], [0.02794, 51.57552, 30.9], [0.0279, 51.5755, 30.9], [0.02788, 51.5755, 31.0], [0.02786, 51.57549, 31.0], [0.02784, 51.57549, 31.0], [0.02774, 51.57548, 31.1], [0.02756, 51.57541, 31.4], [0.02742, 51.57536, 31.6], [0.02722, 51.57528, 31.7], [0.02709, 51.57523, 31.7], [0.02671, 51.57509, 31.9], [0.02666, 51.57507, 31.9], [0.0266, 51.57505, 31.9], [0.02642, 51.57498, 32.0], [0.02635, 51.57496, 32.0], [0.02629, 51.57494, 32.0], [0.02607, 51.57488, 31.9], [0.02588, 51.57482, 31.8], [0.0255, 51.57469, 31.5], [0.02538, 51.57465, 31.4], [0.02507, 51.57454, 30.9], [0.02507, 51.57454, 30.9], [0.02496, 51.57451, 30.9], [0.02449, 51.57432, 30.9], [0.02406, 51.57415, 31.0], [0.02384, 51.57407, 31.1], [0.02371, 51.57402, 31.2], [0.02354, 51.57395, 31.3], [0.02344, 51.57391, 31.3], [0.02326, 51.57385, 31.4], [0.02326, 51.57385, 31.4], [0.02339, 51.57372, 31.7], [0.02345, 51.57365, 31.8], [0.02354, 51.57355, 32.0], [0.02355, 51.57354, 32.0], [0.02357, 51.57351, 32.0], [0.0236, 51.57348, 32.1], [0.02361, 51.57345, 32.1], [0.02362, 51.57342, 32.2], [0.02362, 51.57339, 32.2], [0.02362, 51.57316, 32.6], [0.02361, 51.57294, 33.3], [0.0236, 51.57278, 33.8], [0.02359, 51.57265, 34.2], [0.02357, 51.57216, 33.9], [0.02356, 51.57191, 33.3], [0.02354, 51.57143, 32.5], [0.02353, 51.57121, 32.2], [0.02353, 51.571, 32.0], [0.02353, 51.57096, 31.9], [0.02351, 51.57073, 31.8], [0.02351, 51.57068, 31.8], [0.02351, 51.57068, 31.8], [0.0235, 51.57054, 31.8], [0.02348, 51.5703, 31.8], [0.02348, 51.57017, 31.8], [0.02347, 51.57004, 31.8], [0.02349, 51.56973, 31.5], [0.02349, 51.56968, 31.4], [0.0235, 51.56964, 31.4], [0.02351, 51.56958, 31.3], [0.02351, 51.56955, 31.2], [0.02352, 51.56948, 31.2], [0.02356, 51.56932, 30.9], [0.02361, 51.56917, 30.7], [0.02367, 51.569, 30.0], [0.0237, 51.5689, 29.6], [0.02376, 51.56874, 28.9], [0.02382, 51.56859, 28.2], [0.02386, 51.56848, 27.7], [0.02396, 51.56824, 26.8], [0.02409, 51.56791, 26.7], [0.02423, 51.56758, 26.7], [0.02427, 51.56747, 26.7], [0.02432, 51.56736, 26.3], [0.02438, 51.56724, 25.9], [0.02441, 51.56719, 25.8], [0.02449, 51.56703, 25.3], [0.02449, 51.56702, 25.3], [0.02451, 51.56698, 25.2], [0.0246, 51.5668, 24.7], [0.02464, 51.56673, 24.5], [0.02467, 51.56667, 24.4], [0.02472, 51.56656, 24.3], [0.0248, 51.56638, 24.1], [0.02483, 51.56633, 24.0], [0.02487, 51.56617, 24.0], [0.02489, 51.5659, 23.9], [0.0249, 51.56561, 22.8], [0.02492, 51.56527, 21.2], [0.02494, 51.56489, 20.1], [0.02496, 51.56461, 20.4], [0.02496, 51.56452, 20.5], [0.02497, 51.56434, 20.8], [0.02497, 51.56434, 20.8], [0.02498, 51.56434, 20.8], [0.02499, 51.56434, 20.8], [0.025, 51.56434, 20.8], [0.02501, 51.56434, 20.8], [0.02501, 51.56433, 20.8], [0.02502, 51.56433, 20.8], [0.02503, 51.56433, 20.8], [0.02504, 51.56433, 20.8], [0.02504, 51.56432, 20.8], [0.02505, 51.56432, 20.8], [0.02506, 51.56431, 20.8], [0.02507, 51.56431, 20.8], [0.02507, 51.5643, 20.8], [0.02507, 51.56429, 20.9], [0.02508, 51.56429, 20.9], [0.02508, 51.56428, 20.9], [0.02507, 51.56428, 20.9], [0.02507, 51.56427, 20.9], [0.02507, 51.56426, 20.9], [0.02506, 51.56426, 20.9], [0.02506, 51.56425, 20.9], [0.02505, 51.56425, 20.9], [0.02505, 51.56424, 20.9], [0.02504, 51.56424, 20.9], [0.02503, 51.56424, 20.9], [0.02502, 51.56423, 20.9], [0.02501, 51.56423, 20.9], [0.025, 51.56423, 20.9], [0.02499, 51.56423, 20.9], [0.02498, 51.56423, 20.9], [0.02497, 51.56423, 20.9], [0.02496, 51.56418, 20.9], [0.02495, 51.56414, 21.0], [0.02495, 51.56408, 21.0], [0.02495, 51.56406, 21.1], [0.02497, 51.56398, 21.2], [0.025, 51.56388, 21.3], [0.02501, 51.56383, 21.4], [0.02501, 51.56381, 21.4], [0.02502, 51.5638, 21.4], [0.02502, 51.56379, 21.4], [0.02502, 51.56375, 21.5], [0.02503, 51.56375, 21.5], [0.02504, 51.56375, 21.5], [0.02505, 51.56375, 21.4], [0.02505, 51.56374, 21.5], [0.02506, 51.56374, 21.4], [0.02507, 51.56374, 21.4], [0.02507, 51.56373, 21.4], [0.02508, 51.56373, 21.4], [0.02508, 51.56372, 21.4], [0.02508, 51.56371, 21.4], [0.02508, 51.5637, 21.5], [0.02508, 51.56369, 21.5], [0.02507, 51.56369, 21.5], [0.02507, 51.56368, 21.5], [0.02506, 51.56368, 21.5], [0.02505, 51.56368, 21.5], [0.02505, 51.56367, 21.5], [0.02506, 51.56363, 21.6], [0.0251, 51.56354, 21.6], [0.02518, 51.56326, 21.3], [0.0252, 51.56322, 21.2], [0.02529, 51.56286, 20.0], [0.0254, 51.56248, 18.9], [0.02542, 51.56241, 18.7], [0.02545, 51.56227, 18.2], [0.02551, 51.56204, 17.3], [0.02556, 51.56184, 16.6], [0.02557, 51.56178, 16.4], [0.02558, 51.56172, 16.2], [0.0256, 51.5616, 16.3], [0.02561, 51.56149, 16.8], [0.02561, 51.56139, 17.3], [0.02559, 51.56128, 17.9], [0.02557, 51.56117, 18.4], [0.02555, 51.56105, 19.0], [0.02549, 51.56084, 20.0], [0.02539, 51.56044, 17.6], [0.02536, 51.56034, 17.0], [0.02535, 51.56026, 16.6], [0.02533, 51.56014, 15.8], [0.02531, 51.56002, 15.1], [0.02531, 51.55992, 15.0], [0.02531, 51.5599, 15.0], [0.02531, 51.55965, 15.0], [0.02531, 51.55893, 15.2], [0.0253, 51.55803, 15.0], [0.0253, 51.55747, 14.2], [0.0253, 51.55721, 15.6], [0.0253, 51.55713, 16.1], [0.0253, 51.55704, 16.6], [0.0253, 51.55687, 17.5], [0.0253, 51.55658, 18.5], [0.02529, 51.55619, 17.7], [0.02529, 51.55572, 17.0], [0.02529, 51.55565, 17.0], [0.02529, 51.55561, 17.0], [0.02531, 51.55511, 17.0], [0.02531, 51.55506, 17.0], [0.0253, 51.55453, 16.4], [0.0253, 51.5545, 16.4], [0.0253, 51.55429, 16.1], [0.0253, 51.55413, 16.0], [0.0253, 51.554, 16.0], [0.0253, 51.55394, 16.0], [0.0253, 51.55387, 16.0], [0.02529, 51.55368, 16.0], [0.02528, 51.55352, 16.0], [0.02528, 51.55342, 16.0], [0.0253, 51.55312, 15.5], [0.02531, 51.55295, 15.1], [0.02532, 51.55282, 14.8], [0.02533, 51.55269, 14.5], [0.02534, 51.55257, 14.2], [0.02535, 51.5525, 14.0], [0.02535, 51.55239, 13.9], [0.02535, 51.55234, 13.8], [0.02534, 51.55226, 13.7], [0.02531, 51.55211, 13.5], [0.02529, 51.55199, 13.4], [0.02528, 51.55198, 13.4], [0.02526, 51.55188, 13.3], [0.02524, 51.55176, 13.1], [0.02523, 51.55165, 13.0], [0.02523, 51.55157, 13.0], [0.02522, 51.55147, 13.0], [0.02521, 51.55133, 13.0], [0.0252, 51.55122, 13.0], [0.02519, 51.55107, 13.0], [0.02518, 51.55097, 13.0], [0.02517, 51.55091, 13.0], [0.02516, 51.55082, 13.0], [0.02514, 51.55072, 13.0], [0.02514, 51.55072, 13.0], [0.02507, 51.55034, 13.0], [0.02505, 51.55026, 13.0], [0.02501, 51.55013, 13.0], [0.02497, 51.54999, 13.0], [0.0249, 51.54977, 13.1], [0.02489, 51.54966, 13.1], [0.02489, 51.54961, 13.1], [0.02488, 51.54957, 13.1], [0.02488, 51.54953, 13.1], [0.02487, 51.54949, 13.1], [0.02486, 51.54939, 13.0], [0.02485, 51.54925, 13.0], [0.02483, 51.54913, 13.0], [0.02485, 51.54903, 13.0], [0.02486, 51.54896, 13.0], [0.02487, 51.54886, 13.0], [0.02489, 51.54871, 13.0], [0.02496, 51.54847, 13.0], [0.02498, 51.54842, 13.0], [0.02521, 51.54783, 13.6], [0.0253, 51.54754, 14.0], [0.02537, 51.5473, 13.8], [0.02537, 51.54728, 13.7], [0.02542, 51.54718, 13.6], [0.02549, 51.54695, 13.3], [0.02553, 51.54682, 13.2], [0.02559, 51.54678, 13.1], [0.02563, 51.54669, 13.0], [0.02572, 51.54657, 13.0], [0.02579, 51.54649, 13.0], [0.02584, 51.54645, 13.0], [0.02586, 51.54643, 13.0], [0.02588, 51.54639, 13.0], [0.02589, 51.54636, 13.0], [0.0259, 51.54632, 13.0], [0.02587, 51.5462, 13.0], [0.02589, 51.5461, 13.0], [0.02593, 51.54583, 12.9], [0.02594, 51.54574, 13.0], [0.02596, 51.54556, 13.2], [0.02597, 51.54545, 13.3], [0.02599, 51.54535, 13.4], [0.026, 51.5453, 13.4], [0.026, 51.5453, 13.4], [0.02604, 51.5451, 13.6], [0.02609, 51.5448, 13.3], [0.02611, 51.5447, 13.1], [0.02613, 51.54453, 12.7], [0.02617, 51.54424, 12.1], [0.02617, 51.54421, 12.1], [0.02617, 51.54413, 12.0], [0.02617, 51.54391, 11.8], [0.02617, 51.54384, 11.8], [0.02616, 51.54374, 11.7], [0.02616, 51.54369, 11.7], [0.02617, 51.54366, 11.6], [0.02618, 51.54347, 11.5], [0.02618, 51.54329, 11.5], [0.02618, 51.54327, 11.6], [0.02617, 51.54317, 11.8], [0.02618, 51.54314, 11.9], [0.02619, 51.54306, 12.1], [0.02621, 51.54284, 12.6], [0.02622, 51.54274, 12.9], [0.02623, 51.5426, 13.2], [0.02625, 51.54245, 13.4], [0.02625, 51.5424, 13.3], [0.02626, 51.54236, 13.3], [0.02627, 51.54223, 13.0], [0.02628, 51.5421, 12.8], [0.02628, 51.54208, 12.8], [0.02628, 51.54204, 12.7], [0.02627, 51.54202, 12.6], [0.02627, 51.542, 12.6], [0.02626, 51.54198, 12.6], [0.02625, 51.54196, 12.5], [0.02624, 51.54194, 12.5], [0.02623, 51.54193, 12.5], [0.0262, 51.54191, 12.4], [0.02614, 51.5419, 12.4], [0.02611, 51.54189, 12.4], [0.02605, 51.54188, 12.3], [0.02602, 51.54188, 12.3], [0.02597, 51.54187, 12.3], [0.02591, 51.54187, 12.3], [0.02583, 51.54187, 12.2], [0.02565, 51.54186, 12.2], [0.0255, 51.54187, 12.1], [0.02534, 51.54187, 12.1], [0.0247, 51.54191, 12.3], [0.02465, 51.54191, 12.3], [0.02455, 51.54192, 12.4], [0.02446, 51.54192, 12.5], [0.02437, 51.54192, 12.5], [0.02421, 51.54191, 12.7], [0.02387, 51.54189, 12.7], [0.02363, 51.54187, 12.8], [0.02341, 51.54186, 12.8], [0.02327, 51.54184, 12.7], [0.02318, 51.54183, 12.7], [0.02316, 51.54183, 12.6], [0.02309, 51.54182, 12.6], [0.02304, 51.5418, 12.5], [0.023, 51.54178, 12.5], [0.02296, 51.54176, 12.5], [0.0229, 51.54173, 12.4], [0.02288, 51.5417, 12.4], [0.02287, 51.54167, 12.4], [0.02286, 51.54163, 12.4], [0.02285, 51.54159, 12.4], [0.02285, 51.54154, 12.4], [0.02285, 51.54137, 12.4], [0.02286, 51.54115, 12.4], [0.02287, 51.54101, 12.4], [0.02286, 51.54092, 12.4], [0.02288, 51.54086, 12.5], [0.02287, 51.54074, 12.3], [0.02287, 51.54056, 12.0], [0.02286, 51.54037, 11.6], [0.02286, 51.54027, 11.5], [0.02286, 51.54018, 11.3], [0.02287, 51.54009, 11.2], [0.02287, 51.54, 11.0], [0.02288, 51.53992, 11.0], [0.02288, 51.53987, 11.1], [0.02289, 51.53975, 11.1], [0.02286, 51.53952, 11.2], [0.02284, 51.53928, 11.4], [0.02282, 51.53913, 11.4], [0.02283, 51.53898, 11.4], [0.02283, 51.53888, 11.5], [0.02284, 51.53872, 11.5], [0.02283, 51.53868, 11.5], [0.02283, 51.53865, 11.5], [0.02283, 51.53862, 11.5], [0.02282, 51.53859, 11.5], [0.02281, 51.53856, 11.6], [0.0228, 51.53853, 11.6], [0.02277, 51.53847, 11.6], [0.02271, 51.53836, 11.7], [0.0227, 51.53836, 11.7], [0.02263, 51.53825, 11.7], [0.0226, 51.53818, 11.7], [0.02256, 51.53813, 11.7], [0.02249, 51.53803, 11.6], [0.02246, 51.53797, 11.6], [0.0224, 51.53788, 11.5], [0.02235, 51.53781, 11.4], [0.02233, 51.53776, 11.3], [0.02231, 51.53772, 11.3], [0.02229, 51.53768, 11.2], [0.02228, 51.53767, 11.2], [0.02226, 51.5376, 11.1], [0.02225, 51.53753, 11.0], [0.0222, 51.53735, 11.0], [0.02216, 51.53719, 11.0], [0.02214, 51.53711, 11.0], [0.02209, 51.5369, 11.0], [0.02209, 51.5369, 11.0], [0.02208, 51.53687, 11.0], [0.02208, 51.53687, 11.0], [0.02206, 51.53686, 11.0], [0.02204, 51.53685, 11.0], [0.022, 51.53684, 11.0], [0.02197, 51.53683, 11.0], [0.02194, 51.53682, 11.0], [0.02191, 51.53682, 11.0], [0.02187, 51.53682, 11.0], [0.02184, 51.53682, 11.0], [0.02179, 51.53682, 11.0], [0.02169, 51.53683, 11.0], [0.02123, 51.53686, 11.0], [0.02099, 51.53687, 11.0], [0.02087, 51.53687, 11.0], [0.02075, 51.53688, 11.0], [0.0205, 51.53689, 11.0], [0.02029, 51.5369, 11.0], [0.02002, 51.53691, 11.0], [0.01975, 51.53692, 10.8], [0.01955, 51.53693, 10.6], [0.01924, 51.53695, 10.4], [0.01842, 51.53699, 10.4], [0.01814, 51.53701, 10.2], [0.01812, 51.53701, 10.2], [0.01805, 51.53702, 10.1], [0.018, 51.53702, 10.0], [0.0179, 51.53702, 9.9], [0.0178, 51.53701, 9.8], [0.01776, 51.53701, 9.7], [0.01772, 51.537, 9.7], [0.0176, 51.53698, 9.5], [0.01755, 51.53698, 9.4], [0.01745, 51.53696, 9.3], [0.01716, 51.53692, 9.2], [0.01704, 51.53691, 9.1], [0.01697, 51.5369, 9.1], [0.0169, 51.5369, 9.1], [0.01683, 51.53689, 9.1], [0.01671, 51.53689, 9.0], [0.01664, 51.5369, 9.0], [0.01653, 51.53691, 9.0], [0.01641, 51.53693, 8.9], [0.01624, 51.53695, 8.8], [0.016119, 51.53697, 8.8], [0.01589, 51.53699, 8.6], [0.01567, 51.53701, 8.6], [0.01542, 51.53702, 8.6], [0.01517, 51.53704, 8.6], [0.01492, 51.53705, 8.5], [0.01473, 51.53706, 8.5], [0.0146, 51.53707, 8.5], [0.01435, 51.53709, 8.5], [0.01429, 51.53709, 8.5], [0.01408, 51.5371, 8.5], [0.01379, 51.53712, 8.5], [0.01357, 51.53713, 8.4], [0.01328, 51.53713, 8.4], [0.01319, 51.53714, 8.3], [0.01293, 51.53714, 8.0], [0.01248, 51.53716, 7.6], [0.01205, 51.53718, 7.4], [0.01187, 51.53719, 7.3], [0.01174, 51.53719, 7.3], [0.01152, 51.5372, 7.2], [0.01149, 51.5372, 7.1], [0.01127, 51.5372, 7.0], [0.01121, 51.5372, 6.9], [0.01101, 51.5372, 6.8], [0.01076, 51.5372, 6.6], [0.0105, 51.5372, 6.6], [0.01027, 51.5372, 6.6], [0.01002, 51.53719, 6.6], [0.0099, 51.53719, 6.7], [0.00985, 51.53719, 6.8], [0.00983, 51.53718, 6.8], [0.0098, 51.53716, 6.8], [0.00977, 51.53715, 6.8], [0.00976, 51.53715, 6.8], [0.0097, 51.53714, 6.9], [0.0096, 51.53714, 7.0], [0.00938, 51.53713, 7.2], [0.0093, 51.53712, 7.3], [0.00919, 51.53713, 7.4], [0.00906, 51.53714, 7.5], [0.00891, 51.53716, 7.5], [0.00885, 51.53717, 7.5], [0.0088, 51.53717, 7.6], [0.00879, 51.53718, 7.6], [0.00877, 51.53718, 7.6], [0.00876, 51.53719, 7.6], [0.00874, 51.53722, 7.5], [0.00871, 51.53722, 7.5], [0.00866, 51.53723, 7.5], [0.00862, 51.53724, 7.5], [0.00855, 51.53726, 7.5], [0.00844, 51.53728, 7.5], [0.00832, 51.53731, 7.4], [0.00823, 51.53734, 7.3], [0.00817, 51.53735, 7.2], [0.00813, 51.53736, 7.1], [0.008109, 51.53737, 7.0], [0.00808, 51.53737, 7.0], [0.008019, 51.53738, 6.9], [0.00797, 51.53738, 6.9], [0.00792, 51.53738, 6.8], [0.00782, 51.53738, 6.7], [0.00779, 51.53738, 6.6], [0.00775, 51.53738, 6.6], [0.00772, 51.53738, 6.6], [0.00768, 51.53737, 6.5], [0.0076, 51.53736, 6.5], [0.00753, 51.53734, 6.4], [0.00745, 51.53732, 6.4], [0.00736, 51.53728, 6.5], [0.00727, 51.53724, 6.5], [0.00713, 51.53717, 6.6], [0.00703, 51.53711, 6.7], [0.00671, 51.537, 6.6], [0.00642, 51.53689, 6.6], [0.00642, 51.53689, 6.6], [0.00659, 51.53661, 7.0], [0.0067, 51.53644, 7.3], [0.00674, 51.53637, 7.4], [0.0068, 51.53629, 7.5], [0.00681, 51.53628, 7.6], [0.00683, 51.53626, 7.6], [0.00686, 51.53624, 7.6], [0.00687, 51.53623, 7.6], [0.00695, 51.53617, 7.7], [0.00706, 51.5361, 7.8], [0.00718, 51.536, 7.9], [0.00732, 51.53589, 8.0], [0.00744, 51.53582, 8.0], [0.00755, 51.53575, 7.8], [0.00765, 51.53569, 7.7], [0.00826, 51.53544, 7.5], [0.0084, 51.53538, 7.4], [0.0084, 51.53538, 7.4], [0.00842, 51.53537, 7.4], [0.00854, 51.53533, 7.2], [0.0088, 51.5352, 6.8], [0.0089, 51.53515, 6.6], [0.0089, 51.53515, 6.6], [0.00884, 51.53509, 6.6], [0.00877, 51.535, 6.5], [0.00876, 51.53498, 6.5], [0.00868, 51.5349, 6.7], [0.00862, 51.53475, 7.0], [0.00853, 51.53452, 7.3], [0.00836, 51.53405, 7.3], [0.0082, 51.53363, 5.0], [0.0081, 51.53336, 3.7], [0.008059, 51.53327, 3.7], [0.00797, 51.53305, 3.8], [0.0079, 51.53285, 3.7], [0.00778, 51.53251, 3.3], [0.00774, 51.53239, 3.3], [0.00772, 51.53233, 3.3], [0.0077, 51.53228, 3.2], [0.00761, 51.53207, 3.1], [0.00759, 51.532, 3.1], [0.00755, 51.5319, 3.1], [0.0075, 51.5318, 3.0], [0.00745, 51.53172, 3.0], [0.00741, 51.53167, 3.0], [0.00739, 51.53164, 3.0], [0.00732, 51.53156, 3.0], [0.00724, 51.53147, 3.0], [0.00719, 51.53142, 3.0], [0.00712, 51.53137, 3.0], [0.00704, 51.53132, 3.0], [0.00694, 51.53125, 3.0], [0.00675, 51.53115, 3.0], [0.00674, 51.53115, 3.0], [0.00653, 51.53103, 3.0], [0.00644, 51.53098, 3.0], [0.00635, 51.53092, 3.0], [0.00603, 51.53072, 3.1], [0.00593, 51.53068, 3.0], [0.00585, 51.53063, 3.0], [0.00564, 51.53051, 2.9], [0.00544, 51.53039, 2.7], [0.00536, 51.53034, 2.7], [0.00533, 51.53033, 2.6], [0.00521, 51.53026, 2.5], [0.00512, 51.5302, 2.3], [0.00506, 51.53016, 2.3], [0.00503, 51.53014, 2.3], [0.00486, 51.53003, 2.4], [0.00485, 51.53003, 2.5], [0.00481, 51.53, 2.5], [0.00479, 51.52998, 2.5], [0.00478, 51.52996, 2.5], [0.00476, 51.52994, 2.6], [0.00474, 51.52992, 2.6], [0.00474, 51.52991, 2.6], [0.00473, 51.52989, 2.6], [0.00473, 51.52987, 2.7], [0.00473, 51.52986, 2.7], [0.00473, 51.52984, 2.7], [0.00473, 51.52981, 2.7], [0.00474, 51.52978, 2.8], [0.00475, 51.52976, 2.8], [0.00477, 51.52968, 2.8], [0.00481, 51.52955, 2.9], [0.00484, 51.52946, 2.9], [0.00485, 51.52943, 2.9], [0.00487, 51.52937, 3.0], [0.00488, 51.52937, 2.9], [0.00489, 51.52937, 2.9], [0.0049, 51.52937, 2.9], [0.00491, 51.52937, 2.9], [0.00492, 51.52937, 2.9], [0.00492, 51.52936, 2.9], [0.00493, 51.52936, 2.9], [0.00494, 51.52936, 2.9], [0.00494, 51.52935, 2.9], [0.00495, 51.52935, 2.9], [0.00495, 51.52934, 2.9], [0.00495, 51.52933, 2.9], [0.00495, 51.52932, 2.9], [0.00495, 51.52931, 2.9], [0.00494, 51.52931, 2.9], [0.00494, 51.5293, 2.9], [0.00493, 51.5293, 2.9], [0.00492, 51.5293, 3.0], [0.00492, 51.52929, 3.0], [0.00491, 51.52929, 3.0], [0.0049, 51.52929, 3.0], [0.00489, 51.52929, 3.0], [0.0049, 51.52922, 3.1], [0.0049, 51.52906, 3.2], [0.00491, 51.52886, 3.4], [0.00492, 51.5288, 3.4], [0.00492, 51.52873, 3.5], [0.00492, 51.52866, 3.5], [0.00492, 51.52864, 3.5], [0.00492, 51.52862, 3.6], [0.00492, 51.5286, 3.6], [0.00491, 51.52859, 3.6], [0.00491, 51.52858, 3.6], [0.00489, 51.52856, 3.6], [0.00486, 51.52851, 3.6], [0.00485, 51.52849, 3.6], [0.00484, 51.52847, 3.5], [0.00483, 51.52845, 3.5], [0.00483, 51.52843, 3.5], [0.00482, 51.52841, 3.5], [0.00482, 51.52839, 3.5], [0.00482, 51.52836, 3.6], [0.00482, 51.52834, 3.6], [0.00482, 51.52829, 3.6], [0.00482, 51.52821, 3.6], [0.00482, 51.52813, 3.6], [0.00482, 51.52803, 3.6], [0.00482, 51.52784, 3.7], [0.00482, 51.5278, 3.7], [0.00483, 51.5278, 3.7], [0.00484, 51.5278, 3.7], [0.00484, 51.52779, 3.7], [0.00485, 51.52779, 3.8], [0.00486, 51.52779, 3.8], [0.00486, 51.52778, 3.8], [0.00487, 51.52778, 3.8], [0.00487, 51.52777, 3.8], [0.00487, 51.52776, 3.8], [0.00486, 51.52776, 3.8], [0.00486, 51.52775, 3.8], [0.00485, 51.52775, 3.8], [0.00484, 51.52775, 3.8], [0.00483, 51.52775, 3.7], [0.00483, 51.52762, 3.8], [0.00485, 51.52659, 4.6], [0.00487, 51.52576, 4.1], [0.00487, 51.5257, 4.3], [0.00487, 51.52554, 4.9], [0.00487, 51.52544, 5.2], [0.00487, 51.52533, 5.6], [0.00487, 51.52527, 5.8], [0.00486, 51.5252, 6.1], [0.00485, 51.52511, 6.5], [0.00484, 51.525, 7.0], [0.00482, 51.52486, 6.6], [0.00481, 51.5248, 6.5], [0.00482, 51.5248, 6.4], [0.00482, 51.52479, 6.4], [0.00483, 51.52479, 6.3], [0.00483, 51.52478, 6.3], [0.00484, 51.52478, 6.2], [0.00484, 51.52477, 6.2], [0.00483, 51.52477, 6.2], [0.00483, 51.52476, 6.2], [0.00482, 51.52476, 6.3], [0.00481, 51.52476, 6.3], [0.0048, 51.52475, 6.4], [0.00474, 51.52435, 5.5], [0.00475, 51.52435, 5.4], [0.00476, 51.52435, 5.3], [0.00477, 51.52435, 5.3], [0.00477, 51.52434, 5.2], [0.00478, 51.52433, 5.1], [0.00477, 51.52432, 5.2], [0.00476, 51.52431, 5.2], [0.00475, 51.52431, 5.3], [0.00474, 51.52431, 5.3], [0.00472, 51.5242, 5.1], [0.00471, 51.52413, 5.0], [0.0047, 51.52402, 5.0], [0.00468, 51.52387, 4.8], [0.00467, 51.5238, 4.8], [0.00467, 51.52374, 4.7], [0.00468, 51.52367, 4.5], [0.00468, 51.52359, 4.4], [0.00469, 51.52347, 4.2], [0.00469, 51.52344, 4.2], [0.0047, 51.52322, 3.6], [0.00471, 51.52318, 3.4], [0.00471, 51.52317, 3.4], [0.00471, 51.52311, 3.1], [0.0047, 51.52302, 2.8], [0.00469, 51.52295, 2.5], [0.00469, 51.52289, 2.3], [0.00467, 51.52281, 2.0], [0.00466, 51.52277, 1.8], [0.00464, 51.52269, 1.6], [0.00457, 51.5225, 1.0], [0.00451, 51.52231, 1.3], [0.0045, 51.52228, 1.3], [0.00445, 51.52212, 1.5], [0.00442, 51.52204, 1.6], [0.00441, 51.52197, 1.6], [0.00441, 51.52196, 1.6], [0.00439, 51.52186, 1.7], [0.00438, 51.52174, 1.7], [0.00437, 51.52165, 1.8], [0.00437, 51.5216, 1.9], [0.00437, 51.52158, 1.9], [0.00437, 51.52156, 1.9], [0.00437, 51.52149, 2.0], [0.00437, 51.52143, 2.1], [0.00438, 51.52138, 2.2], [0.00439, 51.52133, 2.2], [0.0044, 51.52126, 2.3], [0.00441, 51.5212, 2.4], [0.00445, 51.52103, 2.7], [0.00445, 51.521, 2.7], [0.00447, 51.52091, 2.9], [0.00448, 51.52088, 2.9], [0.0045, 51.52074, 3.0], [0.00451, 51.52056, 3.0], [0.00452, 51.5205, 3.0], [0.00455, 51.5203, 3.0], [0.00456, 51.52017, 3.0], [0.00458, 51.52005, 3.0], [0.00461, 51.51981, 2.7], [0.00462, 51.5197, 2.5], [0.00463, 51.51966, 2.4], [0.00464, 51.51959, 2.3], [0.00466, 51.51952, 2.2], [0.00468, 51.51943, 2.1], [0.00469, 51.51937, 2.0], [0.00471, 51.5193, 1.9], [0.00473, 51.51921, 1.7], [0.00476, 51.51912, 1.8], [0.00479, 51.51903, 2.1], [0.00483, 51.51892, 2.4], [0.00487, 51.51881, 2.7], [0.00492, 51.51871, 3.0], [0.00496, 51.5186, 3.3], [0.005, 51.51849, 3.6], [0.00502, 51.51845, 3.7], [0.00504, 51.5184, 3.8], [0.00507, 51.51835, 4.0], [0.0051, 51.5183, 4.0], [0.00515, 51.51823, 4.1], [0.00519, 51.51819, 4.2], [0.00522, 51.51814, 4.2], [0.00526, 51.5181, 4.3], [0.00533, 51.51803, 4.4], [0.00539, 51.51797, 4.4], [0.00545, 51.51792, 4.5], [0.0055, 51.51788, 4.5], [0.00558, 51.51783, 4.6], [0.00568, 51.51776, 4.7], [0.00579, 51.51769, 4.8], [0.00592, 51.51762, 4.9], [0.00604, 51.51756, 4.9], [0.00606, 51.51754, 5.0], [0.00615, 51.51751, 5.0], [0.00616, 51.5175, 5.0], [0.00634, 51.51743, 4.9], [0.00653, 51.51735, 4.8], [0.00662, 51.51731, 4.8], [0.00667, 51.51729, 4.7], [0.00677, 51.51725, 4.5], [0.00683, 51.51722, 4.4], [0.00689, 51.51719, 4.3], [0.00695, 51.51716, 4.2], [0.00702, 51.51712, 4.1], [0.00708, 51.51708, 4.0], [0.00711, 51.51706, 4.0], [0.00714, 51.51704, 3.9], [0.00719, 51.517, 3.9], [0.00725, 51.51695, 3.9], [0.00729, 51.51692, 3.8], [0.00732, 51.51688, 3.9], [0.00738, 51.51683, 3.9], [0.00742, 51.51678, 3.9], [0.00743, 51.51677, 3.9], [0.00748, 51.51671, 4.0], [0.00752, 51.51665, 4.0], [0.00756, 51.51658, 4.1], [0.00759, 51.51654, 4.1], [0.00763, 51.51645, 4.2], [0.00766, 51.51638, 4.3], [0.00768, 51.51631, 4.3], [0.0077, 51.51624, 4.4], [0.00771, 51.51621, 4.4], [0.00771, 51.51621, 4.4], [0.00772, 51.51619, 4.4], [0.00774, 51.51617, 4.4], [0.00775, 51.51615, 4.4], [0.00776, 51.51613, 4.4], [0.00777, 51.51611, 4.5], [0.00779, 51.51607, 4.5], [0.00781, 51.51604, 4.5], [0.00783, 51.51601, 4.5], [0.00786, 51.51598, 4.5], [0.00793, 51.51592, 4.4], [0.007979, 51.51587, 4.4], [0.00804, 51.51582, 4.3], [0.0081, 51.51577, 4.2], [0.008109, 51.51576, 4.2], [0.00812, 51.51575, 4.2], [0.00817, 51.51568, 4.0], [0.00817, 51.51568, 4.0], [0.00823, 51.51566, 4.0], [0.00826, 51.51563, 3.9], [0.0083, 51.5156, 3.8], [0.00832, 51.51558, 3.8], [0.00835, 51.51554, 3.7], [0.00837, 51.51551, 3.7], [0.0084, 51.51547, 3.6], [0.00843, 51.51543, 3.5], [0.00845, 51.51539, 3.5], [0.00847, 51.51532, 3.5], [0.0085, 51.51519, 3.4], [0.00852, 51.51509, 3.3], [0.00853, 51.51507, 3.3], [0.00854, 51.51504, 3.3], [0.00857, 51.515, 3.3], [0.0086, 51.51495, 3.4], [0.00863, 51.51491, 3.4], [0.00873, 51.51479, 3.6], [0.00876, 51.51474, 3.7], [0.00882, 51.51467, 3.7], [0.00885, 51.51463, 3.8], [0.00896, 51.51447, 3.9], [0.00912, 51.51427, 4.0], [0.00931, 51.51405, 4.0], [0.00936, 51.514, 4.0], [0.00946, 51.51388, 4.0], [0.00952, 51.51381, 4.0], [0.0096, 51.51371, 4.0], [0.00976, 51.51351, 4.0], [0.01012, 51.51307, 3.3], [0.01043, 51.51271, 2.4], [0.01085, 51.51222, 2.0], [0.01106, 51.51198, 2.3], [0.01117, 51.51185, 2.4], [0.01122, 51.51179, 2.5], [0.01132, 51.51166, 2.6], [0.0114, 51.51156, 2.9], [0.01145, 51.5115, 3.0], [0.01147, 51.51147, 3.1], [0.01161, 51.5113, 3.4], [0.01166, 51.51124, 3.4], [0.01172, 51.51117, 3.4], [0.01175, 51.51112, 3.4], [0.01189, 51.51097, 3.4], [0.01191, 51.51095, 3.4], [0.01192, 51.51093, 3.4], [0.01193, 51.51092, 3.4], [0.01194, 51.51091, 3.4], [0.01194, 51.5109, 3.4], [0.01193, 51.51086, 3.4], [0.01195, 51.51084, 3.4], [0.01198, 51.5108, 3.4], [0.01206, 51.51069, 3.5], [0.01231, 51.5104, 3.5], [0.01249, 51.51018, 3.5], [0.01279, 51.50982, 3.6], [0.01307, 51.5095, 3.7], [0.01327, 51.50926, 3.7], [0.01347, 51.50903, 3.8], [0.01376, 51.50868, 3.8], [0.01393, 51.50847, 3.9], [0.01399, 51.50845, 3.9], [0.014, 51.50845, 3.9], [0.01402, 51.50843, 3.9], [0.01405, 51.5084, 3.9], [0.0141, 51.50835, 3.9], [0.01412, 51.50832, 3.9], [0.01424, 51.5082, 3.9], [0.01424, 51.5082, 3.9], [0.0143, 51.50816, 3.9], [0.0143, 51.50816, 3.9], [0.01432, 51.50815, 3.9], [0.01435, 51.50813, 3.9], [0.0144, 51.50812, 3.9], [0.01444, 51.50811, 4.0], [0.01452, 51.50811, 4.0], [0.01464, 51.50811, 4.0], [0.01471, 51.50811, 4.1], [0.01481, 51.50809, 4.1], [0.01525, 51.50812, 4.3], [0.01527, 51.50812, 4.3], [0.0154, 51.50813, 4.4], [0.01551, 51.50814, 4.4], [0.01567, 51.50815, 4.5], [0.0158, 51.50817, 4.6], [0.01585, 51.50818, 4.6], [0.01591, 51.50819, 4.7], [0.01594, 51.50821, 4.7], [0.01598, 51.50823, 4.8], [0.01606, 51.50828, 4.9], [0.01606, 51.50828, 4.9], [0.016049, 51.50836, 5.0], [0.016039, 51.50841, 4.9], [0.01603, 51.50842, 4.9], [0.01598, 51.50846, 4.8], [0.015949, 51.50848, 4.8], [0.01589, 51.50852, 4.8], [0.01581, 51.50856, 4.7], [0.015789, 51.50856, 4.7], [0.015689, 51.5086, 4.7], [0.01565, 51.50862, 4.7], [0.01556, 51.50865, 4.6], [0.0155, 51.50866, 4.6], [0.01523, 51.50871, 4.5], [0.01522, 51.50871, 4.5], [0.01514, 51.50872, 4.5], [0.01502, 51.50873, 4.5], [0.01491, 51.50874, 4.5], [0.01489, 51.50874, 4.5], [0.01479, 51.50874, 4.5], [0.01474, 51.50874, 4.5], [0.0147, 51.50874, 4.5], [0.01461, 51.50872, 4.5], [0.01457, 51.50871, 4.5], [0.01447, 51.50865, 4.5], [0.01447, 51.50865, 4.5], [0.01448, 51.50855, 4.4], [0.01448, 51.50852, 4.4], [0.01447, 51.50851, 4.4], [0.01447, 51.50851, 4.4], [0.01447, 51.50849, 4.4], [0.01446, 51.50846, 4.4], [0.01444, 51.50843, 4.4], [0.01442, 51.50839, 4.3], [0.01436, 51.50833, 4.2], [0.01428, 51.50829, 4.1], [0.01423, 51.50826, 4.1], [0.01414, 51.50823, 4.0], [0.01405, 51.5082, 3.9], [0.01396, 51.50818, 3.8], [0.01386, 51.50817, 3.8], [0.0136, 51.50815, 3.6], [0.01319, 51.50815, 4.0], [0.01265, 51.50816, 5.7], [0.01247, 51.50817, 6.3], [0.01241, 51.50817, 6.4], [0.01236, 51.50817, 6.5], [0.01232, 51.50818, 6.7], [0.01228, 51.5082, 6.8], [0.01224, 51.50821, 7.0], [0.01221, 51.50823, 7.2], [0.01217, 51.50824, 7.3], [0.01214, 51.50826, 7.5], [0.01211, 51.50828, 7.7], [0.01209, 51.5083, 7.8], [0.01207, 51.50832, 8.0], [0.01205, 51.50834, 8.1], [0.01204, 51.50837, 8.0], [0.01203, 51.50839, 8.0], [0.01202, 51.50841, 8.0], [0.01202, 51.50842, 7.9], [0.01201, 51.50843, 7.9], [0.01201, 51.50844, 7.9], [0.01201, 51.50845, 7.9], [0.01201, 51.50846, 7.8], [0.01201, 51.50848, 7.8], [0.01202, 51.50849, 7.7], [0.01205, 51.50856, 7.5], [0.01205, 51.50856, 7.5], [0.012041, 51.50866, 7.3], [0.012041, 51.50866, 7.3], [0.011987, 51.508815, 6.9], [0.011987, 51.508815, 6.9], [0.011842, 51.508924, 6.8], [0.011505, 51.509126, 6.1], [0.010945, 51.509318, 6.0], [0.010945, 51.509318, 6.0], [0.01043, 51.50947, 6.4], [0.01043, 51.50947, 6.4], [0.009807, 51.509655, 7.1], [0.009807, 51.509655, 7.1], [0.00911, 51.50983, 6.9], [0.00911, 51.50983, 6.9], [0.008391, 51.509965, 6.1], [0.008391, 51.509965, 6.1], [0.007554, 51.510064, 4.2], [0.007554, 51.510064, 4.2], [0.00668, 51.510132, 3.2], [0.00668, 51.510132, 3.2], [0.005897, 51.510154, 4.9], [0.005897, 51.510154, 4.9], [0.005092, 51.510109, 5.9], [0.005092, 51.510109, 5.9], [0.004421, 51.510057, 7.2], [0.004421, 51.510057, 7.2], [0.00366, 51.510052, 8.9], [0.00366, 51.510052, 8.9], [0.002823, 51.510114, 8.2], [0.002823, 51.510114, 8.2], [0.002115, 51.510216, 7.0], [0.002115, 51.510216, 7.0], [0.001605, 51.510364, 6.6], [0.00147, 51.51039, 6.8], [0.00142, 51.51039, 6.8], [0.00137, 51.51039, 6.9], [0.00131, 51.51039, 7.0], [0.00122, 51.51038, 7.1], [0.00122, 51.51038, 7.1], [0.00117, 51.51037, 7.2], [0.00115, 51.51036, 7.2], [0.00113, 51.51036, 7.2], [0.00111, 51.51035, 7.2], [0.00108, 51.51035, 7.3], [0.00106, 51.51034, 7.3], [0.00104, 51.51034, 7.3], [0.00096, 51.51033, 7.5], [0.00084, 51.51033, 7.6], [0.00079, 51.51033, 7.6], [0.00075, 51.51034, 7.6], [0.00071, 51.51035, 7.6], [0.00063, 51.51037, 7.6], [0.00063, 51.51037, 7.6], [0.00042, 51.51045, 7.5], [0.00042, 51.51045, 7.5], [0.00037, 51.51044, 7.5], [0.00032, 51.51043, 7.5], [0.00023, 51.51042, 7.5], [0.0001, 51.51042, 7.5], [0.0001, 51.51042, 7.5], [2e-05, 51.51041, 7.5], [-6e-05, 51.51041, 8.0], [-0.00017, 51.5104, 8.0], [-0.00027, 51.5104, 8.0], [-0.00033, 51.51039, 8.0], [-0.00049, 51.51038, 7.0], [-0.00049, 51.51038, 7.0], [-0.00051, 51.51037, 7.0], [-0.0006, 51.51036, 7.0], [-0.00067, 51.51035, 7.0], [-0.00086, 51.51033, 7.0], [-0.0009, 51.51032, 7.0], [-0.00095, 51.51031, 7.0], [-0.00099, 51.51031, 7.0], [-0.00114, 51.51028, 7.0], [-0.00122, 51.51026, 7.0], [-0.00123, 51.51026, 7.0], [-0.00134, 51.51023, 7.0], [-0.00141, 51.51022, 7.0], [-0.00147, 51.5102, 7.0], [-0.0015, 51.51019, 7.0], [-0.00155, 51.51018, 7.0], [-0.00158, 51.51017, 7.0], [-0.00161, 51.51016, 7.0], [-0.00171, 51.51012, 7.1], [-0.00173, 51.51012, 7.1], [-0.00173, 51.51012, 7.1], [-0.00175, 51.51011, 7.2], [-0.00179, 51.51009, 7.3], [-0.00194, 51.51003, 7.6], [-0.00203, 51.50999, 7.9], [-0.00206, 51.50997, 8.0], [-0.00209, 51.50996, 8.1], [-0.00213, 51.50995, 8.3], [-0.00224, 51.50992, 8.6], [-0.00224, 51.50992, 8.6], [-0.00248, 51.50976, 9.8], [-0.00253, 51.50972, 10.1], [-0.00258, 51.50968, 10.3], [-0.00258, 51.50968, 10.3], [-0.00259, 51.50967, 10.4], [-0.00262, 51.50965, 10.5], [-0.00267, 51.50961, 10.7], [-0.00283, 51.50947, 11.6], [-0.00285, 51.50946, 11.7], [-0.00299, 51.50933, 12.5], [-0.00315, 51.50918, 13.5], [-0.00319, 51.50914, 13.4], [-0.0033, 51.50903, 12.6], [-0.00331, 51.50903, 12.6], [-0.00333, 51.50901, 12.5], [-0.00333, 51.50901, 12.5], [-0.00336, 51.50899, 12.4], [-0.00341, 51.50894, 12.0], [-0.00351, 51.50885, 11.4], [-0.00356, 51.50882, 11.1], [-0.00369, 51.50871, 10.2], [-0.00375, 51.50867, 9.8], [-0.00392, 51.50856, 8.8], [-0.004028, 51.50849, 8.0], [-0.00406, 51.50847, 7.7], [-0.00408, 51.50846, 7.6], [-0.00411, 51.50844, 7.4], [-0.00414, 51.50843, 7.3], [-0.00416, 51.50843, 7.3], [-0.00418, 51.50842, 7.1], [-0.00419, 51.50842, 7.2], [-0.00422, 51.5084, 6.9], [-0.00425, 51.50839, 6.8], [-0.00431, 51.50836, 6.4], [-0.00448, 51.50828, 5.9], [-0.00452, 51.50826, 5.9], [-0.00459, 51.50823, 5.9], [-0.00466, 51.50819, 5.8], [-0.00481, 51.50813, 5.8], [-0.00494, 51.50807, 5.7], [-0.00501, 51.50804, 5.6], [-0.00509, 51.50801, 5.5], [-0.0051, 51.50801, 5.5], [-0.00517, 51.50799, 5.4], [-0.00526, 51.50796, 5.2], [-0.00536, 51.50793, 5.1], [-0.00541, 51.50792, 5.0], [-0.00556, 51.50787, 4.8], [-0.00564, 51.50785, 4.7], [-0.00573, 51.50783, 4.5], [-0.0059, 51.5078, 4.3], [-0.00591, 51.50779, 4.3], [-0.00606, 51.50776, 4.2], [-0.00614, 51.50775, 4.2], [-0.00617, 51.50774, 4.2], [-0.00645, 51.5077, 4.1], [-0.00647, 51.5077, 4.1], [-0.00655, 51.50769, 4.0], [-0.0067, 51.50767, 4.0], [-0.00673, 51.50767, 3.9], [-0.00675, 51.50767, 3.9], [-0.00732, 51.50761, 4.1], [-0.00743, 51.5076, 4.2], [-0.00772, 51.50757, 4.3], [-0.008, 51.50755, 4.4], [-0.00824, 51.50753, 4.5], [-0.00829, 51.50752, 4.6], [-0.00858, 51.5075, 4.7], [-0.00886, 51.50747, 4.8], [-0.00915, 51.50744, 5.0], [-0.00946, 51.50741, 5.1], [-0.00952, 51.50741, 5.1], [-0.0098, 51.50738, 5.3], [-0.01, 51.50736, 5.7], [-0.01038, 51.50733, 5.4], [-0.01058, 51.50731, 5.2], [-0.01075, 51.50729, 5.1], [-0.01081, 51.50729, 5.0], [-0.01086, 51.50728, 5.0], [-0.01132, 51.50724, 4.7], [-0.01172, 51.50721, 4.5], [-0.01208, 51.50719, 5.1], [-0.01261, 51.50716, 5.9], [-0.01292, 51.50714, 6.2], [-0.01305, 51.50714, 6.2], [-0.01315, 51.50713, 6.3], [-0.0134, 51.50712, 6.5], [-0.01368, 51.50712, 6.6], [-0.01397, 51.50712, 6.8], [-0.01415, 51.50712, 6.9], [-0.01472, 51.50713, 7.2], [-0.01512, 51.50715, 7.2], [-0.015424, 51.507166, 6.9], [-0.016131, 51.507212, 6.4], [-0.01651, 51.50724, 6.2], [-0.01651, 51.50724, 6.2], [-0.01674, 51.50727, 6.1], [-0.01679, 51.50728, 6.1], [-0.01742, 51.50736, 5.9], [-0.01742, 51.50736, 5.9], [-0.01798, 51.50744, 5.9], [-0.01803, 51.50745, 5.9], [-0.01817, 51.50747, 5.9], [-0.01831, 51.5075, 6.0], [-0.01831, 51.5075, 6.0], [-0.019463, 51.507722, 7.6], [-0.019463, 51.507722, 7.6], [-0.019796, 51.507837, 8.2], [-0.019796, 51.507837, 8.2], [-0.020246, 51.507962, 8.8], [-0.020246, 51.507962, 8.8], [-0.020772, 51.508124, 9.2], [-0.020772, 51.508124, 9.2], [-0.021405, 51.508269, 9.2], [-0.021405, 51.508269, 9.2], [-0.022306, 51.508431, 9.4], [-0.022306, 51.508431, 9.4], [-0.023159, 51.508633, 8.9], [-0.023159, 51.508633, 8.9], [-0.023926, 51.508799, 7.3], [-0.023926, 51.508799, 7.3], [-0.024457, 51.508887, 6.4], [-0.024457, 51.508887, 6.4], [-0.024806, 51.508895, 6.2], [-0.024806, 51.508895, 6.2], [-0.025171, 51.50889, 6.0], [-0.025171, 51.50889, 6.0], [-0.025525, 51.508839, 6.0], [-0.025525, 51.508839, 6.0], [-0.0259, 51.508747, 6.0], [-0.0259, 51.508747, 6.0], [-0.026228, 51.508632, 6.0], [-0.026228, 51.508632, 6.0], [-0.026555, 51.508486, 6.0], [-0.026555, 51.508486, 6.0], [-0.026893, 51.508304, 5.5], [-0.026893, 51.508304, 5.5], [-0.027376, 51.508086, 5.4], [-0.027376, 51.508086, 5.4], [-0.027896, 51.507847, 6.1], [-0.027896, 51.507847, 6.1], [-0.028298, 51.507738, 6.6], [-0.028298, 51.507738, 6.6], [-0.028754, 51.507653, 7.7], [-0.028754, 51.507653, 7.7], [-0.029221, 51.507602, 8.5], [-0.029221, 51.507602, 8.5], [-0.029757, 51.507593, 8.7], [-0.029757, 51.507593, 8.7], [-0.030229, 51.507638, 9.0], [-0.030229, 51.507638, 9.0], [-0.030685, 51.507727, 9.5], [-0.030685, 51.507727, 9.5], [-0.031147, 51.507862, 9.9], [-0.031147, 51.507862, 9.9], [-0.031419, 51.508011, 10.1], [-0.031721, 51.508233, 10.0], [-0.032051, 51.508515, 8.4], [-0.032051, 51.508515, 8.4], [-0.032354, 51.50884, 6.7], [-0.032354, 51.50884, 6.7], [-0.032729, 51.509276, 6.2], [-0.032729, 51.509276, 6.2], [-0.03304, 51.509798, 6.2], [-0.03304, 51.509798, 6.2], [-0.033362, 51.510314, 6.4], [-0.033362, 51.510314, 6.4], [-0.033598, 51.510623, 6.9], [-0.033598, 51.510623, 6.9], [-0.033899, 51.510942, 7.1], [-0.033899, 51.510942, 7.1], [-0.034306, 51.511181, 6.9], [-0.034306, 51.511181, 6.9], [-0.034682, 51.511369, 6.6], [-0.034682, 51.511369, 6.6], [-0.035111, 51.511535, 6.2], [-0.035111, 51.511535, 6.2], [-0.035835, 51.511703, 7.0], [-0.035835, 51.511703, 7.0], [-0.036356, 51.511722, 7.0], [-0.036356, 51.511722, 7.0], [-0.036935, 51.51175, 6.9], [-0.036935, 51.51175, 6.9], [-0.037278, 51.511728, 7.0], [-0.037278, 51.511728, 7.0], [-0.037777, 51.511643, 7.0], [-0.037777, 51.511643, 7.0], [-0.038271, 51.511518, 7.3], [-0.038271, 51.511518, 7.3], [-0.038625, 51.511386, 8.3], [-0.038625, 51.511386, 8.3], [-0.039059, 51.511207, 9.4], [-0.039059, 51.511207, 9.4], [-0.039547, 51.510989, 9.9], [-0.039547, 51.510989, 9.9], [-0.040127, 51.510773, 9.9], [-0.040127, 51.510773, 9.9], [-0.040572, 51.510682, 9.8], [-0.040572, 51.510682, 9.8], [-0.041141, 51.510596, 9.7], [-0.041141, 51.510596, 9.7], [-0.041731, 51.510565, 9.8], [-0.041731, 51.510565, 9.8], [-0.04231, 51.510506, 10.4], [-0.04231, 51.510506, 10.4], [-0.0429, 51.510428, 10.7], [-0.04321, 51.51038, 10.9], [-0.04336, 51.51036, 11.0], [-0.04375, 51.51032, 10.5], [-0.04396, 51.51031, 10.2], [-0.04403, 51.5103, 10.2], [-0.04403, 51.5103, 10.2], [-0.04407, 51.5103, 10.1], [-0.04439, 51.51029, 10.0], [-0.0445, 51.51028, 10.0], [-0.04482, 51.51026, 10.0], [-0.04534, 51.51023, 10.9], [-0.04555, 51.51022, 11.5], [-0.04565, 51.5102, 11.7], [-0.04573, 51.51019, 12.0], [-0.04598, 51.51014, 12.4], [-0.04599, 51.51014, 12.4], [-0.04599, 51.51014, 12.4], [-0.04606, 51.51014, 12.5], [-0.04615, 51.51014, 12.6], [-0.04617, 51.51014, 12.6], [-0.04621, 51.51012, 12.7], [-0.04629, 51.5101, 12.7], [-0.04639, 51.51007, 12.8], [-0.04649, 51.51003, 12.9], [-0.04662, 51.51, 12.9], [-0.04668, 51.50998, 12.9], [-0.04674, 51.50997, 12.8], [-0.04682, 51.50994, 12.6], [-0.04683, 51.50994, 12.6], [-0.047, 51.50989, 12.2], [-0.04711, 51.50988, 12.0], [-0.04726, 51.50985, 11.6], [-0.04735, 51.50984, 11.4], [-0.04736, 51.50984, 11.4], [-0.04738, 51.50982, 11.3], [-0.04746, 51.50979, 11.1], [-0.04747, 51.50978, 11.0], [-0.04748, 51.50978, 11.0], [-0.04753, 51.50978, 10.9], [-0.04763, 51.50977, 10.7], [-0.04773, 51.50976, 10.5], [-0.04779, 51.50976, 10.4], [-0.0478, 51.50977, 10.4], [-0.04782, 51.50977, 10.4], [-0.04784, 51.50977, 10.4], [-0.04791, 51.50979, 10.4], [-0.04801, 51.50979, 10.2], [-0.04807, 51.50979, 10.1], [-0.04807, 51.50979, 10.1], [-0.04829, 51.5098, 9.9], [-0.04847, 51.5098, 9.9], [-0.04884, 51.5098, 10.3], [-0.04899, 51.5098, 10.4], [-0.04905, 51.5098, 10.5], [-0.04938, 51.5098, 10.8], [-0.04986, 51.5098, 11.2], [-0.05028, 51.50978, 11.6], [-0.05028, 51.50978, 11.6], [-0.05033, 51.50978, 11.7], [-0.05057, 51.50977, 11.9], [-0.05065, 51.50977, 12.1], [-0.05127, 51.50975, 12.5], [-0.05224, 51.50972, 12.2], [-0.05248, 51.50971, 12.0], [-0.05271, 51.5097, 11.8], [-0.05271, 51.5097, 11.8], [-0.05277, 51.5097, 11.7], [-0.05306, 51.50969, 11.5], [-0.05332, 51.50968, 11.2], [-0.05345, 51.50968, 11.1], [-0.05399, 51.50965, 10.4], [-0.0543, 51.50964, 10.1], [-0.05438, 51.50964, 10.0], [-0.05447, 51.50964, 10.0], [-0.0546, 51.50964, 9.9], [-0.05473, 51.50963, 9.8], [-0.05487, 51.50963, 9.7], [-0.05493, 51.50963, 9.7], [-0.05493, 51.50963, 9.7], [-0.05497, 51.50963, 9.7], [-0.05505, 51.50963, 9.7], [-0.05515, 51.50963, 9.8], [-0.05525, 51.50963, 9.8], [-0.05555, 51.50964, 10.1], [-0.0557, 51.50965, 10.2], [-0.05584, 51.50967, 10.4], [-0.05606, 51.50968, 10.6], [-0.05608, 51.50969, 10.7], [-0.05651, 51.50972, 11.2], [-0.05668, 51.50972, 11.3], [-0.05668, 51.50972, 11.3], [-0.05677, 51.50972, 11.4], [-0.05693, 51.50973, 11.7], [-0.05737, 51.50973, 12.2], [-0.05758, 51.50972, 12.4], [-0.05778, 51.5097, 12.4], [-0.05795, 51.50969, 12.5], [-0.05821, 51.50966, 12.5], [-0.05823, 51.50966, 12.5], [-0.05826, 51.50966, 12.5], [-0.05826, 51.50966, 12.5], [-0.05841, 51.50964, 12.5], [-0.0588, 51.50961, 13.0], [-0.05889, 51.5096, 13.1], [-0.05923, 51.50957, 13.5], [-0.05941, 51.50955, 13.5], [-0.05968, 51.50952, 13.5], [-0.05985, 51.50951, 13.5], [-0.05985, 51.50951, 13.5], [-0.05988, 51.50951, 13.6], [-0.06016, 51.50948, 13.2], [-0.0603, 51.50946, 12.8], [-0.06048, 51.50944, 12.3], [-0.06064, 51.50943, 12.0], [-0.06076, 51.50942, 11.7], [-0.06084, 51.50941, 11.5], [-0.06098, 51.5094, 11.2], [-0.06113, 51.50938, 10.9], [-0.06122, 51.50938, 10.8], [-0.06145, 51.50936, 10.4], [-0.06145, 51.50936, 10.4], [-0.06146, 51.50936, 10.4], [-0.06147, 51.50936, 10.4], [-0.06162, 51.50936, 10.2], [-0.06166, 51.50936, 10.2], [-0.06195, 51.50936, 11.3], [-0.06207, 51.50935, 11.7], [-0.06253, 51.50934, 13.5], [-0.06256, 51.50934, 13.6], [-0.06302, 51.50932, 15.0], [-0.0631, 51.50932, 15.3], [-0.0631, 51.50932, 15.3], [-0.063159, 51.50933, 15.5], [-0.06349, 51.50933, 15.8], [-0.06389, 51.50932, 15.2], [-0.063977, 51.50931, 15.1], [-0.06418, 51.50931, 14.8], [-0.06446, 51.50931, 14.8], [-0.06462, 51.50931, 14.7], [-0.06472, 51.50931, 14.7], [-0.06472, 51.50931, 14.7], [-0.064977, 51.50932, 14.6], [-0.06519, 51.50932, 14.3], [-0.065268, 51.50932, 14.2], [-0.06528, 51.50933, 14.1], [-0.06543, 51.50933, 13.9], [-0.06554, 51.50933, 13.7], [-0.06578, 51.50935, 13.3], [-0.06592, 51.50936, 13.2], [-0.06605, 51.50936, 13.0], [-0.06608, 51.50936, 13.0], [-0.06611, 51.50936, 13.0], [-0.0662, 51.50936, 12.9], [-0.06629, 51.50936, 12.8], [-0.06629, 51.50936, 12.8], [-0.0663, 51.50936, 12.8], [-0.06638, 51.50935, 12.7], [-0.06646, 51.50935, 12.6], [-0.06656, 51.50934, 12.5], [-0.06664, 51.50933, 12.4], [-0.0667, 51.50932, 12.5], [-0.06674, 51.50931, 12.6], [-0.06678, 51.50931, 12.7], [-0.06689, 51.50928, 13.0], [-0.06697, 51.50927, 13.3], [-0.06722, 51.5092, 14.0], [-0.06746, 51.50914, 14.8], [-0.06752, 51.50913, 15.0], [-0.0676, 51.5091, 15.2], [-0.0677, 51.50906, 15.3], [-0.0678, 51.50903, 15.5], [-0.0678, 51.50903, 15.5], [-0.06784, 51.50902, 15.6], [-0.06796, 51.50898, 15.8], [-0.06821, 51.50891, 16.1], [-0.06826, 51.50889, 16.2], [-0.06845, 51.50883, 16.1], [-0.06883, 51.50871, 15.6], [-0.06895, 51.50868, 15.5], [-0.0691, 51.50864, 15.4], [-0.06916, 51.50862, 15.3], [-0.0692, 51.50861, 15.3], [-0.06932, 51.50859, 15.3], [-0.06937, 51.50858, 15.2], [-0.06937, 51.50858, 15.2], [-0.06941, 51.50857, 15.2], [-0.06942, 51.50857, 15.2], [-0.06952, 51.50859, 15.2], [-0.06953, 51.50858, 15.2], [-0.06961, 51.50855, 15.1], [-0.06983, 51.5085, 15.0], [-0.07019, 51.50845, 14.9], [-0.07022, 51.50845, 14.9], [-0.0704, 51.50843, 14.8], [-0.07062, 51.50839, 14.5], [-0.07079, 51.50837, 14.3], [-0.0709, 51.50835, 14.1], [-0.07097, 51.50834, 14.0], [-0.07101, 51.50833, 14.0], [-0.07111, 51.50832, 14.0], [-0.07115, 51.50832, 14.0], [-0.07121, 51.50832, 14.0], [-0.07124, 51.50832, 14.0], [-0.07124, 51.50832, 14.0], [-0.07128, 51.50832, 14.0], [-0.07137, 51.50833, 14.0], [-0.0714, 51.50833, 14.0], [-0.07144, 51.50834, 14.1], [-0.07157, 51.50836, 14.2], [-0.07172, 51.50839, 14.5], [-0.07199, 51.50847, 14.7], [-0.07236, 51.5086, 14.9], [-0.0727, 51.50872, 14.7], [-0.07288, 51.50878, 14.3], [-0.07296, 51.5088, 14.2], [-0.07304, 51.50883, 14.0], [-0.07306, 51.50883, 14.0], [-0.07306, 51.50883, 14.0], [-0.0732, 51.50889, 13.7], [-0.07327, 51.50893, 13.5], [-0.07329, 51.50893, 13.5], [-0.07332, 51.50894, 13.5], [-0.07334, 51.50895, 13.5], [-0.07336, 51.50896, 13.5], [-0.07338, 51.50897, 13.5], [-0.07341, 51.50898, 13.4], [-0.07348, 51.50902, 13.4], [-0.07348, 51.50902, 13.4], [-0.07353, 51.50906, 13.4], [-0.07369, 51.50919, 13.5], [-0.07385, 51.5093, 14.5], [-0.07385, 51.5093, 14.5], [-0.07416, 51.50957, 17.3], [-0.07416, 51.50957, 17.3], [-0.07426, 51.5096, 17.6], [-0.07426, 51.5096, 17.6], [-0.07427, 51.50961, 17.7], [-0.07434, 51.50964, 18.0], [-0.07442, 51.50968, 18.4], [-0.07447, 51.5097, 18.5], [-0.07457, 51.50975, 19.1], [-0.07459, 51.50976, 19.2], [-0.07462, 51.50977, 19.3], [-0.07465, 51.50978, 19.4], [-0.07467, 51.50978, 19.3], [-0.07472, 51.50979, 19.4], [-0.07478, 51.5098, 19.4], [-0.07483, 51.50981, 19.5], [-0.0749, 51.50982, 19.6], [-0.0749, 51.50982, 19.6], [-0.07522, 51.50974, 18.0], [-0.07528, 51.50973, 17.8], [-0.07528, 51.50973, 17.8], [-0.0754, 51.5097, 17.2], [-0.07546, 51.50969, 17.0], [-0.07557, 51.50968, 16.8], [-0.0757, 51.50965, 16.3], [-0.0759, 51.5096, 15.8], [-0.07601, 51.50958, 15.5], [-0.07612, 51.50955, 15.3], [-0.07617, 51.50955, 15.2], [-0.0763, 51.50954, 14.9], [-0.07642, 51.50953, 14.6], [-0.07651, 51.50952, 14.5], [-0.07651, 51.50952, 14.5], [-0.07653, 51.50952, 14.5], [-0.07665, 51.50951, 14.3], [-0.07672, 51.50951, 14.5], [-0.07685, 51.5095, 14.9], [-0.07689, 51.50949, 15.0], [-0.07701, 51.50949, 15.5], [-0.07717, 51.50948, 16.0], [-0.07745, 51.50946, 17.0], [-0.07764, 51.50945, 17.6], [-0.07778, 51.50944, 18.0], [-0.07781, 51.50944, 18.1], [-0.07784, 51.50944, 18.2], [-0.07786, 51.50944, 18.2], [-0.07789, 51.50944, 18.4], [-0.07792, 51.50944, 18.5], [-0.07798, 51.50944, 18.7], [-0.07802, 51.50945, 18.9], [-0.07834, 51.50951, 20.7], [-0.07834, 51.50951, 20.7], [-0.07845, 51.50954, 21.0], [-0.07849, 51.50954, 21.0], [-0.07852, 51.50955, 21.1], [-0.07857, 51.50955, 21.1], [-0.07867, 51.50956, 21.2], [-0.0788, 51.50957, 21.4], [-0.07904, 51.50959, 21.6], [-0.07905, 51.50959, 21.6], [-0.07921, 51.5096, 21.7], [-0.07929, 51.50961, 21.8], [-0.07937, 51.50962, 21.9], [-0.07944, 51.50962, 21.9], [-0.07953, 51.50963, 22.0], [-0.07953, 51.50963, 22.0], [-0.07983, 51.50956, 21.2], [-0.07991, 51.50954, 21.0], [-0.08, 51.50951, 20.7], [-0.08, 51.50951, 20.7], [-0.08008, 51.50949, 20.6], [-0.08025, 51.50943, 20.1], [-0.08029, 51.50941, 20.0], [-0.08057, 51.5093, 19.1], [-0.08074, 51.50923, 18.6], [-0.08078, 51.50921, 18.4], [-0.08084, 51.50919, 18.3], [-0.08088, 51.50917, 18.1], [-0.08103, 51.50913, 17.8], [-0.08113, 51.50911, 17.7], [-0.08113, 51.50911, 17.7], [-0.08121, 51.5091, 17.7], [-0.08138, 51.50907, 17.4], [-0.08147, 51.50906, 17.3], [-0.08165, 51.50904, 17.2], [-0.0817, 51.50904, 17.2], [-0.08182, 51.50903, 17.0], [-0.08193, 51.50902, 16.8], [-0.08193, 51.50902, 16.8], [-0.08198, 51.50902, 16.8], [-0.08213, 51.50903, 16.9], [-0.08223, 51.50904, 17.0], [-0.08231, 51.50905, 17.1], [-0.08273, 51.50909, 17.7], [-0.0832, 51.50915, 18.7], [-0.08327, 51.50916, 18.9], [-0.08344, 51.50917, 19.2], [-0.08353, 51.50918, 19.3], [-0.08404, 51.50924, 20.5], [-0.08404, 51.50924, 20.5], [-0.08431, 51.50928, 21.0], [-0.08449, 51.5093, 21.2], [-0.08517, 51.50938, 22.4], [-0.08567, 51.50944, 24.0], [-0.08579, 51.50946, 24.4], [-0.08618, 51.50951, 25.3], [-0.08618, 51.50951, 25.3], [-0.08643, 51.50955, 25.9], [-0.0869, 51.50961, 25.4], [-0.08715, 51.50965, 25.2], [-0.08722, 51.50966, 25.2], [-0.08739, 51.50969, 25.0], [-0.08802, 51.50978, 24.5], [-0.08816, 51.5098, 24.3], [-0.08821, 51.50981, 24.3], [-0.08821, 51.50981, 24.3], [-0.08828, 51.50982, 24.2], [-0.0884, 51.50984, 24.5], [-0.08856, 51.50987, 25.3], [-0.08908, 51.51001, 28.7], [-0.08926, 51.51006, 29.1], [-0.08938, 51.51009, 29.3], [-0.08971, 51.51019, 29.8], [-0.08986, 51.51023, 29.9], [-0.08986, 51.51023, 29.9], [-0.09007, 51.51028, 29.6], [-0.09027, 51.51032, 28.4], [-0.09064, 51.51038, 26.1], [-0.09102, 51.51044, 23.9], [-0.09113, 51.51046, 23.3], [-0.09123, 51.51048, 22.7], [-0.09138, 51.5105, 21.9], [-0.09138, 51.5105, 21.9], [-0.09201, 51.51063, 20.2], [-0.09204, 51.51063, 20.1], [-0.09221, 51.51066, 20.2], [-0.09248, 51.51071, 20.4], [-0.09274, 51.51076, 20.5], [-0.09296, 51.5108, 20.8], [-0.0931, 51.51083, 21.0], [-0.09325, 51.51085, 21.1], [-0.09371, 51.51091, 20.0], [-0.09394, 51.51094, 19.4], [-0.09407, 51.51096, 19.1], [-0.09444, 51.51101, 18.2], [-0.09444, 51.51101, 18.2], [-0.09454, 51.51102, 18.0], [-0.09486, 51.51106, 17.3], [-0.09497, 51.51107, 17.1], [-0.09507, 51.51108, 17.1], [-0.09539, 51.5111, 17.4], [-0.09566, 51.51111, 17.6], [-0.09566, 51.51111, 17.6], [-0.09569, 51.51111, 17.6], [-0.09583, 51.51112, 17.7], [-0.09596, 51.51112, 17.7], [-0.09598, 51.51112, 17.7], [-0.09623, 51.51113, 17.6], [-0.09669, 51.51114, 17.4], [-0.09669, 51.51114, 17.4], [-0.09682, 51.51114, 17.2], [-0.09776, 51.51117, 16.6], [-0.09797, 51.51117, 16.5], [-0.09813, 51.51118, 16.4], [-0.09813, 51.51118, 16.4], [-0.09854, 51.51119, 16.2], [-0.09886, 51.5112, 16.0], [-0.09925, 51.51121, 15.8], [-0.09925, 51.51121, 15.8], [-0.0994, 51.51121, 15.7], [-0.0999, 51.51122, 15.4], [-0.10006, 51.51122, 15.3], [-0.1002, 51.51122, 15.2], [-0.10027, 51.51122, 15.2], [-0.10034, 51.51121, 15.2], [-0.10034, 51.51121, 15.2], [-0.1006, 51.51119, 14.7], [-0.10088, 51.51116, 14.2], [-0.10116, 51.51112, 13.7], [-0.10116, 51.51112, 13.7], [-0.10145, 51.51108, 13.2], [-0.10172, 51.51103, 12.7], [-0.10194, 51.511, 12.3], [-0.10199, 51.511, 12.3], [-0.10199, 51.511, 12.3], [-0.10204, 51.51099, 12.1], [-0.10211, 51.51098, 11.9], [-0.10236, 51.51097, 11.2], [-0.10258, 51.51097, 10.6], [-0.10267, 51.51097, 10.4], [-0.10278, 51.51097, 10.1], [-0.10278, 51.51097, 10.1], [-0.10284, 51.51097, 9.9], [-0.10309, 51.51097, 9.3], [-0.10318, 51.51097, 9.1], [-0.10321, 51.51097, 9.0], [-0.10337, 51.51097, 8.7], [-0.10348, 51.51098, 9.0], [-0.10352, 51.51098, 9.1], [-0.10366, 51.51099, 9.4], [-0.10366, 51.51099, 9.4], [-0.10383, 51.51099, 9.8], [-0.10413, 51.51099, 10.2], [-0.10442, 51.511, 10.6], [-0.10453, 51.511, 10.7], [-0.10482, 51.511, 11.2], [-0.10482, 51.511, 11.2], [-0.10502, 51.511, 11.5], [-0.10533, 51.511, 12.3], [-0.1057, 51.51101, 13.4], [-0.10593, 51.51101, 13.9], [-0.10611, 51.51101, 14.2], [-0.10647, 51.51101, 14.9], [-0.10662, 51.51101, 15.2], [-0.10662, 51.51101, 15.2], [-0.10669, 51.51101, 15.2], [-0.10701, 51.51101, 14.1], [-0.10724, 51.51101, 13.4], [-0.10763, 51.51102, 12.2], [-0.10798, 51.51102, 11.1], [-0.10823, 51.51103, 10.4], [-0.10845, 51.51103, 10.0], [-0.10845, 51.51103, 10.0], [-0.10884, 51.51104, 9.8], [-0.10894, 51.51104, 9.7], [-0.10904, 51.51107, 9.8], [-0.10918, 51.51107, 9.7], [-0.10989, 51.51106, 8.9], [-0.11027, 51.51106, 10.0], [-0.11027, 51.51106, 10.0], [-0.11073, 51.51106, 12.1], [-0.11128, 51.51105, 14.4], [-0.11137, 51.51105, 14.8], [-0.11175, 51.51105, 16.0], [-0.11202, 51.51104, 16.1], [-0.11218, 51.51103, 16.1], [-0.11228, 51.51102, 16.1], [-0.11228, 51.51102, 16.1], [-0.1124, 51.51101, 16.1], [-0.11252, 51.511, 16.0], [-0.11321, 51.51094, 16.1], [-0.11344, 51.51091, 16.1], [-0.11393, 51.51085, 16.6], [-0.11405, 51.51083, 16.7], [-0.11423, 51.51081, 16.8], [-0.11423, 51.51081, 16.8], [-0.11509, 51.51068, 17.1], [-0.1151, 51.51066, 17.0], [-0.11512, 51.51065, 17.0], [-0.11514, 51.51064, 16.9], [-0.1152, 51.51062, 16.9], [-0.11531, 51.5106, 17.1], [-0.1155, 51.51058, 17.4], [-0.11553, 51.51058, 17.4], [-0.11556, 51.51059, 17.6], [-0.1156, 51.5106, 17.8], [-0.11588, 51.51053, 17.9], [-0.11605, 51.51048, 17.9], [-0.11605, 51.51048, 17.9], [-0.1165, 51.51038, 17.9], [-0.11662, 51.51035, 17.9], [-0.11681, 51.5103, 17.8], [-0.11718, 51.5102, 17.6], [-0.1172, 51.5102, 17.6], [-0.1177, 51.51005, 16.6], [-0.11782, 51.50998, 15.8], [-0.11782, 51.50998, 15.8], [-0.11823, 51.50984, 14.4], [-0.11852, 51.50974, 14.7], [-0.11862, 51.50969, 14.8], [-0.11885, 51.5096, 15.3], [-0.11893, 51.50956, 15.3], [-0.11928, 51.5094, 15.3], [-0.11928, 51.5094, 15.3], [-0.11935, 51.50936, 15.1], [-0.11962, 51.50921, 14.2], [-0.11972, 51.50916, 14.0], [-0.11982, 51.5091, 14.0], [-0.12004, 51.50896, 14.3], [-0.12019, 51.50885, 15.0], [-0.12036, 51.50873, 15.5], [-0.12036, 51.50873, 15.5], [-0.12047, 51.50865, 15.6], [-0.12054, 51.5086, 15.7], [-0.12069, 51.50846, 15.4], [-0.12091, 51.50826, 14.4], [-0.12103, 51.50814, 13.3], [-0.12108, 51.50808, 12.8], [-0.12108, 51.50808, 12.8], [-0.12111, 51.50805, 12.5], [-0.1212, 51.50795, 11.5], [-0.12131, 51.50782, 10.2], [-0.12148, 51.50763, 8.2], [-0.12164, 51.50743, 6.6], [-0.12169, 51.50736, 6.6], [-0.12169, 51.50736, 6.6], [-0.12181, 51.5072, 7.2], [-0.12192, 51.50704, 7.9], [-0.12217, 51.50672, 9.8], [-0.12233, 51.50653, 11.6], [-0.12238, 51.50646, 12.3], [-0.12242, 51.5064, 12.8], [-0.12246, 51.50634, 13.4], [-0.12251, 51.50627, 14.1], [-0.12259, 51.50614, 15.1], [-0.12278, 51.50584, 17.4], [-0.12282, 51.50577, 17.6], [-0.12283, 51.50575, 17.6], [-0.12289, 51.50561, 17.6], [-0.12297, 51.50538, 17.4], [-0.12298, 51.50537, 17.4], [-0.12302, 51.5052, 17.0], [-0.12304, 51.50517, 17.1], [-0.12304, 51.50515, 17.0], [-0.12307, 51.50503, 16.6], [-0.12308, 51.50498, 16.5], [-0.12312, 51.50483, 16.6], [-0.12318, 51.50463, 16.7], [-0.12319, 51.50453, 16.6], [-0.12325, 51.50444, 16.9], [-0.1233, 51.50432, 17.1], [-0.12333, 51.50425, 17.2], [-0.12335, 51.50417, 17.0], [-0.12335, 51.50416, 17.0], [-0.1236, 51.50336, 11.8], [-0.1236, 51.50336, 11.8], [-0.1236, 51.50335, 11.7], [-0.12364, 51.50321, 11.8], [-0.12367, 51.50313, 12.0], [-0.12372, 51.50292, 12.2], [-0.12375, 51.50281, 12.3], [-0.12379, 51.50262, 12.5], [-0.12383, 51.50247, 12.5], [-0.12393, 51.50208, 11.5], [-0.12394, 51.50203, 11.4], [-0.124, 51.50174, 11.0], [-0.124, 51.50169, 10.9], [-0.12402, 51.50149, 11.2], [-0.124, 51.50116, 11.5], [-0.124, 51.50104, 11.7], [-0.124, 51.50104, 11.7], [-0.124032, 51.500972, 12.0], [-0.124032, 51.500972, 12.0], [-0.124525, 51.500967, 14.6], [-0.12452, 51.50097, 14.6], [-0.12481, 51.50098, 16.0], [-0.125129, 51.50098, 16.9], [-0.125489, 51.50099, 16.7], [-0.12556, 51.50099, 16.7], [-0.12583, 51.501, 16.6], [-0.126129, 51.50101, 16.7], [-0.12641, 51.50102, 16.8], [-0.126679, 51.50103, 17.0], [-0.12675, 51.50104, 17.1], [-0.126849, 51.50104, 17.3], [-0.12706, 51.50105, 17.6], [-0.12706, 51.50105, 17.6], [-0.127179, 51.50108, 17.9], [-0.1273, 51.50111, 18.1], [-0.12745, 51.50112, 18.3], [-0.12753, 51.50113, 18.4], [-0.127599, 51.50114, 18.5], [-0.1277, 51.50114, 18.7], [-0.12787, 51.50115, 18.9], [-0.12809, 51.50117, 19.2], [-0.12845, 51.5012, 19.4], [-0.128539, 51.5012, 19.2], [-0.12863, 51.50121, 19.0], [-0.12874, 51.50122, 18.8], [-0.12903, 51.50124, 18.3], [-0.12911, 51.50124, 18.1], [-0.12931, 51.50126, 17.7], [-0.12955, 51.50127, 17.3], [-0.12955, 51.50127, 17.3], [-0.129709, 51.50128, 16.9], [-0.12987, 51.50129, 16.6], [-0.12997, 51.5013, 16.4], [-0.13017, 51.5013, 15.9], [-0.130179, 51.5013, 15.9], [-0.13039, 51.50129, 15.4], [-0.13055, 51.50129, 15.0], [-0.13066, 51.50128, 14.8], [-0.13073, 51.50128, 14.6], [-0.13074, 51.50128, 14.6], [-0.13172, 51.50117, 13.7], [-0.13184, 51.50116, 13.6], [-0.1322, 51.50112, 13.3], [-0.13386, 51.50095, 12.4], [-0.1349, 51.50084, 12.0], [-0.13586, 51.50075, 12.3], [-0.13587, 51.50074, 12.3], [-0.13607, 51.50073, 12.4], [-0.1363, 51.5007, 12.5], [-0.13668, 51.50065, 12.7], [-0.13839, 51.50047, 12.9], [-0.13841, 51.50047, 12.9], [-0.1387, 51.50044, 12.6], [-0.1387, 51.50044, 12.6], [-0.1388, 51.50044, 12.4], [-0.13893, 51.50045, 12.3], [-0.13896, 51.50045, 12.2], [-0.13899, 51.50045, 12.2], [-0.13901, 51.50045, 12.2], [-0.13905, 51.50046, 12.1], [-0.13907, 51.50047, 12.1], [-0.13909, 51.50048, 12.1], [-0.13911, 51.50049, 12.1], [-0.13913, 51.50049, 12.0], [-0.13915, 51.5005, 12.0], [-0.13918, 51.50052, 12.0], [-0.13919, 51.50052, 12.0], [-0.1393, 51.50061, 11.8], [-0.13958, 51.50091, 11.3], [-0.13978, 51.50107, 10.6], [-0.13989, 51.50119, 10.2], [-0.13992, 51.50122, 10.1], [-0.13999, 51.50131, 9.9], [-0.14006, 51.50142, 9.7], [-0.14008, 51.50144, 9.7], [-0.14009, 51.50146, 9.6], [-0.1401, 51.50147, 9.6], [-0.14011, 51.50148, 9.6], [-0.14011, 51.5015, 9.6], [-0.1401, 51.50152, 9.5], [-0.1401, 51.50154, 9.4], [-0.1401, 51.50156, 9.4], [-0.14009, 51.5016, 9.3], [-0.14006, 51.50167, 9.1], [-0.14005, 51.50172, 9.3], [-0.14003, 51.50176, 9.5], [-0.14002, 51.50178, 9.6], [-0.14002, 51.5018, 9.7], [-0.14001, 51.50182, 9.7], [-0.14001, 51.50184, 9.8], [-0.14001, 51.50187, 10.0], [-0.14001, 51.5019, 10.1], [-0.14001, 51.50194, 10.3], [-0.14003, 51.50198, 10.5], [-0.14005, 51.50202, 10.7], [-0.14009, 51.50207, 10.9], [-0.14009, 51.50207, 10.9], [-0.13982, 51.50217, 11.5], [-0.13953, 51.50229, 12.4], [-0.13941, 51.50234, 12.8], [-0.13939, 51.50235, 12.9], [-0.13913, 51.50246, 13.8], [-0.13864, 51.50265, 14.9], [-0.13806, 51.50289, 15.2]]}, "properties": {"name": "RL2025 TH Op3"}}]}