{"type": "FeatureCollection", "features": [{"type": "Feature", "geometry": {"type": "LineString", "coordinates": [[-0.2829, 51.44931, 42.3], [-0.28355, 51.44908, 43.7], [-0.28378, 51.44901, 44.4], [-0.28418, 51.44892, 45.6], [-0.28431, 51.4489, 46.0], [-0.28438, 51.44888, 46.3], [-0.28469, 51.44883, 47.3], [-0.28499, 51.4488, 48.3], [-0.28521, 51.44878, 48.5], [-0.2855, 51.44877, 48.7], [-0.28608, 51.44875, 49.0], [-0.28637, 51.44875, 49.0], [-0.28638, 51.44874, 49.1], [-0.28705, 51.44873, 49.4], [-0.28721, 51.44873, 49.5], [-0.28736, 51.44873, 49.6], [-0.28763, 51.44873, 49.7], [-0.28778, 51.44874, 49.6], [-0.28788, 51.44874, 49.6], [-0.28826, 51.44876, 49.4], [-0.28846, 51.44877, 49.5], [-0.28868, 51.44879, 49.6], [-0.28893, 51.44881, 49.7], [-0.28899, 51.44881, 49.8], [-0.28906, 51.44882, 49.8], [-0.28924, 51.44884, 49.8], [-0.28935, 51.44884, 49.9], [-0.28951, 51.44886, 49.8], [-0.28963, 51.44887, 49.8], [-0.28999, 51.44891, 49.8], [-0.29027, 51.44894, 50.5], [-0.29077, 51.44901, 51.7], [-0.29086, 51.44902, 51.9], [-0.29105, 51.44905, 52.2], [-0.2912, 51.44907, 52.5], [-0.29133, 51.44909, 52.7], [-0.2915, 51.44911, 52.9], [-0.29182, 51.44916, 53.4], [-0.29189, 51.44917, 53.5], [-0.29211, 51.44921, 54.0], [-0.29217, 51.44922, 54.1], [-0.2923, 51.44925, 54.4], [-0.29244, 51.44927, 54.7], [-0.2928, 51.44934, 55.2], [-0.293, 51.44938, 55.3], [-0.29327, 51.44943, 55.6], [-0.29339, 51.44946, 55.5], [-0.29348, 51.44947, 55.2], [-0.29437, 51.44966, 52.4], [-0.29464, 51.44972, 51.7], [-0.29475, 51.44974, 51.4], [-0.29492, 51.44977, 51.0], [-0.29506, 51.44979, 50.6], [-0.29513, 51.44979, 50.5], [-0.29513, 51.44979, 50.5], [-0.29532, 51.44978, 50.1], [-0.29532, 51.44978, 50.1], [-0.29532, 51.44977, 50.1], [-0.29533, 51.44977, 50.1], [-0.29533, 51.44976, 50.1], [-0.29534, 51.44976, 50.1], [-0.29535, 51.44976, 50.1], [-0.29537, 51.4496, 50.4], [-0.2953, 51.44943, 51.0], [-0.29527, 51.44937, 51.2], [-0.29526, 51.44936, 51.3], [-0.29504, 51.44898, 53.2], [-0.2949, 51.44872, 54.1], [-0.29489, 51.44869, 54.2], [-0.29485, 51.44859, 54.4], [-0.29482, 51.44847, 54.7], [-0.29478, 51.44828, 55.0], [-0.29476, 51.44812, 55.1], [-0.29475, 51.44807, 55.1], [-0.29475, 51.44804, 55.1], [-0.29474, 51.44793, 55.2], [-0.29474, 51.44787, 55.2], [-0.29473, 51.44777, 55.2], [-0.29468, 51.44715, 56.0], [-0.29467, 51.44709, 56.1], [-0.29464, 51.44685, 56.5], [-0.29461, 51.44671, 56.9], [-0.29458, 51.44659, 57.0], [-0.29458, 51.44657, 56.9], [-0.29452, 51.44641, 57.0], [-0.29444, 51.44625, 57.0], [-0.29429, 51.44596, 57.0], [-0.29419, 51.44579, 57.0], [-0.29407, 51.44553, 57.5], [-0.29387, 51.44511, 58.5], [-0.29376, 51.44493, 58.7], [-0.29365, 51.44477, 58.4], [-0.29321, 51.44414, 57.1], [-0.29309, 51.44394, 56.7], [-0.29303, 51.44385, 56.5], [-0.29295, 51.44363, 55.9], [-0.29292, 51.44352, 55.6], [-0.29287, 51.44326, 54.8], [-0.29277, 51.44279, 53.5], [-0.29277, 51.44279, 53.5], [-0.29297, 51.44273, 53.1], [-0.29322, 51.44267, 52.7], [-0.29334, 51.44263, 52.5], [-0.29334, 51.44263, 52.5], [-0.29331, 51.44247, 52.0], [-0.29326, 51.44233, 52.1], [-0.29319, 51.44218, 52.0], [-0.29312, 51.44206, 52.0], [-0.29305, 51.44197, 51.9], [-0.2929, 51.44186, 51.7], [-0.2927, 51.44174, 51.4], [-0.29262, 51.44166, 51.1], [-0.29259, 51.44162, 50.9], [-0.29257, 51.44147, 50.4], [-0.29256, 51.44147, 50.3], [-0.29254, 51.4414, 50.1], [-0.29252, 51.44137, 49.9], [-0.29229, 51.44116, 49.2], [-0.29224, 51.44111, 49.1], [-0.29221, 51.44105, 48.9], [-0.29218, 51.44095, 48.7], [-0.29218, 51.44086, 48.5], [-0.29217, 51.44079, 48.1], [-0.29215, 51.4407, 47.6], [-0.29214, 51.44068, 47.5], [-0.29209, 51.44058, 47.0], [-0.29206, 51.44047, 46.4], [-0.29205, 51.44038, 45.9], [-0.29203, 51.44029, 45.4], [-0.29199, 51.44021, 45.0], [-0.29197, 51.44015, 44.8], [-0.29196, 51.44012, 44.6], [-0.29192, 51.43999, 44.0], [-0.29189, 51.43987, 43.4], [-0.29187, 51.4397, 42.6], [-0.2919, 51.43955, 41.5], [-0.29188, 51.43937, 40.6], [-0.29191, 51.4392, 39.4], [-0.29189, 51.43902, 38.8], [-0.29187, 51.4389, 38.4], [-0.2918, 51.43871, 38.2], [-0.29169, 51.43856, 38.6], [-0.29167, 51.43853, 38.7], [-0.29159, 51.43837, 38.1], [-0.29152, 51.4382, 37.5], [-0.29146, 51.43803, 37.0], [-0.29137, 51.43789, 36.6], [-0.29135, 51.43787, 36.5], [-0.29129, 51.43779, 36.3], [-0.29126, 51.4377, 36.1], [-0.29122, 51.43752, 35.6], [-0.29117, 51.43736, 35.0], [-0.29116, 51.43735, 34.9], [-0.29111, 51.43722, 34.4], [-0.29103, 51.43707, 34.0], [-0.29093, 51.43695, 33.8], [-0.2908, 51.43681, 33.7], [-0.29067, 51.43666, 33.8], [-0.29052, 51.43651, 34.2], [-0.29043, 51.43642, 34.5], [-0.29033, 51.43631, 34.8], [-0.29017, 51.43617, 35.5], [-0.29009, 51.43609, 35.8], [-0.29008, 51.43608, 35.8], [-0.28999, 51.43599, 36.2], [-0.28987, 51.43586, 35.9], [-0.28977, 51.43577, 35.7], [-0.28966, 51.43567, 35.5], [-0.28955, 51.43555, 35.3], [-0.28941, 51.43541, 35.1], [-0.28929, 51.43529, 35.1], [-0.28909, 51.4351, 35.0], [-0.28902, 51.43503, 35.0], [-0.2889, 51.43494, 34.8], [-0.28885, 51.43487, 34.5], [-0.28884, 51.43486, 34.5], [-0.28877, 51.43477, 34.2], [-0.28866, 51.43468, 33.8], [-0.28862, 51.43462, 33.6], [-0.28856, 51.43456, 33.4], [-0.28855, 51.43455, 33.4], [-0.28848, 51.43447, 33.1], [-0.28841, 51.43441, 32.9], [-0.28834, 51.43434, 32.6], [-0.28818, 51.43416, 32.4], [-0.28809, 51.43406, 32.4], [-0.28804, 51.43401, 32.4], [-0.28797, 51.43395, 32.4], [-0.28791, 51.43386, 32.3], [-0.28786, 51.43379, 32.2], [-0.28785, 51.43378, 32.2], [-0.28779, 51.43373, 32.1], [-0.28771, 51.43366, 32.0], [-0.28766, 51.43359, 31.8], [-0.28762, 51.43353, 31.6], [-0.28754, 51.43344, 31.4], [-0.28746, 51.43336, 31.1], [-0.28743, 51.43332, 30.9], [-0.28732, 51.43321, 30.2], [-0.2873, 51.43318, 30.0], [-0.28723, 51.4331, 29.5], [-0.28715, 51.433, 28.9], [-0.28712, 51.43294, 28.6], [-0.28711, 51.4329, 28.4], [-0.28711, 51.43289, 28.3], [-0.28707, 51.4328, 27.8], [-0.28704, 51.43271, 27.3], [-0.28703, 51.43264, 26.9], [-0.28703, 51.43256, 26.5], [-0.28703, 51.43255, 26.4], [-0.28703, 51.43247, 26.3], [-0.28705, 51.43239, 26.5], [-0.28706, 51.43237, 26.6], [-0.28708, 51.43234, 26.7], [-0.28713, 51.43228, 26.8], [-0.28719, 51.43223, 26.9], [-0.28724, 51.4322, 27.0], [-0.28731, 51.43217, 26.9], [-0.28738, 51.43214, 27.0], [-0.28744, 51.4321, 27.0], [-0.2876, 51.43202, 27.3], [-0.28768, 51.43192, 27.7], [-0.28772, 51.43185, 28.1], [-0.28775, 51.43181, 28.3], [-0.28779, 51.43177, 28.5], [-0.28784, 51.43173, 28.7], [-0.2879, 51.43169, 28.9], [-0.28795, 51.43164, 29.0], [-0.28805, 51.43156, 29.2], [-0.28808, 51.43152, 29.2], [-0.28819, 51.43141, 29.4], [-0.28829, 51.43129, 29.5], [-0.28836, 51.4312, 29.4], [-0.28837, 51.4312, 29.3], [-0.28846, 51.43112, 28.6], [-0.28853, 51.43103, 28.2], [-0.28856, 51.43098, 28.0], [-0.28859, 51.43093, 27.8], [-0.28861, 51.43088, 27.6], [-0.28861, 51.43081, 27.6], [-0.28861, 51.43074, 27.5], [-0.28861, 51.4307, 27.4], [-0.2886, 51.43064, 27.4], [-0.28857, 51.43051, 27.3], [-0.28852, 51.43038, 27.5], [-0.28847, 51.43027, 27.6], [-0.28843, 51.43008, 27.5], [-0.28841, 51.42999, 27.4], [-0.28839, 51.42991, 27.5], [-0.28835, 51.42973, 27.6], [-0.28833, 51.42964, 27.6], [-0.2883, 51.42953, 27.6], [-0.28826, 51.42942, 27.8], [-0.28822, 51.42929, 27.9], [-0.28819, 51.42918, 28.0], [-0.28818, 51.4291, 27.9], [-0.28813, 51.4289, 27.8], [-0.28811, 51.42882, 27.8], [-0.28808, 51.42864, 27.6], [-0.28807, 51.42857, 27.5], [-0.28806, 51.42852, 27.4], [-0.28803, 51.42842, 27.4], [-0.288, 51.42833, 27.4], [-0.28789, 51.42816, 27.8], [-0.28784, 51.42808, 27.9], [-0.28776, 51.42795, 28.2], [-0.28769, 51.42782, 28.4], [-0.28764, 51.42772, 28.5], [-0.28764, 51.42771, 28.5], [-0.28761, 51.42763, 28.5], [-0.28758, 51.42754, 28.5], [-0.28756, 51.42746, 28.5], [-0.28752, 51.42736, 28.7], [-0.28751, 51.42733, 28.7], [-0.28746, 51.42721, 29.0], [-0.2874, 51.42711, 29.4], [-0.28737, 51.42704, 29.6], [-0.2873, 51.42693, 30.2], [-0.28724, 51.42685, 30.6], [-0.28718, 51.42674, 31.1], [-0.28709, 51.42662, 31.8], [-0.28703, 51.42652, 31.9], [-0.28696, 51.42643, 32.2], [-0.28679, 51.42619, 32.3], [-0.28677, 51.42617, 32.3], [-0.28668, 51.42603, 32.1], [-0.28665, 51.42596, 31.9], [-0.28659, 51.42586, 31.7], [-0.28656, 51.4258, 31.6], [-0.2865, 51.4257, 31.5], [-0.28649, 51.42569, 31.5], [-0.28644, 51.42558, 31.3], [-0.28642, 51.42551, 31.1], [-0.2864, 51.42547, 31.0], [-0.28638, 51.42535, 30.5], [-0.28633, 51.42519, 30.0], [-0.28626, 51.42483, 28.8], [-0.28626, 51.4248, 28.7], [-0.28625, 51.42479, 28.7], [-0.28623, 51.42465, 28.3], [-0.2862, 51.42445, 27.7], [-0.2862, 51.42444, 27.7], [-0.28616, 51.42428, 27.3], [-0.28612, 51.42409, 27.3], [-0.28611, 51.42405, 27.5], [-0.28606, 51.42376, 29.0], [-0.28605, 51.42348, 30.3], [-0.28605, 51.42337, 30.8], [-0.28605, 51.42323, 31.0], [-0.28606, 51.42302, 30.9], [-0.28606, 51.42301, 30.9], [-0.28609, 51.42294, 30.9], [-0.28611, 51.42284, 30.9], [-0.28615, 51.42271, 30.9], [-0.28617, 51.42266, 30.9], [-0.28622, 51.42254, 31.0], [-0.28629, 51.42233, 30.5], [-0.28635, 51.42204, 29.4], [-0.28639, 51.42189, 28.8], [-0.28641, 51.42177, 28.3], [-0.28643, 51.42165, 27.8], [-0.28648, 51.42137, 26.3], [-0.28649, 51.42124, 25.7], [-0.28649, 51.42124, 25.7], [-0.28638, 51.42123, 26.1], [-0.28638, 51.42123, 26.1], [-0.28639, 51.42109, 25.5], [-0.28641, 51.42093, 24.7], [-0.28642, 51.42076, 23.9], [-0.28643, 51.42067, 23.6], [-0.28642, 51.4205, 23.0], [-0.28642, 51.42045, 22.9], [-0.28641, 51.42037, 22.6], [-0.28638, 51.42025, 22.3], [-0.28632, 51.42014, 22.0], [-0.28631, 51.42012, 21.9], [-0.28613, 51.41978, 21.3], [-0.2861, 51.41969, 21.2], [-0.286, 51.41951, 21.1], [-0.28592, 51.41935, 21.0], [-0.28588, 51.41926, 21.0], [-0.28582, 51.41915, 21.0], [-0.28564, 51.4188, 21.0], [-0.28562, 51.41875, 21.0], [-0.2854, 51.41834, 21.0], [-0.2853, 51.41816, 21.4], [-0.28523, 51.41802, 21.7], [-0.28518, 51.41794, 21.9], [-0.28506, 51.41767, 22.6], [-0.28495, 51.41744, 23.0], [-0.28493, 51.4174, 23.0], [-0.28483, 51.4172, 22.8], [-0.28478, 51.4171, 22.7], [-0.28474, 51.41703, 22.6], [-0.28468, 51.41691, 22.5], [-0.28454, 51.41665, 22.1], [-0.28448, 51.41652, 21.9], [-0.28434, 51.41625, 21.6], [-0.28426, 51.41614, 21.5], [-0.28426, 51.41614, 21.5], [-0.28426, 51.41614, 21.5], [-0.2842, 51.41609, 21.5], [-0.28407, 51.41603, 21.8], [-0.28407, 51.41603, 21.8], [-0.28379, 51.41614, 23.1], [-0.28362, 51.41623, 23.9], [-0.28342, 51.41634, 24.9], [-0.28335, 51.41638, 25.3], [-0.28323, 51.41645, 25.9], [-0.28312, 51.41652, 26.4], [-0.28291, 51.41664, 27.5], [-0.28276, 51.41674, 28.3], [-0.28265, 51.41682, 29.0], [-0.2825, 51.41691, 29.9], [-0.28217, 51.41711, 31.8], [-0.28215, 51.41713, 31.9], [-0.28202, 51.41721, 32.7], [-0.28202, 51.41721, 32.7], [-0.28193, 51.41711, 32.6], [-0.28184, 51.41698, 32.5], [-0.28183, 51.41696, 32.5], [-0.2818, 51.4169, 32.4], [-0.28134, 51.41639, 32.0], [-0.2813, 51.41634, 31.9], [-0.28127, 51.41629, 31.8], [-0.28124, 51.41626, 31.8], [-0.28115, 51.41613, 31.6], [-0.28113, 51.41608, 31.4], [-0.2811, 51.41602, 31.3], [-0.28104, 51.41589, 30.9], [-0.28102, 51.41586, 30.9], [-0.28098, 51.41575, 30.8], [-0.28097, 51.41572, 30.8], [-0.28091, 51.41557, 30.9], [-0.28087, 51.41547, 31.0], [-0.28085, 51.4154, 31.0], [-0.28083, 51.41532, 31.0], [-0.2808, 51.41522, 31.1], [-0.28079, 51.4152, 31.1], [-0.28078, 51.41517, 31.1], [-0.28077, 51.4151, 31.1], [-0.28074, 51.41494, 31.0], [-0.28073, 51.4148, 30.6], [-0.28071, 51.41465, 30.2], [-0.2807, 51.41447, 29.7], [-0.28069, 51.41436, 29.4], [-0.28069, 51.4143, 29.2], [-0.28066, 51.41405, 28.4], [-0.28065, 51.41387, 27.9], [-0.28063, 51.41356, 26.9], [-0.28064, 51.41336, 26.3], [-0.28064, 51.41325, 26.0], [-0.28063, 51.41315, 25.8], [-0.28063, 51.41304, 25.5], [-0.28063, 51.41304, 25.5], [-0.28031, 51.41305, 25.9], [-0.28017, 51.41305, 26.1], [-0.28005, 51.41305, 26.3], [-0.27986, 51.41305, 26.3], [-0.27976, 51.41305, 26.3], [-0.27956, 51.41305, 26.3], [-0.27931, 51.41306, 26.3], [-0.27891, 51.41306, 26.3], [-0.27843, 51.41307, 26.4], [-0.27825, 51.41306, 26.2], [-0.27789, 51.41305, 25.8], [-0.27747, 51.41305, 25.3], [-0.27719, 51.41305, 24.8], [-0.27697, 51.41305, 24.5], [-0.2769, 51.41305, 24.4], [-0.27672, 51.41305, 24.1], [-0.27663, 51.41305, 24.0], [-0.27647, 51.41306, 24.0], [-0.27638, 51.41306, 24.0], [-0.27627, 51.41308, 24.1], [-0.27611, 51.4131, 24.2], [-0.27602, 51.41311, 24.2], [-0.27553, 51.41319, 24.7], [-0.27527, 51.41323, 25.1], [-0.27512, 51.41325, 25.4], [-0.27471, 51.41331, 25.9], [-0.2744, 51.41336, 26.1], [-0.27406, 51.4134, 26.0], [-0.27373, 51.41345, 25.7], [-0.27312, 51.41353, 25.0], [-0.27312, 51.41353, 25.0], [-0.27297, 51.41355, 24.9], [-0.27286, 51.41357, 24.9], [-0.27269, 51.41359, 24.8], [-0.2725, 51.41361, 24.7], [-0.27237, 51.41363, 24.6], [-0.27224, 51.41364, 24.4], [-0.27206, 51.41365, 24.2], [-0.27183, 51.41366, 24.0], [-0.27163, 51.41367, 23.8], [-0.27148, 51.41368, 23.8], [-0.27138, 51.4137, 23.9], [-0.27129, 51.41371, 23.9], [-0.27115, 51.41373, 24.0], [-0.27097, 51.41376, 24.0], [-0.27075, 51.4138, 24.1], [-0.27055, 51.41385, 24.3], [-0.27038, 51.41389, 24.5], [-0.27035, 51.41389, 24.5], [-0.27012, 51.41395, 24.9], [-0.27, 51.41397, 25.1], [-0.26993, 51.41399, 25.3], [-0.26971, 51.41404, 26.0], [-0.26961, 51.41407, 26.4], [-0.26954, 51.41409, 26.7], [-0.26952, 51.4141, 26.8], [-0.26947, 51.41411, 27.0], [-0.26942, 51.41413, 27.2], [-0.26937, 51.41415, 27.4], [-0.26931, 51.41418, 27.7], [-0.26908, 51.41428, 28.9], [-0.26902, 51.41431, 29.2], [-0.26883, 51.4144, 30.3], [-0.26846, 51.41458, 32.6], [-0.26837, 51.41462, 33.2], [-0.26809, 51.41476, 34.3], [-0.26792, 51.41484, 34.8], [-0.26772, 51.41493, 35.5], [-0.26746, 51.41505, 36.4], [-0.26724, 51.41515, 37.4], [-0.26668, 51.41542, 40.5], [-0.26637, 51.41556, 42.2], [-0.26621, 51.41564, 43.0], [-0.266, 51.41574, 44.1], [-0.2659, 51.41579, 44.6], [-0.26572, 51.41587, 45.4], [-0.26561, 51.41593, 45.9], [-0.26559, 51.41594, 46.0], [-0.26543, 51.416, 46.6], [-0.26523, 51.41609, 47.3], [-0.26507, 51.41615, 47.8], [-0.26466, 51.41629, 48.3], [-0.26455, 51.41632, 48.4], [-0.26425, 51.41642, 48.6], [-0.26407, 51.41648, 48.7], [-0.26389, 51.41653, 48.8], [-0.26371, 51.41657, 48.8], [-0.26367, 51.41658, 48.8], [-0.26346, 51.41663, 48.9], [-0.26331, 51.41666, 48.9], [-0.26318, 51.41668, 48.9], [-0.26307, 51.41671, 48.9], [-0.26298, 51.41672, 48.8], [-0.26277, 51.41675, 48.7], [-0.26262, 51.41677, 48.5], [-0.26247, 51.41679, 48.4], [-0.26232, 51.4168, 48.0], [-0.26222, 51.41681, 47.8], [-0.262129, 51.41681, 47.6], [-0.261969, 51.41682, 47.3], [-0.26185, 51.41682, 47.0], [-0.26172, 51.41682, 46.7], [-0.261639, 51.41681, 46.5], [-0.26155, 51.41681, 46.5], [-0.26149, 51.4168, 46.4], [-0.26132, 51.41678, 46.4], [-0.2612, 51.41677, 46.3], [-0.261079, 51.41675, 46.2], [-0.26093, 51.41672, 46.1], [-0.2607, 51.41666, 45.8], [-0.260689, 51.41666, 45.8], [-0.26048, 51.41661, 45.3], [-0.26038, 51.41658, 45.0], [-0.2602, 51.41653, 44.5], [-0.26005, 51.41649, 44.0], [-0.25979, 51.41642, 43.1], [-0.25961, 51.41636, 42.4], [-0.259469, 51.41633, 42.0], [-0.25943, 51.41632, 41.8], [-0.25937, 51.4163, 41.6], [-0.259309, 51.41629, 41.5], [-0.25924, 51.41629, 41.3], [-0.25916, 51.41628, 41.1], [-0.259019, 51.41628, 40.8], [-0.258909, 51.41628, 40.5], [-0.25862, 51.41628, 39.8], [-0.258469, 51.41628, 39.4], [-0.25812, 51.41627, 38.8], [-0.25782, 51.41628, 38.5], [-0.25782, 51.41628, 38.5], [-0.25776, 51.41628, 38.4], [-0.25743, 51.41628, 37.9], [-0.25716, 51.41629, 37.5], [-0.25688, 51.41631, 37.1], [-0.256589, 51.41632, 36.7], [-0.25645, 51.41633, 36.5], [-0.25618, 51.41634, 36.2], [-0.256139, 51.41635, 36.2], [-0.255919, 51.41636, 36.0], [-0.25574, 51.41637, 35.7], [-0.25563, 51.41638, 35.5], [-0.25551, 51.41639, 35.2], [-0.25539, 51.41639, 34.9], [-0.25534, 51.41639, 34.8], [-0.255249, 51.41639, 34.6], [-0.25516, 51.41639, 34.4], [-0.25494, 51.41639, 33.8], [-0.25483, 51.41638, 33.4], [-0.25473, 51.41636, 32.9], [-0.25462, 51.41635, 32.5], [-0.25455, 51.41634, 32.2], [-0.25428, 51.41629, 31.1], [-0.25421, 51.41627, 30.7], [-0.25388, 51.41622, 29.4], [-0.253699, 51.41617, 28.5], [-0.25332, 51.4161, 26.9], [-0.253249, 51.41608, 26.5], [-0.25307, 51.41604, 25.6], [-0.252859, 51.416, 24.7], [-0.25258, 51.41599, 23.5], [-0.2523, 51.41593, 22.1], [-0.25219, 51.41591, 21.6], [-0.25208, 51.41588, 21.0], [-0.25194, 51.41585, 20.3], [-0.25188, 51.41583, 20.1], [-0.25185, 51.41582, 20.1], [-0.25163, 51.41575, 19.6], [-0.25158, 51.41573, 19.5], [-0.25154, 51.41572, 19.4], [-0.2515, 51.4157, 19.3], [-0.2513, 51.41564, 18.9], [-0.251259, 51.41563, 18.8], [-0.25107, 51.41557, 18.4], [-0.25102, 51.41555, 18.3], [-0.251, 51.41555, 18.2], [-0.25094, 51.41553, 18.1], [-0.25077, 51.41546, 17.7], [-0.25063, 51.41541, 17.4], [-0.25051, 51.41536, 17.1], [-0.25039, 51.41531, 16.9], [-0.25028, 51.41526, 16.6], [-0.25027, 51.41526, 16.6], [-0.24996, 51.41511, 16.3], [-0.2497, 51.41498, 16.1], [-0.24963, 51.41495, 16.0], [-0.24956, 51.41494, 16.0], [-0.24955, 51.41493, 16.0], [-0.24942, 51.41488, 15.9], [-0.24905, 51.41471, 15.6], [-0.24877, 51.41458, 15.5], [-0.24861, 51.4145, 15.5], [-0.24842, 51.41441, 15.7], [-0.24813, 51.41428, 15.9], [-0.2479, 51.41417, 16.0], [-0.24764, 51.41406, 15.9], [-0.24717, 51.41385, 15.4], [-0.24716, 51.41385, 15.4], [-0.24715, 51.41385, 15.4], [-0.24715, 51.41386, 15.4], [-0.24714, 51.41386, 15.4], [-0.24713, 51.41386, 15.4], [-0.24712, 51.41386, 15.3], [-0.24712, 51.41385, 15.3], [-0.24711, 51.41385, 15.3], [-0.2471, 51.41385, 15.3], [-0.24709, 51.41385, 15.3], [-0.24709, 51.41384, 15.3], [-0.24708, 51.41384, 15.3], [-0.24707, 51.41384, 15.3], [-0.24707, 51.41383, 15.3], [-0.24706, 51.41383, 15.3], [-0.24706, 51.41382, 15.3], [-0.24705, 51.41381, 15.3], [-0.24705, 51.4138, 15.3], [-0.24702, 51.41377, 15.2], [-0.24699, 51.41376, 15.2], [-0.24697, 51.41375, 15.2], [-0.24696, 51.41375, 15.2], [-0.24686, 51.41371, 15.1], [-0.24678, 51.41368, 15.1], [-0.24655, 51.4136, 15.0], [-0.24644, 51.41357, 15.1], [-0.24629, 51.41351, 15.1], [-0.24609, 51.41344, 15.1], [-0.24604, 51.41343, 15.1], [-0.2455, 51.41329, 15.0], [-0.24545, 51.41328, 15.0], [-0.24528, 51.41323, 15.0], [-0.24513, 51.41318, 15.0], [-0.24499, 51.41313, 15.0], [-0.24483, 51.41307, 15.0], [-0.244, 51.41276, 14.9], [-0.24367, 51.41263, 14.5], [-0.2436, 51.41262, 14.4], [-0.24347, 51.41258, 14.2], [-0.24317, 51.4125, 14.0], [-0.24275, 51.41238, 14.0], [-0.24232, 51.41227, 14.1], [-0.24208, 51.41219, 14.2], [-0.24185, 51.41211, 14.4], [-0.24135, 51.41191, 14.8], [-0.24053, 51.41159, 15.2], [-0.24051, 51.41158, 15.2], [-0.23857, 51.41084, 15.7], [-0.23839, 51.41077, 15.9], [-0.23807, 51.41066, 15.8], [-0.23776, 51.41056, 15.7], [-0.23759, 51.41051, 15.6], [-0.23746, 51.41047, 15.6], [-0.23732, 51.41043, 15.5], [-0.23713, 51.41038, 15.5], [-0.23688, 51.41031, 15.4], [-0.2363, 51.41017, 15.2], [-0.23613, 51.41014, 15.2], [-0.23536, 51.40997, 15.5], [-0.23529, 51.40995, 15.6], [-0.23511, 51.40991, 15.8], [-0.23503, 51.40989, 15.8], [-0.23479, 51.40984, 15.8], [-0.23469, 51.40982, 15.8], [-0.23452, 51.40982, 15.8], [-0.23441, 51.40981, 15.8], [-0.23415, 51.40976, 15.7], [-0.23411, 51.40972, 15.7], [-0.23344, 51.40961, 15.9], [-0.23323, 51.40957, 16.1], [-0.23302, 51.40954, 16.2], [-0.23292, 51.40952, 16.3], [-0.23278, 51.40949, 16.4], [-0.2326, 51.40947, 16.6], [-0.23234, 51.40945, 16.9], [-0.23208, 51.40944, 17.2], [-0.23199, 51.40944, 17.3], [-0.23195, 51.40944, 17.3], [-0.23189, 51.40944, 17.4], [-0.23184, 51.40944, 17.5], [-0.23168, 51.40944, 17.7], [-0.23154, 51.40944, 17.7], [-0.23115, 51.40946, 17.6], [-0.23096, 51.40946, 17.6], [-0.23078, 51.40946, 17.6], [-0.2306, 51.40947, 17.5], [-0.23053, 51.40947, 17.4], [-0.2303, 51.40948, 17.2], [-0.23029, 51.40948, 17.2], [-0.23008, 51.4095, 17.1], [-0.22982, 51.40952, 17.0], [-0.22982, 51.40952, 17.0], [-0.2298, 51.40956, 17.0], [-0.2298, 51.40958, 17.0], [-0.2298, 51.40961, 17.0], [-0.22981, 51.40963, 17.0], [-0.22981, 51.40965, 17.0], [-0.22982, 51.40967, 17.0], [-0.22983, 51.40969, 17.0], [-0.22985, 51.40972, 17.0], [-0.2299, 51.4098, 17.0], [-0.22999, 51.40996, 17.0], [-0.23, 51.40997, 17.0], [-0.23005, 51.41006, 16.9], [-0.23007, 51.41011, 16.9], [-0.23009, 51.41014, 16.9], [-0.2301, 51.41017, 16.8], [-0.23011, 51.41018, 16.8], [-0.23011, 51.4102, 16.8], [-0.2301, 51.41021, 16.8], [-0.2301, 51.41022, 16.8], [-0.23009, 51.41023, 16.8], [-0.23009, 51.41023, 16.8], [-0.23007, 51.41024, 16.7], [-0.23006, 51.41025, 16.7], [-0.23004, 51.41026, 16.7], [-0.23, 51.41027, 16.7], [-0.22995, 51.41028, 16.7], [-0.22965, 51.41035, 16.6], [-0.22925, 51.41045, 16.5], [-0.22909, 51.41048, 16.5], [-0.22894, 51.41052, 16.5], [-0.22884, 51.41054, 16.6], [-0.22833, 51.41067, 17.0], [-0.22806, 51.41074, 17.0], [-0.22778, 51.41081, 17.0], [-0.2277, 51.41083, 17.0], [-0.22768, 51.41084, 17.0], [-0.22765, 51.41085, 17.0], [-0.22762, 51.41086, 17.1], [-0.22758, 51.41087, 17.1], [-0.22752, 51.41088, 17.1], [-0.22744, 51.4109, 17.2], [-0.22739, 51.41091, 17.3], [-0.22736, 51.41091, 17.3], [-0.22734, 51.41092, 17.4], [-0.2273, 51.41091, 17.4], [-0.2271, 51.41096, 17.7], [-0.227, 51.41099, 17.9], [-0.22658, 51.41109, 18.3], [-0.22592, 51.41125, 18.5], [-0.22586, 51.41126, 18.5], [-0.22582, 51.41127, 18.5], [-0.22577, 51.41129, 18.5], [-0.22573, 51.41131, 18.5], [-0.2255, 51.41144, 18.4], [-0.22524, 51.4116, 18.3], [-0.2248, 51.41193, 19.3], [-0.22467, 51.41201, 19.6], [-0.22453, 51.4121, 20.1], [-0.22441, 51.41218, 20.5], [-0.22428, 51.41225, 20.8], [-0.22403, 51.4124, 21.5], [-0.22379, 51.41253, 22.0], [-0.22364, 51.41262, 22.1], [-0.22339, 51.41276, 22.0], [-0.22326, 51.41282, 21.9], [-0.22318, 51.41286, 21.9], [-0.22298, 51.41296, 21.8], [-0.22284, 51.41304, 21.8], [-0.22275, 51.41309, 21.8], [-0.22256, 51.4132, 21.9], [-0.22229, 51.41336, 22.1], [-0.22228, 51.41337, 22.2], [-0.22167, 51.41373, 23.0], [-0.2214, 51.41389, 23.0], [-0.22121, 51.414, 23.1], [-0.2211, 51.41407, 23.1], [-0.22089, 51.41419, 23.2], [-0.2206, 51.41437, 23.2], [-0.22043, 51.41448, 23.2], [-0.22016, 51.41466, 23.2], [-0.21983, 51.41487, 23.4], [-0.21957, 51.41504, 23.7], [-0.21954, 51.41506, 23.7], [-0.21952, 51.41507, 23.8], [-0.2195, 51.41509, 23.8], [-0.21948, 51.4151, 23.9], [-0.21945, 51.41512, 23.9], [-0.21943, 51.41513, 23.9], [-0.21938, 51.41516, 24.0], [-0.21935, 51.41519, 24.1], [-0.2193, 51.41522, 24.2], [-0.21928, 51.41523, 24.2], [-0.21924, 51.41525, 24.3], [-0.21919, 51.41529, 24.4], [-0.21905, 51.41538, 24.6], [-0.2189, 51.41546, 24.7], [-0.21886, 51.41548, 24.7], [-0.21884, 51.4155, 24.8], [-0.21881, 51.41551, 24.8], [-0.21878, 51.41553, 24.8], [-0.21853, 51.41566, 24.8], [-0.21802, 51.41595, 25.3], [-0.21784, 51.41606, 25.6], [-0.21747, 51.41629, 26.1], [-0.21713, 51.41652, 26.5], [-0.21699, 51.41662, 26.6], [-0.21667, 51.41682, 26.6], [-0.2166, 51.41686, 26.6], [-0.21639, 51.41699, 26.7], [-0.21583, 51.41726, 26.4], [-0.21557, 51.41738, 26.1], [-0.21533, 51.41751, 25.8], [-0.21518, 51.41758, 25.8], [-0.21508, 51.41763, 25.8], [-0.21504, 51.41765, 25.8], [-0.21495, 51.4177, 25.9], [-0.2149, 51.41773, 26.0], [-0.21484, 51.41776, 26.1], [-0.21478, 51.4178, 26.2], [-0.21472, 51.41784, 26.4], [-0.21465, 51.4179, 26.5], [-0.21456, 51.41797, 26.7], [-0.21451, 51.418, 26.7], [-0.21447, 51.41803, 26.7], [-0.2144, 51.41809, 26.8], [-0.21433, 51.41814, 26.8], [-0.2142, 51.41824, 26.8], [-0.21416, 51.41827, 26.8], [-0.21412, 51.4183, 26.8], [-0.21409, 51.41832, 26.8], [-0.21404, 51.41836, 26.8], [-0.21393, 51.41843, 26.7], [-0.21381, 51.4185, 26.7], [-0.21375, 51.41853, 26.6], [-0.21365, 51.41859, 26.5], [-0.21349, 51.41868, 26.3], [-0.21324, 51.41882, 26.1], [-0.21298, 51.41897, 26.4], [-0.21247, 51.41929, 27.3], [-0.21221, 51.41944, 27.3], [-0.21203, 51.41957, 27.4], [-0.21197, 51.4196, 27.4], [-0.21191, 51.41964, 27.4], [-0.21185, 51.41968, 27.5], [-0.2118, 51.41971, 27.5], [-0.21173, 51.41975, 27.5], [-0.21165, 51.41979, 27.5], [-0.21158, 51.41984, 27.5], [-0.21152, 51.41987, 27.5], [-0.21133, 51.41996, 27.5], [-0.21115, 51.42005, 27.5], [-0.21109, 51.42008, 27.6], [-0.21102, 51.42012, 27.6], [-0.2109, 51.42019, 27.7], [-0.21085, 51.42023, 27.8], [-0.21079, 51.42026, 27.9], [-0.21075, 51.42029, 27.9], [-0.21068, 51.42034, 28.0], [-0.21064, 51.42037, 28.1], [-0.21064, 51.42037, 28.1], [-0.21056, 51.42043, 28.2], [-0.21048, 51.42048, 28.3], [-0.21041, 51.42054, 28.4], [-0.21042, 51.42054, 28.4], [-0.21042, 51.42055, 28.5], [-0.21043, 51.42055, 28.5], [-0.21043, 51.42056, 28.5], [-0.21044, 51.42057, 28.6], [-0.21044, 51.42058, 28.6], [-0.21044, 51.42059, 28.7], [-0.21043, 51.4206, 28.7], [-0.21043, 51.42061, 28.7], [-0.21042, 51.42061, 28.7], [-0.21042, 51.42062, 28.7], [-0.21041, 51.42062, 28.7], [-0.21041, 51.42063, 28.8], [-0.2104, 51.42063, 28.7], [-0.21039, 51.42063, 28.7], [-0.21038, 51.42063, 28.7], [-0.21038, 51.42064, 28.8], [-0.21037, 51.42064, 28.7], [-0.21035, 51.42064, 28.7], [-0.21034, 51.42064, 28.7], [-0.21033, 51.42064, 28.7], [-0.21032, 51.42064, 28.7], [-0.21031, 51.42064, 28.7], [-0.2103, 51.42064, 28.7], [-0.2103, 51.42063, 28.6], [-0.21017, 51.42075, 28.9], [-0.21006, 51.42082, 29.0], [-0.21, 51.42087, 29.0], [-0.20989, 51.42095, 29.1], [-0.20977, 51.42103, 29.2], [-0.20958, 51.42116, 29.4], [-0.20954, 51.42118, 29.4], [-0.20943, 51.42125, 29.5], [-0.20925, 51.42136, 29.6], [-0.2088, 51.42164, 29.5], [-0.20869, 51.42171, 29.4], [-0.20838, 51.42188, 29.1], [-0.20824, 51.42196, 28.9], [-0.20824, 51.42196, 28.9], [-0.20833, 51.42205, 29.0], [-0.20861, 51.42226, 29.3], [-0.20916, 51.42261, 30.1], [-0.20952, 51.42281, 30.8], [-0.20956, 51.42282, 30.9], [-0.20972, 51.42291, 31.2], [-0.20977, 51.42294, 31.3], [-0.20983, 51.42297, 31.4], [-0.20996, 51.42304, 31.6], [-0.21006, 51.42312, 32.0], [-0.2102, 51.42321, 32.9], [-0.21045, 51.42334, 34.7], [-0.21059, 51.4234, 35.7], [-0.21077, 51.42349, 37.0], [-0.21083, 51.42352, 37.4], [-0.21106, 51.42362, 38.7], [-0.21123, 51.42369, 39.6], [-0.21126, 51.4237, 39.7], [-0.21138, 51.42375, 40.3], [-0.21166, 51.42386, 41.6], [-0.21171, 51.42387, 41.9], [-0.21173, 51.42388, 42.0], [-0.21179, 51.42389, 42.3], [-0.21209, 51.42398, 43.8], [-0.21212, 51.42399, 44.0], [-0.21232, 51.42403, 45.0], [-0.21243, 51.42405, 45.5], [-0.2127, 51.42411, 46.9], [-0.21297, 51.42418, 48.3], [-0.21311, 51.42419, 49.0], [-0.21326, 51.42421, 49.8], [-0.21341, 51.42423, 50.5], [-0.21356, 51.42425, 51.1], [-0.2137, 51.42426, 51.6], [-0.21383, 51.42425, 52.0], [-0.21394, 51.42425, 52.4], [-0.21404, 51.42424, 52.7], [-0.21425, 51.42422, 53.3], [-0.21443, 51.4242, 53.7], [-0.21452, 51.42419, 53.9], [-0.2146, 51.42419, 54.1], [-0.21481, 51.42417, 54.6], [-0.215, 51.42415, 55.0], [-0.21515, 51.42415, 55.3], [-0.2152, 51.42415, 55.5], [-0.21523, 51.42415, 55.5], [-0.21526, 51.42414, 55.6], [-0.21528, 51.42414, 55.6], [-0.21531, 51.42414, 55.7], [-0.21534, 51.42414, 55.8], [-0.21536, 51.42414, 55.8], [-0.21539, 51.42414, 55.9], [-0.21542, 51.42414, 56.0], [-0.21545, 51.42414, 56.0], [-0.21549, 51.42414, 56.1], [-0.21552, 51.42414, 56.2], [-0.21555, 51.42415, 56.3], [-0.21559, 51.42416, 56.4], [-0.21562, 51.42416, 56.5], [-0.21565, 51.42417, 56.6], [-0.21568, 51.42418, 56.6], [-0.21569, 51.42418, 56.7], [-0.2157, 51.42418, 56.7], [-0.21571, 51.42418, 56.7], [-0.21572, 51.42418, 56.7], [-0.21573, 51.42418, 56.8], [-0.21574, 51.42418, 56.8], [-0.21575, 51.42418, 56.8], [-0.21575, 51.42419, 56.8], [-0.21576, 51.42419, 56.8], [-0.21577, 51.42419, 56.9], [-0.21578, 51.4242, 56.9], [-0.21579, 51.4242, 56.9], [-0.21579, 51.42421, 56.9], [-0.2158, 51.42421, 56.9], [-0.2158, 51.42422, 56.9], [-0.2158, 51.42423, 56.9], [-0.2158, 51.42424, 56.9], [-0.2158, 51.42425, 56.9], [-0.21594, 51.42434, 57.1], [-0.21598, 51.42438, 57.1], [-0.21606, 51.42447, 57.2], [-0.21618, 51.42455, 57.2], [-0.21635, 51.42466, 57.3], [-0.21646, 51.42474, 57.2], [-0.21661, 51.42483, 57.2], [-0.21674, 51.42492, 57.1], [-0.21692, 51.42504, 57.0], [-0.21702, 51.42511, 57.0], [-0.21708, 51.42515, 57.0], [-0.21716, 51.4252, 57.0], [-0.2172, 51.42523, 57.0], [-0.21725, 51.42525, 57.0], [-0.21729, 51.42526, 57.0], [-0.21748, 51.42534, 57.0], [-0.21748, 51.42533, 57.0], [-0.21749, 51.42533, 57.0], [-0.2175, 51.42533, 57.0], [-0.21751, 51.42533, 57.0], [-0.21751, 51.42532, 57.0], [-0.21752, 51.42532, 57.0], [-0.21753, 51.42532, 57.0], [-0.21754, 51.42532, 57.0], [-0.21755, 51.42532, 57.0], [-0.21756, 51.42532, 57.0], [-0.21757, 51.42532, 57.0], [-0.21757, 51.42533, 57.0], [-0.21758, 51.42533, 57.0], [-0.21759, 51.42533, 57.0], [-0.21772, 51.42533, 57.0], [-0.2179, 51.42534, 57.0], [-0.21799, 51.42532, 57.0], [-0.21811, 51.4253, 57.0], [-0.21812, 51.4253, 57.0], [-0.21817, 51.4253, 57.0], [-0.21821, 51.42529, 57.0], [-0.21826, 51.42529, 57.0], [-0.21831, 51.42529, 57.0], [-0.21835, 51.42528, 57.0], [-0.21844, 51.4253, 57.1], [-0.21852, 51.42531, 57.1], [-0.21872, 51.42534, 57.3], [-0.21898, 51.42538, 57.4], [-0.21916, 51.42541, 57.5], [-0.21923, 51.42543, 57.5], [-0.21936, 51.42546, 57.4], [-0.21937, 51.42546, 57.4], [-0.21963, 51.4255, 57.4], [-0.21981, 51.42553, 57.4], [-0.21991, 51.42555, 57.3], [-0.21996, 51.42556, 57.3], [-0.22005, 51.42558, 57.3], [-0.22014, 51.4256, 57.2], [-0.22023, 51.42563, 57.2], [-0.22024, 51.42563, 57.2], [-0.22029, 51.42564, 57.2], [-0.22034, 51.42565, 57.1], [-0.22037, 51.42566, 57.1], [-0.22041, 51.42567, 57.1], [-0.2205, 51.42569, 57.1], [-0.22066, 51.42574, 57.0], [-0.22073, 51.42576, 57.0], [-0.22092, 51.42581, 57.0], [-0.22109, 51.42586, 57.0], [-0.22116, 51.42588, 57.1], [-0.22131, 51.42593, 57.1], [-0.22145, 51.42598, 57.2], [-0.22178, 51.42609, 57.1], [-0.22187, 51.42612, 56.9], [-0.22207, 51.4262, 56.7], [-0.22216, 51.42623, 56.6], [-0.22225, 51.42626, 56.5], [-0.22242, 51.42633, 56.3], [-0.22252, 51.42638, 56.3], [-0.22257, 51.4264, 56.3], [-0.22261, 51.42643, 56.4], [-0.22268, 51.42648, 56.5], [-0.22271, 51.42651, 56.5], [-0.22273, 51.42653, 56.6], [-0.22277, 51.42657, 56.7], [-0.2228, 51.42661, 56.8], [-0.22283, 51.42665, 56.9], [-0.22286, 51.42671, 56.9], [-0.22291, 51.4268, 56.7], [-0.22302, 51.42701, 56.2], [-0.22308, 51.4271, 56.0], [-0.2231, 51.42716, 55.8], [-0.22323, 51.4274, 55.2], [-0.22334, 51.42763, 55.2], [-0.22346, 51.4279, 55.6], [-0.22349, 51.42797, 55.7], [-0.22351, 51.42804, 55.8], [-0.22354, 51.4281, 55.9], [-0.22355, 51.42812, 55.9], [-0.22357, 51.4282, 56.1], [-0.22358, 51.42822, 56.1], [-0.22359, 51.42825, 56.2], [-0.22367, 51.42858, 56.2], [-0.22375, 51.42896, 56.1], [-0.22383, 51.42945, 56.5], [-0.22384, 51.42956, 56.7], [-0.22392, 51.43024, 57.4], [-0.22392, 51.43025, 57.4], [-0.22397, 51.43074, 57.3], [-0.22397, 51.43075, 57.3], [-0.22403, 51.43124, 57.1], [-0.22403, 51.43126, 57.1], [-0.22411, 51.43199, 56.9], [-0.22421, 51.4329, 57.6], [-0.22433, 51.4341, 58.0], [-0.22435, 51.43443, 57.8], [-0.22436, 51.43455, 57.8], [-0.22438, 51.43505, 57.6], [-0.22441, 51.43558, 58.8], [-0.22443, 51.43586, 59.2], [-0.22444, 51.43593, 59.0], [-0.2245, 51.43618, 58.2], [-0.22451, 51.43626, 57.9], [-0.22461, 51.43674, 56.4], [-0.22461, 51.4368, 56.4], [-0.22461, 51.43683, 56.3], [-0.2246, 51.43687, 56.3], [-0.22459, 51.43692, 56.2], [-0.22457, 51.43704, 56.0], [-0.2245, 51.43725, 55.7], [-0.22447, 51.43735, 55.5], [-0.22444, 51.43749, 55.3], [-0.22443, 51.43756, 55.1], [-0.22442, 51.43761, 55.0], [-0.22442, 51.4377, 54.8], [-0.22448, 51.43816, 53.5], [-0.22449, 51.43825, 53.2], [-0.2245, 51.43839, 53.2], [-0.2245, 51.43846, 53.5], [-0.2245, 51.43853, 53.8], [-0.22449, 51.43856, 53.9], [-0.22449, 51.43861, 54.1], [-0.22442, 51.43889, 55.2], [-0.22425, 51.43949, 56.9], [-0.22405, 51.4402, 57.8], [-0.22401, 51.44034, 57.7], [-0.2239, 51.44076, 57.7], [-0.22367, 51.44149, 57.6], [-0.22365, 51.44161, 57.6], [-0.22354, 51.44196, 58.1], [-0.22344, 51.44228, 58.6], [-0.22338, 51.44249, 58.9], [-0.22336, 51.44254, 59.0], [-0.2233, 51.44274, 59.2], [-0.22328, 51.44278, 59.3], [-0.22324, 51.44293, 59.3], [-0.22316, 51.44322, 59.5], [-0.22308, 51.44353, 59.8], [-0.22293, 51.44403, 60.3], [-0.22283, 51.44439, 60.3], [-0.22265, 51.44498, 60.3], [-0.22264, 51.44504, 60.3], [-0.22258, 51.44522, 59.9], [-0.22252, 51.44545, 59.5], [-0.22244, 51.44572, 59.1], [-0.22236, 51.44598, 58.3], [-0.22235, 51.44603, 58.2], [-0.22231, 51.44615, 57.7], [-0.22226, 51.44631, 57.2], [-0.22222, 51.44646, 56.7], [-0.22215, 51.44671, 55.9], [-0.222163, 51.447034, 54.9], [-0.222289, 51.447367, 53.7], [-0.222448, 51.447548, 52.9], [-0.222633, 51.447708, 52.4], [-0.22295, 51.447842, 51.9], [-0.223288, 51.447919, 51.5], [-0.223466, 51.448004, 51.5], [-0.223531, 51.448147, 51.5], [-0.223286, 51.448612, 52.0], [-0.223209, 51.44888, 52.8], [-0.223209, 51.44888, 52.8], [-0.22237, 51.45047, 52.0], [-0.22222, 51.45076, 50.6], [-0.22221, 51.45079, 50.5], [-0.22193, 51.45132, 49.4], [-0.22192, 51.45142, 49.4], [-0.22182, 51.45161, 49.2], [-0.22149, 51.45226, 45.9], [-0.22138, 51.45245, 44.9], [-0.22136, 51.45251, 44.6], [-0.22131, 51.45261, 44.5], [-0.22124, 51.4527, 44.4], [-0.2212, 51.45277, 44.3], [-0.22117, 51.45281, 44.3], [-0.22108, 51.45292, 44.1], [-0.22106, 51.45294, 44.1], [-0.22097, 51.45301, 44.1], [-0.2209, 51.4531, 44.0], [-0.22073, 51.45331, 44.0], [-0.2206, 51.45347, 43.7], [-0.22053, 51.45358, 43.5], [-0.22042, 51.45376, 43.2], [-0.22038, 51.4538, 43.2], [-0.22024, 51.45396, 43.0], [-0.22016, 51.4541, 42.9], [-0.22009, 51.45424, 42.6], [-0.22005, 51.45431, 42.4], [-0.21997, 51.45448, 41.8], [-0.21978, 51.45488, 40.4], [-0.21974, 51.45497, 40.1], [-0.21969, 51.45508, 39.7], [-0.21958, 51.45532, 38.8], [-0.21953, 51.45541, 38.5], [-0.21945, 51.45559, 37.9], [-0.21941, 51.45568, 37.6], [-0.21936, 51.45576, 37.3], [-0.2193, 51.45589, 36.9], [-0.21915, 51.45624, 36.0], [-0.21911, 51.45633, 35.9], [-0.21908, 51.45639, 35.8], [-0.21896, 51.45663, 35.3], [-0.21886, 51.45683, 34.3], [-0.21877, 51.45702, 33.1], [-0.21871, 51.45713, 32.5], [-0.21861, 51.45731, 31.6], [-0.2183, 51.45784, 28.6], [-0.21824, 51.45796, 27.7], [-0.21816, 51.45811, 26.8], [-0.21799, 51.45842, 25.1], [-0.2179, 51.45859, 24.6], [-0.21785, 51.4587, 24.3], [-0.21776, 51.45886, 23.8], [-0.21775, 51.45889, 23.7], [-0.2177, 51.459, 23.4], [-0.21766, 51.45907, 23.2], [-0.21761, 51.45917, 22.9], [-0.21763, 51.45922, 22.7], [-0.21763, 51.45924, 22.7], [-0.21763, 51.45926, 22.6], [-0.21763, 51.45927, 22.6], [-0.21762, 51.4593, 22.6], [-0.21758, 51.45942, 22.3], [-0.21755, 51.45955, 22.0], [-0.21754, 51.45961, 21.9], [-0.21752, 51.45971, 21.7], [-0.21749, 51.45982, 21.4], [-0.21749, 51.45983, 21.4], [-0.21742, 51.45988, 21.2], [-0.21738, 51.46002, 20.8], [-0.21733, 51.46018, 20.0], [-0.2173, 51.46028, 19.5], [-0.21728, 51.46032, 19.3], [-0.2172, 51.46056, 18.2], [-0.21716, 51.4607, 17.6], [-0.21712, 51.46083, 17.0], [-0.21707, 51.46095, 16.6], [-0.21704, 51.46104, 16.3], [-0.21698, 51.46113, 15.9], [-0.21693, 51.46122, 15.6], [-0.21691, 51.46126, 15.5], [-0.21686, 51.4614, 15.0], [-0.21679, 51.46158, 14.3], [-0.21671, 51.46171, 14.0], [-0.21662, 51.4619, 14.0], [-0.21641, 51.46231, 13.8], [-0.21638, 51.46236, 13.7], [-0.21624, 51.46262, 13.6], [-0.21599, 51.46304, 13.8], [-0.21595, 51.46311, 13.9], [-0.21593, 51.46315, 13.9], [-0.21587, 51.46325, 13.9], [-0.2156, 51.4637, 13.6], [-0.21558, 51.46374, 13.5], [-0.21539, 51.46406, 13.4], [-0.21536, 51.4641, 13.4], [-0.21522, 51.46429, 12.8], [-0.21513, 51.4644, 12.3], [-0.21508, 51.46448, 12.0], [-0.21506, 51.46451, 11.8], [-0.21487, 51.46474, 11.0], [-0.21476, 51.46487, 10.7], [-0.21465, 51.465, 10.4], [-0.21458, 51.46509, 10.5], [-0.21457, 51.4651, 10.5], [-0.21449, 51.46524, 10.5], [-0.21444, 51.46532, 10.5], [-0.21435, 51.4655, 10.4], [-0.21429, 51.4656, 10.3], [-0.21428, 51.46564, 10.3], [-0.21427, 51.46575, 10.2], [-0.21424, 51.46584, 10.1], [-0.21422, 51.4659, 9.8], [-0.21416, 51.46595, 9.4], [-0.21408, 51.46601, 9.3], [-0.21396, 51.46611, 9.1], [-0.21392, 51.46614, 9.1], [-0.21381, 51.46624, 8.9], [-0.21373, 51.46631, 8.8], [-0.21364, 51.46638, 8.7], [-0.21339, 51.46652, 8.4], [-0.21307, 51.46681, 8.0], [-0.21301, 51.46686, 7.9], [-0.21289, 51.46696, 7.8], [-0.2123, 51.46748, 7.0], [-0.21219, 51.46758, 6.9], [-0.21207, 51.46769, 6.7], [-0.21201, 51.46774, 6.6], [-0.21194, 51.4678, 6.5], [-0.2118, 51.46793, 6.7], [-0.21171, 51.468, 6.9], [-0.21153, 51.46816, 7.1], [-0.21144, 51.46824, 7.2], [-0.21128, 51.46836, 7.5], [-0.21117, 51.46845, 7.7], [-0.21104, 51.46856, 7.8], [-0.21078, 51.46877, 8.0], [-0.21066, 51.46887, 7.9], [-0.21054, 51.46897, 7.8], [-0.21046, 51.46906, 7.7], [-0.21032, 51.46921, 7.4], [-0.21028, 51.46925, 7.3], [-0.21025, 51.46928, 7.3], [-0.21021, 51.46932, 7.2], [-0.21021, 51.46932, 7.2], [-0.21014, 51.46931, 7.1], [-0.2101, 51.46931, 7.1], [-0.21006, 51.46931, 7.1], [-0.21, 51.46931, 7.0], [-0.20993, 51.46931, 7.0], [-0.2098, 51.46932, 7.0], [-0.20976, 51.46932, 7.1], [-0.20958, 51.46933, 7.1], [-0.20946, 51.46933, 7.1], [-0.20938, 51.46933, 7.1], [-0.20933, 51.46934, 7.2], [-0.20929, 51.46934, 7.2], [-0.20923, 51.46935, 7.2], [-0.20918, 51.46935, 7.2], [-0.20912, 51.46936, 7.3], [-0.20904, 51.46938, 7.4], [-0.20895, 51.46941, 7.6], [-0.2089, 51.46942, 7.6], [-0.20886, 51.46943, 7.7], [-0.20883, 51.46944, 7.7], [-0.2088, 51.46946, 7.8], [-0.20876, 51.46948, 7.9], [-0.20873, 51.46949, 7.9], [-0.2087, 51.46952, 8.0], [-0.20865, 51.46959, 8.1], [-0.20856, 51.46971, 8.4], [-0.20846, 51.46985, 8.7], [-0.20837, 51.46995, 8.9], [-0.20835, 51.46997, 8.9], [-0.20806, 51.47031, 9.0], [-0.20802, 51.47035, 9.0], [-0.20798, 51.47039, 9.0], [-0.20795, 51.47042, 9.0], [-0.20791, 51.47045, 9.0], [-0.20787, 51.47049, 9.0], [-0.20783, 51.47053, 9.0], [-0.20777, 51.47058, 9.0], [-0.20767, 51.47066, 9.0], [-0.20762, 51.4707, 9.0], [-0.20759, 51.47072, 9.0], [-0.20753, 51.47076, 9.0], [-0.20748, 51.47079, 9.0], [-0.20741, 51.47083, 8.9], [-0.20741, 51.47083, 8.9], [-0.20743, 51.47084, 8.9], [-0.20746, 51.47086, 8.9], [-0.20743, 51.47084, 8.9], [-0.20741, 51.47083, 8.9], [-0.20741, 51.47083, 8.9], [-0.20735, 51.47085, 8.8], [-0.20726, 51.4709, 8.7], [-0.20715, 51.47096, 8.6], [-0.20694, 51.47107, 8.4], [-0.2068, 51.47114, 8.4], [-0.20674, 51.47117, 8.4], [-0.2066, 51.47124, 8.5], [-0.20653, 51.47127, 8.5], [-0.20648, 51.47129, 8.5], [-0.20642, 51.47131, 8.6], [-0.20633, 51.47134, 8.6], [-0.20625, 51.47137, 8.6], [-0.20619, 51.47139, 8.7], [-0.20618, 51.47139, 8.7], [-0.20604, 51.47144, 8.7], [-0.20585, 51.47152, 8.8], [-0.20583, 51.47152, 8.8], [-0.20572, 51.47155, 9.0], [-0.20566, 51.47157, 9.1], [-0.20544, 51.47163, 9.4], [-0.20537, 51.47165, 9.5], [-0.20491, 51.47179, 9.7], [-0.20446, 51.47193, 9.4], [-0.20434, 51.47196, 9.3], [-0.20416, 51.472, 9.2], [-0.2039, 51.47205, 9.1], [-0.20376, 51.47209, 9.0], [-0.2036, 51.47212, 8.9], [-0.20333, 51.47215, 8.8], [-0.20307, 51.47219, 8.5], [-0.20292, 51.47221, 8.4], [-0.20265, 51.47225, 8.1], [-0.2025, 51.47227, 8.0], [-0.20231, 51.47231, 7.9], [-0.20173, 51.47242, 7.8], [-0.20142, 51.47247, 7.9], [-0.20129, 51.47249, 8.0], [-0.20107, 51.47253, 8.0], [-0.20091, 51.47256, 8.1], [-0.20083, 51.47258, 8.1], [-0.20077, 51.47259, 8.1], [-0.20072, 51.4726, 8.1], [-0.20045, 51.47268, 8.3], [-0.20005, 51.47273, 8.5], [-0.19977, 51.47275, 8.5], [-0.19946, 51.47277, 8.4], [-0.19936, 51.47278, 8.4], [-0.19903, 51.47281, 8.1], [-0.19899, 51.47282, 8.1], [-0.19877, 51.47284, 7.7], [-0.19866, 51.47285, 7.6], [-0.1985, 51.47288, 7.3], [-0.19841, 51.47291, 7.1], [-0.19834, 51.47294, 7.0], [-0.19827, 51.47296, 7.0], [-0.19815, 51.47301, 7.0], [-0.19798, 51.47308, 7.0], [-0.1977, 51.47323, 7.0], [-0.19759, 51.47328, 7.0], [-0.19746, 51.47336, 7.1], [-0.19735, 51.4734, 7.3], [-0.19724, 51.47347, 7.5], [-0.19683, 51.47369, 8.2], [-0.19655, 51.47385, 8.6], [-0.19597, 51.47416, 9.0], [-0.19571, 51.4743, 8.7], [-0.19553, 51.4744, 8.5], [-0.19535, 51.4745, 8.3], [-0.19528, 51.47453, 8.2], [-0.19521, 51.47457, 8.1], [-0.19516, 51.4746, 8.1], [-0.19512, 51.47462, 8.1], [-0.19491, 51.47483, 8.0], [-0.19481, 51.47493, 8.0], [-0.19474, 51.475, 8.0], [-0.19451, 51.47524, 7.4], [-0.19441, 51.47534, 7.2], [-0.19434, 51.4754, 7.0], [-0.19425, 51.47545, 6.9], [-0.19411, 51.47553, 6.7], [-0.19407, 51.47556, 6.7], [-0.19391, 51.47564, 6.6], [-0.19379, 51.4757, 6.6], [-0.19365, 51.47578, 6.7], [-0.19353, 51.47585, 6.8], [-0.19345, 51.4759, 6.9], [-0.19337, 51.47596, 7.1], [-0.1933, 51.476, 7.2], [-0.19327, 51.47603, 7.2], [-0.19324, 51.47605, 7.2], [-0.19309, 51.47615, 7.3], [-0.19297, 51.47625, 7.3], [-0.19294, 51.47627, 7.3], [-0.19277, 51.4764, 7.2], [-0.19272, 51.47644, 7.2], [-0.19237, 51.47668, 6.7], [-0.19225, 51.47677, 6.4], [-0.19195, 51.47696, 6.0], [-0.19184, 51.47702, 6.0], [-0.19174, 51.47707, 6.0], [-0.19165, 51.47712, 6.1], [-0.19157, 51.47716, 6.2], [-0.19137, 51.47727, 6.4], [-0.19121, 51.47737, 6.7], [-0.19115, 51.47741, 6.8], [-0.19107, 51.47746, 6.9], [-0.19102, 51.47748, 7.0], [-0.19098, 51.4775, 7.0], [-0.19094, 51.47752, 7.0], [-0.19092, 51.47752, 7.0], [-0.1909, 51.47753, 7.0], [-0.19086, 51.47754, 7.0], [-0.19083, 51.47755, 7.0], [-0.1908, 51.47755, 7.0], [-0.19076, 51.47755, 6.9], [-0.1907, 51.47755, 6.8], [-0.19061, 51.47755, 6.7], [-0.19044, 51.47756, 6.6], [-0.19041, 51.47757, 6.5], [-0.19037, 51.47758, 6.5], [-0.19034, 51.47759, 6.5], [-0.19031, 51.4776, 6.4], [-0.19019, 51.47764, 6.4], [-0.19012, 51.47769, 6.3], [-0.19007, 51.47772, 6.3], [-0.19002, 51.47774, 6.3], [-0.18994, 51.47779, 6.4], [-0.18981, 51.47788, 6.6], [-0.18969, 51.47795, 6.7], [-0.18958, 51.47802, 6.8], [-0.18955, 51.47803, 6.8], [-0.18945, 51.4781, 6.9], [-0.18935, 51.47816, 7.0], [-0.18924, 51.47822, 7.0], [-0.18922, 51.47824, 7.0], [-0.18828, 51.4788, 7.0], [-0.18802, 51.47896, 7.0], [-0.18773, 51.47913, 7.0], [-0.18762, 51.47919, 7.0], [-0.18759, 51.47922, 7.0], [-0.18754, 51.47925, 7.0], [-0.18737, 51.47935, 7.2], [-0.18735, 51.47936, 7.2], [-0.18722, 51.47944, 7.3], [-0.18713, 51.47949, 7.4], [-0.18705, 51.47954, 7.5], [-0.18693, 51.47962, 7.6], [-0.18685, 51.47967, 7.7], [-0.18675, 51.47973, 7.8], [-0.1866, 51.47982, 8.0], [-0.18648, 51.47989, 8.2], [-0.18628, 51.48001, 8.4], [-0.18625, 51.48002, 8.5], [-0.18614, 51.48008, 8.6], [-0.18607, 51.48012, 8.6], [-0.18591, 51.4802, 8.7], [-0.18586, 51.48022, 8.7], [-0.18583, 51.48024, 8.7], [-0.18576, 51.48027, 8.8], [-0.18568, 51.48031, 8.8], [-0.18556, 51.48036, 8.9], [-0.18546, 51.4804, 9.0], [-0.1854, 51.48042, 9.0], [-0.18509, 51.48055, 9.2], [-0.18496, 51.4806, 9.3], [-0.18472, 51.48068, 9.1], [-0.18448, 51.48077, 9.0], [-0.1843, 51.48083, 9.0], [-0.18416, 51.48088, 8.9], [-0.18395, 51.48096, 8.7], [-0.18387, 51.48099, 8.6], [-0.18367, 51.48106, 8.5], [-0.18345, 51.48114, 8.4], [-0.1834, 51.48116, 8.4], [-0.183405, 51.481159, 8.4], [-0.183176, 51.481142, 8.5], [-0.182935, 51.480866, 8.5], [-0.182643, 51.480667, 8.7], [-0.182283, 51.480494, 9.0], [-0.181855, 51.480284, 9.4], [-0.181471, 51.480123, 9.6], [-0.180844, 51.480081, 10.3], [-0.180145, 51.480099, 12.1], [-0.179542, 51.480178, 12.0], [-0.178869, 51.480253, 11.2], [-0.178303, 51.480318, 10.6], [-0.177959, 51.480397, 10.0], [-0.177672, 51.480513, 9.7], [-0.177359, 51.48071, 9.5], [-0.177071, 51.480924, 8.5], [-0.17671, 51.481175, 7.4], [-0.1763, 51.481466, 7.8], [-0.176024, 51.481652, 8.2], [-0.17551, 51.48179, 7.6], [-0.17542, 51.4818, 7.5], [-0.17535, 51.48181, 7.4], [-0.17529, 51.48182, 7.3], [-0.17523, 51.48182, 7.2], [-0.17507, 51.48184, 7.0], [-0.17495, 51.48185, 6.9], [-0.17476, 51.48188, 7.2], [-0.17466, 51.4819, 7.4], [-0.17424, 51.48198, 8.1], [-0.17408, 51.48201, 8.3], [-0.17399, 51.48203, 8.5], [-0.17387, 51.48209, 8.9], [-0.17371, 51.48213, 9.2], [-0.17343, 51.4822, 9.8], [-0.17323, 51.48224, 10.0], [-0.17319, 51.48225, 10.0], [-0.17312, 51.48225, 9.9], [-0.17309, 51.48225, 9.9], [-0.17306, 51.48225, 9.9], [-0.17304, 51.48225, 9.9], [-0.17301, 51.48224, 9.8], [-0.17291, 51.48226, 9.8], [-0.17269, 51.48232, 10.0], [-0.17261, 51.48234, 10.1], [-0.17254, 51.48235, 10.1], [-0.17248, 51.48237, 10.2], [-0.17244, 51.48238, 10.3], [-0.17236, 51.4824, 10.4], [-0.1721, 51.48246, 10.7], [-0.1721, 51.48246, 10.7], [-0.17183, 51.48252, 11.0], [-0.17154, 51.48258, 10.5], [-0.17143, 51.4826, 10.1], [-0.17111, 51.48267, 9.2], [-0.17073, 51.48274, 8.3], [-0.1705, 51.48279, 7.8], [-0.17047, 51.4828, 7.8], [-0.17042, 51.48283, 7.8], [-0.17039, 51.48284, 7.8], [-0.17036, 51.48285, 7.8], [-0.17032, 51.48285, 7.7], [-0.17025, 51.48286, 7.6], [-0.17021, 51.48286, 7.5], [-0.17017, 51.48285, 7.3], [-0.16997, 51.48289, 7.3], [-0.16994, 51.48289, 7.3], [-0.16962, 51.48295, 8.0], [-0.16892, 51.48306, 9.6], [-0.16856, 51.48311, 10.4], [-0.1683, 51.48315, 10.9], [-0.16819, 51.48319, 11.0], [-0.16812, 51.48321, 11.0], [-0.16805, 51.48323, 11.0], [-0.16797, 51.48326, 11.0], [-0.16794, 51.48327, 11.0], [-0.1679, 51.48329, 11.1], [-0.16784, 51.48332, 11.1], [-0.1678, 51.48335, 11.1], [-0.16776, 51.48337, 11.0], [-0.16767, 51.48342, 10.8], [-0.16762, 51.48345, 10.7], [-0.16759, 51.48347, 10.6], [-0.16754, 51.48349, 10.5], [-0.16744, 51.48353, 10.3], [-0.16739, 51.48354, 10.2], [-0.16735, 51.48354, 10.0], [-0.16731, 51.48355, 10.0], [-0.16717, 51.48355, 9.5], [-0.16705, 51.48354, 9.1], [-0.16697, 51.48354, 8.9], [-0.16692, 51.48353, 8.7], [-0.16687, 51.48353, 8.6], [-0.16677, 51.48351, 8.2], [-0.16666, 51.48349, 7.7], [-0.16661, 51.48348, 7.6], [-0.16654, 51.48347, 7.5], [-0.16652, 51.48347, 7.5], [-0.16638, 51.48346, 7.3], [-0.16625, 51.48345, 7.1], [-0.16603, 51.48346, 7.0], [-0.16596, 51.48346, 6.9], [-0.16582, 51.48348, 6.9], [-0.1653, 51.48355, 6.4], [-0.16513, 51.48357, 6.2], [-0.16437, 51.48367, 6.8], [-0.16435, 51.48368, 6.9], [-0.16428, 51.48369, 7.0], [-0.16423, 51.48372, 7.2], [-0.1642, 51.48373, 7.3], [-0.16415, 51.48374, 7.4], [-0.16409, 51.48375, 7.5], [-0.16404, 51.48375, 7.5], [-0.16399, 51.48376, 7.6], [-0.16384, 51.48377, 7.7], [-0.1638, 51.48377, 7.7], [-0.16374, 51.48376, 7.6], [-0.16355, 51.48378, 7.8], [-0.1632, 51.48382, 8.0], [-0.16301, 51.48385, 8.1], [-0.16196, 51.48399, 8.2], [-0.1618, 51.48401, 8.2], [-0.16126, 51.48408, 8.9], [-0.16097, 51.48412, 9.5], [-0.16089, 51.48413, 9.7], [-0.16086, 51.48413, 9.7], [-0.16075, 51.48414, 9.9], [-0.16067, 51.48416, 10.1], [-0.16018, 51.48422, 10.8], [-0.1599, 51.48426, 10.8], [-0.15982, 51.48427, 10.6], [-0.15923, 51.48435, 9.1], [-0.15906, 51.48438, 8.6], [-0.15863, 51.48443, 7.5], [-0.15851, 51.48445, 7.3], [-0.15829, 51.48447, 6.9], [-0.15702, 51.48464, 6.8], [-0.15676, 51.48468, 6.6], [-0.15654, 51.48471, 6.6], [-0.15619, 51.48475, 6.8], [-0.15577, 51.48482, 7.1], [-0.15548, 51.48487, 7.4], [-0.15543, 51.48488, 7.4], [-0.15459, 51.48503, 6.9], [-0.15411, 51.48512, 5.9], [-0.15355, 51.4852, 5.2], [-0.15305, 51.48528, 5.5], [-0.15304, 51.48528, 5.5], [-0.15297, 51.48529, 5.5], [-0.15289, 51.4853, 5.6], [-0.15283, 51.4853, 5.7], [-0.15278, 51.4853, 5.7], [-0.15274, 51.4853, 5.7], [-0.15269, 51.4853, 5.7], [-0.15261, 51.4853, 5.8], [-0.15253, 51.48531, 5.8], [-0.15244, 51.48532, 5.9], [-0.15219, 51.48536, 6.3], [-0.1521, 51.48538, 6.5], [-0.15166, 51.48545, 7.2], [-0.1514, 51.4855, 7.6], [-0.15132, 51.48552, 7.7], [-0.15107, 51.4856, 8.3], [-0.15098, 51.48562, 8.5], [-0.15085, 51.48566, 8.8], [-0.1505, 51.48574, 9.0], [-0.15039, 51.48576, 9.0], [-0.15029, 51.48578, 9.0], [-0.15027, 51.48579, 9.0], [-0.15018, 51.4858, 9.0], [-0.15004, 51.48582, 9.0], [-0.14986, 51.48583, 8.6], [-0.14978, 51.48583, 8.5], [-0.14973, 51.48583, 8.3], [-0.14925, 51.48576, 6.9], [-0.14909, 51.48575, 6.5], [-0.14888, 51.48573, 6.0], [-0.14866, 51.48573, 5.5], [-0.14804, 51.48573, 4.8], [-0.14792, 51.48573, 4.8], [-0.14787, 51.48573, 4.8], [-0.14777, 51.48574, 4.8], [-0.14773, 51.48574, 4.8], [-0.14691, 51.48575, 5.4], [-0.14671, 51.48576, 5.7], [-0.14665, 51.48576, 5.8], [-0.1465, 51.48577, 6.0], [-0.14641, 51.48577, 6.1], [-0.14624, 51.48577, 6.2], [-0.14619, 51.48577, 6.3], [-0.14607, 51.48576, 6.4], [-0.14587, 51.48574, 6.5], [-0.14575, 51.48573, 6.6], [-0.14561, 51.48571, 6.6], [-0.14531, 51.48569, 6.8], [-0.14516, 51.48568, 6.9], [-0.14501, 51.48567, 7.0], [-0.14441, 51.4856, 7.1], [-0.14429, 51.48559, 7.1], [-0.14414, 51.48557, 7.1], [-0.14396, 51.48555, 7.1], [-0.14388, 51.48554, 7.1], [-0.14377, 51.48552, 7.0], [-0.14328, 51.48545, 6.8], [-0.14302, 51.4854, 6.6], [-0.14286, 51.48537, 6.4], [-0.14276, 51.48536, 6.4], [-0.14258, 51.48534, 6.4], [-0.14253, 51.48533, 6.4], [-0.14232, 51.4853, 6.4], [-0.14213, 51.48526, 6.3], [-0.14207, 51.48525, 6.3], [-0.1418, 51.4852, 6.3], [-0.14165, 51.48517, 6.2], [-0.14153, 51.48514, 6.0], [-0.14148, 51.48514, 6.0], [-0.14119, 51.48509, 5.6], [-0.14111, 51.48508, 5.5], [-0.141, 51.48507, 5.4], [-0.14087, 51.48505, 5.3], [-0.14055, 51.485, 5.3], [-0.14049, 51.48499, 5.4], [-0.14009, 51.48493, 5.6], [-0.14006, 51.48493, 5.7], [-0.13996, 51.48492, 5.8], [-0.13987, 51.48492, 6.1], [-0.13978, 51.48492, 6.4], [-0.1397, 51.48492, 6.7], [-0.13963, 51.48492, 6.9], [-0.13957, 51.48492, 7.1], [-0.1395, 51.48492, 7.3], [-0.13942, 51.48493, 7.7], [-0.13936, 51.48493, 7.9], [-0.13929, 51.48493, 8.1], [-0.13921, 51.48494, 8.4], [-0.13918, 51.48494, 8.5], [-0.13902, 51.48496, 9.2], [-0.13879, 51.48499, 10.3], [-0.13876, 51.48499, 10.4], [-0.13862, 51.48501, 11.0], [-0.13852, 51.48503, 11.3], [-0.13839, 51.48506, 11.7], [-0.13836, 51.48506, 11.8], [-0.13787, 51.48515, 9.9], [-0.1373, 51.48525, 8.2], [-0.13682, 51.48532, 7.3], [-0.13674, 51.48534, 7.3], [-0.13657, 51.48537, 7.4], [-0.13636, 51.4854, 7.8], [-0.13635, 51.48541, 7.9], [-0.1361, 51.48545, 8.4], [-0.13609, 51.48545, 8.4], [-0.13605, 51.48546, 8.5], [-0.13599, 51.48547, 8.6], [-0.13581, 51.4855, 9.0], [-0.13519, 51.48561, 9.8], [-0.13496, 51.48565, 9.9], [-0.13488, 51.48566, 9.8], [-0.13442, 51.48575, 9.2], [-0.13419, 51.48579, 8.8], [-0.13382, 51.48586, 7.9], [-0.13361, 51.48589, 7.4], [-0.13331, 51.48595, 6.8], [-0.133, 51.486, 6.7], [-0.13286, 51.48606, 6.9], [-0.13266, 51.48611, 6.9], [-0.13246, 51.48616, 6.8], [-0.1323, 51.4862, 6.6], [-0.13213, 51.48625, 6.4], [-0.13191, 51.48633, 6.1], [-0.13181, 51.48636, 6.0], [-0.1317, 51.48641, 5.9], [-0.13158, 51.48645, 5.8], [-0.13152, 51.48649, 5.9], [-0.1314, 51.48654, 5.8], [-0.13136, 51.48656, 5.8], [-0.13135, 51.48657, 5.9], [-0.13131, 51.4866, 5.9], [-0.13122, 51.48666, 5.9], [-0.1312, 51.48668, 6.0], [-0.13109, 51.48677, 6.4], [-0.13105, 51.48682, 6.7], [-0.13096, 51.48692, 7.5], [-0.13089, 51.48705, 8.6], [-0.13086, 51.4871, 9.1], [-0.13072, 51.48735, 12.0], [-0.13061, 51.48755, 13.9], [-0.13058, 51.4876, 13.9], [-0.1305, 51.48774, 13.7], [-0.13033, 51.48797, 13.3], [-0.1303, 51.48801, 13.2], [-0.130175, 51.48811, 13.0], [-0.13009, 51.48819, 12.7], [-0.12995, 51.48833, 12.0], [-0.12992, 51.48836, 11.8], [-0.12981, 51.48848, 11.4], [-0.129759, 51.48853, 11.2], [-0.12973, 51.48856, 11.0], [-0.129704, 51.48858, 11.0], [-0.12963, 51.48865, 10.6], [-0.129537, 51.48873, 10.2], [-0.129398, 51.48881, 9.7], [-0.129315, 51.48886, 9.4], [-0.129287, 51.48887, 9.3], [-0.12926, 51.48889, 9.2], [-0.12916, 51.48895, 8.8], [-0.12913, 51.48897, 8.6], [-0.12908, 51.489, 8.4], [-0.12895, 51.48907, 7.8], [-0.12887, 51.48911, 7.5], [-0.12881, 51.48914, 7.2], [-0.128705, 51.48918, 6.9], [-0.12862, 51.48923, 6.7], [-0.12849, 51.48929, 6.3], [-0.128427, 51.48931, 6.2], [-0.12836, 51.48935, 6.1], [-0.12828, 51.48938, 5.9], [-0.12813, 51.48944, 5.8], [-0.12775, 51.48959, 5.3], [-0.127734, 51.48959, 5.3], [-0.12766, 51.48962, 5.2], [-0.12756, 51.48966, 5.1], [-0.12753, 51.48967, 5.0], [-0.127428, 51.48972, 4.8], [-0.12736, 51.48977, 4.7], [-0.127317, 51.48979, 4.6], [-0.12728, 51.48982, 4.5], [-0.1272, 51.48987, 4.3], [-0.12716, 51.48989, 4.2], [-0.12713, 51.48992, 4.1], [-0.12711, 51.48994, 4.1], [-0.12706, 51.48998, 3.9], [-0.126956, 51.49007, 4.2], [-0.12684, 51.49019, 4.7], [-0.12661, 51.49046, 6.2], [-0.12656, 51.49052, 6.5], [-0.12647, 51.49063, 7.0], [-0.12631, 51.49082, 7.6], [-0.12625, 51.4909, 8.1], [-0.12616, 51.49101, 8.7], [-0.12612, 51.49106, 8.9], [-0.12608, 51.49111, 9.0], [-0.125929, 51.49129, 9.4], [-0.12573, 51.49155, 9.4], [-0.12562, 51.49178, 8.7], [-0.12561, 51.49182, 8.6], [-0.12558, 51.49189, 8.2], [-0.12556, 51.49194, 7.9], [-0.12539, 51.49231, 6.0], [-0.12539, 51.49232, 6.0], [-0.125346, 51.49241, 5.6], [-0.12533, 51.49246, 5.4], [-0.12522, 51.49275, 11.2], [-0.12522, 51.49276, 11.5], [-0.12517, 51.4928, 12.4], [-0.125124, 51.49284, 13.4], [-0.12512, 51.49293, 15.9], [-0.12512, 51.49303, 18.8], [-0.12511, 51.49306, 19.6], [-0.12511, 51.49311, 21.0], [-0.12512, 51.49321, 23.8], [-0.125124, 51.49333, 27.1], [-0.125124, 51.49346, 26.5], [-0.12514, 51.4936, 25.7], [-0.12516, 51.4938, 24.6], [-0.12516, 51.49392, 23.9], [-0.12517, 51.49403, 23.3], [-0.12518, 51.4942, 22.3], [-0.12519, 51.49428, 21.6], [-0.12519, 51.49434, 21.2], [-0.125235, 51.4944, 20.7], [-0.12526, 51.49448, 20.1], [-0.12529, 51.49466, 18.8], [-0.12531, 51.49467, 18.8], [-0.125319, 51.49468, 18.7], [-0.12533, 51.49468, 18.7], [-0.12534, 51.49469, 18.7], [-0.12534, 51.4947, 18.6], [-0.12536, 51.49471, 18.6], [-0.12537, 51.49472, 18.6], [-0.12537, 51.49473, 18.5], [-0.12537, 51.49474, 18.4], [-0.125374, 51.49475, 18.4], [-0.125374, 51.49476, 18.3], [-0.125374, 51.49477, 18.3], [-0.125374, 51.49478, 18.2], [-0.125374, 51.49479, 18.1], [-0.125374, 51.4948, 18.1], [-0.12537, 51.49481, 18.0], [-0.12536, 51.49482, 17.9], [-0.12536, 51.49483, 17.8], [-0.125346, 51.49483, 17.8], [-0.12534, 51.49485, 17.6], [-0.12533, 51.49485, 17.6], [-0.12533, 51.49486, 17.5], [-0.125319, 51.49486, 17.5], [-0.12531, 51.49487, 17.4], [-0.1253, 51.49487, 17.3], [-0.12529, 51.49488, 17.2], [-0.12528, 51.49488, 17.2], [-0.12525, 51.49498, 16.3], [-0.1252, 51.49511, 16.1], [-0.12517, 51.49519, 16.0], [-0.125235, 51.49544, 16.7], [-0.12528, 51.49562, 17.1], [-0.12534, 51.49584, 17.5], [-0.1254, 51.49608, 14.6], [-0.125514, 51.49661, 8.7], [-0.125568, 51.4968, 8.3], [-0.12562, 51.49699, 8.4], [-0.12562, 51.49711, 8.2], [-0.12562, 51.49724, 7.9], [-0.12564, 51.49738, 7.8], [-0.12567, 51.49757, 7.7], [-0.12569, 51.49766, 7.6], [-0.1257, 51.49775, 7.5], [-0.12573, 51.49793, 7.4], [-0.12573, 51.49817, 6.8], [-0.12573, 51.49824, 6.7], [-0.12573, 51.49825, 6.7], [-0.125735, 51.49826, 6.7], [-0.125735, 51.49829, 6.6], [-0.12576, 51.49838, 7.2], [-0.12578, 51.49845, 8.1], [-0.12586, 51.4987, 11.0], [-0.126068, 51.49928, 15.2], [-0.126198, 51.499983, 13.6], [-0.126126, 51.500734, 15.7], [-0.126124, 51.50098, 16.6], [-0.125245, 51.500981, 16.9], [-0.124276, 51.500963, 13.4], [-0.12426, 51.50097, 13.3], [-0.12415, 51.50121, 12.6], [-0.12411, 51.50151, 11.8], [-0.12408, 51.50169, 11.4], [-0.12406, 51.50175, 11.4], [-0.12401, 51.50196, 11.6], [-0.12395, 51.50221, 11.9], [-0.12388, 51.50249, 12.6], [-0.12386, 51.50257, 12.6], [-0.12381, 51.50276, 12.4], [-0.12372, 51.50313, 12.1], [-0.12372, 51.50316, 12.0], [-0.12369, 51.50327, 11.9], [-0.12362, 51.50348, 12.6], [-0.12353, 51.5038, 14.6], [-0.12342, 51.50417, 17.0], [-0.1233, 51.50455, 17.6], [-0.12327, 51.50464, 17.6], [-0.12321, 51.50485, 17.5], [-0.12317, 51.50498, 17.4], [-0.12313, 51.50509, 17.5], [-0.12311, 51.50517, 17.8], [-0.1231, 51.5052, 17.8], [-0.12309, 51.50524, 17.9], [-0.12304, 51.5054, 18.2], [-0.123, 51.50551, 18.4], [-0.12296, 51.5056, 18.4], [-0.12295, 51.50563, 18.4], [-0.12292, 51.50571, 18.4], [-0.12284, 51.50587, 18.1], [-0.1228, 51.50593, 17.6], [-0.1227, 51.50608, 16.5], [-0.1226, 51.50626, 15.3], [-0.12257, 51.50631, 14.9], [-0.12255, 51.50634, 14.6], [-0.1225, 51.50643, 14.0], [-0.12247, 51.50648, 13.6], [-0.12242, 51.50655, 12.9], [-0.12225, 51.50678, 11.1], [-0.12225, 51.50678, 11.1], [-0.12202, 51.50709, 9.3], [-0.12195, 51.50718, 8.8], [-0.12191, 51.50723, 8.5], [-0.12173, 51.50746, 7.5], [-0.12147, 51.50774, 9.6], [-0.1214, 51.50784, 10.7], [-0.12122, 51.50805, 12.8], [-0.12112, 51.50816, 13.9], [-0.12105, 51.50822, 14.4], [-0.12105, 51.50823, 14.5], [-0.12091, 51.50836, 15.5], [-0.1206, 51.50864, 16.4], [-0.12024, 51.50891, 15.7], [-0.12006, 51.50903, 14.9], [-0.11991, 51.50914, 14.5], [-0.11935, 51.50944, 16.2], [-0.11912, 51.50955, 16.3], [-0.11905, 51.50959, 16.4], [-0.11898, 51.50962, 16.3], [-0.11891, 51.50965, 16.2], [-0.11868, 51.50975, 15.8], [-0.11857, 51.50979, 15.5], [-0.11848, 51.50982, 15.3], [-0.11842, 51.50984, 15.0], [-0.1184, 51.50985, 15.0], [-0.11792, 51.51001, 16.1], [-0.11789, 51.51001, 16.1], [-0.1177, 51.51005, 16.6], [-0.1172, 51.5102, 17.6], [-0.11718, 51.5102, 17.6], [-0.11681, 51.5103, 17.8], [-0.11662, 51.51035, 17.9], [-0.1165, 51.51038, 17.9], [-0.11588, 51.51053, 17.9], [-0.1156, 51.5106, 17.8], [-0.11556, 51.51059, 17.6], [-0.11553, 51.51058, 17.4], [-0.1155, 51.51058, 17.4], [-0.11531, 51.5106, 17.1], [-0.1152, 51.51062, 16.9], [-0.11514, 51.51064, 16.9], [-0.11512, 51.51065, 17.0], [-0.1151, 51.51066, 17.0], [-0.11509, 51.51068, 17.1], [-0.11405, 51.51083, 16.7], [-0.11393, 51.51085, 16.6], [-0.11344, 51.51091, 16.1], [-0.11321, 51.51094, 16.1], [-0.11252, 51.511, 16.0], [-0.1124, 51.51101, 16.1], [-0.11218, 51.51103, 16.1], [-0.11202, 51.51104, 16.1], [-0.11175, 51.51105, 16.0], [-0.11137, 51.51105, 14.8], [-0.11128, 51.51105, 14.4], [-0.11073, 51.51106, 12.1], [-0.10989, 51.51106, 8.9], [-0.10918, 51.51107, 9.7], [-0.10904, 51.51107, 9.8], [-0.10904, 51.51107, 9.8], [-0.10902, 51.51108, 9.9], [-0.10899, 51.51109, 10.0], [-0.10894, 51.5111, 10.2], [-0.10889, 51.5111, 10.2], [-0.10814, 51.51109, 11.3], [-0.10799, 51.51109, 11.8], [-0.1075, 51.51107, 13.0], [-0.10744, 51.51107, 13.2], [-0.10714, 51.51106, 14.1], [-0.10685, 51.51105, 15.0], [-0.10669, 51.51105, 15.5], [-0.10628, 51.51105, 14.9], [-0.10623, 51.51105, 14.8], [-0.10571, 51.51104, 13.7], [-0.10565, 51.51104, 13.5], [-0.10542, 51.51104, 13.0], [-0.10533, 51.51104, 12.8], [-0.10495, 51.51104, 11.9], [-0.10484, 51.51104, 11.7], [-0.10456, 51.51104, 11.2], [-0.10448, 51.51104, 11.0], [-0.10413, 51.51104, 10.4], [-0.10408, 51.51104, 10.3], [-0.10384, 51.51103, 9.9], [-0.10355, 51.51103, 9.4], [-0.10321, 51.51103, 9.3], [-0.10311, 51.51103, 9.5], [-0.10301, 51.51103, 9.8], [-0.10285, 51.51103, 10.2], [-0.10268, 51.51104, 10.8], [-0.10258, 51.51105, 11.1], [-0.10249, 51.51105, 11.3], [-0.10238, 51.51106, 11.7], [-0.10222, 51.51108, 12.3], [-0.10211, 51.51108, 12.6], [-0.10181, 51.51112, 13.7], [-0.10159, 51.51114, 13.8], [-0.10146, 51.51116, 13.9], [-0.10108, 51.51121, 14.2], [-0.10089, 51.51123, 14.4], [-0.10073, 51.51125, 14.5], [-0.10053, 51.51127, 14.7], [-0.10027, 51.51128, 14.9], [-0.1, 51.51128, 15.1], [-0.09971, 51.51128, 15.3], [-0.09942, 51.51127, 15.5], [-0.09855, 51.51125, 16.2], [-0.09826, 51.51125, 16.5], [-0.09682, 51.51121, 17.6], [-0.09667, 51.51121, 17.7], [-0.09648, 51.5112, 17.9], [-0.09623, 51.5112, 18.0], [-0.09609, 51.51119, 18.0], [-0.09599, 51.51119, 18.1], [-0.09573, 51.51118, 18.1], [-0.09565, 51.51118, 18.0], [-0.09544, 51.51117, 17.9], [-0.09532, 51.51118, 18.0], [-0.0952, 51.51117, 17.9], [-0.09509, 51.51117, 17.8], [-0.09485, 51.51115, 18.1], [-0.09474, 51.51114, 18.3], [-0.0946, 51.51112, 18.5], [-0.09396, 51.51104, 19.9], [-0.09364, 51.51099, 20.6], [-0.09323, 51.51093, 21.4], [-0.09308, 51.51089, 21.2], [-0.09293, 51.51087, 21.2], [-0.09271, 51.51083, 21.0], [-0.09247, 51.51078, 20.7], [-0.09232, 51.51076, 20.5], [-0.09215, 51.51072, 20.3], [-0.09211, 51.51072, 20.3], [-0.092, 51.5107, 20.2], [-0.09173, 51.51064, 20.2], [-0.09164, 51.51062, 20.4], [-0.09151, 51.5106, 21.1], [-0.09121, 51.51054, 22.8], [-0.0911, 51.51052, 23.4], [-0.09099, 51.51051, 24.0], [-0.09052, 51.51042, 26.7], [-0.09025, 51.51038, 28.3], [-0.0901, 51.51034, 29.2], [-0.08989, 51.5103, 29.8], [-0.08968, 51.51024, 29.6], [-0.08957, 51.51021, 29.5], [-0.08933, 51.51015, 29.1], [-0.0887, 51.50998, 27.1], [-0.08853, 51.50993, 25.9], [-0.08847, 51.50992, 25.6], [-0.08842, 51.50991, 25.3], [-0.08838, 51.5099, 25.1], [-0.08826, 51.50988, 24.9], [-0.0879, 51.50983, 25.3], [-0.08743, 51.50976, 25.9], [-0.0873, 51.50974, 26.1], [-0.08695, 51.50969, 26.6], [-0.08681, 51.50967, 26.8], [-0.08639, 51.50961, 26.4], [-0.08627, 51.50959, 26.1], [-0.08572, 51.50952, 24.8], [-0.08481, 51.50941, 22.3], [-0.08462, 51.50939, 22.0], [-0.08439, 51.50936, 21.7], [-0.08385, 51.50929, 20.6], [-0.08325, 51.50921, 19.3], [-0.08282, 51.50916, 18.9], [-0.08261, 51.50914, 18.5], [-0.08244, 51.50912, 18.2], [-0.08226, 51.5091, 17.9], [-0.08218, 51.5091, 17.9], [-0.08208, 51.50909, 17.8], [-0.082, 51.50909, 17.8], [-0.08186, 51.50909, 17.9], [-0.08176, 51.50909, 17.9], [-0.08166, 51.5091, 18.0], [-0.08151, 51.50912, 18.2], [-0.08143, 51.50913, 18.2], [-0.08136, 51.50914, 18.3], [-0.08128, 51.50915, 18.3], [-0.08117, 51.50918, 18.5], [-0.08103, 51.50921, 18.7], [-0.08089, 51.50925, 19.0], [-0.08088, 51.50926, 19.1], [-0.08075, 51.50931, 19.4], [-0.0807, 51.50932, 19.5], [-0.08036, 51.50946, 20.6], [-0.08025, 51.50952, 21.1], [-0.08025, 51.50952, 21.1], [-0.08014, 51.50957, 21.5], [-0.08001, 51.50962, 21.9], [-0.07994, 51.50963, 22.0], [-0.07986, 51.50964, 22.1], [-0.07982, 51.50965, 22.2], [-0.07975, 51.50965, 22.2], [-0.07967, 51.50965, 22.2], [-0.07953, 51.50963, 22.0], [-0.07944, 51.50962, 21.9], [-0.07937, 51.50962, 21.9], [-0.07929, 51.50961, 21.8], [-0.07921, 51.5096, 21.7], [-0.07905, 51.50959, 21.6], [-0.07904, 51.50959, 21.6], [-0.0788, 51.50957, 21.4], [-0.07867, 51.50956, 21.2], [-0.07857, 51.50955, 21.1], [-0.07852, 51.50955, 21.1], [-0.07849, 51.50954, 21.0], [-0.07845, 51.50954, 21.0], [-0.07834, 51.50951, 20.7], [-0.07802, 51.50945, 18.9], [-0.07798, 51.50944, 18.7], [-0.07792, 51.50944, 18.5], [-0.07789, 51.50944, 18.4], [-0.07786, 51.50944, 18.2], [-0.07784, 51.50944, 18.2], [-0.07781, 51.50944, 18.1], [-0.07778, 51.50944, 18.0], [-0.07764, 51.50945, 17.6], [-0.07745, 51.50946, 17.0], [-0.07717, 51.50948, 16.0], [-0.07701, 51.50949, 15.5], [-0.07689, 51.50949, 15.0], [-0.07685, 51.5095, 14.9], [-0.07672, 51.50951, 14.5], [-0.07665, 51.50951, 14.3], [-0.07653, 51.50952, 14.5], [-0.07651, 51.50952, 14.5], [-0.07642, 51.50953, 14.6], [-0.0763, 51.50954, 14.8], [-0.07617, 51.50955, 15.1], [-0.07612, 51.50955, 15.2], [-0.07601, 51.50958, 15.5], [-0.0759, 51.5096, 15.8], [-0.0757, 51.50965, 16.3], [-0.07557, 51.50968, 16.8], [-0.07552, 51.50971, 17.2], [-0.0755, 51.50973, 17.5], [-0.07548, 51.50974, 17.6], [-0.07526, 51.5098, 18.7], [-0.07517, 51.50983, 19.3], [-0.07488, 51.50991, 20.9], [-0.07463, 51.50997, 22.0], [-0.07454, 51.50998, 22.3], [-0.07446, 51.50997, 22.2], [-0.07439, 51.50996, 22.2], [-0.07434, 51.50994, 22.0], [-0.07431, 51.50993, 21.9], [-0.0743, 51.50992, 21.8], [-0.07427, 51.50991, 21.7], [-0.07426, 51.5099, 21.6], [-0.0742, 51.50987, 21.2], [-0.07415, 51.50983, 20.8], [-0.07414, 51.50983, 20.8], [-0.07409, 51.50979, 20.4], [-0.07407, 51.50978, 20.3], [-0.07399, 51.50969, 19.3], [-0.07394, 51.50964, 18.8], [-0.07375, 51.50946, 16.9], [-0.07365, 51.50933, 15.4], [-0.07365, 51.50933, 15.4], [-0.07357, 51.50925, 14.5], [-0.07352, 51.5092, 14.0], [-0.07339, 51.50909, 13.7], [-0.07332, 51.50902, 13.7], [-0.07329, 51.50898, 13.7], [-0.07328, 51.50895, 13.7], [-0.07327, 51.50893, 13.7], [-0.0732, 51.50889, 13.8], [-0.07304, 51.50883, 14.1], [-0.07296, 51.5088, 14.2], [-0.07288, 51.50878, 14.4], [-0.0727, 51.50872, 14.7], [-0.07236, 51.5086, 14.9], [-0.07199, 51.50847, 14.7], [-0.07172, 51.50839, 14.5], [-0.07157, 51.50836, 14.2], [-0.07144, 51.50834, 14.1], [-0.0714, 51.50833, 14.0], [-0.07137, 51.50833, 14.0], [-0.07128, 51.50832, 14.0], [-0.07121, 51.50832, 14.0], [-0.07115, 51.50832, 14.0], [-0.07111, 51.50832, 14.0], [-0.07101, 51.50833, 14.0], [-0.07097, 51.50834, 14.0], [-0.0709, 51.50835, 14.1], [-0.07079, 51.50837, 14.3], [-0.07062, 51.50839, 14.5], [-0.0704, 51.50843, 14.8], [-0.07022, 51.50845, 14.9], [-0.07019, 51.50845, 14.9], [-0.06983, 51.5085, 15.0], [-0.06961, 51.50855, 15.1], [-0.06953, 51.50858, 15.2], [-0.06952, 51.50859, 15.2], [-0.06942, 51.50857, 15.2], [-0.06941, 51.50857, 15.2], [-0.06932, 51.50859, 15.3], [-0.0692, 51.50861, 15.3], [-0.06916, 51.50862, 15.3], [-0.0691, 51.50864, 15.4], [-0.06895, 51.50868, 15.5], [-0.06883, 51.50871, 15.6], [-0.06845, 51.50883, 16.1], [-0.06826, 51.50889, 16.2], [-0.06821, 51.50891, 16.1], [-0.06796, 51.50898, 15.8], [-0.06784, 51.50902, 15.6], [-0.0677, 51.50906, 15.3], [-0.0676, 51.5091, 15.2], [-0.06752, 51.50913, 15.0], [-0.06746, 51.50914, 14.8], [-0.06722, 51.5092, 14.0], [-0.06697, 51.50927, 13.3], [-0.06689, 51.50928, 13.0], [-0.06678, 51.50931, 12.7], [-0.06674, 51.50931, 12.6], [-0.0667, 51.50932, 12.5], [-0.06664, 51.50933, 12.4], [-0.06656, 51.50934, 12.5], [-0.06646, 51.50935, 12.6], [-0.06638, 51.50935, 12.7], [-0.0663, 51.50936, 12.8], [-0.0662, 51.50936, 12.9], [-0.06611, 51.50936, 13.0], [-0.06608, 51.50936, 13.0], [-0.06605, 51.50936, 13.0], [-0.06592, 51.50936, 13.2], [-0.06578, 51.50935, 13.3], [-0.06554, 51.50933, 13.7], [-0.06543, 51.50933, 13.9], [-0.06528, 51.50933, 14.1], [-0.065269, 51.50932, 14.2], [-0.06519, 51.50932, 14.3], [-0.064979, 51.50932, 14.6], [-0.06462, 51.50931, 14.7], [-0.06446, 51.50931, 14.8], [-0.06418, 51.50931, 14.8], [-0.063979, 51.50931, 15.1], [-0.06389, 51.50932, 15.2], [-0.06349, 51.50933, 15.8], [-0.063159, 51.50933, 15.5], [-0.06302, 51.50932, 15.0], [-0.06256, 51.50934, 13.6], [-0.06253, 51.50934, 13.5], [-0.06207, 51.50935, 11.7], [-0.06195, 51.50936, 11.3], [-0.06195, 51.50936, 11.3], [-0.06166, 51.50936, 10.2], [-0.06162, 51.50936, 10.2], [-0.06147, 51.50936, 10.4], [-0.06146, 51.50936, 10.4], [-0.06145, 51.50936, 10.4], [-0.06122, 51.50938, 10.8], [-0.06113, 51.50938, 10.9], [-0.06098, 51.5094, 11.2], [-0.06084, 51.50941, 11.5], [-0.06076, 51.50942, 11.7], [-0.06064, 51.50943, 12.0], [-0.06048, 51.50944, 12.3], [-0.0603, 51.50946, 12.8], [-0.06016, 51.50948, 13.2], [-0.05988, 51.50951, 13.6], [-0.05968, 51.50952, 13.5], [-0.05941, 51.50955, 13.5], [-0.05923, 51.50957, 13.5], [-0.05889, 51.5096, 13.1], [-0.0588, 51.50961, 13.0], [-0.05841, 51.50964, 12.5], [-0.05823, 51.50966, 12.5], [-0.05821, 51.50966, 12.5], [-0.05795, 51.50969, 12.5], [-0.05778, 51.5097, 12.4], [-0.05758, 51.50972, 12.4], [-0.05737, 51.50973, 12.2], [-0.05693, 51.50973, 11.7], [-0.05677, 51.50972, 11.4], [-0.05651, 51.50972, 11.2], [-0.05608, 51.50969, 10.7], [-0.05606, 51.50968, 10.6], [-0.05584, 51.50967, 10.4], [-0.0557, 51.50965, 10.2], [-0.05555, 51.50964, 10.1], [-0.05525, 51.50963, 9.8], [-0.05515, 51.50963, 9.8], [-0.05505, 51.50963, 9.7], [-0.05497, 51.50963, 9.7], [-0.05487, 51.50963, 9.7], [-0.05473, 51.50963, 9.8], [-0.0546, 51.50964, 9.9], [-0.05447, 51.50964, 10.0], [-0.05438, 51.50964, 10.0], [-0.0543, 51.50964, 10.1], [-0.05399, 51.50965, 10.4], [-0.05345, 51.50968, 11.1], [-0.05332, 51.50968, 11.2], [-0.05306, 51.50969, 11.5], [-0.05277, 51.5097, 11.7], [-0.05271, 51.5097, 11.8], [-0.05248, 51.50971, 12.0], [-0.05224, 51.50972, 12.2], [-0.05127, 51.50975, 12.5], [-0.05065, 51.50977, 12.1], [-0.05057, 51.50977, 11.9], [-0.05033, 51.50978, 11.7], [-0.04986, 51.5098, 11.2], [-0.04938, 51.5098, 10.8], [-0.04905, 51.5098, 10.5], [-0.04899, 51.5098, 10.4], [-0.04884, 51.5098, 10.3], [-0.04847, 51.5098, 9.9], [-0.04829, 51.5098, 9.9], [-0.04801, 51.50979, 10.2], [-0.04791, 51.50979, 10.4], [-0.04783, 51.50983, 10.7], [-0.04781, 51.50984, 10.8], [-0.04779, 51.50984, 10.8], [-0.04778, 51.50984, 10.8], [-0.04774, 51.50985, 10.9], [-0.04761, 51.50985, 11.1], [-0.0475, 51.50986, 11.3], [-0.04748, 51.50986, 11.4], [-0.04747, 51.50986, 11.4], [-0.04736, 51.50984, 11.4], [-0.04735, 51.50984, 11.4], [-0.04726, 51.50985, 11.6], [-0.04711, 51.50988, 12.0], [-0.047, 51.50989, 12.2], [-0.04683, 51.50994, 12.6], [-0.04682, 51.50994, 12.6], [-0.04674, 51.50997, 12.8], [-0.04668, 51.50998, 12.9], [-0.04662, 51.51, 12.9], [-0.04649, 51.51003, 12.9], [-0.04639, 51.51007, 12.8], [-0.04629, 51.5101, 12.5], [-0.04621, 51.51012, 12.4], [-0.04617, 51.51014, 12.3], [-0.04615, 51.51014, 12.3], [-0.04609, 51.51018, 12.1], [-0.04603, 51.51019, 12.0], [-0.04587, 51.51023, 11.7], [-0.0457, 51.51026, 11.4], [-0.0456, 51.51027, 11.2], [-0.0454, 51.51032, 10.8], [-0.04513, 51.51033, 10.7], [-0.0451, 51.51033, 10.7], [-0.04493, 51.51035, 10.6], [-0.04476, 51.51036, 10.5], [-0.04448, 51.51036, 10.4], [-0.04397, 51.51039, 10.2], [-0.04362, 51.51041, 10.7], [-0.04339, 51.51043, 10.9], [-0.04339, 51.51043, 10.9], [-0.041815, 51.510647, 10.0], [-0.041072, 51.510705, 9.8], [-0.040355, 51.510804, 9.4], [-0.039911, 51.510934, 9.0], [-0.039452, 51.511117, 8.5], [-0.038893, 51.511366, 8.1], [-0.038482, 51.511539, 7.9], [-0.038067, 51.511682, 7.6], [-0.037654, 51.511772, 7.5], [-0.037232, 51.51183, 7.6], [-0.036821, 51.511849, 7.7], [-0.036254, 51.511826, 7.9], [-0.03575, 51.511768, 8.0], [-0.035164, 51.511638, 8.1], [-0.034702, 51.511505, 6.5], [-0.034412, 51.511369, 6.7], [-0.034122, 51.511231, 7.0], [-0.033906, 51.511079, 7.2], [-0.033605, 51.510826, 7.4], [-0.033343, 51.510559, 6.7], [-0.033215, 51.510335, 6.5], [-0.033051, 51.510063, 6.1], [-0.032926, 51.509886, 6.1], [-0.03282, 51.509708, 6.2], [-0.032596, 51.509394, 6.5], [-0.032373, 51.509057, 6.6], [-0.032201, 51.508865, 6.7], [-0.032009, 51.508714, 6.6], [-0.031712, 51.508466, 6.3], [-0.031448, 51.508297, 9.8], [-0.031203, 51.50812, 9.1], [-0.03094, 51.50796, 9.0], [-0.030736, 51.507875, 8.9], [-0.030425, 51.507788, 8.6], [-0.030125, 51.507731, 8.6], [-0.029685, 51.507692, 8.4], [-0.029234, 51.507707, 8.2], [-0.028725, 51.507752, 8.2], [-0.028258, 51.507863, 5.9], [-0.027856, 51.508025, 6.1], [-0.027383, 51.508239, 6.4], [-0.026653, 51.508585, 6.9], [-0.026197, 51.508789, 7.2], [-0.025582, 51.508938, 6.0], [-0.025012, 51.509007, 6.2], [-0.024413, 51.508988, 6.3], [-0.024042, 51.508904, 6.4], [-0.023645, 51.50882, 6.5], [-0.022669, 51.508599, 6.9], [-0.021337, 51.508332, 9.0], [-0.02034, 51.508081, 8.9], [-0.019295, 51.507799, 7.5], [-0.01929, 51.5078, 7.5], [-0.01924, 51.50778, 7.4], [-0.01881, 51.50769, 6.7], [-0.01853, 51.50764, 6.3], [-0.01804, 51.50756, 6.0], [-0.01798, 51.50755, 6.0], [-0.01787, 51.50753, 6.0], [-0.0176, 51.50749, 6.0], [-0.01743, 51.50747, 6.0], [-0.01731, 51.50745, 6.1], [-0.01708, 51.50743, 6.3], [-0.01695, 51.50741, 6.4], [-0.01665, 51.50737, 6.5], [-0.01654, 51.50736, 6.5], [-0.01644, 51.50736, 6.6], [-0.01619, 51.50735, 6.7], [-0.0161, 51.50734, 6.7], [-0.01556, 51.5073, 6.7], [-0.01551, 51.50729, 6.8], [-0.01546, 51.50729, 6.8], [-0.01518, 51.50727, 6.8], [-0.01492, 51.50726, 6.8], [-0.01467, 51.50725, 6.8], [-0.01432, 51.50724, 6.7], [-0.01422, 51.50724, 6.6], [-0.01411, 51.50724, 6.6], [-0.01385, 51.50724, 6.5], [-0.01368, 51.50724, 6.4], [-0.01344, 51.50724, 6.4], [-0.01316, 51.50724, 6.2], [-0.01292, 51.50725, 6.0], [-0.01254, 51.50726, 5.6], [-0.01229, 51.50727, 5.2], [-0.01174, 51.50732, 4.0], [-0.01105, 51.50737, 4.4], [-0.01048, 51.50741, 4.9], [-0.0104, 51.50742, 4.9], [-0.00991, 51.50746, 5.1], [-0.00983, 51.50747, 4.9], [-0.00917, 51.50753, 4.6], [-0.0086, 51.50758, 4.5], [-0.00832, 51.50761, 4.4], [-0.00825, 51.50761, 4.3], [-0.00803, 51.50763, 4.3], [-0.00774, 51.50766, 4.2], [-0.00733, 51.5077, 4.0], [-0.00703, 51.50773, 3.9], [-0.00676, 51.50775, 3.9], [-0.00675, 51.50775, 3.9], [-0.00673, 51.50776, 3.9], [-0.00657, 51.50778, 4.0], [-0.00649, 51.50779, 4.1], [-0.00639, 51.5078, 4.1], [-0.00631, 51.50781, 4.2], [-0.00616, 51.50784, 4.2], [-0.00612, 51.50784, 4.3], [-0.00592, 51.50788, 4.4], [-0.0059, 51.50789, 4.4], [-0.00589, 51.50789, 4.4], [-0.00578, 51.50791, 4.6], [-0.00563, 51.50795, 4.8], [-0.00562, 51.50795, 4.8], [-0.00556, 51.50797, 4.9], [-0.00548, 51.50799, 5.0], [-0.0054, 51.50801, 5.1], [-0.00528, 51.50806, 5.3], [-0.00518, 51.5081, 5.5], [-0.00512, 51.50813, 5.6], [-0.00509, 51.50814, 5.7], [-0.00508, 51.50814, 5.7], [-0.00507, 51.50815, 5.7], [-0.00506, 51.50815, 5.7], [-0.00505, 51.50816, 5.7], [-0.00504, 51.50817, 5.8], [-0.00485, 51.50825, 5.9], [-0.00465, 51.50835, 6.2], [-0.00447, 51.50844, 7.5], [-0.00429, 51.50855, 8.9], [-0.00412, 51.50865, 10.1], [-0.00407, 51.50868, 10.4], [-0.004029, 51.50871, 10.8], [-0.00391, 51.50879, 11.5], [-0.00387, 51.50881, 11.7], [-0.00382, 51.50885, 12.0], [-0.00375, 51.50891, 12.6], [-0.00361, 51.50903, 13.5], [-0.00356, 51.50908, 13.9], [-0.00345, 51.50918, 14.4], [-0.00337, 51.50926, 13.8], [-0.00324, 51.50938, 13.0], [-0.00305, 51.50955, 11.9], [-0.00288, 51.5097, 11.0], [-0.00288, 51.5097, 11.0], [-0.00281, 51.50981, 10.4], [-0.00279, 51.50984, 10.3], [-0.00277, 51.50987, 10.1], [-0.00276, 51.50988, 10.1], [-0.00265, 51.50996, 9.5], [-0.00259, 51.51001, 9.2], [-0.0025, 51.51009, 8.9], [-0.00249, 51.51009, 8.9], [-0.00239, 51.51017, 8.6], [-0.00233, 51.51021, 8.4], [-0.00227, 51.51026, 8.2], [-0.00224, 51.51028, 8.1], [-0.00222, 51.51029, 8.1], [-0.00215, 51.51033, 7.9], [-0.00208, 51.51037, 7.8], [-0.00202, 51.5104, 7.6], [-0.00195, 51.51043, 7.5], [-0.00188, 51.51046, 7.4], [-0.0018, 51.51049, 7.2], [-0.00174, 51.5105, 7.1], [-0.00168, 51.51052, 7.0], [-0.00152, 51.51056, 7.0], [-0.00133, 51.51061, 7.0], [-0.00119, 51.51063, 7.0], [-0.00109, 51.51064, 7.0], [-0.00103, 51.51065, 7.0], [-0.001, 51.51065, 7.0], [-0.0009, 51.51065, 7.0], [-0.00083, 51.51064, 7.0], [-0.00079, 51.51064, 7.0], [-0.00074, 51.51063, 7.0], [-0.00043, 51.51061, 7.0], [-0.00031, 51.51061, 7.0], [-0.00025, 51.5106, 7.0], [-0.00019, 51.51061, 7.0], [-0.00016, 51.51061, 7.0], [-0.00014, 51.51062, 7.0], [-0.00011, 51.51062, 7.0], [-7e-05, 51.51063, 7.0], [0.0, 51.51065, 7.2], [0.00016, 51.51074, 7.1], [0.00016, 51.51074, 7.1], [0.00017, 51.51076, 7.1], [0.00017, 51.51077, 7.1], [0.00017, 51.51079, 7.1], [0.00018, 51.51081, 7.0], [0.00019, 51.51083, 7.0], [0.0002, 51.51084, 7.0], [0.00021, 51.51086, 6.9], [0.00022, 51.51088, 6.9], [0.00023, 51.51089, 6.8], [0.00024, 51.5109, 6.8], [0.00025, 51.51092, 6.8], [0.00032, 51.51097, 6.6], [0.00036, 51.51099, 6.5], [0.00038, 51.511, 6.5], [0.00041, 51.51101, 6.5], [0.00044, 51.51102, 6.4], [0.00049, 51.51103, 6.4], [0.00055, 51.51105, 6.3], [0.00062, 51.51106, 6.3], [0.00067, 51.51107, 6.2], [0.00073, 51.51108, 6.1], [0.00079, 51.51109, 6.1], [0.00084, 51.5111, 6.0], [0.00093, 51.51111, 5.8], [0.00096, 51.51111, 5.8], [0.00098, 51.51111, 5.8], [0.00099, 51.51111, 5.8], [0.00101, 51.51111, 5.7], [0.00102, 51.5111, 5.7], [0.00107, 51.5111, 5.7], [0.00112, 51.51109, 5.6], [0.00117, 51.51108, 5.6], [0.00122, 51.51106, 5.6], [0.00126, 51.51104, 5.6], [0.0013, 51.51102, 5.6], [0.00134, 51.511, 5.7], [0.00137, 51.51098, 5.7], [0.00139, 51.51096, 5.8], [0.00142, 51.51093, 5.9], [0.00145, 51.51089, 6.0], [0.00147, 51.51085, 6.2], [0.00149, 51.51081, 6.2], [0.00149, 51.51078, 6.3], [0.00151, 51.51073, 6.3], [0.00151, 51.51073, 6.3], [0.00156, 51.51069, 6.3], [0.00162, 51.51064, 6.3], [0.00168, 51.51059, 6.3], [0.00175, 51.51053, 6.3], [0.00177, 51.51051, 6.4], [0.0018, 51.51049, 6.4], [0.00184, 51.51047, 6.4], [0.00186, 51.51046, 6.4], [0.00189, 51.51044, 6.5], [0.00192, 51.51043, 6.5], [0.00196, 51.51042, 6.5], [0.00223, 51.51035, 6.7], [0.00232, 51.51033, 6.8], [0.00241, 51.51031, 6.9], [0.00249, 51.5103, 6.9], [0.00264, 51.51026, 7.2], [0.00273, 51.51024, 7.4], [0.0029, 51.51019, 7.9], [0.00315, 51.51016, 8.5], [0.00336, 51.51014, 8.9], [0.00378, 51.51013, 8.2], [0.00409, 51.51013, 7.7], [0.00443, 51.51014, 7.0], [0.00475, 51.51016, 6.9], [0.00501, 51.51017, 6.9], [0.0051, 51.51018, 6.9], [0.00524, 51.51018, 6.9], [0.00533, 51.51019, 6.9], [0.00549, 51.5102, 6.9], [0.00576, 51.5102, 6.9], [0.00618, 51.51021, 6.9], [0.0062, 51.51021, 6.9], [0.0064, 51.5102, 6.9], [0.00662, 51.5102, 6.8], [0.00681, 51.51019, 6.8], [0.00699, 51.51018, 6.8], [0.00701, 51.51018, 6.8], [0.0071, 51.51018, 6.8], [0.00719, 51.51017, 6.8], [0.00746, 51.51015, 6.8], [0.00768, 51.51013, 6.8], [0.007939, 51.51011, 6.8], [0.00796, 51.51011, 6.8], [0.00838, 51.51006, 6.8], [0.00862, 51.51002, 6.7], [0.00881, 51.50998, 6.7], [0.00892, 51.50996, 6.7], [0.00903, 51.50994, 6.7], [0.00927, 51.50989, 6.7], [0.00944, 51.50985, 6.7], [0.00945, 51.50985, 6.7], [0.00983, 51.50975, 6.7], [0.00998, 51.5097, 6.7], [0.01014, 51.50965, 6.7], [0.01042, 51.50957, 6.7], [0.01048, 51.50955, 6.7], [0.01069, 51.50949, 6.6], [0.01089, 51.50943, 6.6], [0.01108, 51.50938, 6.6], [0.01148, 51.50926, 6.6], [0.01189, 51.5091, 6.6], [0.01231, 51.50882, 6.6], [0.01243, 51.50875, 6.6], [0.01248, 51.50869, 6.6], [0.01248, 51.50869, 6.6], [0.01267, 51.50866, 6.2], [0.01276, 51.50866, 6.0], [0.01277, 51.50866, 6.0], [0.013, 51.50868, 5.5], [0.01321, 51.50871, 5.1], [0.01339, 51.50875, 5.0], [0.01355, 51.5088, 5.0], [0.01359, 51.50882, 4.9], [0.01361, 51.50882, 4.9], [0.01367, 51.50884, 4.9], [0.01373, 51.50886, 4.9], [0.01381, 51.50888, 4.9], [0.0139, 51.5089, 4.9], [0.01396, 51.5089, 4.8], [0.01401, 51.5089, 4.8], [0.01405, 51.5089, 4.8], [0.0141, 51.50889, 4.7], [0.01414, 51.50888, 4.7], [0.01418, 51.50887, 4.6], [0.0143, 51.50882, 4.6], [0.01438, 51.50881, 4.5], [0.01452, 51.50883, 4.5], [0.01467, 51.50883, 4.5], [0.01489, 51.50882, 4.4], [0.01491, 51.50882, 4.4], [0.01523, 51.50879, 4.5], [0.01544, 51.50875, 4.5], [0.01546, 51.50875, 4.5], [0.01563, 51.50872, 4.5], [0.01568, 51.5087, 4.6], [0.015789, 51.50866, 4.6], [0.01585, 51.50864, 4.6], [0.0159, 51.50862, 4.6], [0.01593, 51.50861, 4.6], [0.01599, 51.50857, 4.7], [0.01607, 51.50853, 4.7], [0.01614, 51.50848, 4.8], [0.01615, 51.50848, 4.8], [0.01625, 51.5084, 4.9], [0.01636, 51.50834, 5.0], [0.01636, 51.50834, 5.0], [0.01625, 51.50824, 4.8], [0.01617, 51.50814, 4.5], [0.01615, 51.50813, 4.5], [0.01614, 51.50813, 4.5], [0.016129, 51.50812, 4.5], [0.01611, 51.50812, 4.5], [0.0161, 51.50812, 4.5], [0.01609, 51.50811, 4.5], [0.01584, 51.5081, 4.4], [0.01582, 51.50809, 4.4], [0.01564, 51.50808, 4.3], [0.01555, 51.50808, 4.3], [0.015384, 51.508084, 4.3], [0.0151, 51.508108, 4.2], [0.014757, 51.50808, 4.1], [0.014457, 51.508037, 4.0], [0.014306, 51.508035, 4.0], [0.0142, 51.50809, 4.0], [0.01414, 51.50816, 4.0], [0.01405, 51.50828, 4.0], [0.01402, 51.50832, 3.9], [0.01399, 51.50835, 3.9], [0.01397, 51.50838, 3.9], [0.01394, 51.50841, 3.9], [0.01393, 51.50844, 3.9], [0.01393, 51.50845, 3.9], [0.01393, 51.50847, 3.9], [0.01376, 51.50868, 3.9], [0.01347, 51.50903, 3.8], [0.01327, 51.50926, 3.8], [0.01307, 51.5095, 3.8], [0.01279, 51.50982, 3.7], [0.01249, 51.51018, 3.6], [0.01231, 51.5104, 3.6], [0.01206, 51.51069, 3.6], [0.01198, 51.5108, 3.5], [0.01195, 51.51084, 3.5], [0.01193, 51.51086, 3.5], [0.01188, 51.51088, 3.5], [0.01187, 51.51089, 3.5], [0.01185, 51.5109, 3.5], [0.01182, 51.51093, 3.5], [0.01178, 51.51097, 3.5], [0.01167, 51.51109, 3.5], [0.01165, 51.51111, 3.5], [0.01151, 51.51127, 3.5], [0.01137, 51.51143, 3.1], [0.01131, 51.5115, 2.9], [0.01123, 51.51158, 2.7], [0.01103, 51.51183, 2.2], [0.01093, 51.51194, 2.1], [0.01086, 51.51203, 2.0], [0.01079, 51.51211, 2.0], [0.01068, 51.51223, 2.0], [0.01061, 51.51231, 2.0], [0.01051, 51.51243, 2.0], [0.01036, 51.51262, 2.2], [0.01031, 51.51267, 2.3], [0.01006, 51.513, 3.2], [0.00989, 51.51319, 3.7], [0.00965, 51.51349, 4.0], [0.00959, 51.51356, 4.0], [0.00956, 51.51361, 4.0], [0.0095, 51.51368, 4.0], [0.00946, 51.51374, 4.0], [0.00944, 51.51376, 4.0], [0.00944, 51.51377, 4.0], [0.00936, 51.51387, 4.0], [0.00932, 51.51393, 4.0], [0.00928, 51.51398, 4.0], [0.00901, 51.5143, 4.0], [0.00891, 51.51441, 3.9], [0.00883, 51.51451, 3.8], [0.0088, 51.51455, 3.8], [0.00865, 51.51471, 3.6], [0.00864, 51.51472, 3.6], [0.008563, 51.51496, 3.3], [0.008456, 51.515304, 3.5], [0.008238, 51.515657, 3.9], [0.008274, 51.515801, 4.0], [0.008754, 51.516087, 4.0], [0.00877, 51.51609, 4.0], [0.00918, 51.51627, 4.0], [0.0094, 51.51637, 3.8], [0.00949, 51.51641, 3.7], [0.00982, 51.51656, 3.3], [0.00989, 51.51658, 3.2], [0.01021, 51.51673, 2.9], [0.01029, 51.51676, 2.9], [0.0108, 51.51699, 2.6], [0.01088, 51.51702, 2.6], [0.01101, 51.51708, 2.7], [0.01139, 51.51725, 3.0], [0.01141, 51.51726, 3.0], [0.01195, 51.5175, 3.0], [0.01211, 51.51757, 3.0], [0.01268, 51.51783, 3.2], [0.01284, 51.5179, 3.4], [0.01308, 51.518, 3.7], [0.01324, 51.51808, 3.9], [0.01339, 51.51815, 3.9], [0.01349, 51.51819, 3.8], [0.01349, 51.51819, 3.8], [0.01336, 51.5183, 4.0], [0.01328, 51.51836, 3.9], [0.01315, 51.51846, 3.7], [0.01312, 51.51848, 3.6], [0.01293, 51.51865, 3.3], [0.01288, 51.51869, 3.3], [0.01283, 51.51873, 3.2], [0.01278, 51.51878, 3.2], [0.01272, 51.51884, 3.1], [0.01267, 51.5189, 3.1], [0.01262, 51.51897, 3.0], [0.01258, 51.51903, 3.0], [0.01254, 51.51909, 3.0], [0.01248, 51.51916, 3.0], [0.01219, 51.51962, 2.3], [0.01214, 51.51969, 2.1], [0.01211, 51.51974, 2.0], [0.0121, 51.51978, 1.9], [0.0121, 51.5198, 1.9], [0.0121, 51.51987, 1.8], [0.01213, 51.52004, 1.7], [0.01214, 51.52006, 1.7], [0.01224, 51.52045, 2.9], [0.0123, 51.5207, 3.6], [0.01236, 51.5209, 3.9], [0.01236, 51.52093, 3.9], [0.01236, 51.52098, 3.9], [0.01237, 51.52103, 3.8], [0.01237, 51.52113, 3.8], [0.01237, 51.52126, 3.6], [0.01236, 51.52133, 3.6], [0.01235, 51.52147, 3.5], [0.01235, 51.5215, 3.5], [0.01234, 51.52171, 3.4], [0.01235, 51.52177, 3.3], [0.01236, 51.52182, 3.3], [0.01235, 51.52213, 3.2], [0.01235, 51.52227, 3.1], [0.01232, 51.52276, 2.7], [0.01232, 51.52278, 2.7], [0.01231, 51.52284, 2.6], [0.01231, 51.52302, 2.4], [0.0123, 51.52329, 2.1], [0.0123, 51.52338, 2.1], [0.0123, 51.52346, 2.3], [0.0123, 51.52347, 2.3], [0.01231, 51.52354, 2.4], [0.01233, 51.52363, 2.6], [0.01234, 51.52369, 2.8], [0.01238, 51.52377, 3.0], [0.01243, 51.52385, 3.2], [0.01251, 51.52397, 3.5], [0.01255, 51.52402, 3.8], [0.01259, 51.52407, 4.0], [0.01267, 51.52417, 4.4], [0.01274, 51.52424, 4.3], [0.01289, 51.52438, 4.0], [0.01299, 51.52446, 3.9], [0.01303, 51.52449, 3.9], [0.01306, 51.52452, 3.8], [0.01313, 51.52457, 3.7], [0.01327, 51.52467, 3.5], [0.01339, 51.52474, 3.2], [0.01348, 51.52479, 3.0], [0.01366, 51.52488, 2.5], [0.01388, 51.52498, 2.1], [0.01405, 51.52505, 2.1], [0.01405, 51.52505, 2.1], [0.01415, 51.52509, 2.1], [0.01422, 51.5251, 2.1], [0.01429, 51.52512, 2.1], [0.01439, 51.52513, 2.0], [0.01479, 51.52519, 1.7], [0.01498, 51.52522, 1.5], [0.01582, 51.52532, 1.2], [0.01666, 51.52543, 1.0], [0.01712, 51.52549, 1.5], [0.01747, 51.52554, 2.0], [0.01783, 51.52559, 2.7], [0.01791, 51.52561, 2.9], [0.01794, 51.52561, 2.9], [0.01798, 51.52562, 3.0], [0.018, 51.52563, 3.1], [0.01802, 51.52564, 3.1], [0.01805, 51.52563, 3.2], [0.01809, 51.52562, 3.2], [0.01811, 51.52562, 3.3], [0.01818, 51.52561, 3.4], [0.01843, 51.52558, 3.7], [0.01857, 51.52558, 3.8], [0.019, 51.52553, 3.9], [0.01911, 51.52552, 4.0], [0.01918, 51.52552, 4.0], [0.01922, 51.52551, 4.1], [0.01926, 51.5255, 4.1], [0.01928, 51.5255, 4.1], [0.0193, 51.52549, 4.2], [0.01934, 51.52548, 4.2], [0.01936, 51.52548, 4.2], [0.01937, 51.52549, 4.2], [0.01939, 51.52549, 4.3], [0.0194, 51.52549, 4.3], [0.01942, 51.52549, 4.3], [0.01963, 51.52548, 4.6], [0.02022, 51.52543, 5.0], [0.02042, 51.5254, 5.0], [0.02066, 51.52538, 5.0], [0.02083, 51.52537, 5.0], [0.02097, 51.52536, 5.2], [0.02108, 51.52534, 5.3], [0.02119, 51.52533, 5.4], [0.02135, 51.52531, 5.6], [0.02174, 51.52525, 6.0], [0.02254, 51.52513, 6.0], [0.02264, 51.52512, 6.0], [0.02275, 51.5251, 6.0], [0.02295, 51.52506, 6.0], [0.02343, 51.52495, 6.5], [0.02346, 51.52494, 6.6], [0.02365, 51.52489, 7.5], [0.02374, 51.52487, 7.8], [0.02374, 51.52487, 7.8], [0.02376, 51.52489, 7.9], [0.02388, 51.52503, 8.6], [0.02396, 51.52513, 8.7], [0.02399, 51.52518, 8.8], [0.02403, 51.52525, 8.8], [0.02412, 51.52545, 8.7], [0.02421, 51.52562, 8.7], [0.02421, 51.52565, 8.6], [0.02422, 51.52567, 8.6], [0.02422, 51.5257, 8.5], [0.02423, 51.52573, 8.5], [0.02422, 51.52576, 8.4], [0.02422, 51.52579, 8.3], [0.02422, 51.52582, 8.2], [0.0242, 51.52591, 8.1], [0.0242, 51.52593, 8.1], [0.02419, 51.52599, 8.1], [0.02416, 51.52612, 8.0], [0.02414, 51.52625, 7.9], [0.02414, 51.52627, 7.9], [0.02413, 51.52632, 7.9], [0.02412, 51.52638, 7.9], [0.02409, 51.52652, 7.9], [0.02403, 51.52683, 7.9], [0.02403, 51.52688, 7.9], [0.02399, 51.52707, 7.9], [0.02396, 51.52719, 7.9], [0.02395, 51.52722, 7.9], [0.02394, 51.52731, 7.9], [0.02392, 51.52737, 8.0], [0.02391, 51.52742, 8.0], [0.02392, 51.52747, 8.0], [0.02393, 51.5275, 8.0], [0.02394, 51.52753, 8.0], [0.02394, 51.52755, 7.9], [0.02394, 51.52757, 7.9], [0.02395, 51.5276, 7.9], [0.02396, 51.52764, 7.8], [0.02398, 51.52773, 7.7], [0.02398, 51.52774, 7.7], [0.024, 51.52782, 7.6], [0.02401, 51.52786, 7.6], [0.02402, 51.52791, 7.5], [0.02403, 51.52802, 7.4], [0.02405, 51.52814, 7.2], [0.02406, 51.52823, 7.1], [0.02408, 51.52839, 7.1], [0.02412, 51.52868, 7.8], [0.02413, 51.52874, 8.0], [0.02414, 51.52884, 8.2], [0.02418, 51.52903, 8.7], [0.02419, 51.52911, 8.8], [0.02421, 51.52918, 8.9], [0.02423, 51.52928, 8.8], [0.02425, 51.52939, 8.7], [0.02426, 51.52942, 8.7], [0.02427, 51.52948, 8.6], [0.02427, 51.52948, 8.6], [0.02421, 51.5295, 8.6], [0.02416, 51.52953, 8.6], [0.0241, 51.52955, 8.5], [0.024, 51.52959, 8.4], [0.02384, 51.52966, 8.2], [0.02374, 51.5297, 8.0], [0.0237, 51.52972, 8.0], [0.02366, 51.52973, 7.9], [0.02345, 51.52979, 7.6], [0.02333, 51.52982, 7.4], [0.02305, 51.52991, 7.5], [0.02291, 51.52996, 7.6], [0.02286, 51.52999, 7.6], [0.02277, 51.53002, 7.7], [0.02263, 51.53007, 7.9], [0.02245, 51.53012, 8.0], [0.02192, 51.5303, 8.0], [0.02151, 51.53045, 7.9], [0.02132, 51.53053, 7.7], [0.02132, 51.53053, 7.7], [0.02141, 51.53062, 7.8], [0.02144, 51.53066, 7.8], [0.02147, 51.53071, 7.8], [0.02154, 51.5308, 7.9], [0.02155, 51.53081, 7.9], [0.02167, 51.53101, 7.8], [0.02167, 51.53103, 7.8], [0.02181, 51.53129, 7.6], [0.0219, 51.53146, 7.7], [0.02197, 51.53158, 7.8], [0.022, 51.53163, 7.8], [0.02201, 51.53165, 7.8], [0.02205, 51.53172, 7.8], [0.02206, 51.53174, 7.8], [0.02208, 51.53178, 7.8], [0.02209, 51.53182, 7.7], [0.02209, 51.53186, 7.7], [0.02209, 51.5319, 7.6], [0.02208, 51.53195, 7.5], [0.02208, 51.53198, 7.4], [0.02207, 51.53203, 7.3], [0.02205, 51.53219, 7.2], [0.02205, 51.53221, 7.2], [0.02204, 51.53226, 7.2], [0.02203, 51.53236, 7.1], [0.02203, 51.53242, 7.1], [0.02202, 51.53245, 7.1], [0.02202, 51.5325, 7.0], [0.02202, 51.53257, 7.0], [0.02202, 51.5326, 7.0], [0.02202, 51.53262, 7.0], [0.02203, 51.53264, 7.0], [0.02205, 51.53266, 7.1], [0.02206, 51.53267, 7.1], [0.02211, 51.5327, 7.2], [0.02211, 51.5327, 7.2], [0.02205, 51.53275, 7.4], [0.02202, 51.53276, 7.4], [0.02201, 51.53277, 7.4], [0.02201, 51.53278, 7.5], [0.022, 51.5328, 7.6], [0.022, 51.53282, 7.6], [0.02199, 51.53289, 7.9], [0.02198, 51.53303, 8.4], [0.02198, 51.53311, 8.8], [0.02198, 51.5332, 9.1], [0.02197, 51.53334, 9.7], [0.02196, 51.53345, 9.9], [0.02196, 51.5335, 10.0], [0.02195, 51.53353, 10.1], [0.02194, 51.5336, 10.3], [0.02192, 51.53374, 10.7], [0.02191, 51.53382, 10.9], [0.02186, 51.53399, 11.3], [0.02183, 51.5341, 11.6], [0.02181, 51.53424, 11.7], [0.02178, 51.53434, 11.5], [0.02175, 51.53452, 11.1], [0.02173, 51.53457, 11.0], [0.02172, 51.53463, 10.9], [0.02171, 51.53475, 10.6], [0.02171, 51.5348, 10.5], [0.0217, 51.53491, 10.2], [0.0217, 51.53505, 10.1], [0.02169, 51.53516, 10.4], [0.02169, 51.53523, 10.5], [0.02169, 51.53538, 10.9], [0.02169, 51.53546, 11.1], [0.02169, 51.53546, 11.1], [0.02194, 51.53542, 10.8], [0.02228, 51.53538, 10.6], [0.02228, 51.53538, 10.6], [0.02225, 51.53558, 10.9], [0.02221, 51.5359, 11.3], [0.02219, 51.53603, 11.3], [0.02217, 51.53622, 11.2], [0.02215, 51.53635, 11.2], [0.02213, 51.53649, 11.1], [0.0221, 51.53673, 11.0], [0.02209, 51.53682, 11.0], [0.02208, 51.53687, 11.0], [0.02214, 51.53711, 11.0], [0.02216, 51.53719, 11.0], [0.0222, 51.53735, 11.0], [0.02225, 51.53753, 11.0], [0.02226, 51.5376, 11.1], [0.02228, 51.53767, 11.2], [0.02229, 51.53768, 11.2], [0.02231, 51.53772, 11.3], [0.02233, 51.53776, 11.3], [0.02235, 51.53781, 11.4], [0.0224, 51.53788, 11.5], [0.02246, 51.53797, 11.6], [0.02249, 51.53803, 11.6], [0.02256, 51.53813, 11.7], [0.0226, 51.53818, 11.7], [0.02263, 51.53825, 11.7], [0.0227, 51.53836, 11.7], [0.02271, 51.53836, 11.7], [0.02277, 51.53847, 11.6], [0.0228, 51.53853, 11.6], [0.02281, 51.53856, 11.6], [0.02282, 51.53859, 11.5], [0.02283, 51.53862, 11.5], [0.02283, 51.53865, 11.5], [0.02283, 51.53868, 11.5], [0.02284, 51.53872, 11.5], [0.02283, 51.53888, 11.5], [0.02283, 51.53898, 11.4], [0.02282, 51.53913, 11.4], [0.02284, 51.53928, 11.4], [0.02286, 51.53952, 11.2], [0.02289, 51.53975, 11.1], [0.02288, 51.53987, 11.1], [0.02288, 51.53992, 11.0], [0.02287, 51.54, 11.0], [0.02287, 51.54009, 11.2], [0.02286, 51.54018, 11.3], [0.02286, 51.54027, 11.5], [0.02286, 51.54037, 11.6], [0.02287, 51.54056, 12.0], [0.02287, 51.54074, 12.3], [0.02288, 51.54086, 12.5], [0.02286, 51.54092, 12.4], [0.02287, 51.54101, 12.4], [0.02286, 51.54115, 12.4], [0.02285, 51.54137, 12.4], [0.02285, 51.54154, 12.4], [0.02285, 51.54159, 12.4], [0.02286, 51.54163, 12.4], [0.02287, 51.54167, 12.4], [0.02288, 51.5417, 12.4], [0.0229, 51.54173, 12.4], [0.02296, 51.54176, 12.5], [0.023, 51.54178, 12.5], [0.02304, 51.5418, 12.5], [0.02309, 51.54182, 12.6], [0.02316, 51.54183, 12.6], [0.02318, 51.54183, 12.7], [0.02327, 51.54184, 12.7], [0.02341, 51.54186, 12.8], [0.02363, 51.54187, 12.8], [0.02387, 51.54189, 12.7], [0.02421, 51.54191, 12.7], [0.02437, 51.54192, 12.5], [0.02446, 51.54192, 12.5], [0.02455, 51.54192, 12.4], [0.02465, 51.54191, 12.3], [0.0247, 51.54191, 12.3], [0.02534, 51.54187, 12.1], [0.0255, 51.54187, 12.1], [0.02565, 51.54186, 12.2], [0.02583, 51.54187, 12.2], [0.02591, 51.54187, 12.3], [0.02597, 51.54187, 12.3], [0.02602, 51.54188, 12.3], [0.02605, 51.54188, 12.3], [0.02611, 51.54189, 12.4], [0.02614, 51.5419, 12.4], [0.0262, 51.54191, 12.4], [0.02623, 51.54193, 12.5], [0.02624, 51.54194, 12.5], [0.02625, 51.54196, 12.5], [0.02626, 51.54198, 12.6], [0.02627, 51.542, 12.6], [0.02627, 51.54202, 12.6], [0.02628, 51.54204, 12.7], [0.02628, 51.54208, 12.8], [0.02628, 51.5421, 12.8], [0.02627, 51.54223, 13.0], [0.02626, 51.54236, 13.3], [0.02625, 51.5424, 13.3], [0.02625, 51.54245, 13.4], [0.02623, 51.5426, 13.2], [0.02622, 51.54274, 12.9], [0.02621, 51.54284, 12.6], [0.02619, 51.54306, 12.1], [0.02618, 51.54314, 11.9], [0.02617, 51.54317, 11.8], [0.02618, 51.54327, 11.6], [0.02618, 51.54329, 11.5], [0.02618, 51.54347, 11.5], [0.02617, 51.54366, 11.6], [0.02616, 51.54369, 11.7], [0.02616, 51.54374, 11.7], [0.02617, 51.54384, 11.8], [0.02617, 51.54391, 11.8], [0.02617, 51.54413, 12.0], [0.02617, 51.54421, 12.1], [0.02617, 51.54424, 12.1], [0.02613, 51.54453, 12.7], [0.02611, 51.5447, 13.1], [0.02609, 51.5448, 13.3], [0.02604, 51.5451, 13.6], [0.02599, 51.54535, 13.4], [0.02597, 51.54545, 13.3], [0.02596, 51.54556, 13.2], [0.02594, 51.54574, 13.0], [0.02593, 51.54583, 12.9], [0.02589, 51.5461, 13.0], [0.02587, 51.5462, 13.0], [0.02581, 51.54631, 13.0], [0.0258, 51.54633, 13.0], [0.02578, 51.54638, 13.0], [0.02575, 51.54641, 13.0], [0.02572, 51.54643, 13.0], [0.02568, 51.54645, 13.0], [0.02565, 51.54647, 13.0], [0.02557, 51.54655, 13.0], [0.02555, 51.54659, 13.0], [0.02553, 51.54665, 13.0], [0.02551, 51.54672, 13.1], [0.0255, 51.54678, 13.1], [0.02553, 51.54682, 13.2], [0.02549, 51.54695, 13.3], [0.02542, 51.54718, 13.6], [0.02537, 51.54728, 13.7], [0.02537, 51.5473, 13.8], [0.0253, 51.54754, 14.0], [0.02521, 51.54783, 13.6], [0.02498, 51.54842, 13.0], [0.02496, 51.54847, 13.0], [0.02489, 51.54871, 13.0], [0.02487, 51.54886, 13.0], [0.02486, 51.54896, 13.0], [0.02485, 51.54903, 13.0], [0.02483, 51.54913, 13.0], [0.02485, 51.54925, 13.0], [0.02486, 51.54939, 13.0], [0.02487, 51.54949, 13.1], [0.02488, 51.54953, 13.1], [0.02488, 51.54957, 13.1], [0.02489, 51.54961, 13.1], [0.02489, 51.54966, 13.1], [0.0249, 51.54977, 13.1], [0.02497, 51.54999, 13.0], [0.02501, 51.55013, 13.0], [0.02505, 51.55026, 13.0], [0.02507, 51.55034, 13.0], [0.02516, 51.55082, 13.0], [0.02517, 51.55091, 13.0], [0.02518, 51.55097, 13.0], [0.02519, 51.55107, 13.0], [0.0252, 51.55122, 13.0], [0.02521, 51.55133, 13.0], [0.02522, 51.55147, 13.0], [0.02523, 51.55157, 13.0], [0.02523, 51.55165, 13.0], [0.02524, 51.55176, 13.1], [0.02526, 51.55188, 13.3], [0.02528, 51.55198, 13.4], [0.02529, 51.55199, 13.4], [0.02531, 51.55211, 13.5], [0.02534, 51.55226, 13.7], [0.02535, 51.55234, 13.8], [0.02535, 51.55239, 13.9], [0.02535, 51.5525, 14.0], [0.02534, 51.55257, 14.2], [0.02533, 51.55269, 14.5], [0.02532, 51.55282, 14.8], [0.02531, 51.55295, 15.1], [0.0253, 51.55312, 15.5], [0.02528, 51.55342, 16.0], [0.02528, 51.55352, 16.0], [0.02529, 51.55368, 16.0], [0.0253, 51.55387, 16.0], [0.0253, 51.55394, 16.0], [0.0253, 51.554, 16.0], [0.0253, 51.55413, 16.0], [0.0253, 51.55429, 16.1], [0.0253, 51.5545, 16.4], [0.0253, 51.55453, 16.4], [0.02531, 51.55506, 17.0], [0.02531, 51.55511, 17.0], [0.02529, 51.55561, 17.0], [0.02529, 51.55565, 17.0], [0.02529, 51.55572, 17.0], [0.02529, 51.55619, 17.7], [0.0253, 51.55658, 18.5], [0.0253, 51.55687, 17.5], [0.0253, 51.55704, 16.6], [0.0253, 51.55713, 16.1], [0.0253, 51.55713, 16.1], [0.02522, 51.55714, 16.0], [0.02516, 51.55715, 16.0], [0.02512, 51.55716, 16.0], [0.02507, 51.55717, 15.9], [0.02497, 51.55725, 15.5], [0.02485, 51.55735, 14.9], [0.02472, 51.55745, 14.3], [0.0247, 51.55747, 14.2], [0.02454, 51.55761, 14.1], [0.02441, 51.55773, 14.2], [0.02439, 51.55775, 14.2], [0.02419, 51.55788, 14.0], [0.02409, 51.55794, 14.0], [0.02395, 51.55806, 13.8], [0.02362, 51.5583, 13.4], [0.02349, 51.55845, 13.4], [0.02328, 51.55858, 13.7], [0.02309, 51.55876, 14.6], [0.023, 51.55883, 15.0], [0.02293, 51.55889, 15.3], [0.02285, 51.55895, 15.6], [0.02255, 51.55914, 16.8], [0.02237, 51.55927, 17.6], [0.02171, 51.55976, 19.7], [0.0214, 51.55999, 20.3], [0.0212, 51.56016, 20.1], [0.02099, 51.56034, 19.7], [0.02044, 51.56085, 18.0], [0.0204, 51.56088, 18.1], [0.02037, 51.56092, 18.1], [0.02034, 51.56098, 18.2], [0.02033, 51.56098, 18.2], [0.02032, 51.56099, 18.2], [0.02029, 51.561, 18.2], [0.02025, 51.56102, 18.2], [0.02024, 51.56102, 18.2], [0.0202, 51.56103, 18.2], [0.02013, 51.56106, 18.3], [0.02012, 51.56106, 18.3], [0.0201, 51.56106, 18.3], [0.02008, 51.56107, 18.3], [0.02007, 51.56107, 18.3], [0.02004, 51.56107, 18.3], [0.02003, 51.56107, 18.3], [0.02, 51.56107, 18.3], [0.01999, 51.56107, 18.3], [0.01996, 51.56107, 18.3], [0.01985, 51.56107, 18.3], [0.01977, 51.56107, 18.3], [0.01975, 51.56107, 18.3], [0.01974, 51.56108, 18.3], [0.01973, 51.56108, 18.3], [0.01973, 51.56108, 18.3], [0.01972, 51.56109, 18.3], [0.01972, 51.5611, 18.3], [0.01971, 51.56111, 18.3], [0.01972, 51.56113, 18.3], [0.01973, 51.5612, 18.3], [0.01973, 51.56122, 18.3], [0.01973, 51.56124, 18.3], [0.01972, 51.5613, 18.3], [0.01972, 51.56136, 18.3], [0.01971, 51.56169, 18.3], [0.01971, 51.56205, 18.9], [0.01971, 51.5621, 19.0], [0.01973, 51.56224, 19.3], [0.01974, 51.5624, 19.5], [0.01975, 51.5627, 20.2], [0.01975, 51.56273, 20.3], [0.01974, 51.56285, 20.5], [0.01975, 51.56305, 21.0], [0.01975, 51.56324, 21.5], [0.01976, 51.56337, 21.7], [0.01976, 51.56342, 21.6], [0.01975, 51.5636, 21.3], [0.01974, 51.56371, 21.1], [0.01978, 51.56409, 20.6], [0.01979, 51.56418, 20.5], [0.01979, 51.56432, 20.7], [0.01979, 51.56444, 20.9], [0.01979, 51.56461, 21.2], [0.01979, 51.56473, 21.3], [0.01978, 51.56486, 21.5], [0.01976, 51.56498, 21.7], [0.01972, 51.56512, 22.1], [0.01971, 51.56519, 22.3], [0.01971, 51.56531, 22.8], [0.01973, 51.56546, 23.3], [0.01973, 51.56551, 23.5], [0.01972, 51.56557, 23.7], [0.01971, 51.56562, 23.9], [0.01967, 51.56575, 24.3], [0.01967, 51.56584, 24.6], [0.01968, 51.56588, 24.8], [0.01968, 51.5659, 24.9], [0.01968, 51.56591, 24.9], [0.01971, 51.566, 25.3], [0.01971, 51.566, 25.3], [0.01967, 51.56602, 25.3], [0.01967, 51.56602, 25.3], [0.01969, 51.56605, 25.4], [0.0197, 51.56609, 25.6], [0.0197, 51.56615, 25.8], [0.0197, 51.56617, 25.9], [0.01971, 51.56619, 25.9], [0.01974, 51.56624, 26.2], [0.01975, 51.56625, 26.2], [0.01975, 51.56627, 26.3], [0.01976, 51.56629, 26.4], [0.01975, 51.56631, 26.4], [0.01974, 51.56633, 26.5], [0.01972, 51.56636, 26.6], [0.01971, 51.56637, 26.6], [0.01971, 51.56638, 26.6], [0.0197, 51.5664, 26.7], [0.01968, 51.56647, 26.9], [0.01969, 51.56657, 27.3], [0.0197, 51.56661, 27.4], [0.0197, 51.56662, 27.5], [0.01973, 51.56668, 27.7], [0.01975, 51.56674, 27.9], [0.01976, 51.56675, 27.9], [0.0198, 51.56682, 28.1], [0.01981, 51.56685, 28.2], [0.01987, 51.56693, 28.5], [0.01993, 51.567, 28.7], [0.02, 51.56709, 29.0], [0.02002, 51.56714, 29.1], [0.02003, 51.56721, 29.3], [0.02004, 51.56735, 29.6], [0.02003, 51.56742, 29.8], [0.02003, 51.56743, 29.8], [0.02003, 51.56749, 30.0], [0.02005, 51.56757, 30.2], [0.02006, 51.56758, 30.2], [0.02011, 51.56764, 30.3], [0.02017, 51.56771, 30.5], [0.02022, 51.5678, 30.7], [0.02023, 51.56785, 30.8], [0.02024, 51.56789, 30.9], [0.02025, 51.56792, 31.0], [0.02028, 51.56795, 31.1], [0.0203, 51.56797, 31.1], [0.02032, 51.56801, 31.2], [0.02033, 51.56803, 31.3], [0.02033, 51.56804, 31.3], [0.02034, 51.56807, 31.4], [0.02035, 51.5681, 31.4], [0.02035, 51.5681, 31.4], [0.02033, 51.56811, 31.5], [0.02029, 51.56812, 31.5], [0.02026, 51.56813, 31.5], [0.02023, 51.56815, 31.6], [0.02017, 51.56817, 31.6], [0.02013, 51.56818, 31.6], [0.02001, 51.56822, 31.7], [0.01985, 51.56826, 31.6], [0.01974, 51.56829, 31.6], [0.01963, 51.56831, 31.5], [0.0195, 51.56833, 31.4], [0.01941, 51.56833, 31.3], [0.01932, 51.5683, 31.1], [0.01924, 51.56827, 30.9], [0.01914, 51.56824, 30.8], [0.01906, 51.56824, 30.8], [0.01898, 51.56825, 30.8], [0.01893, 51.56826, 30.8], [0.01893, 51.56826, 30.8], [0.0189, 51.56827, 30.8], [0.01882, 51.5683, 30.9], [0.01876, 51.56833, 31.0], [0.01875, 51.56833, 31.0], [0.01871, 51.56836, 31.0], [0.01867, 51.56839, 31.1], [0.01864, 51.56842, 31.1], [0.01863, 51.56842, 31.1], [0.01861, 51.56846, 31.1], [0.0186, 51.56849, 31.1], [0.0186, 51.56853, 31.2], [0.01861, 51.56856, 31.2], [0.01863, 51.56866, 31.3], [0.01864, 51.56873, 31.4], [0.01866, 51.56878, 31.4], [0.01867, 51.56884, 31.5], [0.01866, 51.56888, 31.5], [0.01865, 51.56894, 31.6], [0.01863, 51.56899, 31.6], [0.01858, 51.5691, 31.5], [0.01849, 51.56927, 31.6], [0.01839, 51.5695, 31.9], [0.01834, 51.56958, 32.0], [0.01831, 51.56963, 32.1], [0.0183, 51.56968, 32.2], [0.0183, 51.56971, 32.3], [0.01829, 51.56972, 32.3], [0.01823, 51.5699, 32.6], [0.01814, 51.57016, 32.6], [0.01797, 51.57024, 32.3], [0.01792, 51.57025, 32.2], [0.01786, 51.57026, 32.1], [0.01781, 51.57027, 32.0], [0.01775, 51.57028, 32.0], [0.01775, 51.57028, 32.0], [0.01775, 51.57027, 32.0], [0.01774, 51.57025, 32.0], [0.01772, 51.57023, 32.0], [0.0177, 51.57021, 32.0], [0.01766, 51.5702, 32.0], [0.0176, 51.57017, 31.9], [0.0175, 51.57014, 31.8], [0.0174, 51.57011, 31.8], [0.01733, 51.5701, 31.7], [0.01725, 51.5701, 31.6], [0.01718, 51.57011, 31.5], [0.01713, 51.57011, 31.5], [0.01709, 51.57012, 31.4], [0.01707, 51.57013, 31.4], [0.01704, 51.57015, 31.4], [0.01698, 51.57019, 31.3], [0.01687, 51.57029, 31.2], [0.01681, 51.57032, 31.1], [0.01676, 51.57035, 31.1], [0.01675, 51.57035, 31.1], [0.01669, 51.57037, 31.0], [0.01662, 51.57039, 31.0], [0.01656, 51.57041, 31.1], [0.01651, 51.57044, 31.1], [0.01648, 51.57046, 31.1], [0.01645, 51.57048, 31.1], [0.01643, 51.5705, 31.2], [0.01642, 51.5705, 31.2], [0.01639, 51.57054, 31.2], [0.01635, 51.57058, 31.3], [0.01631, 51.57063, 31.3], [0.016299, 51.57065, 31.3], [0.016289, 51.57066, 31.4], [0.01626, 51.57071, 31.4], [0.01624, 51.57074, 31.5], [0.016219, 51.57077, 31.5], [0.016209, 51.57077, 31.5], [0.0162, 51.57078, 31.5], [0.01618, 51.57079, 31.6], [0.01616, 51.57079, 31.6], [0.016129, 51.57079, 31.6], [0.01606, 51.5708, 31.7], [0.01598, 51.5708, 31.8], [0.01591, 51.57081, 31.9], [0.01586, 51.57082, 32.0], [0.01584, 51.57083, 32.0], [0.01584, 51.57084, 32.0], [0.01583, 51.57084, 32.0], [0.01582, 51.57084, 32.0], [0.01582, 51.57085, 32.0], [0.01567, 51.57089, 32.0], [0.01559, 51.57089, 32.0], [0.01557, 51.5709, 32.0], [0.01554, 51.57091, 32.0], [0.0155, 51.57095, 32.0], [0.01547, 51.57097, 32.0], [0.01546, 51.57097, 32.0], [0.01546, 51.57098, 32.0], [0.01546, 51.57099, 32.0], [0.01547, 51.57099, 32.0], [0.01551, 51.57102, 32.0], [0.01551, 51.57103, 32.0], [0.0155, 51.57104, 32.0], [0.01546, 51.57107, 32.0], [0.01546, 51.57107, 32.0], [0.0154, 51.57112, 32.0], [0.01539, 51.57112, 32.0], [0.01538, 51.57113, 32.0], [0.01538, 51.57114, 32.0], [0.01538, 51.57115, 32.0], [0.01539, 51.57115, 32.0], [0.0154, 51.57116, 32.0], [0.01554, 51.57125, 32.0], [0.01568, 51.57136, 32.0], [0.015689, 51.57139, 32.0], [0.015689, 51.57141, 32.0], [0.01573, 51.57146, 32.0], [0.01577, 51.57151, 32.0], [0.0158, 51.57154, 32.0], [0.01582, 51.57155, 31.9], [0.01583, 51.57156, 31.9], [0.01589, 51.5716, 31.8], [0.01603, 51.57167, 31.6], [0.01625, 51.57179, 31.2], [0.01631, 51.57182, 31.1], [0.01648, 51.57191, 30.9], [0.01648, 51.57191, 30.9], [0.01642, 51.57199, 30.9], [0.016379, 51.57207, 30.9], [0.01636, 51.57212, 30.8], [0.016289, 51.57229, 30.7], [0.01627, 51.57234, 30.7], [0.016219, 51.57247, 30.6], [0.01617, 51.57259, 30.6], [0.01615, 51.57264, 30.6], [0.01615, 51.57267, 30.5], [0.016129, 51.57273, 30.5], [0.016119, 51.57279, 30.5], [0.016119, 51.57282, 30.5], [0.01611, 51.57299, 30.5], [0.01611, 51.573, 30.4], [0.01611, 51.57318, 30.4], [0.0161, 51.57329, 30.4], [0.0161, 51.57333, 30.4], [0.01609, 51.57336, 30.4], [0.01608, 51.57338, 30.4], [0.01607, 51.57342, 30.4], [0.016049, 51.57345, 30.5], [0.01601, 51.57348, 30.5], [0.01599, 51.5735, 30.6], [0.01597, 51.57352, 30.6], [0.01592, 51.57356, 30.7], [0.015869, 51.5736, 30.8], [0.0158, 51.57366, 30.9], [0.015779, 51.57367, 30.9], [0.01575, 51.57368, 30.9], [0.01573, 51.57369, 30.9], [0.015709, 51.57376, 31.0], [0.01568, 51.57383, 31.2], [0.01567, 51.57385, 31.2], [0.01567, 51.57385, 31.2], [0.01554, 51.5741, 31.8], [0.01544, 51.57425, 32.3], [0.01538, 51.57433, 32.6], [0.01537, 51.57436, 32.7], [0.01535, 51.57438, 32.8], [0.01534, 51.5744, 32.8], [0.01533, 51.57443, 32.9], [0.01529, 51.57451, 33.2], [0.01526, 51.57455, 33.4], [0.0151, 51.57471, 34.0], [0.01509, 51.57472, 34.0], [0.01497, 51.57484, 34.4], [0.01483, 51.57496, 34.5], [0.01468, 51.57511, 34.5], [0.0146, 51.57517, 34.4], [0.01455, 51.57522, 34.4], [0.01438, 51.57534, 34.3], [0.01426, 51.57545, 34.3], [0.01413, 51.57558, 34.3], [0.0141, 51.5756, 34.4], [0.01382, 51.5759, 34.5], [0.01372, 51.57602, 34.1], [0.01367, 51.57607, 34.0], [0.01365, 51.5761, 33.9], [0.01353, 51.57626, 33.6], [0.01346, 51.57636, 33.4], [0.01339, 51.57645, 33.3], [0.0133, 51.57656, 33.1], [0.01322, 51.57664, 32.9], [0.0131, 51.57674, 32.7], [0.01297, 51.57685, 32.5], [0.01296, 51.57686, 32.4], [0.01285, 51.57695, 32.2], [0.01282, 51.57698, 32.2], [0.01274, 51.57703, 32.0], [0.01266, 51.57709, 31.8], [0.01255, 51.57717, 31.5], [0.01235, 51.57728, 31.1], [0.01189, 51.57756, 30.4], [0.01182, 51.5776, 30.3], [0.01167, 51.57769, 30.2], [0.01136, 51.57785, 31.1], [0.01118, 51.57797, 31.3], [0.01102, 51.57805, 31.5], [0.01093, 51.57809, 31.5], [0.01082, 51.57815, 31.4], [0.0107, 51.57819, 31.4], [0.01062, 51.57822, 31.3], [0.0105, 51.57825, 31.3], [0.01035, 51.57829, 31.2], [0.01022, 51.57832, 31.1], [0.01013, 51.57836, 31.0], [0.01007, 51.57839, 31.0], [0.01007, 51.57839, 31.0], [0.00993, 51.57836, 31.2], [0.00985, 51.57835, 31.4], [0.00981, 51.57834, 31.5], [0.00971, 51.57833, 31.7], [0.0096, 51.57832, 32.0], [0.00945, 51.57832, 32.4], [0.00926, 51.57833, 32.8], [0.00923, 51.57833, 32.9], [0.00911, 51.57833, 33.1], [0.00904, 51.57834, 33.1], [0.00887, 51.57835, 33.3], [0.00872, 51.57835, 33.5], [0.00859, 51.57837, 33.6], [0.00844, 51.5784, 33.7], [0.00829, 51.57844, 33.8], [0.00812, 51.57848, 33.9], [0.00793, 51.57853, 34.0], [0.00776, 51.57858, 34.1], [0.00766, 51.57863, 34.1], [0.00746, 51.57872, 34.1], [0.00735, 51.57878, 33.9], [0.00724, 51.57884, 33.8], [0.00713, 51.5789, 33.6], [0.00703, 51.57897, 33.5], [0.00694, 51.57904, 33.3], [0.00685, 51.57909, 33.2], [0.00673, 51.57915, 33.0], [0.00634, 51.57928, 33.7], [0.00625, 51.57932, 33.9], [0.0061, 51.57937, 34.2], [0.00595, 51.57941, 34.4], [0.00585, 51.57943, 34.6], [0.00574, 51.57945, 34.8], [0.00563, 51.57945, 34.8], [0.00546, 51.57945, 35.0], [0.00533, 51.57945, 35.1], [0.00524, 51.57945, 35.2], [0.00516, 51.57944, 35.2], [0.00514, 51.57943, 35.2], [0.00514, 51.57943, 35.2], [0.005, 51.57949, 35.4], [0.00472, 51.5796, 35.2], [0.00461, 51.57975, 35.4], [0.00452, 51.5799, 35.7], [0.00452, 51.58011, 36.2], [0.00459, 51.58026, 36.3], [0.00464, 51.58033, 36.3], [0.00468, 51.5804, 36.4], [0.00483, 51.58052, 36.3], [0.00501, 51.58065, 36.0], [0.00544, 51.58086, 36.1], [0.0057, 51.58094, 36.4], [0.00599, 51.58103, 36.7], [0.0063, 51.58111, 37.0], [0.00651, 51.58115, 37.1], [0.00651, 51.58115, 37.1], [0.00652, 51.58136, 37.9], [0.00653, 51.58149, 38.4], [0.00653, 51.58155, 38.6], [0.00652, 51.58158, 38.7], [0.00649, 51.58168, 39.0], [0.00646, 51.58176, 38.8], [0.00645, 51.58183, 38.6], [0.00644, 51.58191, 38.4], [0.00644, 51.58197, 38.3], [0.00645, 51.58211, 37.9], [0.00644, 51.58232, 37.4], [0.00643, 51.5824, 37.2], [0.00643, 51.58242, 37.2], [0.00642, 51.58247, 37.1], [0.00641, 51.58249, 37.0], [0.00639, 51.58258, 37.0], [0.00637, 51.58264, 37.0], [0.00633, 51.58275, 37.0], [0.00628, 51.58289, 37.0], [0.00624, 51.58296, 37.0], [0.00619, 51.58304, 37.0], [0.00614, 51.58309, 37.0], [0.00609, 51.58315, 37.0], [0.00603, 51.58321, 37.0], [0.006, 51.58325, 37.0], [0.00599, 51.58328, 37.0], [0.00599, 51.58332, 37.0], [0.00601, 51.58336, 37.1], [0.00603, 51.5834, 37.2], [0.00603, 51.58341, 37.3], [0.00609, 51.58349, 37.5], [0.00622, 51.58366, 38.0], [0.00622, 51.58366, 38.0], [0.0063, 51.58362, 37.8], [0.0064, 51.58359, 37.7], [0.0065, 51.58357, 37.6], [0.00659, 51.58356, 37.6], [0.00659, 51.58356, 37.6], [0.00661, 51.58355, 37.5], [0.00677, 51.58353, 37.6], [0.00694, 51.58352, 37.7], [0.00939, 51.58345, 38.6], [0.00951, 51.58344, 38.5], [0.01009, 51.58343, 38.0], [0.01098, 51.58341, 37.9], [0.0115, 51.5834, 37.3], [0.01178, 51.58339, 37.1], [0.01207, 51.58338, 37.1], [0.01236, 51.58337, 37.1], [0.01243, 51.58337, 37.1], [0.01272, 51.58337, 36.8], [0.01276, 51.58336, 36.8], [0.01354, 51.58335, 35.5], [0.01359, 51.58334, 35.4], [0.01406, 51.58333, 34.3], [0.01417, 51.58333, 34.0], [0.01468, 51.58332, 32.2], [0.01493, 51.58331, 31.3], [0.01508, 51.58331, 31.0], [0.01529, 51.5833, 30.8], [0.01547, 51.5833, 30.5], [0.0156, 51.58329, 30.4], [0.015869, 51.58329, 30.0], [0.01684, 51.58327, 28.3], [0.01762, 51.58326, 29.2], [0.01824, 51.58324, 29.8], [0.01844, 51.58324, 29.9], [0.01868, 51.58324, 29.9], [0.01932, 51.58322, 29.9], [0.01974, 51.58322, 29.5], [0.01991, 51.58323, 29.3], [0.01998, 51.58324, 29.2], [0.02014, 51.58326, 29.1], [0.02022, 51.58326, 29.1], [0.02022, 51.58326, 29.1], [0.02022, 51.58316, 29.3], [0.02022, 51.58316, 29.3], [0.02022, 51.58316, 29.3], [0.02022, 51.58326, 29.1], [0.02023, 51.58335, 29.1], [0.02024, 51.5834, 29.4], [0.02025, 51.58344, 29.6], [0.02026, 51.58351, 29.9], [0.02027, 51.58356, 30.2], [0.0203, 51.58372, 31.0], [0.02032, 51.5838, 31.4], [0.02034, 51.58393, 32.0], [0.02041, 51.58417, 33.0], [0.02043, 51.58426, 33.0], [0.02043, 51.58426, 33.0], [0.0205, 51.58448, 32.9], [0.02055, 51.58461, 32.9], [0.02056, 51.58463, 32.8], [0.02062, 51.58479, 32.9], [0.02073, 51.58509, 33.0], [0.02075, 51.58516, 33.0], [0.0208, 51.58528, 33.0], [0.0208, 51.58528, 33.0], [0.02086, 51.58543, 33.0], [0.0209, 51.58553, 33.0], [0.02096, 51.58569, 33.0], [0.021, 51.5858, 33.0], [0.02104, 51.5859, 33.1], [0.02109, 51.58605, 33.3], [0.02116, 51.5863, 33.6], [0.02122, 51.58649, 33.8], [0.02129, 51.5868, 34.2], [0.02132, 51.58697, 34.5], [0.02134, 51.58706, 34.7], [0.02135, 51.58708, 34.7], [0.02135, 51.58712, 34.8], [0.02137, 51.58718, 34.8], [0.02137, 51.58719, 34.9], [0.0214, 51.58728, 35.0], [0.02145, 51.58748, 35.2], [0.02152, 51.58767, 35.4], [0.02158, 51.58784, 35.5], [0.02177, 51.58838, 36.1], [0.02185, 51.58861, 36.3], [0.02186, 51.58862, 36.3], [0.02192, 51.5888, 36.6], [0.02193, 51.58885, 36.6], [0.02197, 51.58896, 36.8], [0.02199, 51.58903, 36.8], [0.02201, 51.58911, 36.9], [0.02203, 51.58918, 37.0], [0.02204, 51.58925, 37.1], [0.02205, 51.58929, 37.1], [0.02208, 51.5894, 37.1], [0.02212, 51.58956, 37.2], [0.02212, 51.58958, 37.2], [0.02214, 51.58967, 37.3], [0.02216, 51.58979, 37.3], [0.0222, 51.58999, 37.4], [0.02224, 51.59019, 37.8], [0.02224, 51.59022, 37.8], [0.02225, 51.59024, 37.9], [0.02225, 51.59026, 37.9], [0.0223, 51.59051, 38.5], [0.02235, 51.59076, 39.0], [0.02238, 51.59095, 39.6], [0.02244, 51.59127, 40.7], [0.02245, 51.59132, 40.8], [0.02245, 51.59133, 40.9], [0.02245, 51.59135, 41.0], [0.02246, 51.59146, 41.3], [0.02249, 51.59175, 42.0], [0.0225, 51.59186, 42.0], [0.02251, 51.59193, 42.0], [0.02249, 51.59207, 42.0], [0.02247, 51.59236, 42.0], [0.02246, 51.59248, 42.0], [0.02245, 51.59256, 42.2], [0.02245, 51.59258, 42.3], [0.02244, 51.59261, 42.3], [0.02244, 51.59305, 43.4], [0.02244, 51.59328, 43.9], [0.02243, 51.59336, 44.1], [0.02242, 51.59343, 44.2], [0.02241, 51.59356, 44.4], [0.0224, 51.59365, 44.5], [0.02239, 51.5937, 44.6], [0.02238, 51.59382, 44.8], [0.02236, 51.59395, 45.0], [0.0223, 51.59434, 45.7], [0.02229, 51.59442, 45.8], [0.02229, 51.59445, 45.8], [0.02225, 51.59456, 46.1], [0.02223, 51.59463, 46.2], [0.0222, 51.5947, 46.4], [0.0222, 51.59473, 46.4], [0.02217, 51.59484, 46.6], [0.02216, 51.59491, 46.7], [0.02213, 51.59502, 46.9], [0.02208, 51.59516, 46.8], [0.02206, 51.59521, 46.8], [0.02193, 51.59554, 46.7], [0.02188, 51.59564, 46.9], [0.02185, 51.59572, 47.1], [0.02181, 51.59581, 47.3], [0.02181, 51.59582, 47.3], [0.02175, 51.59599, 47.7], [0.0217, 51.59612, 48.1], [0.02167, 51.5962, 48.3], [0.02167, 51.5962, 48.3], [0.02166, 51.59624, 48.5], [0.02165, 51.59626, 48.6], [0.02161, 51.59636, 49.0], [0.02158, 51.59646, 49.4], [0.02157, 51.59648, 49.5], [0.02155, 51.59656, 49.9], [0.02149, 51.59669, 50.5], [0.02147, 51.59674, 50.6], [0.02139, 51.59688, 50.9], [0.02123, 51.59725, 51.7], [0.0211, 51.59754, 52.3], [0.0211, 51.59755, 52.3], [0.0211, 51.59756, 52.3], [0.02105, 51.59766, 52.4], [0.02098, 51.59784, 52.6], [0.02093, 51.59796, 52.7], [0.02092, 51.59797, 52.7], [0.0208, 51.59824, 53.1], [0.02074, 51.59844, 53.2], [0.02066, 51.59866, 53.3], [0.02062, 51.59878, 53.4], [0.02059, 51.59884, 53.4], [0.02059, 51.59884, 53.4], [0.02058, 51.59887, 53.4], [0.02058, 51.59894, 53.4], [0.02053, 51.59905, 53.4], [0.02048, 51.59916, 53.4], [0.02039, 51.59934, 53.2], [0.02035, 51.59944, 53.1], [0.02024, 51.59966, 52.9], [0.02014, 51.59982, 52.9], [0.0201, 51.5999, 52.9], [0.01999, 51.60008, 52.5], [0.01983, 51.60035, 51.5], [0.01982, 51.60037, 51.4], [0.01976, 51.60048, 51.0], [0.01956, 51.60084, 50.1], [0.01954, 51.60087, 50.3], [0.01947, 51.60109, 51.1], [0.01945, 51.60113, 51.2], [0.01938, 51.60134, 51.9], [0.01934, 51.60153, 52.4], [0.01934, 51.60158, 52.4], [0.01933, 51.60162, 52.5], [0.01933, 51.60164, 52.6], [0.01933, 51.60164, 52.6], [0.01933, 51.60171, 52.8], [0.01933, 51.60172, 52.8], [0.01932, 51.60201, 53.9], [0.01933, 51.60209, 54.1], [0.01932, 51.60225, 54.7], [0.01932, 51.60239, 55.2], [0.01931, 51.60246, 55.5], [0.01931, 51.60248, 55.6], [0.01929, 51.60259, 56.0], [0.01929, 51.60264, 56.2], [0.01928, 51.60266, 56.3], [0.01927, 51.60268, 56.4], [0.01924, 51.60283, 57.0], [0.01924, 51.60284, 57.0], [0.01918, 51.60301, 57.8], [0.01917, 51.60305, 58.0], [0.01912, 51.60329, 59.0], [0.0191, 51.60336, 59.2], [0.01907, 51.60347, 59.6], [0.01906, 51.60355, 59.8], [0.01902, 51.60371, 60.4], [0.01902, 51.60373, 60.5], [0.01896, 51.60395, 61.3], [0.0189, 51.60414, 62.2], [0.0189, 51.60414, 62.2], [0.018804, 51.604654, 62.5], [0.018804, 51.604654, 62.5], [0.018702, 51.604999, 62.7], [0.018702, 51.604999, 62.7], [0.018691, 51.605423, 61.6], [0.018691, 51.605423, 61.6], [0.018734, 51.605825, 60.5], [0.018734, 51.605825, 60.5], [0.018954, 51.606213, 62.0], [0.018954, 51.606213, 62.0], [0.019185, 51.606524, 63.3], [0.019351, 51.606659, 63.7], [0.019549, 51.60678, 63.9], [0.019549, 51.60678, 63.9], [0.019957, 51.60717, 65.4], [0.019957, 51.60717, 65.4], [0.020429, 51.607753, 65.9], [0.020429, 51.607753, 65.9], [0.020794, 51.608309, 66.0], [0.020794, 51.608309, 66.0], [0.020955, 51.608486, 65.6], [0.020955, 51.608486, 65.6], [0.021126, 51.608509, 65.3], [0.02112, 51.60851, 65.3], [0.02093, 51.60856, 65.6], [0.02093, 51.60856, 65.6], [0.02072, 51.60827, 66.1], [0.02072, 51.60827, 66.1], [0.02045, 51.60834, 66.9], [0.02025, 51.6084, 67.2], [0.02025, 51.6084, 67.2], [0.02045, 51.60834, 66.9], [0.02072, 51.60827, 66.1], [0.02072, 51.60827, 66.1], [0.02093, 51.60856, 65.6], [0.02104, 51.60872, 65.4], [0.02114, 51.60887, 65.3], [0.02126, 51.60906, 65.4], [0.02131, 51.60913, 65.5], [0.02138, 51.60922, 65.7], [0.02146, 51.60934, 65.8], [0.02152, 51.60943, 65.8], [0.02157, 51.60951, 65.9], [0.02164, 51.6096, 66.0], [0.02194, 51.61001, 66.0], [0.02208, 51.6102, 66.6], [0.0222, 51.61035, 67.0], [0.02226, 51.61043, 67.2], [0.02228, 51.61046, 67.2], [0.02237, 51.61057, 67.5], [0.02278, 51.61108, 68.2], [0.0229, 51.61122, 68.4], [0.02308, 51.61145, 69.1], [0.02309, 51.61147, 69.1], [0.02315, 51.61155, 69.4], [0.02319, 51.61161, 69.6], [0.02326, 51.61171, 70.1], [0.02337, 51.61186, 70.6], [0.02343, 51.61196, 70.9], [0.02352, 51.6121, 71.2], [0.02356, 51.61215, 71.3], [0.02361, 51.61224, 71.5], [0.02369, 51.61236, 71.7], [0.02377, 51.61249, 71.9], [0.02395, 51.61277, 71.8], [0.02394, 51.61277, 71.9], [0.02394, 51.61278, 71.9], [0.02393, 51.61278, 71.9], [0.02392, 51.61278, 71.9], [0.02392, 51.61279, 71.9], [0.02391, 51.61279, 72.0], [0.02391, 51.6128, 72.0], [0.02391, 51.61281, 72.0], [0.02391, 51.61282, 72.0], [0.02391, 51.61283, 72.0], [0.02392, 51.61283, 72.0], [0.02392, 51.61284, 72.0], [0.02393, 51.61284, 72.0], [0.02394, 51.61284, 72.0], [0.02394, 51.61285, 72.0], [0.02395, 51.61285, 71.9], [0.02396, 51.61285, 71.9], [0.02397, 51.61285, 71.9], [0.02398, 51.61285, 71.9], [0.02399, 51.61285, 71.8], [0.024, 51.61285, 71.8], [0.02413, 51.61308, 71.8], [0.02419, 51.61318, 71.7], [0.02448, 51.61364, 72.4], [0.02455, 51.61375, 72.8], [0.02462, 51.61388, 73.4], [0.02466, 51.61397, 73.9], [0.0247, 51.61404, 74.3], [0.02477, 51.61419, 75.0], [0.02478, 51.61422, 75.1], [0.02483, 51.61434, 75.3], [0.02486, 51.61441, 75.3], [0.02489, 51.61448, 75.4], [0.02488, 51.61455, 75.5], [0.02497, 51.61482, 75.8], [0.02508, 51.61512, 75.7], [0.02518, 51.61533, 75.3], [0.02524, 51.61547, 75.0], [0.02535, 51.61573, 74.7], [0.02553, 51.61615, 74.4], [0.02567, 51.61647, 74.2], [0.02571, 51.61656, 74.1], [0.02589, 51.61691, 73.6], [0.02601, 51.61713, 73.0], [0.02607, 51.61724, 72.7], [0.0261, 51.61729, 72.6], [0.02618, 51.61745, 72.2], [0.02623, 51.61754, 71.9], [0.02627, 51.61761, 71.7], [0.02647, 51.61802, 70.6], [0.02674, 51.6186, 70.1], [0.02699, 51.619, 69.6], [0.02717, 51.61932, 69.6], [0.02721, 51.61938, 69.6], [0.02729, 51.61954, 69.9], [0.02731, 51.6196, 70.0], [0.02732, 51.61962, 70.0], [0.02743, 51.61987, 70.6], [0.02753, 51.62012, 71.5], [0.02754, 51.62014, 71.6], [0.02756, 51.62021, 72.0], [0.02757, 51.62027, 72.2], [0.02763, 51.62046, 73.1], [0.02766, 51.62055, 73.6], [0.02768, 51.62063, 74.0], [0.02771, 51.6207, 74.3], [0.02771, 51.6207, 74.3], [0.0278, 51.62072, 74.4], [0.02797, 51.6208, 74.8], [0.02809, 51.62087, 75.2], [0.02819, 51.62094, 75.6], [0.02824, 51.62097, 75.8], [0.0283, 51.62102, 76.1], [0.02843, 51.62114, 76.7], [0.02859, 51.62129, 77.4], [0.02895, 51.62162, 79.0], [0.02897, 51.62164, 79.1], [0.02914, 51.6218, 79.2], [0.02928, 51.62192, 79.2], [0.02931, 51.62195, 79.2], [0.02941, 51.62205, 79.3], [0.02948, 51.62211, 79.4], [0.0297, 51.62232, 80.0], [0.0298, 51.62241, 80.4], [0.02985, 51.62247, 80.7], [0.02989, 51.62252, 80.9], [0.02994, 51.62258, 80.9], [0.02999, 51.62266, 81.0], [0.03016, 51.62295, 80.9], [0.03028, 51.62317, 80.9], [0.03034, 51.62328, 81.0], [0.03052, 51.62356, 80.6], [0.03063, 51.62375, 80.4], [0.03071, 51.62386, 80.3], [0.03079, 51.62398, 80.2], [0.03094, 51.62421, 80.3], [0.0311, 51.62444, 80.7], [0.03113, 51.62449, 80.9], [0.03123, 51.62464, 81.2], [0.031399, 51.62488, 81.9], [0.03143, 51.62493, 82.1], [0.03155, 51.62509, 82.4], [0.031759, 51.62537, 82.2], [0.03194, 51.62563, 81.7], [0.03196, 51.62565, 81.7], [0.032169, 51.62593, 81.5], [0.03229, 51.6261, 81.4], [0.032488, 51.62632, 81.4], [0.03262, 51.62646, 81.5], [0.03291, 51.62685, 82.2], [0.03291, 51.62686, 82.2], [0.0329, 51.62686, 82.2], [0.03289, 51.62686, 82.2], [0.03289, 51.62687, 82.2], [0.03288, 51.62687, 82.2], [0.03288, 51.62688, 82.2], [0.03288, 51.62689, 82.2], [0.03287, 51.62689, 82.2], [0.03288, 51.62689, 82.2], [0.03288, 51.6269, 82.2], [0.03288, 51.62691, 82.2], [0.03289, 51.62691, 82.2], [0.03289, 51.62692, 82.2], [0.0329, 51.62692, 82.3], [0.03291, 51.62692, 82.3], [0.03292, 51.62692, 82.3], [0.03293, 51.62693, 82.3], [0.03294, 51.62693, 82.4], [0.03294, 51.62692, 82.4], [0.03295, 51.62692, 82.4], [0.03296, 51.62692, 82.4], [0.03299, 51.62696, 82.5], [0.03299, 51.62696, 82.5], [0.03298, 51.62696, 82.5], [0.03297, 51.62696, 82.5], [0.03297, 51.62697, 82.5], [0.03296, 51.62698, 82.5], [0.03297, 51.62699, 82.5], [0.03297, 51.627, 82.5], [0.03298, 51.62701, 82.6], [0.03299, 51.62702, 82.6], [0.033, 51.62702, 82.6], [0.03301, 51.62703, 82.7], [0.03302, 51.62703, 82.7], [0.03303, 51.62703, 82.7], [0.03304, 51.62703, 82.7], [0.03305, 51.62702, 82.7], [0.03306, 51.62702, 82.8], [0.03307, 51.62702, 82.8], [0.03307, 51.62701, 82.8], [0.03308, 51.62701, 82.8], [0.03308, 51.627, 82.8], [0.03308, 51.62699, 82.8], [0.03308, 51.62698, 82.8], [0.03307, 51.62698, 82.7], [0.03307, 51.62697, 82.7], [0.03306, 51.62697, 82.7], [0.03306, 51.62696, 82.7], [0.03309, 51.62696, 82.8], [0.03312, 51.62695, 82.8], [0.03315, 51.62695, 82.9], [0.03319, 51.62695, 83.0], [0.03333, 51.62695, 83.3], [0.03364, 51.62697, 82.7], [0.03374, 51.62698, 82.5], [0.03382, 51.62698, 82.4], [0.03421, 51.627, 81.5], [0.03482, 51.62703, 79.7], [0.03555, 51.62707, 77.4], [0.0357, 51.62707, 76.9], [0.03652, 51.62711, 73.9], [0.03676, 51.62713, 73.1], [0.03716, 51.62715, 72.1], [0.03783, 51.62718, 70.0], [0.03788, 51.62718, 69.8], [0.03842, 51.62721, 67.8], [0.03851, 51.62721, 67.6], [0.03851, 51.62722, 67.6], [0.03852, 51.62723, 67.5], [0.03853, 51.62723, 67.5], [0.03853, 51.62724, 67.5], [0.03854, 51.62724, 67.4], [0.03855, 51.62724, 67.4], [0.03856, 51.62724, 67.4], [0.03857, 51.62724, 67.4], [0.03857, 51.62723, 67.4], [0.03858, 51.62723, 67.4], [0.03859, 51.62723, 67.4], [0.03859, 51.62722, 67.4], [0.03859, 51.62721, 67.4], [0.03865, 51.62721, 67.3], [0.03895, 51.62721, 66.6], [0.03903, 51.62721, 66.4], [0.03933, 51.62722, 65.5], [0.03944, 51.62722, 65.1], [0.03965, 51.62722, 64.5], [0.04004, 51.6272, 63.3], [0.04015, 51.62719, 62.9], [0.04025, 51.62719, 62.6], [0.04037, 51.62719, 62.2], [0.04044, 51.62718, 62.0], [0.04059, 51.62718, 61.4], [0.04077, 51.62717, 60.8], [0.04094, 51.62716, 60.2], [0.04111, 51.62716, 59.6], [0.04115, 51.62715, 59.5], [0.04118, 51.62715, 59.4], [0.0412, 51.62715, 59.4], [0.04192, 51.62711, 56.8], [0.04206, 51.62711, 56.2], [0.0421, 51.6271, 56.1], [0.04223, 51.62709, 55.6], [0.04236, 51.62708, 55.1], [0.0425, 51.62706, 54.6], [0.04268, 51.62704, 54.0], [0.04284, 51.62701, 53.5], [0.04299, 51.62699, 53.1], [0.04315, 51.62697, 52.6], [0.04319, 51.62696, 52.5], [0.04326, 51.62695, 52.3], [0.04336, 51.62694, 52.0], [0.04344, 51.62694, 51.7], [0.04355, 51.62694, 51.4], [0.04363, 51.62694, 51.2], [0.04375, 51.62695, 50.8], [0.04392, 51.62696, 50.3], [0.04493, 51.62704, 46.4], [0.04566, 51.62709, 43.6], [0.04591, 51.62711, 42.7], [0.04606, 51.62712, 42.1], [0.04612, 51.62712, 41.9], [0.04616, 51.62712, 41.7], [0.04621, 51.62712, 41.6], [0.047, 51.62709, 39.2], [0.04714, 51.62709, 38.8], [0.04724, 51.62708, 38.5], [0.04728, 51.62708, 38.4], [0.04731, 51.62708, 38.3], [0.04735, 51.62708, 38.2], [0.04767, 51.6271, 37.3], [0.04817, 51.62714, 35.5], [0.04875, 51.62716, 34.2], [0.04928, 51.62718, 33.4], [0.04962, 51.62721, 32.7], [0.0499, 51.62724, 32.3], [0.05066, 51.62731, 30.7], [0.05076, 51.62732, 30.5], [0.05085, 51.62733, 30.3], [0.05101, 51.62734, 29.8], [0.05117, 51.62735, 29.3], [0.05129, 51.62735, 28.9], [0.05148, 51.62736, 28.3], [0.05162, 51.62736, 27.8], [0.05176, 51.62736, 27.3], [0.05196, 51.62736, 26.6], [0.052, 51.62736, 26.5], [0.05248, 51.62735, 24.7], [0.05288, 51.62734, 22.9], [0.05289, 51.62734, 22.8], [0.05335, 51.62733, 20.8], [0.05374, 51.62731, 20.3], [0.05394, 51.6273, 20.0], [0.05411, 51.6273, 19.8], [0.0542, 51.62729, 19.7], [0.05442, 51.62728, 19.4], [0.05465, 51.62727, 19.0], [0.0548, 51.62726, 18.7], [0.05486, 51.62726, 18.6], [0.05518, 51.62723, 18.1], [0.05526, 51.62723, 18.0], [0.05541, 51.62721, 17.8], [0.05555, 51.6272, 17.6], [0.05585, 51.62718, 17.2], [0.05623, 51.62715, 16.7], [0.05628, 51.62714, 16.6], [0.05657, 51.62712, 16.2], [0.05678, 51.6271, 16.0], [0.05727, 51.62707, 16.0], [0.05767, 51.62704, 15.9], [0.05776, 51.62704, 15.9], [0.05796, 51.62703, 15.9], [0.05841, 51.627, 16.1], [0.05911, 51.62696, 17.0], [0.05925, 51.62695, 17.1], [0.05929, 51.62695, 17.2], [0.05936, 51.62695, 17.3], [0.05948, 51.62693, 17.5], [0.05963, 51.62691, 17.7], [0.05969, 51.6269, 17.8], [0.05999, 51.62686, 18.5], [0.06062, 51.62676, 20.2], [0.06081, 51.62673, 20.7], [0.06092, 51.62672, 21.0], [0.06109, 51.62669, 21.5], [0.06189, 51.62657, 23.8], [0.06202, 51.62655, 24.1], [0.0621, 51.62654, 24.2], [0.06228, 51.62651, 24.5], [0.0625, 51.62648, 24.9], [0.06271, 51.62645, 25.2], [0.0629, 51.62642, 25.4], [0.06311, 51.62638, 25.6], [0.06332, 51.62634, 25.8], [0.063548, 51.62629, 26.0], [0.06364, 51.62628, 26.1], [0.06376, 51.62625, 26.3], [0.06397, 51.62619, 26.5], [0.06413, 51.62615, 26.6], [0.06415, 51.62615, 26.6], [0.06433, 51.62609, 26.6], [0.06449, 51.62604, 26.6], [0.06457, 51.62601, 26.6], [0.06474, 51.62596, 26.7], [0.06481, 51.62593, 26.7], [0.065018, 51.62585, 26.8], [0.06504, 51.62585, 26.8], [0.06515, 51.6258, 27.2], [0.06524, 51.62576, 27.5], [0.065268, 51.62575, 27.5], [0.0653, 51.62574, 27.6], [0.06543, 51.62568, 28.0], [0.06566, 51.62557, 28.8], [0.06587, 51.62546, 29.5], [0.06601, 51.62539, 30.0], [0.06605, 51.62537, 30.1], [0.06624, 51.62526, 30.8], [0.06649, 51.6251, 32.1], [0.06658, 51.62504, 32.5], [0.06663, 51.625, 32.8], [0.06672, 51.62494, 33.3], [0.06682, 51.62486, 33.9], [0.06689, 51.6248, 34.2], [0.06709, 51.62465, 35.2], [0.06723, 51.62453, 35.8], [0.06723, 51.62453, 35.8], [0.06734, 51.62443, 36.2], [0.06741, 51.62437, 36.5], [0.0675, 51.62428, 36.9], [0.06777, 51.624, 37.7], [0.06791, 51.62385, 38.2], [0.06816, 51.6236, 39.1], [0.06836, 51.62341, 40.0], [0.06842, 51.62335, 40.2], [0.06849, 51.62329, 40.4], [0.06872, 51.62306, 41.3], [0.06888, 51.62291, 41.8], [0.06901, 51.62278, 42.3], [0.06915, 51.62265, 42.8], [0.0692, 51.62261, 43.0], [0.06924, 51.62258, 43.1], [0.06925, 51.62257, 43.1], [0.0693, 51.62254, 43.3], [0.06937, 51.62248, 43.5], [0.06952, 51.62239, 43.7], [0.06959, 51.62235, 43.7], [0.06972, 51.62228, 43.9], [0.06981, 51.62223, 44.0], [0.06999, 51.62214, 44.1], [0.07019, 51.62206, 43.9], [0.07036, 51.62199, 43.8], [0.07041, 51.62197, 43.7], [0.0707, 51.62188, 43.5], [0.07101, 51.62179, 43.3], [0.07129, 51.62173, 43.2], [0.07147, 51.6217, 43.1], [0.07153, 51.62169, 43.1], [0.0718, 51.62165, 42.9], [0.0721, 51.62162, 42.7], [0.07218, 51.62162, 42.7], [0.07238, 51.6216, 42.5], [0.07261, 51.62159, 42.3], [0.07264, 51.62159, 42.3], [0.07301, 51.62157, 41.8], [0.07331, 51.62155, 41.3], [0.07359, 51.62153, 41.2], [0.07382, 51.62151, 41.1], [0.07397, 51.6215, 41.0], [0.07414, 51.62148, 40.9], [0.07434, 51.62146, 41.0], [0.07439, 51.62145, 41.0], [0.07459, 51.62143, 41.1], [0.07479, 51.62139, 41.1], [0.07503, 51.62135, 41.1], [0.07526, 51.6213, 40.8], [0.07542, 51.62125, 40.5], [0.07574, 51.62116, 40.0], [0.07598, 51.62109, 39.4], [0.07612, 51.62105, 39.0], [0.07639, 51.62096, 38.1], [0.07669, 51.62088, 37.3], [0.07669, 51.62088, 37.3], [0.07669, 51.62089, 37.4], [0.0767, 51.62089, 37.4], [0.07671, 51.6209, 37.5], [0.07672, 51.6209, 37.5], [0.07673, 51.6209, 37.5], [0.07674, 51.6209, 37.5], [0.07674, 51.62091, 37.6], [0.07675, 51.62091, 37.6], [0.07675, 51.6209, 37.5], [0.07676, 51.6209, 37.5], [0.07677, 51.6209, 37.5], [0.07678, 51.6209, 37.5], [0.07679, 51.6209, 37.6], [0.07679, 51.62089, 37.5], [0.07695, 51.62106, 38.8], [0.07696, 51.62107, 38.9], [0.07707, 51.62118, 39.8], [0.07719, 51.62129, 40.7], [0.0772, 51.62131, 40.9], [0.07734, 51.62144, 42.0], [0.07736, 51.62146, 42.2], [0.0775, 51.6216, 43.5], [0.07762, 51.62172, 44.5], [0.07763, 51.62173, 44.6], [0.07772, 51.62181, 45.2], [0.07781, 51.6219, 45.8], [0.07789, 51.62196, 46.2], [0.07791, 51.62198, 46.3], [0.078, 51.62207, 46.8], [0.07825, 51.6223, 48.2], [0.07831, 51.62234, 48.4], [0.07847, 51.62248, 49.1], [0.07873, 51.6227, 50.3], [0.07885, 51.6228, 50.9], [0.07904, 51.62296, 52.0], [0.07909, 51.62301, 52.3], [0.07921, 51.62311, 53.1], [0.0796, 51.62343, 55.8], [0.07972, 51.62354, 56.6], [0.07978, 51.62359, 56.9], [0.07985, 51.62365, 57.3], [0.07989, 51.62368, 57.5], [0.08008, 51.62384, 58.2], [0.0802, 51.62394, 58.4], [0.08024, 51.62399, 58.5], [0.08047, 51.62418, 59.1], [0.0805, 51.62421, 59.2], [0.08053, 51.62423, 59.3], [0.08059, 51.62428, 59.5], [0.08067, 51.62435, 59.9], [0.08071, 51.62438, 60.0], [0.08086, 51.6245, 60.6], [0.08093, 51.62455, 60.8], [0.081, 51.62459, 60.9], [0.0811, 51.62467, 61.3], [0.08115, 51.62471, 61.5], [0.08123, 51.62478, 61.8], [0.08132, 51.62484, 62.1], [0.08146, 51.62495, 62.7], [0.08149, 51.62498, 62.9], [0.08168, 51.62513, 63.3], [0.08179, 51.62522, 63.5], [0.08193, 51.62533, 63.8], [0.08202, 51.6254, 64.0], [0.08209, 51.62546, 64.1], [0.08212, 51.62548, 64.2], [0.0823, 51.62563, 64.5], [0.0824, 51.62571, 64.7], [0.08249, 51.62578, 64.9], [0.08255, 51.62583, 65.1], [0.08258, 51.62586, 65.1], [0.08258, 51.62586, 65.1], [0.08257, 51.62586, 65.1], [0.08257, 51.62587, 65.1], [0.08257, 51.62588, 65.1], [0.08257, 51.62589, 65.1], [0.08257, 51.6259, 65.2], [0.08258, 51.6259, 65.2], [0.08258, 51.62591, 65.2], [0.08259, 51.62591, 65.2], [0.0826, 51.62591, 65.2], [0.0826, 51.62592, 65.2], [0.08261, 51.62592, 65.2], [0.08262, 51.62592, 65.2], [0.08263, 51.62592, 65.2], [0.08264, 51.62592, 65.3], [0.08265, 51.62592, 65.3], [0.08266, 51.62592, 65.3], [0.08266, 51.62591, 65.3], [0.08267, 51.62591, 65.3], [0.08268, 51.6259, 65.3], [0.08268, 51.62589, 65.3], [0.08268, 51.62588, 65.3], [0.08269, 51.62588, 65.3], [0.08268, 51.62588, 65.3], [0.08268, 51.62587, 65.3], [0.0827, 51.62585, 65.3], [0.08271, 51.62584, 65.3], [0.08273, 51.62583, 65.3], [0.08276, 51.62582, 65.3], [0.08279, 51.62581, 65.3], [0.08282, 51.6258, 65.3], [0.08287, 51.62578, 65.3], [0.08291, 51.62576, 65.3], [0.08295, 51.62574, 65.3], [0.08303, 51.62569, 65.3], [0.08329, 51.62549, 65.1], [0.08333, 51.62546, 65.1], [0.08344, 51.62538, 64.9], [0.08382, 51.62507, 64.2], [0.08388, 51.62502, 64.0], [0.08399, 51.62492, 63.6], [0.08409, 51.62483, 63.2], [0.08412, 51.62481, 63.1], [0.08437, 51.62458, 62.0], [0.08442, 51.62453, 61.7], [0.08447, 51.62448, 61.4], [0.08454, 51.62441, 61.0], [0.08459, 51.62434, 60.5], [0.08464, 51.62428, 60.1], [0.08469, 51.62421, 59.6], [0.08482, 51.62403, 58.5], [0.08489, 51.62389, 57.7], [0.08492, 51.6238, 57.3], [0.08494, 51.62371, 56.8], [0.08495, 51.62356, 56.1], [0.08495, 51.62345, 55.5], [0.08497, 51.62331, 54.8], [0.08501, 51.62317, 54.0], [0.08505, 51.62306, 53.3], [0.08511, 51.62295, 52.6], [0.08523, 51.6228, 51.6], [0.08535, 51.62268, 50.8], [0.08543, 51.62262, 50.3], [0.08552, 51.62258, 49.9], [0.08562, 51.62254, 49.5], [0.0857, 51.62251, 49.2], [0.08583, 51.62248, 48.9], [0.08594, 51.62245, 48.6], [0.086, 51.62244, 48.5], [0.08632, 51.62237, 48.0], [0.08656, 51.62232, 47.6], [0.0867, 51.62229, 47.5], [0.08682, 51.62226, 47.5], [0.08695, 51.62223, 47.5], [0.0871, 51.62219, 47.4], [0.08741, 51.6221, 47.5], [0.08772, 51.62202, 47.5], [0.08787, 51.62198, 47.5], [0.08789, 51.62198, 47.5], [0.08793, 51.62197, 47.5], [0.08799, 51.62195, 47.5], [0.08818, 51.62191, 47.6], [0.08833, 51.62188, 47.7], [0.08839, 51.62185, 47.8], [0.08848, 51.62182, 48.0], [0.08865, 51.62175, 48.3], [0.08872, 51.62172, 48.4], [0.08879, 51.62168, 48.5], [0.08889, 51.62164, 48.7], [0.08894, 51.62161, 48.8], [0.08906, 51.62155, 49.0], [0.08924, 51.62146, 49.4], [0.08933, 51.62141, 49.6], [0.08938, 51.62139, 49.7], [0.08983, 51.62117, 50.9], [0.08996, 51.62111, 51.3], [0.0903, 51.62094, 52.4], [0.09048, 51.62086, 53.1], [0.09048, 51.62085, 53.1], [0.09049, 51.62085, 53.1], [0.09064, 51.62078, 53.5], [0.09072, 51.62075, 53.6], [0.09073, 51.62074, 53.6], [0.09088, 51.62067, 54.0], [0.09094, 51.62065, 54.2], [0.09098, 51.62063, 54.3], [0.09166, 51.62031, 56.3], [0.09173, 51.62028, 56.3], [0.09205, 51.62012, 56.1], [0.09232, 51.61998, 56.0], [0.0924, 51.61994, 56.0], [0.09254, 51.61987, 56.1], [0.09257, 51.61985, 56.1], [0.09273, 51.61976, 56.4], [0.0929, 51.61967, 56.7], [0.09311, 51.61954, 57.1], [0.09318, 51.6195, 57.3], [0.09319, 51.61949, 57.3], [0.09341, 51.61936, 58.0], [0.09341, 51.61935, 58.0], [0.09342, 51.61935, 58.0], [0.09359, 51.61924, 58.5], [0.09381, 51.61913, 59.3], [0.09402, 51.61905, 60.2], [0.09417, 51.61899, 60.9], [0.09428, 51.61895, 61.5], [0.09429, 51.61895, 61.5], [0.09442, 51.61892, 62.2], [0.09451, 51.61891, 62.6], [0.09461, 51.61889, 63.1], [0.09472, 51.61889, 63.5], [0.0948, 51.61889, 63.9], [0.09489, 51.6189, 64.2], [0.09501, 51.61892, 64.5], [0.09515, 51.61896, 64.8], [0.09534, 51.61901, 65.2], [0.09562, 51.61908, 65.8], [0.09569, 51.61909, 65.9], [0.09576, 51.61909, 66.2], [0.09585, 51.6191, 66.5], [0.09589, 51.61909, 66.7], [0.09591, 51.61909, 66.7], [0.09597, 51.61907, 67.1], [0.09603, 51.61905, 67.4], [0.09608, 51.61902, 67.8], [0.09611, 51.619, 68.0], [0.09613, 51.61898, 68.2], [0.09622, 51.61888, 69.1], [0.09627, 51.61884, 69.5], [0.09653, 51.61851, 72.4], [0.09661, 51.61842, 73.3], [0.09666, 51.61836, 73.8], [0.09666, 51.61835, 73.9], [0.09669, 51.61832, 74.1], [0.09676, 51.61825, 74.7], [0.09697, 51.61806, 76.4], [0.09699, 51.61804, 76.6], [0.09699, 51.61804, 76.6], [0.09705, 51.61808, 76.6], [0.09708, 51.6181, 76.6], [0.0971, 51.61812, 76.6], [0.0971, 51.61813, 76.5], [0.0971, 51.61815, 76.4], [0.09709, 51.61817, 76.3], [0.09708, 51.61819, 76.2], [0.09705, 51.6182, 76.0], [0.09701, 51.61823, 75.7], [0.09698, 51.61825, 75.5], [0.09697, 51.61827, 75.4], [0.09696, 51.61829, 75.3], [0.09696, 51.6183, 75.2], [0.09696, 51.61831, 75.2], [0.09696, 51.61833, 75.1], [0.09697, 51.61834, 75.0], [0.09698, 51.61836, 75.0], [0.097, 51.61838, 74.9], [0.09702, 51.61839, 74.9], [0.09704, 51.6184, 74.9], [0.09707, 51.61841, 74.9], [0.09709, 51.61842, 75.0], [0.09712, 51.61842, 75.1], [0.09714, 51.61843, 75.1], [0.09717, 51.61844, 75.1], [0.09718, 51.61846, 75.0], [0.09719, 51.61847, 75.0], [0.0972, 51.61848, 74.9], [0.0972, 51.6185, 74.8], [0.09721, 51.61851, 74.8], [0.09722, 51.61852, 74.7], [0.09728, 51.61855, 74.7], [0.09732, 51.61857, 74.7], [0.09734, 51.61858, 74.7], [0.09736, 51.61858, 74.8], [0.09739, 51.61858, 74.9], [0.09741, 51.61858, 74.9], [0.09744, 51.61858, 75.0], [0.09746, 51.61858, 75.1], [0.09749, 51.61857, 75.3], [0.0976, 51.61853, 75.9], [0.0976, 51.61853, 75.9], [0.09749, 51.61857, 75.3], [0.09746, 51.61858, 75.1], [0.09744, 51.61858, 75.0], [0.09741, 51.61858, 74.9], [0.09739, 51.61858, 74.9], [0.09736, 51.61858, 74.8], [0.09734, 51.61858, 74.7], [0.09732, 51.61857, 74.7], [0.09728, 51.61855, 74.7], [0.09722, 51.61852, 74.7], [0.09721, 51.61851, 74.8], [0.0972, 51.6185, 74.8], [0.0972, 51.61848, 74.9], [0.09719, 51.61847, 75.0], [0.09718, 51.61846, 75.0], [0.09717, 51.61844, 75.1], [0.09714, 51.61843, 75.1], [0.09712, 51.61842, 75.1], [0.09709, 51.61842, 75.0], [0.09707, 51.61841, 74.9], [0.09704, 51.6184, 74.9], [0.09702, 51.61839, 74.9], [0.097, 51.61838, 74.9], [0.09698, 51.61836, 75.0], [0.09697, 51.61834, 75.0], [0.09696, 51.61833, 75.1], [0.09696, 51.61831, 75.2], [0.09696, 51.6183, 75.2], [0.09696, 51.61829, 75.3], [0.09697, 51.61827, 75.4], [0.09698, 51.61825, 75.5], [0.09701, 51.61823, 75.7], [0.09705, 51.6182, 76.0], [0.09708, 51.61819, 76.2], [0.09709, 51.61817, 76.3], [0.0971, 51.61815, 76.4], [0.0971, 51.61813, 76.5], [0.0971, 51.61812, 76.6], [0.09708, 51.6181, 76.6], [0.09705, 51.61808, 76.6], [0.09699, 51.61804, 76.6], [0.09699, 51.61804, 76.6], [0.09712, 51.61793, 77.6], [0.09752, 51.61763, 80.4], [0.0977, 51.61749, 81.8], [0.09774, 51.61747, 82.0], [0.09795, 51.61731, 83.3], [0.0982, 51.61714, 84.8], [0.09824, 51.61711, 85.1], [0.09833, 51.61704, 85.6], [0.09837, 51.61701, 85.8], [0.09843, 51.61697, 86.0], [0.09858, 51.61687, 86.4], [0.09882, 51.61669, 86.9], [0.09902, 51.61655, 85.8], [0.09933, 51.61634, 83.4], [0.09974, 51.6163, 82.7], [0.09974, 51.6163, 82.7], [0.09995, 51.61636, 83.3], [0.10026, 51.61645, 84.6], [0.10091, 51.61662, 86.6], [0.10131, 51.61674, 87.7], [0.10149, 51.61679, 87.9], [0.10162, 51.61682, 88.1], [0.10174, 51.61686, 88.2], [0.10205, 51.61691, 88.2], [0.10232, 51.61697, 88.1], [0.1029, 51.61709, 87.8], [0.10327, 51.61716, 87.5], [0.10334, 51.61717, 87.4], [0.10334, 51.61717, 87.4], [0.10334, 51.61717, 87.4], [0.10394, 51.61727, 87.3], [0.10419, 51.61732, 87.2], [0.10459, 51.61739, 86.6], [0.10515, 51.61747, 86.0], [0.10554, 51.61753, 86.0], [0.10601, 51.61761, 85.8], [0.10652, 51.6177, 85.2], [0.1071, 51.61779, 84.1], [0.10747, 51.61785, 83.5], [0.10754, 51.61787, 83.4], [0.10764, 51.61789, 83.2], [0.10797, 51.61795, 82.7], [0.10821, 51.618, 82.4], [0.10852, 51.61806, 82.2], [0.10856, 51.61807, 82.2], [0.10892, 51.61815, 82.0], [0.10906, 51.61819, 81.9], [0.10922, 51.61823, 81.8], [0.10924, 51.61824, 81.8], [0.11033, 51.61857, 80.5], [0.11045, 51.61861, 80.5], [0.11055, 51.61864, 80.5], [0.11139, 51.61891, 80.8], [0.11145, 51.61893, 80.8], [0.11171, 51.61901, 81.0], [0.11196, 51.61909, 81.0], [0.11228, 51.6192, 80.9], [0.11276, 51.61935, 80.8], [0.11286, 51.61938, 80.9], [0.11335, 51.61954, 81.0], [0.11349, 51.61959, 81.1], [0.1138, 51.61969, 81.2], [0.11393, 51.61974, 81.2], [0.11419, 51.61981, 81.3], [0.11421, 51.61982, 81.3], [0.11437, 51.61987, 81.4], [0.11453, 51.61991, 81.5], [0.11454, 51.61992, 81.5], [0.11464, 51.61994, 81.6], [0.11479, 51.61997, 81.8], [0.11507, 51.62004, 81.9], [0.11509, 51.62004, 81.9], [0.11529, 51.62009, 81.8], [0.11547, 51.62014, 81.7], [0.11552, 51.62014, 81.7], [0.11556, 51.62015, 81.6], [0.11558, 51.62016, 81.6], [0.11562, 51.62018, 81.6], [0.1158, 51.62027, 81.4], [0.11592, 51.62033, 81.2], [0.11628, 51.62049, 80.9], [0.11632, 51.6205, 80.9], [0.11654, 51.62059, 80.9], [0.11679, 51.6207, 80.9], [0.11683, 51.62072, 80.8], [0.11709, 51.62081, 80.5], [0.11734, 51.6209, 80.3], [0.11769, 51.62103, 80.0], [0.11779, 51.62106, 79.9], [0.11831, 51.62121, 79.5], [0.11833, 51.62122, 79.5], [0.1186, 51.6213, 79.4], [0.11866, 51.62132, 79.4], [0.11898, 51.62142, 79.2], [0.11918, 51.62148, 79.0], [0.11918, 51.62148, 79.0], [0.11929, 51.62151, 78.7], [0.11932, 51.62152, 78.7], [0.11951, 51.62157, 78.2], [0.11964, 51.62161, 77.9], [0.11968, 51.62162, 77.8], [0.11991, 51.62171, 77.2], [0.12004, 51.62176, 76.8], [0.12015, 51.6218, 76.7], [0.12028, 51.62185, 76.5], [0.1203, 51.62186, 76.5], [0.12036, 51.62188, 76.4], [0.12047, 51.62191, 76.3], [0.12058, 51.62195, 76.2], [0.12064, 51.62196, 76.2], [0.12102, 51.62207, 75.7], [0.12118, 51.62211, 75.4], [0.12137, 51.62217, 75.1], [0.12143, 51.62219, 75.0], [0.12163, 51.62225, 74.8], [0.12177, 51.6223, 74.8], [0.12194, 51.62236, 74.8], [0.12196, 51.62236, 74.8], [0.12208, 51.6224, 74.9], [0.1227, 51.62262, 75.1], [0.12282, 51.62266, 75.1], [0.12289, 51.62269, 75.2], [0.12296, 51.62271, 75.3], [0.12391, 51.62304, 76.3], [0.12399, 51.62307, 76.4], [0.12418, 51.62314, 76.5], [0.12442, 51.62322, 77.0], [0.12447, 51.62324, 77.1], [0.12494, 51.62342, 77.8], [0.12543, 51.62361, 78.5], [0.125513, 51.62364, 78.7], [0.12581, 51.62375, 79.0], [0.12581, 51.62375, 79.0], [0.12627, 51.62393, 79.2], [0.12678, 51.62415, 79.6], [0.126845, 51.62418, 79.8], [0.12712, 51.62429, 80.8], [0.12747, 51.62444, 81.9], [0.12776, 51.62456, 82.7], [0.12808, 51.6247, 83.4], [0.128094, 51.6247, 83.5], [0.12813, 51.62472, 83.5], [0.12828, 51.62479, 83.8], [0.12841, 51.62486, 84.1], [0.128455, 51.62488, 84.3], [0.128455, 51.62489, 84.3], [0.12849, 51.6249, 84.4], [0.12855, 51.62494, 84.6], [0.12872, 51.62505, 84.9], [0.12874, 51.62506, 84.9], [0.12891, 51.62518, 84.9], [0.12914, 51.62533, 85.1], [0.12924, 51.6254, 85.1], [0.12934, 51.62547, 85.2], [0.12972, 51.62573, 85.8], [0.13002, 51.62594, 86.1], [0.13011, 51.626, 85.8], [0.13012, 51.62601, 85.8], [0.13023, 51.62608, 85.6], [0.13041, 51.62621, 85.3], [0.1307, 51.6264, 85.2], [0.130814, 51.62649, 85.2], [0.13085, 51.62651, 85.2], [0.13089, 51.62653, 85.3], [0.13108, 51.62666, 85.5], [0.13133, 51.62683, 85.7], [0.13151, 51.62695, 85.7], [0.13153, 51.62696, 85.8], [0.1317, 51.6271, 85.5], [0.13179, 51.62716, 85.4], [0.13183, 51.6272, 85.2], [0.132, 51.62735, 84.8], [0.13205, 51.6274, 84.6], [0.13212, 51.62745, 84.6], [0.13221, 51.62754, 84.3], [0.13237, 51.62768, 84.0], [0.13247, 51.62775, 84.0], [0.13257, 51.62782, 84.1], [0.13265, 51.62787, 84.3], [0.13275, 51.62796, 84.4], [0.13278, 51.62798, 84.5], [0.13282, 51.62801, 84.6], [0.13284, 51.62803, 84.6], [0.13287, 51.62805, 84.7], [0.1329, 51.62807, 84.8], [0.1329, 51.62807, 84.8], [0.13293, 51.62809, 84.9], [0.133, 51.62815, 85.1], [0.13301, 51.62816, 85.1], [0.13303, 51.62818, 85.2], [0.13307, 51.6282, 85.4], [0.1331, 51.62823, 85.5], [0.13335, 51.62842, 86.5], [0.13345, 51.62849, 86.5], [0.13362, 51.62862, 86.3], [0.13363, 51.62863, 86.3], [0.13366, 51.62865, 86.3], [0.13369, 51.62868, 86.2], [0.13374, 51.62871, 86.2], [0.13379, 51.62875, 86.1], [0.13384, 51.62878, 86.1], [0.13389, 51.62881, 86.1], [0.13391, 51.62882, 86.2], [0.13397, 51.62884, 86.3], [0.13407, 51.62888, 86.4], [0.13408, 51.62889, 86.3], [0.13415, 51.62891, 86.5], [0.13429, 51.62894, 86.8], [0.13441, 51.62897, 87.1], [0.13451, 51.62899, 87.3], [0.13462, 51.62901, 87.6], [0.13466, 51.62902, 87.7], [0.13483, 51.62906, 88.0], [0.13489, 51.62907, 88.2], [0.13516, 51.62914, 88.9], [0.13526, 51.62917, 89.2], [0.13541, 51.62921, 89.8], [0.13543, 51.62922, 89.9], [0.13568, 51.62929, 90.8], [0.13569, 51.62929, 90.9], [0.13576, 51.62931, 91.1], [0.13603, 51.62939, 92.1], [0.13608, 51.62941, 92.2], [0.13618, 51.62944, 92.5], [0.13628, 51.62949, 92.8], [0.13637, 51.62953, 93.0], [0.13644, 51.62957, 93.1], [0.13651, 51.62962, 93.2], [0.13653, 51.62963, 93.2], [0.1366, 51.62969, 93.2], [0.13675, 51.62985, 92.7], [0.13676, 51.62986, 92.7], [0.13679, 51.62992, 92.4], [0.13683, 51.62998, 92.1], [0.13685, 51.63003, 92.0], [0.13687, 51.63007, 92.0], [0.13694, 51.63022, 92.0], [0.13695, 51.63023, 92.0], [0.13699, 51.63034, 92.0], [0.13708, 51.63057, 92.0], [0.13713, 51.6307, 92.0], [0.13714, 51.63073, 92.0], [0.13724, 51.63097, 92.3], [0.13733, 51.63112, 92.7], [0.1374, 51.63124, 93.0], [0.13741, 51.63125, 93.0], [0.13742, 51.63126, 93.0], [0.13746, 51.63132, 93.2], [0.1376, 51.63149, 93.6], [0.13769, 51.63158, 93.8], [0.13778, 51.63168, 94.0], [0.13795, 51.63185, 94.5], [0.13807, 51.63196, 94.8], [0.13817, 51.63205, 95.2], [0.13841, 51.63228, 96.2], [0.13848, 51.63235, 96.5], [0.1385, 51.63237, 96.5], [0.13855, 51.63244, 96.8], [0.13865, 51.63255, 97.2], [0.13876, 51.63273, 97.7], [0.13883, 51.63284, 98.0], [0.13886, 51.63293, 98.2], [0.13889, 51.63304, 98.5], [0.1389, 51.63312, 98.7], [0.13891, 51.63317, 98.9], [0.13893, 51.63357, 99.1], [0.13893, 51.63358, 99.1], [0.13894, 51.63365, 99.0], [0.13895, 51.63368, 99.0], [0.13898, 51.63381, 98.8], [0.13899, 51.63385, 98.7], [0.13901, 51.63388, 98.7], [0.13902, 51.63389, 98.6], [0.13904, 51.63393, 98.5], [0.1392, 51.63399, 98.1], [0.13934, 51.63402, 97.8], [0.13942, 51.63403, 97.6], [0.13958, 51.63404, 97.2], [0.13993, 51.63406, 96.3], [0.14014, 51.63406, 96.0], [0.14083, 51.63403, 95.2], [0.14114, 51.63401, 94.8], [0.14134, 51.63398, 94.5], [0.14151, 51.63395, 94.2], [0.14164, 51.63391, 94.0], [0.14174, 51.63387, 93.9], [0.14189, 51.63383, 93.7], [0.14198, 51.63381, 93.6], [0.14208, 51.63379, 93.5], [0.14222, 51.63377, 93.3], [0.14222, 51.63376, 93.3], [0.14223, 51.63376, 93.3], [0.14235, 51.63375, 93.2], [0.14248, 51.63374, 93.0], [0.14261, 51.63373, 92.9], [0.14277, 51.63372, 92.7], [0.14299, 51.63372, 92.4], [0.14309, 51.63371, 92.3], [0.14331, 51.63371, 92.0], [0.14374, 51.63369, 91.7], [0.14392, 51.63368, 91.6], [0.14398, 51.63367, 91.5], [0.14435, 51.63364, 91.1], [0.1445, 51.63363, 91.0], [0.14497, 51.63358, 90.3], [0.14535, 51.63356, 90.2], [0.1456, 51.63354, 90.1], [0.14606, 51.63353, 90.1], [0.14631, 51.63352, 90.3], [0.1466, 51.63349, 90.6], [0.14664, 51.63349, 90.6], [0.14664, 51.63349, 90.6], [0.14673, 51.63347, 90.5], [0.14677, 51.63347, 90.5], [0.14689, 51.63344, 90.3], [0.14699, 51.6334, 90.1], [0.14699, 51.6334, 90.1], [0.1471, 51.63352, 89.7], [0.14713, 51.63356, 89.6], [0.14716, 51.63359, 89.6], [0.14725, 51.63374, 89.3], [0.14727, 51.63378, 89.3], [0.14737, 51.634, 89.1], [0.14747, 51.63425, 88.7], [0.14754, 51.6344, 88.1], [0.14773, 51.63487, 86.7], [0.14787, 51.63523, 85.9], [0.1479, 51.63528, 85.8], [0.14791, 51.63533, 85.7], [0.14794, 51.6354, 85.6], [0.14796, 51.63559, 85.1], [0.14797, 51.63577, 84.7], [0.14798, 51.63615, 83.4], [0.14801, 51.6363, 82.9], [0.14803, 51.63636, 82.7], [0.14808, 51.63644, 82.5], [0.1481, 51.63648, 82.4], [0.14816, 51.63654, 82.2], [0.14823, 51.6366, 82.1], [0.14827, 51.63662, 82.1], [0.14834, 51.63665, 82.1], [0.14849, 51.63672, 81.8], [0.1485, 51.63673, 81.8], [0.1486, 51.63676, 81.7], [0.14864, 51.63677, 81.7], [0.14876, 51.63681, 81.6], [0.14888, 51.63685, 81.5], [0.14931, 51.63699, 81.4], [0.14954, 51.63705, 81.5], [0.14967, 51.63709, 81.6], [0.14968, 51.63709, 81.6], [0.1498, 51.63712, 81.7], [0.15008, 51.63719, 81.7], [0.15035, 51.63723, 81.6], [0.15054, 51.63725, 81.6], [0.15064, 51.63725, 81.6], [0.15073, 51.63725, 81.6], [0.15092, 51.63724, 81.6], [0.15093, 51.63724, 81.6], [0.15132, 51.6372, 81.7], [0.15165, 51.63715, 81.8], [0.15166, 51.63715, 81.8], [0.15178, 51.63714, 81.9], [0.15194, 51.63713, 81.9], [0.15197, 51.63713, 81.9], [0.15207, 51.63712, 81.9], [0.15245, 51.63712, 81.9], [0.15265, 51.63711, 82.0], [0.15323, 51.63711, 82.3], [0.15334, 51.63711, 82.4], [0.15352, 51.6371, 82.3], [0.15368, 51.63709, 82.3], [0.15391, 51.63709, 82.1], [0.1543, 51.63708, 81.8], [0.15449, 51.6371, 81.3], [0.15467, 51.63714, 80.8], [0.1547, 51.63715, 80.7], [0.15505, 51.63723, 79.6], [0.15529, 51.6373, 79.2], [0.15545, 51.63733, 79.0], [0.15548, 51.63733, 79.0], [0.15562, 51.63735, 78.9], [0.15598, 51.63737, 78.9], [0.15636, 51.63741, 79.0], [0.15654, 51.63744, 79.1], [0.15681, 51.6375, 79.0], [0.15697, 51.63754, 78.8], [0.15697, 51.63754, 78.8], [0.1572, 51.63759, 78.6], [0.1573, 51.63762, 78.5], [0.15733, 51.63763, 78.5], [0.15741, 51.63767, 78.4], [0.15745, 51.6377, 78.3], [0.15757, 51.63777, 78.1], [0.15778, 51.63791, 78.0], [0.15798, 51.63803, 78.0], [0.15813, 51.6381, 78.1], [0.15824, 51.63815, 78.2], [0.15826, 51.63816, 78.3], [0.15838, 51.6382, 78.3], [0.15851, 51.63825, 78.2], [0.15899, 51.63843, 77.7], [0.15913, 51.6385, 77.6], [0.15997, 51.6389, 78.3], [0.16035, 51.63907, 78.1], [0.16038, 51.63909, 78.1], [0.16052, 51.63917, 78.0], [0.16067, 51.63926, 77.8], [0.16104, 51.63956, 77.3], [0.16105, 51.63957, 77.3], [0.16122, 51.63972, 77.3], [0.1613, 51.63979, 77.3], [0.16161, 51.64006, 77.8], [0.16191, 51.6403, 77.5], [0.16199, 51.64036, 77.4], [0.16218, 51.64052, 77.0], [0.16232, 51.64062, 76.7], [0.16235, 51.64064, 76.6], [0.16244, 51.64071, 76.4], [0.16257, 51.64079, 76.0], [0.16298, 51.64102, 74.6], [0.16319, 51.64115, 73.7], [0.1632, 51.64115, 73.7], [0.1632, 51.64116, 73.7], [0.16335, 51.64127, 72.9], [0.16338, 51.64129, 72.9], [0.16354, 51.64141, 72.7], [0.16356, 51.64143, 72.6], [0.16363, 51.64147, 72.6], [0.16375, 51.64154, 72.5], [0.16377, 51.64155, 72.5], [0.16379, 51.64156, 72.5], [0.16384, 51.64158, 72.6], [0.16402, 51.64164, 72.7], [0.16428, 51.64172, 73.2], [0.16429, 51.64173, 73.2], [0.16436, 51.64175, 73.3], [0.16468, 51.64185, 73.9], [0.1648, 51.64188, 74.2], [0.16512, 51.64198, 74.7], [0.16512, 51.64198, 74.7], [0.1651, 51.64201, 74.7], [0.16504, 51.64213, 74.5], [0.16496, 51.64235, 74.0], [0.16495, 51.64245, 73.9], [0.16495, 51.64247, 73.9], [0.16494, 51.64255, 73.7], [0.16495, 51.64274, 73.2], [0.16497, 51.64293, 72.9], [0.16499, 51.64302, 72.7], [0.16499, 51.64302, 72.7], [0.165, 51.64307, 72.6], [0.16504, 51.64319, 72.4], [0.16505, 51.64325, 72.3], [0.16516, 51.64363, 71.5], [0.16523, 51.6439, 70.9], [0.1653, 51.6442, 70.3], [0.16531, 51.64431, 70.1], [0.16533, 51.64447, 69.9], [0.16538, 51.64489, 69.2], [0.1654, 51.64508, 68.7], [0.16543, 51.64526, 67.9], [0.16554, 51.64556, 66.7], [0.16562, 51.6457, 66.3], [0.16569, 51.64582, 65.9], [0.16578, 51.64594, 65.7], [0.16588, 51.64605, 65.5], [0.16589, 51.64606, 65.5], [0.16594, 51.64612, 65.4], [0.16605, 51.64622, 65.3], [0.16622, 51.64636, 65.2], [0.16653, 51.64657, 65.1], [0.16687, 51.64678, 64.1], [0.16726, 51.64703, 62.4], [0.1675, 51.64717, 61.6], [0.16769, 51.64731, 61.0], [0.1679, 51.6475, 60.5], [0.16811, 51.64773, 59.7], [0.16838, 51.64808, 58.1], [0.16839, 51.6481, 58.0], [0.16841, 51.64812, 57.8], [0.16842, 51.64812, 57.8], [0.16857, 51.64839, 56.1], [0.16858, 51.64842, 55.9], [0.16859, 51.64843, 55.9], [0.16867, 51.6486, 54.9], [0.16877, 51.6488, 53.7], [0.16877, 51.64881, 53.7], [0.16884, 51.64893, 53.1], [0.16888, 51.64902, 52.6], [0.16906, 51.64926, 51.6], [0.16907, 51.64926, 51.6], [0.16918, 51.64939, 50.9], [0.16923, 51.64944, 50.7], [0.16955, 51.64985, 49.1], [0.16955, 51.64985, 49.1], [0.16985, 51.65023, 47.5], [0.17, 51.65047, 46.2], [0.17015, 51.65074, 44.7], [0.17016, 51.65076, 44.6], [0.17018, 51.6508, 44.4], [0.17035, 51.65118, 43.8], [0.17042, 51.65134, 43.6], [0.17053, 51.65167, 43.0], [0.17058, 51.65178, 42.5], [0.17062, 51.65188, 42.0], [0.1707, 51.65208, 41.0], [0.17115, 51.65318, 36.1], [0.17117, 51.65324, 35.9], [0.17122, 51.65335, 35.4], [0.17129, 51.65353, 35.3], [0.17139, 51.65377, 35.3], [0.17145, 51.65392, 35.4], [0.1715, 51.65405, 35.5], [0.1716, 51.65428, 35.2], [0.17167, 51.65446, 34.6], [0.17171, 51.65456, 34.1], [0.17178, 51.65469, 33.4], [0.17178, 51.65469, 33.4], [0.17174, 51.65471, 33.4], [0.1717, 51.65472, 33.3], [0.17167, 51.65474, 33.2], [0.17165, 51.65476, 33.1], [0.17162, 51.65478, 33.0], [0.1716, 51.6548, 32.8], [0.17158, 51.65483, 32.7], [0.17157, 51.65485, 32.6], [0.17156, 51.65488, 32.4], [0.17156, 51.6549, 32.3], [0.17156, 51.65493, 32.2], [0.17156, 51.65495, 32.1], [0.17157, 51.65498, 32.0], [0.17159, 51.65502, 31.8], [0.17162, 51.65504, 31.8], [0.17165, 51.65506, 31.7], [0.17167, 51.65508, 31.6], [0.17171, 51.6551, 31.5], [0.17174, 51.65512, 31.4], [0.17178, 51.65513, 31.4], [0.17181, 51.65514, 31.3], [0.17185, 51.65515, 31.3], [0.1719, 51.65515, 31.3], [0.17194, 51.65515, 31.3], [0.17198, 51.65515, 31.3], [0.17202, 51.65515, 31.3], [0.17206, 51.65514, 31.3], [0.17211, 51.65513, 31.4], [0.17234, 51.65541, 30.9], [0.17277, 51.65595, 29.9], [0.1729, 51.65609, 29.7], [0.17307, 51.65626, 29.4], [0.17309, 51.65628, 29.5], [0.17323, 51.65639, 29.9], [0.17339, 51.65652, 30.5], [0.17361, 51.65669, 31.1], [0.17379, 51.6568, 31.3], [0.17389, 51.65687, 31.5], [0.17389, 51.65687, 31.5], [0.17397, 51.65692, 31.6], [0.17426, 51.65708, 32.0], [0.1743, 51.6571, 32.1], [0.17443, 51.65716, 32.4], [0.17463, 51.65723, 32.7], [0.17508, 51.65738, 33.6], [0.17515, 51.6574, 33.6], [0.1752, 51.65742, 33.7], [0.17536, 51.65747, 33.9], [0.17557, 51.65754, 34.1], [0.1758, 51.65762, 34.3], [0.17596, 51.65768, 34.6], [0.17672, 51.65794, 36.2], [0.17774, 51.65828, 40.6], [0.17778, 51.65829, 40.8], [0.17825, 51.65845, 43.1], [0.17899, 51.6587, 44.3], [0.17905, 51.65873, 44.4], [0.1793, 51.65882, 44.8], [0.17969, 51.65897, 45.8], [0.18048, 51.65929, 47.8], [0.18091, 51.65947, 48.9], [0.18099, 51.65952, 49.2], [0.18124, 51.65965, 50.1], [0.18144, 51.65978, 50.9], [0.18162, 51.6599, 51.6], [0.18208, 51.66023, 52.8], [0.18216, 51.66028, 52.9], [0.18234, 51.6604, 53.3], [0.18279, 51.66065, 54.1], [0.18306, 51.66079, 54.6], [0.18325, 51.66088, 54.9], [0.18332, 51.66091, 55.0], [0.18334, 51.66092, 55.0], [0.18349, 51.66098, 54.8], [0.18367, 51.66106, 54.7], [0.18379, 51.66111, 54.6], [0.18442, 51.66135, 54.2], [0.18465, 51.66144, 54.0], [0.18482, 51.66151, 53.9], [0.1849, 51.66154, 53.8], [0.18491, 51.66154, 53.8], [0.18516, 51.66162, 53.7], [0.18541, 51.66171, 53.6], [0.18565, 51.66179, 53.5], [0.18592, 51.66188, 53.3], [0.18593, 51.66189, 53.3], [0.18596, 51.6619, 53.3], [0.18618, 51.66197, 52.9], [0.18619, 51.66197, 52.9], [0.18626, 51.66199, 52.8], [0.18646, 51.66204, 52.4], [0.18671, 51.66211, 52.0], [0.18712, 51.6622, 51.5], [0.18753, 51.66229, 51.2], [0.18779, 51.66236, 51.1], [0.18782, 51.66237, 51.1], [0.18794, 51.6624, 51.0], [0.18809, 51.66244, 51.0], [0.18821, 51.66248, 51.1], [0.18855, 51.66259, 50.4], [0.18884, 51.6627, 49.6], [0.18926, 51.66289, 48.6], [0.18963, 51.66308, 47.7], [0.18963, 51.66308, 47.7], [0.18972, 51.66312, 47.5], [0.19029, 51.6634, 46.6], [0.19044, 51.66348, 46.6], [0.19096, 51.66371, 46.4], [0.19147, 51.66392, 46.1], [0.19161, 51.66398, 46.0], [0.1928, 51.66451, 45.5], [0.19341, 51.6648, 45.6], [0.19369, 51.66493, 45.7], [0.19393, 51.66502, 45.6], [0.19413, 51.6651, 45.2], [0.19447, 51.66519, 44.6], [0.19457, 51.66522, 44.4], [0.19473, 51.66527, 44.2], [0.1949, 51.66532, 44.0], [0.19522, 51.6654, 43.4], [0.19527, 51.66541, 43.3], [0.19553, 51.66548, 42.9], [0.19568, 51.66553, 42.6], [0.19606, 51.66563, 42.0], [0.1963, 51.6657, 41.6], [0.19633, 51.6657, 41.5], [0.1966, 51.66576, 41.0], [0.19688, 51.66582, 41.2], [0.19716, 51.66587, 41.7], [0.19738, 51.66591, 42.1], [0.19775, 51.66599, 42.9], [0.19803, 51.66606, 43.6], [0.19851, 51.66619, 44.8], [0.19877, 51.66626, 45.3], [0.19882, 51.66627, 45.4], [0.19901, 51.66633, 45.7], [0.1993, 51.66641, 46.1], [0.19955, 51.66651, 46.5], [0.19962, 51.66654, 46.6], [0.20001, 51.66668, 47.0], [0.2001, 51.66673, 47.2], [0.20033, 51.66684, 47.4], [0.20055, 51.66694, 47.7], [0.20079, 51.66706, 47.9], [0.20103, 51.66717, 48.0], [0.20124, 51.66728, 48.0], [0.2014, 51.66737, 48.0], [0.20175, 51.66757, 47.7], [0.20189, 51.66766, 47.3], [0.20207, 51.66779, 46.7], [0.20287, 51.66836, 43.0], [0.20396, 51.669, 37.9], [0.20427, 51.66919, 36.7], [0.20443, 51.66929, 36.3], [0.20443, 51.66929, 36.3], [0.20477, 51.6695, 35.4], [0.20484, 51.66955, 35.3], [0.20546, 51.66995, 35.0], [0.2058, 51.67017, 35.2], [0.20607, 51.67036, 35.1], [0.20653, 51.67069, 35.0], [0.20678, 51.6709, 35.1], [0.20688, 51.67098, 35.2], [0.20704, 51.67112, 35.3], [0.20773, 51.67177, 35.9], [0.20809, 51.67213, 36.2], [0.20842, 51.67247, 36.9], [0.20844, 51.67249, 37.0], [0.20859, 51.67263, 37.2], [0.20875, 51.67278, 37.3], [0.20906, 51.67307, 37.7], [0.20908, 51.67309, 37.7], [0.20935, 51.67334, 38.0], [0.21003, 51.67391, 41.4], [0.21014, 51.67399, 41.8], [0.21111, 51.67477, 44.2], [0.21127, 51.67489, 44.4], [0.21127, 51.6749, 44.5], [0.21128, 51.6749, 44.4], [0.21152, 51.67509, 44.7], [0.21199, 51.67546, 45.1], [0.21204, 51.67551, 45.2], [0.21215, 51.67559, 45.4], [0.21217, 51.67561, 45.4], [0.21251, 51.67588, 46.1], [0.21258, 51.67593, 46.0], [0.21258, 51.67593, 46.0], [0.2126, 51.67595, 46.0], [0.21277, 51.67608, 45.8], [0.21303, 51.6763, 45.5], [0.21306, 51.67631, 45.4], [0.21373, 51.67679, 44.3], [0.2138, 51.67684, 44.3], [0.21436, 51.67716, 44.6], [0.21445, 51.6772, 44.7], [0.21454, 51.67724, 44.8], [0.2147, 51.67732, 45.1], [0.2151, 51.67749, 45.9], [0.21537, 51.67758, 46.4], [0.21575, 51.67771, 47.0], [0.21652, 51.67791, 48.0], [0.21739, 51.67806, 48.7], [0.21754, 51.67807, 48.7], [0.2184, 51.67816, 48.4], [0.21841, 51.67816, 48.4], [0.21869, 51.67818, 48.4], [0.21928, 51.67822, 48.6], [0.21967, 51.67825, 48.7], [0.21978, 51.67826, 48.7], [0.21985, 51.67827, 48.8], [0.22017, 51.67829, 48.8], [0.22055, 51.67831, 48.9], [0.22091, 51.67834, 48.9], [0.221, 51.67834, 48.8], [0.22216, 51.67842, 48.2], [0.22316, 51.67854, 48.7], [0.22327, 51.67856, 48.8], [0.22346, 51.67859, 48.8], [0.22347, 51.67859, 48.8], [0.22355, 51.67861, 48.7], [0.22373, 51.67864, 48.6], [0.22382, 51.67867, 48.6], [0.22408, 51.67874, 48.6], [0.22436, 51.67882, 48.4], [0.22484, 51.67902, 48.0], [0.22524, 51.67926, 48.2], [0.22546, 51.67939, 48.5], [0.22558, 51.67947, 48.7], [0.2259, 51.67969, 49.2], [0.22608, 51.6798, 49.2], [0.22656, 51.68011, 49.3], [0.22658, 51.68013, 49.3], [0.2266, 51.68014, 49.2], [0.22664, 51.68017, 49.2], [0.22679, 51.68026, 49.0], [0.22695, 51.68037, 48.8], [0.22703, 51.68043, 48.6], [0.22719, 51.68056, 48.4], [0.22734, 51.6807, 48.2], [0.22754, 51.68086, 47.8], [0.22758, 51.6809, 47.5], [0.2278, 51.68106, 46.2], [0.22781, 51.68106, 46.2], [0.2281, 51.68125, 44.7], [0.22832, 51.68139, 43.7], [0.22858, 51.68156, 42.9], [0.22876, 51.6817, 42.5], [0.22897, 51.68185, 42.2], [0.22905, 51.68192, 42.1], [0.22927, 51.68209, 41.8], [0.22969, 51.68241, 41.3], [0.22979, 51.68248, 41.2], [0.22987, 51.68253, 41.1], [0.23018, 51.68273, 40.5], [0.23042, 51.68289, 40.0], [0.23055, 51.68299, 39.9], [0.23072, 51.68313, 39.7], [0.23092, 51.68334, 39.5], [0.23097, 51.68341, 39.5], [0.231, 51.68347, 39.4], [0.23112, 51.68367, 39.3], [0.23117, 51.68375, 39.4], [0.23118, 51.68378, 39.5], [0.23131, 51.68404, 40.0], [0.23144, 51.68445, 40.4], [0.23145, 51.68446, 40.4], [0.23153, 51.6847, 40.3], [0.23162, 51.6849, 40.1], [0.23176, 51.68516, 40.7], [0.23192, 51.68538, 41.5], [0.23211, 51.68559, 42.3], [0.23232, 51.6858, 43.1], [0.23285, 51.68624, 44.8], [0.23298, 51.68634, 45.2], [0.23335, 51.68662, 46.6], [0.23355, 51.68676, 47.1], [0.23364, 51.68684, 47.3], [0.23379, 51.68696, 47.5], [0.23389, 51.68706, 47.7], [0.23392, 51.68708, 47.8], [0.23401, 51.6872, 48.1], [0.23406, 51.68728, 48.3], [0.23412, 51.68744, 48.8], [0.23415, 51.68757, 49.4], [0.23419, 51.68787, 50.7], [0.2342, 51.68807, 51.6], [0.23421, 51.6881, 51.7], [0.23422, 51.68826, 52.5], [0.23422, 51.68829, 52.6], [0.23422, 51.68829, 52.6], [0.23423, 51.68839, 52.9], [0.23425, 51.68846, 52.9], [0.23426, 51.6885, 52.9], [0.23428, 51.68859, 53.0], [0.23432, 51.68867, 53.0], [0.23436, 51.68874, 53.0], [0.23444, 51.68884, 53.0], [0.23452, 51.68891, 53.0], [0.23456, 51.68895, 53.0], [0.2346, 51.68898, 53.0], [0.23467, 51.68903, 53.0], [0.23521, 51.68939, 54.1], [0.23576, 51.68975, 55.8], [0.23595, 51.68986, 56.3], [0.23657, 51.69024, 57.3], [0.23671, 51.69032, 57.4], [0.23704, 51.69048, 57.6], [0.2373, 51.69061, 57.7], [0.23764, 51.69078, 57.8], [0.23776, 51.69084, 57.7], [0.238, 51.69094, 57.3], [0.23823, 51.69105, 56.9], [0.23846, 51.69116, 56.3], [0.2388, 51.69132, 55.3], [0.23916, 51.69148, 54.2], [0.23939, 51.69159, 53.6], [0.2396, 51.69168, 53.0], [0.23992, 51.69181, 52.2], [0.24013, 51.69187, 51.8], [0.24036, 51.69193, 51.5], [0.24051, 51.69196, 51.4], [0.2407, 51.692, 51.3], [0.24079, 51.69202, 51.3], [0.24101, 51.69206, 51.4], [0.24106, 51.69207, 51.4], [0.24123, 51.69212, 51.7], [0.24133, 51.69214, 51.9], [0.2414, 51.69216, 52.0], [0.2415, 51.6922, 52.4], [0.24158, 51.69224, 52.7], [0.24168, 51.6923, 53.3], [0.24181, 51.69238, 54.0], [0.24194, 51.69248, 54.8], [0.24206, 51.6926, 55.4], [0.24245, 51.69324, 57.7], [0.2425, 51.69335, 58.1], [0.24259, 51.69352, 58.8], [0.2427, 51.69368, 59.6], [0.24271, 51.69371, 59.7], [0.24292, 51.69401, 61.3], [0.24304, 51.69419, 62.4], [0.24305, 51.6942, 62.4], [0.24312, 51.69431, 63.0], [0.24327, 51.69452, 64.1], [0.24341, 51.69472, 64.8], [0.24352, 51.69488, 65.1], [0.24354, 51.69492, 65.2], [0.2436, 51.69501, 65.4], [0.24365, 51.69509, 65.2], [0.24366, 51.69515, 65.2], [0.24367, 51.69523, 65.1], [0.24365, 51.69533, 65.1], [0.24364, 51.6954, 65.1], [0.24364, 51.6954, 65.1], [0.24364, 51.69542, 65.1], [0.24363, 51.69544, 65.1], [0.24362, 51.69552, 65.1], [0.24361, 51.69554, 65.1], [0.2436, 51.69562, 65.1], [0.24358, 51.69575, 65.0], [0.24356, 51.69591, 64.7], [0.24354, 51.6961, 64.0], [0.24353, 51.69623, 63.6], [0.24354, 51.69634, 63.2], [0.24355, 51.69646, 62.7], [0.24365, 51.69683, 61.5], [0.2437, 51.69702, 61.0], [0.2437, 51.69702, 61.0], [0.24369, 51.69702, 61.0], [0.24368, 51.69702, 61.0], [0.24367, 51.69702, 61.0], [0.24366, 51.69702, 61.0], [0.24365, 51.69702, 61.0], [0.24364, 51.69703, 61.0], [0.24363, 51.69703, 61.0], [0.24362, 51.69703, 61.0], [0.24362, 51.69704, 60.9], [0.24361, 51.69704, 61.0], [0.24361, 51.69705, 60.9], [0.2436, 51.69705, 60.9], [0.2436, 51.69706, 60.9], [0.24359, 51.69706, 60.9], [0.24359, 51.69707, 60.9], [0.24358, 51.69708, 60.9], [0.24358, 51.69709, 60.8], [0.24358, 51.6971, 60.8], [0.24358, 51.69711, 60.8], [0.24359, 51.69712, 60.7], [0.24359, 51.69713, 60.7], [0.2436, 51.69713, 60.7], [0.2436, 51.69714, 60.7], [0.24361, 51.69714, 60.7], [0.24361, 51.69715, 60.6], [0.24362, 51.69715, 60.6], [0.24363, 51.69715, 60.6], [0.24363, 51.69716, 60.6], [0.24364, 51.69716, 60.6], [0.24365, 51.69717, 60.6], [0.24366, 51.69717, 60.6], [0.24367, 51.69717, 60.5], [0.24368, 51.69717, 60.5], [0.24369, 51.69717, 60.5], [0.24371, 51.69717, 60.5], [0.24372, 51.69717, 60.5], [0.24371, 51.69723, 60.3], [0.2437, 51.69731, 60.1], [0.2437, 51.69744, 59.7], [0.2437, 51.69753, 59.4], [0.2437, 51.69758, 59.2], [0.24371, 51.69769, 58.7], [0.24373, 51.69786, 58.0], [0.24374, 51.698, 57.4], [0.24389, 51.69851, 54.9], [0.24393, 51.6988, 53.2], [0.24392, 51.69888, 52.7], [0.24392, 51.69894, 52.4], [0.2439, 51.69899, 52.1], [0.24389, 51.69904, 51.8], [0.24385, 51.69911, 51.3], [0.24376, 51.69925, 50.4], [0.24365, 51.69943, 49.1], [0.24362, 51.69946, 48.9], [0.24343, 51.69974, 46.9], [0.24339, 51.69981, 46.4], [0.24326, 51.70003, 45.1], [0.2431, 51.7002, 45.3], [0.24303, 51.70028, 45.3], [0.24286, 51.70048, 45.2], [0.24282, 51.70052, 45.2], [0.24282, 51.70053, 45.2], [0.24282, 51.70053, 45.2], [0.2428, 51.70057, 45.2], [0.24278, 51.70064, 45.0], [0.24278, 51.70068, 45.0], [0.24279, 51.70074, 44.8], [0.24279, 51.70077, 44.8], [0.24286, 51.70085, 44.6], [0.24297, 51.70099, 44.4], [0.24305, 51.70107, 44.4], [0.2432, 51.70122, 44.4], [0.2432, 51.70122, 44.4], [0.24321, 51.70123, 44.5], [0.24346, 51.70151, 44.6], [0.24355, 51.7016, 44.6], [0.24388, 51.70196, 44.8], [0.24408, 51.70218, 45.7], [0.24409, 51.70219, 45.8], [0.24492, 51.70296, 50.4], [0.24504, 51.70307, 51.1], [0.2452, 51.7032, 51.7], [0.24524, 51.70324, 51.9], [0.24526, 51.70326, 52.0], [0.24532, 51.70333, 52.4], [0.24533, 51.70336, 52.4], [0.24536, 51.70342, 52.5], [0.24539, 51.70346, 52.6], [0.24546, 51.70359, 52.9], [0.24549, 51.70374, 53.2], [0.24553, 51.70387, 53.5], [0.24553, 51.70391, 53.5], [0.24557, 51.70413, 54.0], [0.24557, 51.70417, 54.1], [0.24559, 51.70429, 54.2], [0.24559, 51.70429, 54.2], [0.2456, 51.70437, 54.3], [0.24559, 51.70445, 54.4], [0.2456, 51.70446, 54.4], [0.2456, 51.70466, 54.6], [0.24559, 51.70474, 54.6], [0.24558, 51.7048, 54.6], [0.24558, 51.70484, 54.7], [0.24554, 51.70506, 54.7], [0.24547, 51.70534, 54.9], [0.24546, 51.70554, 55.2], [0.24543, 51.70562, 55.2], [0.24541, 51.70567, 55.2], [0.24538, 51.70575, 55.1], [0.24519, 51.70623, 54.8], [0.24516, 51.70638, 54.9], [0.24515, 51.70642, 54.9], [0.2451, 51.70674, 55.2], [0.24509, 51.70682, 55.2], [0.24492, 51.7076, 55.0], [0.24492, 51.70761, 55.1], [0.24488, 51.70783, 55.4], [0.24485, 51.70803, 55.8], [0.24482, 51.70815, 56.0], [0.2448, 51.70829, 56.2], [0.2448, 51.70829, 56.2], [0.24476, 51.70851, 56.4], [0.24473, 51.70867, 56.6], [0.24461, 51.7093, 57.4], [0.2446, 51.70936, 57.5], [0.2446, 51.70948, 57.8], [0.24461, 51.70961, 58.1], [0.24465, 51.70975, 58.6], [0.24467, 51.7098, 58.7], [0.24471, 51.70986, 59.0], [0.24478, 51.70996, 59.4], [0.24485, 51.71009, 60.0], [0.2452, 51.71064, 62.4], [0.24521, 51.71066, 62.4], [0.24529, 51.71083, 63.0], [0.24534, 51.71095, 63.1], [0.24537, 51.71107, 63.3], [0.24539, 51.71113, 63.4], [0.24541, 51.71119, 63.4], [0.24541, 51.71127, 63.5], [0.2454, 51.71133, 63.6], [0.24539, 51.71142, 63.7], [0.24537, 51.71155, 63.9], [0.24537, 51.71156, 63.9], [0.24536, 51.71162, 63.9], [0.24527, 51.71185, 64.2], [0.24523, 51.71195, 64.3], [0.2452, 51.71204, 64.4], [0.2452, 51.71204, 64.4], [0.245156, 51.712225, 64.7], [0.245156, 51.712225, 64.7], [0.245198, 51.712396, 64.9], [0.245198, 51.712396, 64.9], [0.245343, 51.712597, 65.0], [0.245343, 51.712597, 65.0], [0.24551, 51.712662, 64.9], [0.24551, 51.712662, 64.9], [0.245756, 51.712717, 64.8], [0.24576, 51.71272, 64.8], [0.24588, 51.71271, 64.7], [0.2462, 51.7127, 64.3], [0.24649, 51.7127, 64.0], [0.24677, 51.71269, 63.6], [0.24866, 51.71267, 61.3], [0.24972, 51.71269, 59.7], [0.25023, 51.7127, 58.7], [0.25113, 51.71273, 56.5], [0.25219, 51.71277, 54.2], [0.25322, 51.71281, 51.7], [0.25411, 51.71285, 49.6], [0.25489, 51.7129, 47.7], [0.25541, 51.71293, 46.5], [0.25552, 51.71294, 46.3], [0.25607, 51.71297, 44.9], [0.25667, 51.71301, 43.2], [0.25696, 51.71302, 43.1], [0.257089, 51.71303, 43.1], [0.25744, 51.71303, 43.0], [0.257749, 51.71303, 43.0], [0.257969, 51.71302, 43.1], [0.258249, 51.71301, 43.1], [0.25854, 51.71299, 43.5], [0.25874, 51.71297, 43.8], [0.25876, 51.71297, 43.8], [0.25906, 51.71293, 44.3], [0.25938, 51.71288, 45.0], [0.25977, 51.71282, 46.0], [0.259809, 51.71281, 46.1], [0.26006, 51.71275, 46.9], [0.26035, 51.71268, 48.0], [0.26078, 51.71258, 49.5], [0.26116, 51.71248, 50.8], [0.261689, 51.71236, 52.0], [0.26269, 51.71211, 53.5], [0.26274, 51.7121, 53.6], [0.263, 51.71205, 54.2], [0.26316, 51.71202, 54.6], [0.26317, 51.71202, 54.6], [0.26333, 51.71198, 55.0], [0.26365, 51.71192, 55.3], [0.26402, 51.71186, 55.6], [0.26425, 51.71182, 55.9], [0.26445, 51.71179, 56.2], [0.26461, 51.71177, 56.4], [0.26496, 51.71172, 56.9], [0.26528, 51.71169, 57.0], [0.26538, 51.71168, 57.0], [0.26548, 51.71167, 57.0], [0.26604, 51.71162, 56.9], [0.26605, 51.71162, 56.9], [0.26635, 51.7116, 56.9], [0.26669, 51.71157, 56.7], [0.26721, 51.71153, 56.0], [0.26778, 51.71149, 54.9], [0.26794, 51.71148, 54.5], [0.26821, 51.71146, 53.8], [0.269, 51.71139, 53.1], [0.26941, 51.71136, 53.0], [0.2704, 51.71128, 52.9], [0.27053, 51.71127, 52.9], [0.27081, 51.71125, 53.0], [0.27129, 51.71121, 52.9], [0.27168, 51.71118, 52.8], [0.27185, 51.71117, 52.9], [0.27197, 51.71116, 53.0], [0.27249, 51.71111, 53.3], [0.27283, 51.71108, 53.9], [0.27287, 51.71107, 54.0], [0.27328, 51.71102, 54.9], [0.27368, 51.71097, 55.7], [0.27401, 51.71092, 56.4], [0.27439, 51.71085, 57.5], [0.27476, 51.71078, 58.5], [0.2748, 51.71077, 58.6], [0.27508, 51.71071, 59.2], [0.27547, 51.71063, 59.4], [0.27584, 51.71054, 59.7], [0.27602, 51.71049, 59.9], [0.27624, 51.71043, 60.2], [0.27678, 51.71029, 61.0], [0.2775, 51.7101, 61.8], [0.27762, 51.71007, 62.0], [0.27771, 51.71004, 62.2], [0.27785, 51.71001, 62.4], [0.27801, 51.70998, 62.7], [0.27829, 51.70993, 63.1], [0.27858, 51.70989, 63.3], [0.2789, 51.70987, 63.3], [0.27949, 51.70985, 63.4], [0.27986, 51.70985, 63.5], [0.28031, 51.70984, 64.2], [0.28032, 51.70984, 64.3], [0.28083, 51.70983, 65.4], [0.28098, 51.70983, 65.9], [0.28118, 51.70983, 66.6], [0.28141, 51.70982, 67.4], [0.282, 51.70981, 68.6], [0.28227, 51.7098, 69.0], [0.28248, 51.70979, 69.2], [0.28297, 51.70977, 70.0], [0.28314, 51.70976, 70.3], [0.28388, 51.7097, 71.4], [0.28438, 51.70966, 72.2], [0.28466, 51.70964, 72.7], [0.28466, 51.70964, 72.7], [0.28488, 51.70963, 73.1], [0.28526, 51.70961, 73.7], [0.28562, 51.7096, 74.2], [0.28618, 51.7096, 75.1], [0.28659, 51.7096, 75.9], [0.28704, 51.70962, 76.2], [0.28752, 51.70963, 76.5], [0.28841, 51.70964, 77.0], [0.28881, 51.70965, 77.4], [0.28959, 51.70965, 78.6], [0.28997, 51.70964, 79.4], [0.29026, 51.70964, 79.6], [0.29077, 51.70962, 79.9], [0.29113, 51.7096, 80.3], [0.29184, 51.70956, 81.1], [0.29234, 51.70951, 81.4], [0.29292, 51.70945, 81.6], [0.29336, 51.70941, 81.8], [0.29364, 51.70937, 82.0], [0.29396, 51.70934, 82.2], [0.29478, 51.70924, 82.0], [0.29571, 51.70912, 81.1], [0.29592, 51.7091, 80.8], [0.29619, 51.70907, 80.2], [0.29644, 51.70905, 79.6], [0.29686, 51.70902, 79.2], [0.29711, 51.70901, 79.2], [0.29747, 51.709, 79.2], [0.29785, 51.70899, 78.9], [0.2981, 51.70899, 78.6], [0.29848, 51.70898, 78.4], [0.29876, 51.70898, 78.4], [0.29881, 51.70898, 78.4], [0.29916, 51.70898, 78.4], [0.29944, 51.70898, 78.4], [0.29981, 51.70899, 78.4], [0.29992, 51.70899, 78.4], [0.30017, 51.709, 78.4], [0.30064, 51.70903, 78.3], [0.30095, 51.70906, 78.3], [0.30112, 51.70907, 78.3], [0.30129, 51.7091, 78.2], [0.30157, 51.70913, 78.1], [0.30181, 51.70917, 78.2], [0.30203, 51.70921, 78.4], [0.30208, 51.70922, 78.5], [0.30227, 51.70925, 78.7], [0.30262, 51.70931, 79.2], [0.30312, 51.70941, 80.0], [0.30371, 51.70951, 80.9], [0.30395, 51.70956, 81.2], [0.30395, 51.70956, 81.2], [0.30568, 51.70987, 85.5], [0.30724, 51.71015, 89.2], [0.30772, 51.71024, 90.3], [0.30796, 51.71028, 91.0], [0.308, 51.71029, 91.1], [0.30808, 51.71031, 91.3], [0.3086, 51.7104, 92.3], [0.30906, 51.71048, 92.9], [0.30942, 51.71053, 93.5], [0.30994, 51.71061, 94.6], [0.31042, 51.71067, 95.3], [0.31082, 51.71072, 95.8], [0.31088, 51.71073, 96.0], [0.31107, 51.71075, 96.5], [0.31135, 51.71078, 97.2], [0.31151, 51.7108, 97.6], [0.31177, 51.71082, 98.0], [0.31219, 51.71086, 98.0], [0.31257, 51.7109, 98.0], [0.31289, 51.71093, 98.4], [0.3133, 51.71099, 99.0], [0.31346, 51.71101, 99.0], [0.3136, 51.71103, 99.0], [0.31384, 51.71108, 99.0], [0.31412, 51.71114, 99.0], [0.31414, 51.71114, 99.0], [0.31428, 51.71118, 98.9], [0.31441, 51.71121, 98.8], [0.31479, 51.71131, 98.7], [0.31518, 51.71143, 98.7], [0.31557, 51.71155, 98.9], [0.31573, 51.7116, 98.9], [0.31573, 51.7116, 98.9], [0.3158, 51.71162, 98.9], [0.31583, 51.71163, 99.0], [0.31603, 51.7117, 99.0], [0.31655, 51.71187, 98.8], [0.31659, 51.71188, 98.8], [0.31685, 51.71197, 98.6], [0.31714, 51.71206, 98.5], [0.3175, 51.71218, 98.4], [0.3178, 51.71228, 98.3], [0.31864, 51.71256, 98.0], [0.32002, 51.71302, 96.4], [0.32061, 51.71322, 95.4], [0.32087, 51.7133, 95.0], [0.32112, 51.71339, 94.4], [0.32219, 51.71374, 92.9], [0.32297, 51.714, 92.1], [0.32343, 51.71415, 91.8], [0.32387, 51.71429, 91.3], [0.32462, 51.71452, 89.5], [0.32544, 51.71477, 87.7], [0.32638, 51.71505, 86.4], [0.32709, 51.71525, 85.5], [0.32722, 51.71529, 85.3], [0.32733, 51.71532, 85.2], [0.32733, 51.71532, 85.2], [0.32754, 51.71538, 84.9], [0.32794, 51.71549, 84.3], [0.32855, 51.71566, 83.3], [0.32947, 51.71591, 81.4], [0.32948, 51.71592, 81.4], [0.32974, 51.71599, 80.9], [0.33108, 51.71634, 80.3], [0.33302, 51.71682, 79.6], [0.33405, 51.71707, 78.6], [0.3342, 51.71711, 78.5], [0.33441, 51.71716, 78.1], [0.33502, 51.71731, 77.0], [0.33559, 51.71744, 76.9], [0.336, 51.71754, 76.9], [0.33624, 51.71759, 76.7], [0.33654, 51.71765, 76.5], [0.33681, 51.7177, 76.3], [0.33712, 51.71775, 76.1], [0.33749, 51.71781, 75.8], [0.33799, 51.71789, 74.8], [0.33832, 51.71793, 74.1], [0.33833, 51.71793, 74.0], [0.33861, 51.71797, 74.1], [0.33865, 51.71797, 74.1], [0.33911, 51.71802, 74.2], [0.33925, 51.71804, 74.2], [0.33925, 51.71804, 74.2], [0.3395, 51.71806, 74.1], [0.34014, 51.71813, 73.8], [0.34082, 51.7182, 73.8], [0.34184, 51.7183, 73.7], [0.34234, 51.71834, 73.2], [0.34274, 51.71836, 72.5], [0.34307, 51.71838, 71.9], [0.3432, 51.71838, 71.6], [0.34348, 51.71839, 71.5], [0.344, 51.71839, 72.1], [0.34441, 51.71839, 72.5], [0.34474, 51.71837, 72.8], [0.34558, 51.71832, 73.0], [0.34644, 51.71826, 73.6], [0.34699, 51.71822, 73.7], [0.34764, 51.71817, 73.6], [0.34769, 51.71816, 73.6], [0.34841, 51.71811, 73.5], [0.34914, 51.71807, 73.4], [0.34926, 51.71807, 73.3], [0.34991, 51.71805, 73.0], [0.3505, 51.71806, 72.6], [0.35075, 51.71807, 72.4], [0.35075, 51.71807, 72.4], [0.351, 51.71808, 72.3], [0.35127, 51.7181, 72.1], [0.35158, 51.71812, 71.8], [0.3518, 51.71814, 71.6], [0.35206, 51.71817, 71.3], [0.35257, 51.71823, 70.7], [0.35304, 51.71829, 69.7], [0.35336, 51.71834, 69.0], [0.35372, 51.71839, 68.7], [0.35475, 51.71854, 67.6], [0.35677, 51.71886, 67.1], [0.35715, 51.71892, 66.8], [0.35741, 51.71896, 66.6], [0.35775, 51.71902, 66.1], [0.35811, 51.71908, 65.4], [0.35826, 51.71911, 65.1], [0.3586, 51.71917, 64.4], [0.35885, 51.71922, 63.7], [0.35908, 51.71926, 63.2], [0.35914, 51.71928, 63.1], [0.3597, 51.7194, 61.7], [0.36051, 51.71958, 60.4], [0.36078, 51.71965, 60.1], [0.36089, 51.71967, 59.9], [0.3616, 51.71983, 59.1], [0.36186, 51.71989, 59.3], [0.3627, 51.72007, 60.1], [0.36297, 51.72013, 60.3], [0.36354, 51.72026, 60.8], [0.36392, 51.72034, 61.3], [0.36424, 51.72041, 61.7], [0.36465, 51.72051, 62.3], [0.36498, 51.72058, 62.9], [0.36582, 51.72077, 63.2], [0.36619, 51.72086, 63.9], [0.36645, 51.72091, 64.5], [0.36701, 51.72104, 65.7], [0.3673, 51.7211, 66.3], [0.36758, 51.72116, 66.8], [0.36787, 51.72123, 67.2], [0.36839, 51.72135, 67.9], [0.36847, 51.72137, 68.0], [0.36962, 51.72162, 70.7], [0.37042, 51.72179, 71.9], [0.37086, 51.72188, 72.0], [0.37112, 51.72193, 72.5], [0.37136, 51.72197, 72.9], [0.37162, 51.72202, 73.3], [0.37196, 51.72208, 73.5], [0.37244, 51.72216, 73.6], [0.37264, 51.7222, 73.5], [0.37319, 51.72229, 73.1], [0.37353, 51.72234, 72.8], [0.3739, 51.72239, 72.3], [0.3741, 51.72242, 72.1], [0.37415, 51.72242, 72.0], [0.37454, 51.72248, 71.1], [0.37537, 51.72259, 70.2], [0.37628, 51.72272, 69.7], [0.37666, 51.72277, 69.3], [0.37714, 51.72283, 68.8], [0.37786, 51.72292, 67.6], [0.37799, 51.72294, 67.4], [0.37846, 51.723, 66.5], [0.37897, 51.72308, 66.2], [0.37927, 51.72313, 65.9], [0.37954, 51.72318, 65.6], [0.37977, 51.72323, 65.4], [0.3802, 51.72332, 65.0], [0.38037, 51.72336, 65.0], [0.38061, 51.72342, 64.9], [0.3811, 51.72354, 64.7], [0.38149, 51.72366, 64.3], [0.3817, 51.72372, 64.1], [0.38172, 51.72373, 64.1], [0.38193, 51.7238, 64.4], [0.38217, 51.72388, 64.7], [0.38217, 51.72388, 64.7], [0.38218, 51.72388, 64.7], [0.38251, 51.72399, 65.2], [0.38306, 51.7242, 66.9], [0.38363, 51.72441, 67.2], [0.38447, 51.72472, 67.2], [0.38472, 51.7248, 67.5], [0.3848, 51.72483, 67.6], [0.38519, 51.72497, 68.0], [0.38538, 51.72502, 67.9], [0.38549, 51.72505, 67.8], [0.38566, 51.7251, 67.6], [0.38575, 51.72512, 67.6], [0.38591, 51.72516, 67.5], [0.38603, 51.72519, 67.6], [0.38632, 51.72525, 67.7], [0.38662, 51.7253, 67.9], [0.38686, 51.72534, 67.6], [0.38728, 51.72538, 67.2], [0.38772, 51.72541, 66.8], [0.38808, 51.72542, 66.3], [0.38842, 51.72541, 66.0], [0.38868, 51.72541, 66.0], [0.389, 51.72539, 66.1], [0.38933, 51.72537, 66.0], [0.38961, 51.72535, 65.9], [0.38983, 51.72535, 65.8], [0.39, 51.72534, 65.8], [0.3902, 51.72534, 65.8], [0.39033, 51.72535, 65.7], [0.39055, 51.72536, 65.7], [0.39079, 51.72537, 65.7], [0.39111, 51.7254, 65.7], [0.39141, 51.72543, 65.8], [0.39166, 51.72547, 65.7], [0.39198, 51.72552, 65.4], [0.39199, 51.72553, 65.3], [0.39226, 51.72559, 65.0], [0.39239, 51.72561, 64.8], [0.39281, 51.72573, 64.3], [0.39309, 51.72581, 64.0], [0.39335, 51.7259, 64.0], [0.39373, 51.72606, 63.5], [0.39402, 51.72618, 63.2], [0.39432, 51.72632, 62.8], [0.39466, 51.72647, 62.4], [0.39521, 51.72673, 62.0], [0.39549, 51.72686, 61.9], [0.39586, 51.72702, 61.5], [0.39632, 51.72723, 60.3], [0.39658, 51.72736, 59.5], [0.39682, 51.72746, 59.1], [0.39724, 51.72764, 59.6], [0.39745, 51.72773, 59.8], [0.39757, 51.72777, 59.9], [0.39774, 51.72783, 60.0], [0.39775, 51.72784, 60.0], [0.39775, 51.72784, 60.0], [0.39796, 51.7279, 59.9], [0.39824, 51.72797, 59.7], [0.39859, 51.72805, 59.5], [0.39864, 51.72806, 59.4], [0.39896, 51.72812, 59.2], [0.39914, 51.72814, 59.0], [0.39948, 51.72818, 58.3], [0.39983, 51.72821, 57.5], [0.40009, 51.72822, 57.0], [0.40034, 51.72823, 56.7], [0.40063, 51.72822, 56.4], [0.40084, 51.72821, 56.1], [0.40109, 51.72818, 55.6], [0.40145, 51.72813, 54.9], [0.40165, 51.72809, 54.6], [0.40184, 51.72805, 54.9], [0.40199, 51.72801, 55.2], [0.40203, 51.728, 55.2], [0.40225, 51.72793, 55.7], [0.40256, 51.72783, 56.3], [0.40272, 51.72778, 56.6], [0.40284, 51.72774, 56.8], [0.40328, 51.72759, 57.7], [0.40353, 51.72751, 58.2], [0.40379, 51.72743, 58.5], [0.40406, 51.72734, 58.9], [0.4042, 51.7273, 59.1], [0.40443, 51.72723, 59.5], [0.40508, 51.72702, 60.4], [0.40556, 51.72687, 59.7], [0.40591, 51.72676, 59.1], [0.40688, 51.72645, 58.2], [0.40724, 51.72633, 58.1], [0.40744, 51.72626, 58.0], [0.40762, 51.72619, 57.8], [0.40788, 51.72609, 57.2], [0.40814, 51.72598, 56.6], [0.4084, 51.72585, 56.0], [0.4084, 51.72585, 56.0], [0.40846, 51.72582, 56.0], [0.40856, 51.72577, 56.2], [0.40863, 51.72574, 56.2], [0.40872, 51.72572, 56.3], [0.40885, 51.72566, 56.4], [0.409, 51.72561, 56.5], [0.40912, 51.72558, 56.6], [0.40912, 51.72558, 56.6], [0.40913, 51.72559, 56.6], [0.40914, 51.72559, 56.6], [0.40915, 51.72559, 56.6], [0.40917, 51.72559, 56.6], [0.40918, 51.72559, 56.6], [0.40921, 51.72559, 56.6], [0.4093, 51.72566, 56.4], [0.40935, 51.72568, 56.4], [0.40953, 51.72577, 56.2], [0.40961, 51.72579, 56.1], [0.40966, 51.72583, 56.0], [0.40976, 51.72592, 56.0], [0.40996, 51.72611, 56.0], [0.4101, 51.7263, 55.9], [0.41028, 51.7266, 56.0], [0.41035, 51.72672, 56.0], [0.41037, 51.72678, 56.0], [0.41051, 51.72709, 56.0], [0.41058, 51.72739, 56.0], [0.41058, 51.72751, 56.0], [0.41055, 51.72759, 56.1], [0.41055, 51.72764, 56.2], [0.41053, 51.72775, 56.3], [0.41047, 51.72792, 56.5], [0.41039, 51.72804, 56.6], [0.41033, 51.72812, 56.7], [0.4102, 51.72822, 56.9], [0.4102, 51.72822, 56.9], [0.41019, 51.72822, 56.9], [0.41019, 51.72821, 56.9], [0.41018, 51.72821, 56.9], [0.41017, 51.72821, 56.9], [0.41016, 51.72821, 56.9], [0.41015, 51.7282, 56.8], [0.41014, 51.7282, 56.8], [0.41013, 51.7282, 56.8], [0.41012, 51.7282, 56.8], [0.41011, 51.7282, 56.8], [0.4101, 51.7282, 56.8], [0.41009, 51.7282, 56.8], [0.41008, 51.7282, 56.8], [0.41007, 51.7282, 56.8], [0.41006, 51.7282, 56.8], [0.41005, 51.7282, 56.8], [0.41004, 51.7282, 56.8], [0.41003, 51.7282, 56.8], [0.41002, 51.72821, 56.9], [0.41001, 51.72821, 56.9], [0.41, 51.72821, 56.9], [0.40999, 51.72822, 56.9], [0.40998, 51.72822, 56.9], [0.40997, 51.72822, 56.9], [0.40997, 51.72823, 56.9], [0.40996, 51.72823, 56.9], [0.40995, 51.72824, 57.0], [0.40994, 51.72824, 57.0], [0.40993, 51.72825, 57.0], [0.40993, 51.72826, 57.0], [0.40992, 51.72826, 57.0], [0.40992, 51.72827, 57.0], [0.40991, 51.72827, 57.0], [0.40991, 51.72828, 57.1], [0.40991, 51.72829, 57.1], [0.4099, 51.72829, 57.1], [0.4099, 51.7283, 57.1], [0.4099, 51.72831, 57.1], [0.4099, 51.72832, 57.1], [0.4099, 51.72833, 57.1], [0.4099, 51.72834, 57.1], [0.40991, 51.72835, 57.1], [0.40991, 51.72836, 57.1], [0.40992, 51.72836, 57.1], [0.40992, 51.72837, 57.1], [0.40993, 51.72838, 57.1], [0.40994, 51.72838, 57.1], [0.40995, 51.72839, 57.1], [0.40995, 51.7284, 57.1], [0.40996, 51.7284, 57.1], [0.40997, 51.72841, 57.1], [0.40998, 51.72841, 57.1], [0.40999, 51.72842, 57.1], [0.41, 51.72842, 57.1], [0.41001, 51.72842, 57.1], [0.41002, 51.72842, 57.1], [0.41003, 51.72843, 57.1], [0.41004, 51.72843, 57.1], [0.41005, 51.72843, 57.1], [0.41006, 51.72843, 57.1], [0.41007, 51.72843, 57.1], [0.41008, 51.72843, 57.1], [0.41009, 51.72843, 57.1], [0.4101, 51.72843, 57.1], [0.41011, 51.72843, 57.1], [0.41012, 51.72843, 57.1], [0.41013, 51.72843, 57.1], [0.41014, 51.72843, 57.1], [0.41015, 51.72843, 57.1], [0.41016, 51.72842, 57.1], [0.41017, 51.72842, 57.1], [0.41018, 51.72842, 57.1], [0.41019, 51.72842, 57.1], [0.4102, 51.72841, 57.1], [0.41021, 51.72841, 57.1], [0.41036, 51.7285, 57.2], [0.41045, 51.72854, 57.2], [0.41045, 51.72854, 57.2], [0.41056, 51.72858, 57.3], [0.41062, 51.7286, 57.3], [0.41067, 51.72862, 57.3], [0.41082, 51.72867, 57.4], [0.41109, 51.72875, 57.3], [0.41214, 51.72903, 57.0], [0.41361, 51.72947, 56.3], [0.41416, 51.72963, 55.9], [0.41538, 51.72996, 55.1], [0.41547, 51.72999, 55.0], [0.416, 51.73011, 54.7], [0.4166, 51.73022, 54.2], [0.41688, 51.73027, 53.9], [0.41704, 51.73028, 53.7], [0.41769, 51.73033, 53.0], [0.41783, 51.73034, 52.8], [0.41868, 51.73045, 51.5], [0.42021, 51.73064, 49.2], [0.42084, 51.73069, 48.3], [0.42107, 51.73071, 48.0], [0.4214, 51.73074, 47.5], [0.42186, 51.73079, 46.9], [0.42198, 51.73081, 46.7], [0.4222, 51.73086, 46.3], [0.42231, 51.7309, 46.0], [0.42247, 51.73099, 45.7], [0.42293, 51.73123, 44.8], [0.42312, 51.73131, 44.5], [0.42326, 51.73134, 44.4], [0.4233, 51.73135, 44.4], [0.42337, 51.73136, 44.3], [0.42345, 51.73137, 44.3], [0.42384, 51.73142, 43.9], [0.42386, 51.73142, 43.9], [0.42389, 51.73143, 43.8], [0.42408, 51.73146, 43.6], [0.4243, 51.7315, 43.1], [0.42436, 51.73151, 43.0], [0.42461, 51.73157, 42.2], [0.42499, 51.73167, 41.0], [0.42499, 51.73167, 41.0], [0.42505, 51.73169, 40.9], [0.42524, 51.73177, 40.6], [0.4255, 51.73187, 40.3], [0.42565, 51.73196, 40.1], [0.42597, 51.73219, 39.8], [0.42605, 51.73227, 39.7], [0.42614, 51.73239, 39.6], [0.42637, 51.73264, 38.9], [0.42639, 51.73266, 38.8], [0.4265, 51.73282, 38.0], [0.42665, 51.73302, 37.1], [0.42691, 51.73339, 35.7], [0.42717, 51.7338, 35.2], [0.42732, 51.73404, 35.0], [0.4274, 51.73416, 35.0], [0.42748, 51.73428, 34.9], [0.42757, 51.73442, 34.6], [0.42772, 51.73461, 34.2], [0.42776, 51.73466, 34.1], [0.42776, 51.73466, 34.1], [0.42802, 51.73497, 33.4], [0.42828, 51.73524, 33.1], [0.42833, 51.73529, 33.0], [0.42865, 51.73561, 32.6], [0.42886, 51.73583, 32.4], [0.42904, 51.73603, 32.2], [0.42908, 51.73606, 32.1], [0.42916, 51.73616, 32.0], [0.42929, 51.73631, 31.7], [0.42941, 51.73645, 31.3], [0.42943, 51.73647, 31.2], [0.4295, 51.73655, 30.9], [0.42967, 51.73681, 30.4], [0.42982, 51.73704, 30.1], [0.42994, 51.73731, 30.0], [0.43001, 51.73749, 30.0], [0.43005, 51.73768, 30.0], [0.43006, 51.73782, 30.0], [0.43002, 51.73806, 30.0], [0.42998, 51.73823, 30.1], [0.42997, 51.73836, 30.0], [0.42996, 51.73847, 29.9], [0.42996, 51.73848, 29.9], [0.43002, 51.7388, 29.5], [0.43003, 51.73888, 29.5], [0.43006, 51.73902, 29.6], [0.43007, 51.73906, 29.6], [0.43007, 51.73908, 29.6], [0.43009, 51.73919, 29.7], [0.43009, 51.7392, 29.7], [0.4301, 51.73923, 29.7], [0.43012, 51.73937, 29.8], [0.43012, 51.73942, 29.9], [0.43016, 51.73967, 30.6], [0.43017, 51.73972, 30.7], [0.43017, 51.73978, 30.9], [0.4302, 51.74008, 31.6], [0.43022, 51.7402, 31.9], [0.43026, 51.74066, 33.0], [0.43026, 51.741, 34.0], [0.43027, 51.74115, 34.6], [0.43028, 51.74127, 35.1], [0.43034, 51.74142, 35.6], [0.43037, 51.74147, 35.8], [0.43041, 51.74157, 36.2], [0.43041, 51.74157, 36.2], [0.4304, 51.74157, 36.2], [0.43039, 51.74157, 36.2], [0.43038, 51.74157, 36.2], [0.43037, 51.74158, 36.2], [0.43036, 51.74158, 36.2], [0.43035, 51.74158, 36.3], [0.43034, 51.74158, 36.3], [0.43034, 51.74159, 36.3], [0.43033, 51.74159, 36.3], [0.43033, 51.7416, 36.3], [0.43032, 51.7416, 36.4], [0.43031, 51.7416, 36.4], [0.43031, 51.74161, 36.4], [0.43031, 51.74162, 36.4], [0.4303, 51.74162, 36.5], [0.4303, 51.74163, 36.5], [0.4303, 51.74164, 36.5], [0.4303, 51.74165, 36.6], [0.43007, 51.74166, 36.9], [0.42991, 51.74168, 36.9], [0.4297, 51.74171, 36.6], [0.4294, 51.74172, 36.2], [0.42892, 51.74171, 35.7], [0.42864, 51.74171, 35.3], [0.42805, 51.74169, 34.3], [0.42719, 51.74168, 32.6], [0.42672, 51.74169, 32.1], [0.42605, 51.74171, 31.2], [0.42585, 51.74172, 31.0], [0.42538, 51.74176, 30.8], [0.42497, 51.74181, 30.7], [0.42442, 51.74191, 30.8], [0.42436, 51.74192, 30.9], [0.42365, 51.74209, 31.3], [0.42355, 51.74212, 31.4], [0.42302, 51.74227, 32.1], [0.42288, 51.7423, 32.3], [0.42257, 51.74238, 32.8], [0.4224, 51.7424, 33.0], [0.42186, 51.74249, 33.8], [0.4217, 51.74251, 34.0], [0.42159, 51.74252, 34.0], [0.42106, 51.74257, 34.1], [0.42045, 51.7426, 34.1], [0.4196, 51.7426, 34.2], [0.41919, 51.74259, 34.2], [0.4189, 51.74258, 34.2], [0.41879, 51.74258, 34.2], [0.41757, 51.74255, 35.0], [0.41665, 51.74254, 35.0], [0.41611, 51.74257, 35.1], [0.41571, 51.7426, 35.1], [0.41545, 51.74262, 35.1], [0.41479, 51.74272, 35.0], [0.41416, 51.74286, 34.4], [0.41383, 51.74294, 34.1], [0.41313, 51.74316, 33.5], [0.41271, 51.7433, 33.2], [0.41221, 51.74346, 33.0], [0.41193, 51.74355, 33.0], [0.41132, 51.74378, 33.8], [0.41061, 51.74408, 34.8], [0.40953, 51.74455, 34.9], [0.40879, 51.74486, 34.8], [0.40869, 51.74492, 34.9], [0.40791, 51.74525, 34.5], [0.40784, 51.74528, 34.4], [0.40782, 51.74529, 34.4], [0.40706, 51.74568, 33.9], [0.40702, 51.7457, 33.9], [0.40649, 51.74602, 33.8], [0.40646, 51.74604, 33.8], [0.40613, 51.74626, 33.7], [0.40586, 51.74644, 33.7], [0.4057, 51.74654, 33.8], [0.40522, 51.74691, 33.8], [0.40455, 51.74748, 33.0], [0.40414, 51.74783, 33.4], [0.40387, 51.74803, 33.6], [0.4037, 51.74812, 33.7], [0.40351, 51.74822, 33.9], [0.40347, 51.74824, 33.9], [0.40322, 51.74837, 34.1], [0.40312, 51.74842, 34.3], [0.40291, 51.74851, 34.5], [0.40261, 51.74861, 34.7], [0.40246, 51.74866, 34.8], [0.40235, 51.74869, 34.9], [0.40224, 51.74872, 34.9], [0.40203, 51.74877, 35.0], [0.40197, 51.74878, 35.1], [0.4015, 51.74886, 35.1], [0.40094, 51.74893, 34.8], [0.4009, 51.74894, 34.8], [0.40049, 51.74898, 34.8], [0.40001, 51.74905, 34.9], [0.39951, 51.74916, 35.0], [0.39924, 51.74925, 35.1], [0.39914, 51.74928, 35.1], [0.39876, 51.74943, 35.3], [0.39836, 51.74962, 35.5], [0.39801, 51.74985, 35.5], [0.39752, 51.75018, 35.2], [0.39679, 51.75066, 35.6], [0.39679, 51.75066, 35.6], [0.39675, 51.75068, 35.7], [0.39613, 51.75104, 36.1], [0.39595, 51.75114, 36.2], [0.3953, 51.75143, 36.7], [0.39512, 51.7515, 36.7], [0.39507, 51.75152, 36.7], [0.39471, 51.75166, 36.6], [0.3938, 51.75195, 37.0], [0.39358, 51.75201, 37.2], [0.39357, 51.75201, 37.2], [0.39327, 51.75209, 37.6], [0.39252, 51.75225, 38.4], [0.39247, 51.75226, 38.4], [0.39201, 51.75235, 38.7], [0.39182, 51.75239, 38.8], [0.39161, 51.75243, 38.8], [0.39146, 51.75246, 38.7], [0.39072, 51.75268, 38.4], [0.39044, 51.75279, 38.7], [0.39027, 51.75286, 38.9], [0.39026, 51.75287, 38.9], [0.39002, 51.753, 39.2], [0.38984, 51.7531, 39.2], [0.38973, 51.75318, 39.3], [0.38961, 51.75328, 39.4], [0.3893, 51.75361, 39.5], [0.38927, 51.75366, 39.6], [0.38905, 51.75399, 39.5], [0.38893, 51.75434, 39.8], [0.38893, 51.75436, 39.9], [0.3888, 51.75483, 40.7], [0.38877, 51.75494, 40.9], [0.38868, 51.75534, 41.2], [0.38859, 51.75574, 41.5], [0.38859, 51.75575, 41.5], [0.3885, 51.75609, 41.4], [0.38842, 51.75641, 41.2], [0.3884, 51.7565, 41.2], [0.38838, 51.7566, 41.1], [0.38826, 51.75694, 41.5], [0.38822, 51.75705, 41.7], [0.38799, 51.75755, 42.1], [0.38786, 51.75782, 41.7], [0.3878, 51.75792, 41.5], [0.38773, 51.75801, 41.4], [0.38767, 51.75807, 41.3], [0.38766, 51.75807, 41.3], [0.38754, 51.75818, 41.1], [0.3875, 51.75821, 41.0], [0.38717, 51.75845, 40.8], [0.38712, 51.75848, 40.8], [0.38698, 51.75858, 40.9], [0.38695, 51.7586, 40.9], [0.38693, 51.75862, 40.9], [0.38674, 51.75875, 41.0], [0.38638, 51.75901, 41.3], [0.38606, 51.75928, 41.5], [0.38603, 51.75931, 41.6], [0.38602, 51.75932, 41.6], [0.38587, 51.75947, 41.8], [0.38582, 51.75952, 41.8], [0.38566, 51.75977, 42.2], [0.38552, 51.76007, 42.8], [0.3854, 51.76032, 43.2], [0.38533, 51.76045, 43.5], [0.38531, 51.76049, 43.5], [0.38524, 51.76062, 43.8], [0.385, 51.76089, 44.1], [0.38477, 51.76107, 44.9], [0.38475, 51.76109, 45.0], [0.38456, 51.76119, 45.6], [0.3844, 51.76128, 46.2], [0.38439, 51.76128, 46.2], [0.38426, 51.76133, 46.6], [0.38403, 51.76142, 47.3], [0.38388, 51.76146, 47.6], [0.38382, 51.76147, 47.7], [0.38361, 51.76153, 48.2], [0.38335, 51.7616, 48.7], [0.38319, 51.76164, 49.2], [0.38281, 51.76174, 50.3], [0.38248, 51.76182, 51.0], [0.38201, 51.76194, 51.6], [0.382, 51.76194, 51.6], [0.38168, 51.76203, 52.0], [0.38121, 51.76215, 52.9], [0.3812, 51.76215, 52.9], [0.3811, 51.76218, 53.1], [0.38031, 51.76242, 55.1], [0.37968, 51.76262, 55.9], [0.3787, 51.76291, 56.5], [0.3787, 51.76291, 56.5], [0.37968, 51.76262, 55.9], [0.38031, 51.76242, 55.1], [0.3811, 51.76218, 53.1], [0.3812, 51.76215, 52.9], [0.38121, 51.76215, 52.9], [0.38168, 51.76203, 52.0], [0.382, 51.76194, 51.6], [0.38201, 51.76194, 51.6], [0.38248, 51.76182, 51.0], [0.38281, 51.76174, 50.3], [0.38281, 51.76174, 50.3], [0.38248, 51.76182, 51.0], [0.38201, 51.76194, 51.6], [0.382, 51.76194, 51.6], [0.38168, 51.76203, 52.0], [0.38121, 51.76215, 52.9], [0.3812, 51.76215, 52.9], [0.3811, 51.76218, 53.1], [0.38031, 51.76242, 55.1], [0.37968, 51.76262, 55.9], [0.3787, 51.76291, 56.5], [0.37828, 51.76303, 56.8], [0.37808, 51.76308, 56.8], [0.37782, 51.76315, 56.7], [0.37675, 51.7634, 57.1], [0.37671, 51.76341, 57.1], [0.37563, 51.76364, 56.7], [0.37502, 51.76375, 57.0], [0.37427, 51.76387, 57.3], [0.37418, 51.76388, 57.3], [0.37399, 51.76391, 57.4], [0.37333, 51.76402, 57.6], [0.37189, 51.76424, 57.1], [0.37093, 51.76439, 57.7], [0.37089, 51.7644, 57.7], [0.37031, 51.76449, 57.6], [0.36986, 51.76458, 57.3], [0.3695, 51.76468, 56.6], [0.36886, 51.76489, 55.6], [0.36882, 51.7649, 55.5], [0.3684, 51.76509, 55.2], [0.36801, 51.76529, 55.2], [0.36791, 51.76535, 55.3], [0.36775, 51.76545, 55.6], [0.36767, 51.7655, 55.8], [0.3674, 51.76569, 56.5], [0.36692, 51.76611, 57.0], [0.36656, 51.76645, 57.1], [0.3664, 51.76659, 57.3], [0.36616, 51.76678, 57.7], [0.36569, 51.76711, 58.1], [0.36557, 51.76718, 58.1], [0.36536, 51.7673, 58.1], [0.36516, 51.76742, 58.1], [0.36492, 51.76753, 58.0], [0.36462, 51.76767, 58.0], [0.36416, 51.76786, 58.3], [0.36384, 51.76798, 58.7], [0.36368, 51.76802, 58.9], [0.36343, 51.76809, 59.1], [0.3626, 51.76828, 58.1], [0.36159, 51.76849, 57.3], [0.36097, 51.76863, 57.5], [0.36078, 51.76867, 57.6], [0.36044, 51.76878, 57.9], [0.36018, 51.76886, 58.2], [0.36008, 51.76888, 58.3], [0.35976, 51.76901, 58.8], [0.35968, 51.76904, 58.9], [0.35928, 51.7692, 59.2], [0.35877, 51.76945, 59.7], [0.35856, 51.76957, 60.0], [0.35826, 51.76974, 60.3], [0.35806, 51.76988, 60.3], [0.35776, 51.77009, 60.5], [0.35738, 51.77037, 60.9], [0.3573, 51.77045, 61.1], [0.35714, 51.77057, 61.4], [0.35671, 51.77089, 62.1], [0.35642, 51.77109, 61.7], [0.35636, 51.77113, 61.6], [0.35615, 51.77129, 61.3], [0.35568, 51.77158, 60.7], [0.35544, 51.77171, 60.5], [0.35534, 51.77177, 60.4], [0.35512, 51.77189, 60.1], [0.3546, 51.77219, 60.1], [0.35433, 51.77235, 60.5], [0.35407, 51.7725, 61.1], [0.35393, 51.77257, 61.6], [0.35379, 51.77263, 62.0], [0.35365, 51.77269, 62.4], [0.35347, 51.77274, 62.9], [0.35332, 51.77277, 63.3], [0.35331, 51.77277, 63.3], [0.35318, 51.7728, 63.2], [0.35299, 51.77282, 63.0], [0.35271, 51.77286, 62.7], [0.35246, 51.77288, 62.3], [0.35234, 51.77289, 62.3], [0.35196, 51.77292, 62.2], [0.35173, 51.77294, 62.1], [0.35138, 51.77294, 61.9], [0.35057, 51.77291, 61.5], [0.35014, 51.77289, 61.5], [0.34965, 51.77286, 62.1], [0.34916, 51.77286, 63.0], [0.34879, 51.77289, 63.2], [0.34835, 51.77298, 63.4], [0.34799, 51.77306, 63.7], [0.34787, 51.77308, 63.9], [0.34743, 51.77313, 64.3], [0.3469, 51.77317, 64.8], [0.34683, 51.77317, 64.8], [0.34654, 51.7732, 65.1], [0.34645, 51.77321, 65.2], [0.34614, 51.7733, 65.6], [0.3458, 51.77346, 66.0], [0.34526, 51.77371, 66.3], [0.34487, 51.77387, 66.9], [0.34484, 51.77387, 67.0], [0.34446, 51.77398, 67.9], [0.34438, 51.774, 68.1], [0.34428, 51.77402, 68.4], [0.3442, 51.77403, 68.6], [0.34408, 51.77403, 68.8], [0.3439, 51.77404, 69.2], [0.34302, 51.77402, 70.1], [0.34246, 51.774, 69.6], [0.34244, 51.774, 69.5], [0.34233, 51.774, 69.4], [0.34217, 51.77399, 69.3], [0.34195, 51.77398, 69.0], [0.34167, 51.77398, 68.8], [0.34132, 51.77398, 69.1], [0.34112, 51.774, 69.3], [0.34088, 51.77403, 69.6], [0.34045, 51.77412, 69.9], [0.34, 51.77424, 70.0], [0.33951, 51.77439, 70.4], [0.3394, 51.77442, 70.5], [0.33938, 51.77443, 70.5], [0.33845, 51.77472, 70.3], [0.338, 51.77489, 70.4], [0.33705, 51.77526, 70.5], [0.33658, 51.77546, 70.5], [0.33612, 51.7756, 70.8], [0.33588, 51.77567, 71.0], [0.3357, 51.77572, 71.1], [0.33559, 51.77575, 71.3], [0.33528, 51.77584, 71.6], [0.33506, 51.77593, 71.6], [0.33456, 51.77612, 70.8], [0.33388, 51.77641, 70.3], [0.33358, 51.77654, 70.2], [0.33267, 51.77696, 70.1], [0.33178, 51.77737, 70.2], [0.33173, 51.77739, 70.2], [0.33052, 51.77796, 69.4], [0.33035, 51.77804, 69.4], [0.32994, 51.77825, 69.1], [0.32904, 51.7787, 69.6], [0.32884, 51.77881, 70.0], [0.32869, 51.77889, 70.4], [0.32834, 51.77905, 71.6], [0.32772, 51.77929, 70.0], [0.32717, 51.77947, 69.0], [0.32715, 51.77947, 68.9], [0.32707, 51.77949, 68.8], [0.32685, 51.77954, 68.6], [0.3268, 51.77956, 68.6], [0.3266, 51.7796, 68.4], [0.32597, 51.77973, 67.4], [0.32591, 51.77974, 67.3], [0.32575, 51.77976, 67.0], [0.32569, 51.77977, 66.9], [0.32544, 51.77981, 66.6], [0.32477, 51.77987, 65.7], [0.32387, 51.77994, 64.7], [0.32341, 51.78, 64.1], [0.32325, 51.78003, 64.0], [0.32289, 51.7801, 63.8], [0.32241, 51.78021, 63.4], [0.32221, 51.78029, 63.5], [0.32202, 51.78038, 63.4], [0.32183, 51.78056, 63.3], [0.32181, 51.78059, 63.2], [0.3215, 51.78098, 63.2], [0.32137, 51.78114, 63.4], [0.32132, 51.78122, 63.5], [0.32115, 51.78137, 63.7], [0.32086, 51.78156, 63.8], [0.32085, 51.78157, 63.8], [0.32062, 51.78168, 63.8], [0.32017, 51.78191, 63.7], [0.31975, 51.78211, 64.1], [0.31971, 51.78213, 64.1], [0.31967, 51.78215, 64.2], [0.3195, 51.78222, 64.3], [0.31906, 51.78234, 64.6], [0.31839, 51.78249, 65.0], [0.31795, 51.7826, 65.1], [0.31774, 51.78265, 65.3], [0.31754, 51.7827, 65.5], [0.31677, 51.78291, 67.0], [0.31674, 51.78292, 67.0], [0.31626, 51.78308, 67.0], [0.31601, 51.78316, 66.7], [0.3159, 51.7832, 66.6], [0.31584, 51.78324, 66.6], [0.31581, 51.78328, 66.7], [0.31578, 51.78331, 66.7], [0.31572, 51.78338, 66.7], [0.31566, 51.78346, 66.7], [0.31564, 51.7835, 66.8], [0.3156, 51.78362, 66.9], [0.31559, 51.78364, 67.0], [0.31557, 51.78376, 67.2], [0.31553, 51.78397, 67.7], [0.31554, 51.78415, 68.2], [0.31554, 51.78418, 68.3], [0.31556, 51.78433, 68.8], [0.31557, 51.78446, 69.2], [0.31558, 51.78453, 69.4], [0.31559, 51.78454, 69.4], [0.31563, 51.78475, 70.1], [0.31567, 51.78495, 70.7], [0.31573, 51.78525, 71.5], [0.31575, 51.78535, 71.7], [0.31577, 51.78543, 72.0], [0.31581, 51.78556, 72.3], [0.31582, 51.7856, 72.4], [0.31583, 51.78561, 72.5], [0.31586, 51.78567, 72.7], [0.31595, 51.78585, 73.2], [0.31603, 51.78598, 73.1], [0.31612, 51.78611, 73.0], [0.31619, 51.78621, 73.0], [0.31624, 51.78644, 72.5], [0.31624, 51.78658, 72.2], [0.31619, 51.78671, 71.8], [0.31615, 51.78681, 71.7], [0.31611, 51.78693, 71.6], [0.31608, 51.78699, 71.5], [0.31605, 51.78707, 71.4], [0.31601, 51.78724, 71.3], [0.31601, 51.78725, 71.3], [0.31598, 51.78784, 71.8], [0.31601, 51.78725, 71.3], [0.31601, 51.78724, 71.3], [0.31601, 51.78724, 71.3], [0.31601, 51.78725, 71.3], [0.31598, 51.78784, 71.8], [0.31597, 51.78809, 72.3], [0.31593, 51.78822, 72.6], [0.31592, 51.78824, 72.7], [0.31591, 51.78826, 72.7], [0.31572, 51.78859, 73.0], [0.31554, 51.78889, 73.0], [0.3154, 51.78908, 73.0], [0.31529, 51.78924, 73.2], [0.31529, 51.78925, 73.3], [0.3151, 51.78955, 74.3], [0.31493, 51.78976, 75.1], [0.31483, 51.78986, 75.4], [0.31481, 51.78988, 75.4], [0.31479, 51.7899, 75.4], [0.31463, 51.79002, 75.6], [0.31455, 51.79009, 75.8], [0.31415, 51.79032, 76.1], [0.31398, 51.79041, 76.4], [0.31384, 51.79049, 76.5], [0.31376, 51.79053, 76.6], [0.31347, 51.79069, 76.8], [0.31324, 51.79083, 76.9], [0.31308, 51.79093, 76.7], [0.31293, 51.79105, 76.5], [0.31282, 51.79114, 76.4], [0.31243, 51.79158, 75.9], [0.31238, 51.79164, 75.9], [0.31214, 51.79197, 75.6], [0.31213, 51.79199, 75.6], [0.31201, 51.79225, 75.4], [0.31197, 51.79239, 75.4], [0.31191, 51.79268, 75.2], [0.3118, 51.79323, 75.0], [0.31178, 51.79329, 75.0], [0.3117, 51.79356, 74.7], [0.31159, 51.79393, 74.2], [0.31154, 51.79409, 73.9], [0.31146, 51.79435, 73.8], [0.31146, 51.79437, 73.8], [0.31145, 51.79445, 73.8], [0.31145, 51.79447, 73.8], [0.3114, 51.79488, 74.0], [0.31139, 51.79501, 74.0], [0.31138, 51.7951, 74.1], [0.31138, 51.79536, 74.3], [0.31137, 51.79573, 74.6], [0.31137, 51.79593, 74.8], [0.31137, 51.79602, 74.9], [0.3113, 51.79607, 74.8], [0.31122, 51.79613, 74.8], [0.31122, 51.79613, 74.8], [0.31119, 51.79613, 74.8], [0.31117, 51.79613, 74.8], [0.31116, 51.79613, 74.7], [0.31115, 51.79613, 74.7], [0.31114, 51.79614, 74.7], [0.31113, 51.79614, 74.7], [0.31113, 51.79615, 74.7], [0.31113, 51.79616, 74.7], [0.31113, 51.79618, 74.8], [0.31098, 51.79623, 74.7], [0.31095, 51.79624, 74.6], [0.31047, 51.79629, 74.5], [0.31026, 51.79629, 74.5], [0.31021, 51.79629, 74.5], [0.30982, 51.79625, 74.3], [0.30929, 51.79618, 73.6], [0.30923, 51.79617, 73.5], [0.3087, 51.79608, 73.1], [0.30827, 51.796, 73.0], [0.30771, 51.79587, 73.0], [0.30752, 51.79583, 73.0], [0.30747, 51.79582, 73.0], [0.3073, 51.79579, 72.9], [0.30707, 51.79574, 72.9], [0.30703, 51.79573, 72.9], [0.30701, 51.79573, 72.9], [0.30616, 51.79557, 72.3], [0.30559, 51.79545, 72.0], [0.30541, 51.7954, 72.0], [0.30521, 51.79532, 72.0], [0.30497, 51.7952, 72.0], [0.30485, 51.79514, 72.0], [0.30472, 51.79509, 72.0], [0.30469, 51.79508, 72.0], [0.30454, 51.79503, 72.0], [0.30451, 51.79502, 72.0], [0.30443, 51.795, 72.0], [0.30439, 51.79499, 72.0], [0.30431, 51.79497, 72.0], [0.30415, 51.79494, 71.9], [0.304, 51.79492, 71.9], [0.30369, 51.79487, 71.8], [0.30367, 51.79487, 71.8], [0.30345, 51.79485, 71.8], [0.30316, 51.79485, 71.4], [0.30294, 51.79485, 71.0], [0.30279, 51.79484, 70.6], [0.30253, 51.7948, 70.1], [0.30232, 51.79476, 69.7], [0.3021, 51.79471, 69.4], [0.30197, 51.79469, 69.2], [0.30154, 51.7946, 68.6], [0.30151, 51.79459, 68.5], [0.3011, 51.7945, 67.4], [0.30084, 51.79445, 66.7], [0.30025, 51.79433, 65.4], [0.29982, 51.79423, 64.5], [0.29972, 51.7942, 64.3], [0.29959, 51.79417, 64.0], [0.2995, 51.79414, 63.8], [0.29946, 51.79412, 63.7], [0.29933, 51.79406, 63.4], [0.29921, 51.79396, 63.1], [0.29918, 51.79394, 63.0], [0.2989, 51.79369, 62.7], [0.29864, 51.79344, 62.4], [0.29848, 51.7933, 62.1], [0.29836, 51.79322, 61.8], [0.29825, 51.79316, 61.4], [0.29777, 51.79295, 60.0], [0.29761, 51.79288, 59.6], [0.29744, 51.79282, 59.4], [0.29729, 51.79275, 59.2], [0.2968, 51.79255, 59.0], [0.29669, 51.7925, 59.0], [0.29635, 51.79238, 59.5], [0.29619, 51.79229, 59.8], [0.29571, 51.79209, 60.6], [0.29554, 51.79201, 60.9], [0.29547, 51.79199, 61.0], [0.29512, 51.79187, 61.6], [0.29468, 51.79177, 62.3], [0.29441, 51.79171, 62.7], [0.29411, 51.79168, 63.0], [0.29404, 51.79167, 63.0], [0.29382, 51.79166, 63.0], [0.29364, 51.79166, 63.0], [0.29307, 51.79168, 63.3], [0.29307, 51.79168, 63.3], [0.29303, 51.79154, 63.2], [0.293, 51.79145, 63.1], [0.29285, 51.79111, 62.9], [0.29276, 51.79088, 62.7], [0.29273, 51.79073, 62.5], [0.29269, 51.79057, 62.1], [0.29269, 51.79055, 62.1], [0.29266, 51.79025, 61.4], [0.29266, 51.79003, 60.9], [0.29266, 51.79001, 60.8], [0.29267, 51.78987, 61.0], [0.29271, 51.78972, 61.1], [0.29276, 51.78959, 61.2], [0.29282, 51.78948, 61.2], [0.2929, 51.78928, 61.4], [0.29293, 51.78913, 61.6], [0.29296, 51.78904, 61.9], [0.293, 51.78876, 62.9], [0.29301, 51.78865, 63.2], [0.29303, 51.78846, 63.9], [0.29303, 51.78842, 64.1], [0.29302, 51.78834, 64.4], [0.29301, 51.78824, 64.5], [0.29299, 51.78815, 64.7], [0.29296, 51.78805, 64.8], [0.2929, 51.78797, 64.9], [0.29276, 51.78774, 65.1], [0.29275, 51.78772, 65.1], [0.29267, 51.78756, 65.2], [0.29266, 51.78749, 65.2], [0.29266, 51.78749, 65.2], [0.29266, 51.78749, 65.2], [0.29265, 51.78743, 65.1], [0.29263, 51.78701, 64.4], [0.29262, 51.78683, 64.1], [0.29262, 51.78671, 63.9], [0.29259, 51.78632, 63.5], [0.29258, 51.7863, 63.5], [0.29257, 51.78612, 63.3], [0.29257, 51.78609, 63.2], [0.29258, 51.78591, 63.0], [0.29262, 51.78576, 62.7], [0.29272, 51.78538, 61.6], [0.29283, 51.78505, 60.7], [0.29286, 51.78494, 60.6], [0.29286, 51.78493, 60.7], [0.29289, 51.78467, 60.9], [0.29286, 51.78439, 61.3], [0.29278, 51.78411, 61.6], [0.29274, 51.78391, 61.4], [0.29274, 51.7839, 61.4], [0.29273, 51.78387, 61.4], [0.29272, 51.78383, 61.3], [0.29272, 51.78374, 61.2], [0.29271, 51.7837, 61.2], [0.29271, 51.78356, 61.0], [0.29271, 51.78338, 60.8], [0.29271, 51.78333, 60.7], [0.29271, 51.78318, 60.6], [0.2927, 51.78315, 60.5], [0.29269, 51.78289, 60.2], [0.29269, 51.78284, 60.2], [0.29268, 51.78268, 60.0], [0.29268, 51.78266, 60.0], [0.29268, 51.78261, 59.9], [0.29266, 51.78248, 59.8], [0.29265, 51.78241, 59.9], [0.2926, 51.7823, 60.1], [0.29258, 51.78226, 60.2], [0.29255, 51.7822, 60.3], [0.2924, 51.78198, 60.6], [0.29225, 51.78175, 60.9], [0.2922, 51.78166, 61.0], [0.29217, 51.78159, 61.1], [0.29216, 51.78156, 61.1], [0.29213, 51.78146, 61.2], [0.29213, 51.78145, 61.3], [0.29213, 51.78141, 61.3], [0.29212, 51.78136, 61.4], [0.29212, 51.78128, 61.5], [0.29212, 51.78121, 61.5], [0.29211, 51.78098, 61.8], [0.29211, 51.78092, 61.9], [0.2921, 51.78066, 62.1], [0.29208, 51.78056, 62.2], [0.29203, 51.78021, 62.4], [0.29203, 51.7802, 62.4], [0.29202, 51.78015, 62.5], [0.29199, 51.78003, 62.6], [0.29199, 51.78002, 62.6], [0.29197, 51.77998, 62.7], [0.29193, 51.77983, 62.8], [0.29179, 51.77948, 63.4], [0.29174, 51.77932, 63.7], [0.29165, 51.77905, 64.0], [0.29163, 51.77892, 64.1], [0.2916, 51.77879, 64.2], [0.29159, 51.77874, 64.2], [0.29156, 51.77861, 64.3], [0.29156, 51.77857, 64.3], [0.29152, 51.77849, 64.4], [0.29148, 51.77843, 64.4], [0.29143, 51.77838, 64.6], [0.29133, 51.7783, 64.9], [0.29102, 51.77817, 65.9], [0.29082, 51.7781, 66.6], [0.29073, 51.77806, 66.8], [0.29017, 51.77783, 68.0], [0.29, 51.77773, 68.4], [0.2899, 51.77763, 68.8], [0.28983, 51.77751, 69.2], [0.28982, 51.77749, 69.2], [0.28981, 51.77744, 69.3], [0.2898, 51.77743, 69.3], [0.28977, 51.7773, 69.4], [0.28972, 51.77695, 69.8], [0.28965, 51.77678, 69.9], [0.28955, 51.77662, 69.8], [0.28944, 51.77648, 69.3], [0.28942, 51.77646, 69.2], [0.28929, 51.77633, 68.7], [0.28922, 51.77626, 68.5], [0.28911, 51.77618, 68.3], [0.28903, 51.7761, 68.1], [0.28895, 51.77603, 67.9], [0.28879, 51.77589, 67.6], [0.28878, 51.77588, 67.6], [0.28869, 51.77579, 67.4], [0.28848, 51.77561, 66.8], [0.28809, 51.77532, 65.8], [0.28788, 51.77515, 65.3], [0.28771, 51.775, 64.7], [0.28756, 51.77485, 64.6], [0.28745, 51.77471, 64.3], [0.28729, 51.77444, 63.7], [0.28726, 51.77437, 63.6], [0.28717, 51.7742, 63.1], [0.28716, 51.77418, 63.0], [0.2871, 51.77403, 62.8], [0.28702, 51.77385, 62.6], [0.28697, 51.7737, 62.4], [0.28684, 51.77338, 62.1], [0.28684, 51.77337, 62.0], [0.28683, 51.77334, 62.0], [0.28667, 51.77293, 63.0], [0.28663, 51.77284, 63.2], [0.28657, 51.77267, 63.7], [0.28652, 51.77254, 64.1], [0.28637, 51.77206, 65.4], [0.28632, 51.77191, 65.8], [0.28622, 51.77173, 66.4], [0.28605, 51.77139, 67.4], [0.28602, 51.77127, 67.7], [0.28597, 51.77109, 68.2], [0.28595, 51.77104, 68.4], [0.28592, 51.77074, 68.9], [0.28591, 51.77071, 68.9], [0.28593, 51.77056, 68.9], [0.28596, 51.77045, 68.9], [0.28603, 51.77034, 68.9], [0.28614, 51.77023, 68.9], [0.28623, 51.77013, 68.9], [0.28636, 51.77002, 69.0], [0.28648, 51.7699, 68.9], [0.28652, 51.76979, 68.7], [0.28652, 51.76975, 68.6], [0.28652, 51.76969, 68.6], [0.28648, 51.76957, 68.4], [0.28639, 51.76942, 68.1], [0.2863, 51.7693, 67.8], [0.28614, 51.76912, 67.1], [0.28594, 51.76894, 66.0], [0.28585, 51.76886, 65.5], [0.28577, 51.76879, 65.2], [0.28559, 51.76865, 64.5], [0.28532, 51.76855, 64.0], [0.28514, 51.76848, 63.7], [0.28483, 51.76839, 63.5], [0.28453, 51.76832, 63.6], [0.28426, 51.76825, 64.1], [0.2841, 51.76821, 64.4], [0.28374, 51.76816, 64.9], [0.28354, 51.76812, 65.3], [0.28343, 51.76809, 65.5], [0.28338, 51.76807, 65.6], [0.28318, 51.76797, 66.1], [0.28298, 51.76779, 66.7], [0.28285, 51.7675, 67.6], [0.28284, 51.76748, 67.6], [0.28271, 51.76727, 68.0], [0.28259, 51.76709, 68.3], [0.28244, 51.7669, 68.8], [0.2824, 51.76685, 69.0], [0.28228, 51.76675, 69.4], [0.28207, 51.76663, 70.0], [0.28205, 51.76662, 70.0], [0.2819, 51.76654, 70.2], [0.28178, 51.76648, 70.3], [0.28156, 51.76639, 70.5], [0.28129, 51.7663, 70.8], [0.28095, 51.76622, 71.2], [0.28045, 51.76613, 71.7], [0.28037, 51.76612, 71.7], [0.2799, 51.76603, 72.0], [0.27967, 51.76597, 72.1], [0.27963, 51.76595, 72.1], [0.2795, 51.7659, 72.0], [0.27942, 51.76586, 72.0], [0.27939, 51.76585, 72.0], [0.27931, 51.7658, 71.8], [0.2792, 51.76571, 71.4], [0.27913, 51.76565, 71.1], [0.27906, 51.76556, 70.7], [0.27895, 51.76535, 69.8], [0.27885, 51.76507, 68.7], [0.27876, 51.76471, 68.7], [0.27875, 51.76468, 68.7], [0.27867, 51.76432, 69.1], [0.27865, 51.76422, 69.2], [0.2786, 51.76397, 69.7], [0.27857, 51.76379, 70.1], [0.27851, 51.76345, 70.8], [0.27848, 51.76325, 71.3], [0.27847, 51.76316, 71.6], [0.27845, 51.76307, 71.9], [0.27842, 51.76295, 72.3], [0.2784, 51.7629, 72.5], [0.27834, 51.76273, 73.2], [0.27833, 51.76272, 73.2], [0.27824, 51.76255, 73.9], [0.27813, 51.76239, 74.5], [0.27803, 51.76224, 75.0], [0.27782, 51.76188, 76.1], [0.27778, 51.76181, 76.3], [0.27774, 51.76171, 76.6], [0.27767, 51.76157, 76.8], [0.27759, 51.76138, 76.9], [0.2775, 51.76123, 77.0], [0.27741, 51.76096, 77.0], [0.27736, 51.76076, 76.9], [0.27729, 51.76046, 76.6], [0.27724, 51.76012, 76.1], [0.27723, 51.76005, 76.1], [0.2772, 51.75978, 76.5], [0.2772, 51.75976, 76.5], [0.27721, 51.75949, 77.0], [0.27721, 51.75941, 77.2], [0.27722, 51.75868, 76.9], [0.27724, 51.75819, 76.3], [0.27728, 51.75786, 76.1], [0.27729, 51.75779, 76.1], [0.27732, 51.75761, 76.0], [0.27734, 51.75743, 76.0], [0.27734, 51.75741, 76.0], [0.2774, 51.75696, 76.1], [0.27741, 51.75672, 76.1], [0.27739, 51.75651, 76.0], [0.27737, 51.75635, 75.8], [0.27735, 51.75625, 75.8], [0.27733, 51.75617, 75.7], [0.27726, 51.75584, 75.6], [0.27723, 51.75564, 74.8], [0.27722, 51.7556, 74.6], [0.27721, 51.75546, 74.0], [0.27712, 51.75474, 71.4], [0.27712, 51.75473, 71.4], [0.27709, 51.75449, 70.8], [0.27708, 51.75438, 70.5], [0.27707, 51.75426, 70.2], [0.27702, 51.75407, 69.8], [0.277, 51.75403, 69.8], [0.27694, 51.75388, 69.5], [0.27686, 51.75368, 69.3], [0.27678, 51.75346, 69.0], [0.27674, 51.75333, 68.9], [0.27669, 51.75315, 67.9], [0.27666, 51.75306, 67.3], [0.2766, 51.7528, 65.7], [0.2766, 51.75279, 65.7], [0.27659, 51.7527, 65.2], [0.27661, 51.75262, 64.7], [0.27661, 51.75259, 64.5], [0.27666, 51.75248, 63.9], [0.27668, 51.75244, 63.8], [0.2767, 51.75241, 63.7], [0.27682, 51.7523, 63.5], [0.27683, 51.75229, 63.4], [0.27692, 51.75222, 63.3], [0.27703, 51.75216, 63.2], [0.27709, 51.75212, 63.1], [0.27727, 51.75205, 63.1], [0.27749, 51.75197, 63.1], [0.27772, 51.75187, 63.0], [0.27775, 51.75186, 63.0], [0.27784, 51.75182, 63.0], [0.27795, 51.75174, 62.8], [0.27796, 51.75174, 62.8], [0.27806, 51.75166, 62.6], [0.27815, 51.75157, 62.4], [0.27821, 51.7515, 62.3], [0.27826, 51.75143, 62.1], [0.27837, 51.75124, 61.5], [0.27843, 51.75108, 60.9], [0.27845, 51.75102, 60.7], [0.27847, 51.75094, 60.4], [0.27851, 51.75077, 59.8], [0.27853, 51.75055, 59.1], [0.27853, 51.75051, 58.9], [0.27854, 51.75037, 58.5], [0.27855, 51.75023, 58.0], [0.27855, 51.75019, 57.9], [0.27856, 51.74997, 57.2], [0.27855, 51.74983, 56.7], [0.27854, 51.74979, 56.6], [0.27854, 51.74972, 56.3], [0.27852, 51.74965, 56.1], [0.27849, 51.74952, 55.6], [0.27846, 51.74933, 54.9], [0.27845, 51.74932, 54.8], [0.27836, 51.74911, 54.0], [0.27831, 51.74899, 53.8], [0.27826, 51.74889, 53.8], [0.27824, 51.74882, 53.7], [0.27818, 51.74864, 53.7], [0.27813, 51.74837, 53.5], [0.27812, 51.74831, 53.5], [0.27808, 51.74804, 53.5], [0.27807, 51.74795, 53.5], [0.27803, 51.74775, 53.5], [0.27797, 51.74748, 53.4], [0.27796, 51.74727, 53.4], [0.27796, 51.7471, 53.4], [0.27797, 51.74696, 53.4], [0.27802, 51.74677, 53.4], [0.27807, 51.74664, 53.3], [0.27814, 51.7465, 52.8], [0.27823, 51.74629, 52.2], [0.27825, 51.74625, 52.1], [0.27827, 51.74619, 51.9], [0.2783, 51.74608, 51.6], [0.27835, 51.74583, 51.0], [0.27834, 51.74563, 50.8], [0.27831, 51.74536, 50.5], [0.27826, 51.74523, 50.4], [0.27821, 51.74507, 50.2], [0.27821, 51.74507, 50.2], [0.27815, 51.74506, 50.3], [0.27809, 51.74505, 50.4], [0.27804, 51.74501, 50.4], [0.27796, 51.74493, 50.4], [0.27787, 51.74482, 50.5], [0.27779, 51.74469, 50.5], [0.27774, 51.74457, 50.6], [0.27774, 51.74457, 50.6], [0.27772, 51.74451, 50.6], [0.27771, 51.74445, 50.6], [0.27771, 51.74435, 50.6], [0.27771, 51.74435, 50.6], [0.27765, 51.74428, 50.7], [0.27729, 51.74388, 51.3], [0.27728, 51.74386, 51.3], [0.27693, 51.74347, 51.7], [0.27659, 51.74309, 51.5], [0.27645, 51.74293, 51.3], [0.27644, 51.74292, 51.3], [0.27639, 51.74287, 51.2], [0.27614, 51.74258, 50.8], [0.27605, 51.74246, 50.7], [0.27604, 51.74244, 50.8], [0.27603, 51.74243, 50.8], [0.27602, 51.74242, 50.8], [0.27591, 51.74229, 50.9], [0.27578, 51.74209, 51.1], [0.27569, 51.74194, 51.2], [0.27557, 51.74172, 51.3], [0.27545, 51.74148, 51.1], [0.27542, 51.74143, 51.1], [0.27542, 51.74142, 51.1], [0.27529, 51.74117, 50.8], [0.27512, 51.74093, 50.8], [0.275, 51.74078, 50.9], [0.27498, 51.74075, 50.9], [0.27478, 51.74051, 50.3], [0.27473, 51.74046, 50.2], [0.27472, 51.74044, 50.2], [0.27458, 51.74029, 49.8], [0.27434, 51.74005, 49.3], [0.27415, 51.73991, 49.1], [0.27394, 51.73978, 49.3], [0.27367, 51.73964, 49.4], [0.27362, 51.73961, 49.5], [0.27349, 51.73955, 49.5], [0.27339, 51.7395, 49.6], [0.27317, 51.73939, 50.1], [0.2727, 51.73918, 51.5], [0.27248, 51.73913, 52.0], [0.2723, 51.7391, 52.3], [0.27204, 51.73908, 52.6], [0.27165, 51.73906, 53.2], [0.27122, 51.73907, 53.7], [0.2712, 51.73907, 53.7], [0.27098, 51.73908, 54.0], [0.2707, 51.73909, 54.3], [0.27043, 51.73909, 54.7], [0.27017, 51.73908, 55.0], [0.27008, 51.73908, 55.1], [0.27004, 51.73907, 55.2], [0.26992, 51.73906, 55.4], [0.26966, 51.73902, 55.8], [0.26949, 51.73899, 56.0], [0.26927, 51.73893, 56.4], [0.26908, 51.73888, 56.8], [0.26895, 51.73884, 57.0], [0.26882, 51.7388, 57.3], [0.2685, 51.73867, 58.0], [0.26803, 51.73848, 59.0], [0.26774, 51.73834, 59.7], [0.26764, 51.7383, 59.9], [0.26761, 51.73828, 59.9], [0.26735, 51.73815, 60.2], [0.26719, 51.73805, 60.3], [0.26697, 51.73793, 60.5], [0.26689, 51.73788, 60.5], [0.26678, 51.73781, 60.6], [0.26658, 51.73767, 61.0], [0.26643, 51.73754, 61.5], [0.26639, 51.7375, 61.7], [0.26622, 51.73734, 62.1], [0.26603, 51.73715, 62.5], [0.26597, 51.73708, 62.7], [0.26596, 51.73707, 62.7], [0.26587, 51.73698, 62.9], [0.26579, 51.73688, 63.1], [0.26568, 51.73677, 63.2], [0.26567, 51.73676, 63.2], [0.26544, 51.73649, 62.8], [0.26529, 51.73629, 62.3], [0.26527, 51.73626, 62.2], [0.26517, 51.7361, 61.8], [0.26507, 51.73593, 61.3], [0.26504, 51.73589, 61.2], [0.26498, 51.73576, 60.9], [0.26496, 51.73571, 60.9], [0.26488, 51.73553, 60.8], [0.26483, 51.73541, 60.7], [0.26477, 51.73527, 60.6], [0.26467, 51.73506, 60.5], [0.26461, 51.73493, 60.5], [0.26445, 51.73463, 60.8], [0.26424, 51.73433, 61.6], [0.26406, 51.73409, 62.4], [0.26384, 51.73385, 63.5], [0.26383, 51.73384, 63.6], [0.26365, 51.73367, 64.4], [0.26343, 51.73348, 65.4], [0.26329, 51.73336, 66.0], [0.2629, 51.73311, 66.8], [0.26272, 51.73301, 67.1], [0.2625, 51.73289, 67.5], [0.26239, 51.73284, 67.6], [0.26227, 51.73278, 67.8], [0.26204, 51.73267, 68.2], [0.2619, 51.73261, 68.5], [0.26139, 51.7324, 69.3], [0.261359, 51.73239, 69.3], [0.26107, 51.73228, 69.6], [0.26083, 51.73218, 70.0], [0.260579, 51.73208, 70.2], [0.260529, 51.73206, 70.2], [0.259969, 51.73182, 70.8], [0.259249, 51.73149, 70.0], [0.259, 51.73132, 70.0], [0.25874, 51.73114, 70.1], [0.25857, 51.73099, 70.4], [0.25844, 51.73084, 70.9], [0.25837, 51.73072, 70.8], [0.25834, 51.73065, 70.8], [0.25827, 51.73046, 70.5], [0.258249, 51.73041, 70.4], [0.25824, 51.73037, 70.3], [0.25813, 51.73005, 69.8], [0.257969, 51.72973, 69.1], [0.25776, 51.7294, 68.4], [0.25754, 51.72909, 67.9], [0.257469, 51.72902, 67.8], [0.25722, 51.72874, 67.8], [0.25688, 51.72836, 68.5], [0.25654, 51.72796, 68.4], [0.25634, 51.7277, 67.8], [0.256249, 51.72758, 67.6], [0.25617, 51.72747, 67.4], [0.2559, 51.72701, 68.2], [0.255699, 51.72663, 69.0], [0.25568, 51.7266, 69.1], [0.25533, 51.72608, 69.3], [0.255199, 51.72588, 69.2], [0.25502, 51.72559, 68.7], [0.25491, 51.72545, 68.4], [0.25478, 51.72529, 68.0], [0.25462, 51.72513, 67.6], [0.25446, 51.72491, 67.1], [0.25422, 51.7246, 66.0], [0.254029, 51.72433, 65.4], [0.25385, 51.72405, 64.6], [0.25372, 51.72384, 63.8], [0.25363, 51.72372, 63.4], [0.253479, 51.72357, 62.9], [0.25341, 51.72352, 62.7], [0.2533, 51.72342, 62.3], [0.25329, 51.72338, 62.1], [0.25329, 51.72331, 61.9], [0.25328, 51.7233, 61.9], [0.25327, 51.72318, 61.7], [0.25327, 51.72313, 61.7], [0.25328, 51.72312, 61.7], [0.25328, 51.72311, 61.7], [0.25328, 51.7231, 61.7], [0.25328, 51.72309, 61.6], [0.25328, 51.72308, 61.6], [0.25328, 51.72307, 61.6], [0.25328, 51.72306, 61.6], [0.25328, 51.72305, 61.6], [0.25327, 51.72305, 61.6], [0.25327, 51.72304, 61.6], [0.253259, 51.72303, 61.5], [0.253249, 51.72302, 61.5], [0.253249, 51.72301, 61.5], [0.25324, 51.72301, 61.5], [0.25323, 51.723, 61.5], [0.25322, 51.723, 61.5], [0.25322, 51.72299, 61.5], [0.25321, 51.72299, 61.4], [0.253199, 51.72299, 61.4], [0.25319, 51.72298, 61.4], [0.25317, 51.72297, 61.4], [0.25316, 51.72297, 61.4], [0.25315, 51.72297, 61.3], [0.253139, 51.72297, 61.3], [0.25313, 51.72297, 61.3], [0.25312, 51.72297, 61.3], [0.25311, 51.72297, 61.3], [0.2531, 51.72297, 61.3], [0.253089, 51.72297, 61.3], [0.25308, 51.72297, 61.3], [0.25307, 51.72298, 61.3], [0.25306, 51.72298, 61.2], [0.25305, 51.72298, 61.2], [0.25288, 51.72294, 61.0], [0.252749, 51.7229, 60.8], [0.25272, 51.7229, 60.7], [0.252589, 51.72283, 60.5], [0.25254, 51.7228, 60.4], [0.25249, 51.72277, 60.3], [0.252369, 51.72264, 60.0], [0.25228, 51.72254, 59.8], [0.25221, 51.72241, 59.4], [0.25211, 51.72227, 58.8], [0.25199, 51.72215, 58.4], [0.25194, 51.7221, 58.2], [0.251859, 51.72202, 57.9], [0.251759, 51.72194, 57.7], [0.25171, 51.72189, 57.6], [0.25166, 51.72185, 57.4], [0.25158, 51.72176, 57.3], [0.25146, 51.72161, 57.2], [0.25139, 51.72144, 57.2], [0.25134, 51.72125, 57.2], [0.25133, 51.72124, 57.2], [0.25133, 51.72122, 57.2], [0.25128, 51.72105, 57.1], [0.25123, 51.72087, 57.0], [0.25117, 51.72072, 57.2], [0.251139, 51.72064, 57.3], [0.25099, 51.72032, 58.0], [0.25095, 51.72024, 58.2], [0.25091, 51.72017, 58.4], [0.25084, 51.72005, 58.9], [0.250699, 51.71986, 59.2], [0.25063, 51.71979, 59.2], [0.250529, 51.71969, 59.4], [0.25034, 51.71951, 59.6], [0.250139, 51.71932, 59.8], [0.24969, 51.71891, 60.3], [0.24967, 51.71889, 60.3], [0.24946, 51.71873, 60.5], [0.24923, 51.71854, 60.8], [0.24882, 51.71818, 61.3], [0.24848, 51.71792, 61.9], [0.24844, 51.71789, 62.0], [0.24838, 51.71785, 62.1], [0.24823, 51.71776, 62.2], [0.24791, 51.71762, 62.1], [0.24771, 51.71754, 62.1], [0.24756, 51.71747, 62.1], [0.24751, 51.71745, 62.1], [0.24715, 51.71724, 62.4], [0.24682, 51.71702, 63.0], [0.24664, 51.71689, 63.4], [0.24652, 51.71678, 63.5], [0.24649, 51.71675, 63.6], [0.24648, 51.71674, 63.6], [0.24638, 51.71662, 63.7], [0.24623, 51.71641, 63.6], [0.24622, 51.71639, 63.6], [0.24605, 51.71613, 63.7], [0.24591, 51.71589, 63.9], [0.24572, 51.71566, 64.4], [0.24539, 51.71527, 65.4], [0.24534, 51.71516, 65.6], [0.24531, 51.71508, 65.8], [0.24527, 51.71498, 66.0], [0.24524, 51.71483, 65.9], [0.24523, 51.71478, 65.9], [0.2452, 51.7147, 65.9], [0.24511, 51.71446, 65.9], [0.24505, 51.71423, 65.9], [0.245, 51.71402, 65.8], [0.24496, 51.71383, 65.6], [0.24495, 51.71352, 65.2], [0.24495, 51.71342, 65.1], [0.24495, 51.71323, 65.0], [0.24495, 51.71309, 65.0], [0.24495, 51.71303, 65.0], [0.24505, 51.71288, 65.0], [0.24505, 51.71288, 65.0], [0.24511, 51.71287, 64.9], [0.24514, 51.71286, 64.9], [0.24517, 51.71286, 64.9], [0.2452, 51.71285, 64.9], [0.24522, 51.71284, 64.9], [0.24524, 51.71282, 64.9], [0.24527, 51.71281, 64.9], [0.24529, 51.7128, 64.9], [0.24531, 51.71277, 64.9], [0.24533, 51.71275, 64.9], [0.24534, 51.71273, 64.9], [0.24535, 51.71271, 64.9], [0.24536, 51.71268, 64.9], [0.24536, 51.71266, 64.9], [0.24536, 51.71263, 64.9], [0.24536, 51.71261, 64.9], [0.24535, 51.71259, 65.0], [0.24534, 51.71256, 65.0], [0.24532, 51.71254, 65.0], [0.24531, 51.71252, 65.0], [0.24528, 51.7125, 65.0], [0.24526, 51.71249, 65.0], [0.24524, 51.71247, 65.0], [0.24521, 51.71246, 65.0], [0.24518, 51.71244, 64.9], [0.24515, 51.71244, 64.9], [0.24512, 51.71243, 64.9], [0.24509, 51.71242, 64.9], [0.24506, 51.71242, 64.9], [0.24503, 51.71242, 64.9], [0.24499, 51.71242, 64.9], [0.24496, 51.71242, 64.9], [0.24493, 51.71242, 64.8], [0.2449, 51.71243, 64.8], [0.24485, 51.71244, 64.7], [0.24483, 51.71245, 64.7], [0.2448, 51.71246, 64.7], [0.24477, 51.71247, 64.7], [0.24475, 51.71249, 64.7], [0.24473, 51.7125, 64.7], [0.24471, 51.71252, 64.7], [0.2447, 51.71254, 64.7], [0.24428, 51.71266, 64.3], [0.2441, 51.71268, 64.2], [0.24381, 51.71271, 64.3], [0.24345, 51.71274, 64.3], [0.24338, 51.71275, 64.3], [0.24308, 51.71277, 64.1], [0.24263, 51.7128, 63.8], [0.24229, 51.71282, 63.6], [0.24222, 51.71282, 63.6], [0.24217, 51.71282, 63.5], [0.24177, 51.71283, 63.3], [0.24087, 51.71285, 61.3], [0.24047, 51.71286, 60.7], [0.23962, 51.71288, 59.0], [0.23889, 51.71289, 57.4], [0.2386, 51.7129, 56.9], [0.23779, 51.71292, 54.9], [0.23739, 51.71293, 53.8], [0.23716, 51.71293, 53.2], [0.23692, 51.71294, 52.6], [0.23659, 51.71296, 51.8], [0.23645, 51.71298, 51.5], [0.23635, 51.71298, 51.2], [0.2363, 51.71299, 51.1], [0.2361, 51.71302, 50.6], [0.23588, 51.71306, 50.1], [0.2358, 51.71307, 49.9], [0.2357, 51.7131, 49.7], [0.23536, 51.71318, 48.9], [0.23513, 51.71323, 48.3], [0.23501, 51.71325, 48.0], [0.23488, 51.71327, 47.7], [0.23487, 51.71327, 47.7], [0.23477, 51.71328, 47.4], [0.23473, 51.71328, 47.4], [0.23464, 51.71329, 47.1], [0.23452, 51.7133, 46.8], [0.23444, 51.7133, 46.7], [0.2344, 51.7133, 46.6], [0.2343, 51.7133, 46.3], [0.23419, 51.7133, 46.1], [0.23386, 51.71329, 45.6], [0.23338, 51.71328, 45.6], [0.2331, 51.71328, 45.6], [0.2329, 51.71329, 45.6], [0.23276, 51.71331, 45.7], [0.23259, 51.71334, 45.9], [0.23241, 51.71337, 46.1], [0.23224, 51.71342, 46.3], [0.23211, 51.71346, 46.5], [0.23195, 51.71352, 46.7], [0.23179, 51.71359, 46.9], [0.23162, 51.71367, 47.0], [0.23129, 51.71385, 47.0], [0.23119, 51.7139, 47.0], [0.23109, 51.71394, 47.0], [0.23092, 51.714, 47.0], [0.23058, 51.71412, 47.0], [0.23056, 51.71412, 47.0], [0.23053, 51.71413, 47.0], [0.22955, 51.71444, 47.2], [0.229, 51.7146, 47.6], [0.22897, 51.71461, 47.6], [0.22882, 51.71465, 47.7], [0.2287, 51.71469, 47.7], [0.22845, 51.71477, 47.9], [0.22832, 51.71481, 48.0], [0.22806, 51.71493, 48.3], [0.22788, 51.71503, 48.6], [0.22777, 51.7151, 48.7], [0.22774, 51.71512, 48.8], [0.22765, 51.7152, 48.9], [0.22757, 51.71529, 48.9], [0.22749, 51.71538, 49.0], [0.22744, 51.71548, 49.0], [0.22739, 51.71561, 49.0], [0.22734, 51.71578, 49.0], [0.22728, 51.71614, 49.6], [0.22726, 51.71628, 49.9], [0.22723, 51.71644, 50.2], [0.22721, 51.71656, 50.4], [0.22718, 51.71667, 50.6], [0.22714, 51.71678, 50.4], [0.22711, 51.71686, 50.3], [0.22705, 51.71697, 50.1], [0.22704, 51.71698, 50.1], [0.227, 51.71705, 49.9], [0.22694, 51.71714, 49.8], [0.22685, 51.71723, 49.5], [0.22676, 51.71731, 49.3], [0.22658, 51.71743, 49.3], [0.22637, 51.71758, 49.8], [0.22619, 51.7177, 50.2], [0.22605, 51.7178, 50.6], [0.22594, 51.71786, 50.8], [0.22579, 51.71795, 51.0], [0.22568, 51.71801, 51.1], [0.22552, 51.71809, 51.1], [0.22538, 51.71816, 51.1], [0.22523, 51.71823, 51.1], [0.22509, 51.71828, 51.1], [0.22497, 51.71834, 51.0], [0.22476, 51.71842, 51.0], [0.22456, 51.7185, 51.0], [0.22403, 51.7187, 51.5], [0.22396, 51.71873, 51.6], [0.2238, 51.7188, 51.8], [0.22367, 51.71887, 52.0], [0.22361, 51.7189, 52.1], [0.22349, 51.71898, 52.4], [0.2234, 51.71904, 52.6], [0.22328, 51.71914, 52.9], [0.22326, 51.71915, 52.9], [0.22318, 51.71922, 52.8], [0.22312, 51.71928, 52.7], [0.22296, 51.71943, 52.6], [0.22295, 51.71945, 52.5], [0.22277, 51.71963, 52.3], [0.22264, 51.71975, 52.2], [0.22252, 51.71985, 52.0], [0.22241, 51.71993, 51.9], [0.22229, 51.72, 51.7], [0.22214, 51.72007, 51.8], [0.22204, 51.72011, 51.8], [0.22179, 51.72021, 51.9], [0.2217, 51.72025, 51.9], [0.22155, 51.72031, 52.0], [0.2215, 51.72033, 52.0], [0.22075, 51.72061, 52.2], [0.22054, 51.72069, 52.5], [0.22042, 51.72074, 52.7], [0.22031, 51.72077, 52.8], [0.22017, 51.72081, 52.9], [0.2201, 51.72083, 53.0], [0.21999, 51.72085, 53.0], [0.21973, 51.72088, 53.0], [0.21948, 51.7209, 53.0], [0.21913, 51.72091, 52.9], [0.21904, 51.72092, 52.9], [0.21839, 51.72092, 52.8], [0.21828, 51.72093, 52.7], [0.21785, 51.72093, 52.3], [0.21712, 51.72093, 52.0], [0.21681, 51.72094, 52.0], [0.21668, 51.72094, 52.0], [0.21652, 51.72095, 52.2], [0.21639, 51.72095, 52.4], [0.21622, 51.72095, 52.7], [0.21616, 51.72095, 52.8], [0.21593, 51.72096, 53.2], [0.21559, 51.72097, 53.7], [0.21552, 51.72098, 53.8], [0.21544, 51.72098, 53.9], [0.21499, 51.721, 54.6], [0.21465, 51.72102, 54.9], [0.21457, 51.72103, 55.0], [0.2144, 51.72104, 55.1], [0.21437, 51.72104, 55.1], [0.21391, 51.72108, 55.3], [0.21344, 51.72113, 55.4], [0.21342, 51.72113, 55.4], [0.21305, 51.72119, 55.5], [0.21272, 51.72126, 55.5], [0.21238, 51.72134, 55.4], [0.21205, 51.72142, 55.3], [0.21204, 51.72142, 55.3], [0.21155, 51.72154, 55.3], [0.21151, 51.72155, 55.3], [0.21132, 51.7216, 55.5], [0.21124, 51.72162, 55.6], [0.21123, 51.72162, 55.6], [0.21087, 51.72171, 55.9], [0.2107, 51.72175, 55.9], [0.21058, 51.72178, 55.9], [0.21037, 51.72186, 55.8], [0.21023, 51.72191, 55.7], [0.20992, 51.72205, 55.6], [0.20979, 51.72211, 55.7], [0.20973, 51.72214, 55.8], [0.20964, 51.72219, 55.8], [0.20936, 51.72234, 56.0], [0.20911, 51.72247, 56.1], [0.20884, 51.7226, 56.6], [0.20881, 51.72261, 56.7], [0.2087, 51.72266, 56.9], [0.2086, 51.7227, 57.2], [0.20825, 51.72282, 57.9], [0.20782, 51.72295, 59.0], [0.20774, 51.72298, 59.2], [0.20738, 51.72309, 59.9], [0.20731, 51.72311, 60.0], [0.20709, 51.72318, 60.3], [0.20679, 51.72328, 60.8], [0.20657, 51.72335, 61.2], [0.20626, 51.72347, 61.9], [0.20599, 51.72358, 62.6], [0.20595, 51.72359, 62.7], [0.20577, 51.72367, 63.3], [0.20564, 51.72373, 63.8], [0.20555, 51.72377, 64.1], [0.20532, 51.72386, 64.9], [0.20505, 51.72397, 66.0], [0.20472, 51.72409, 67.0], [0.20426, 51.72424, 68.0], [0.20324, 51.72457, 70.6], [0.20266, 51.72476, 72.5], [0.20219, 51.72491, 73.9], [0.20173, 51.72505, 75.0], [0.20144, 51.72514, 75.7], [0.20125, 51.72519, 76.1], [0.20105, 51.72524, 76.5], [0.20082, 51.72529, 77.0], [0.20076, 51.7253, 77.1], [0.20049, 51.72533, 77.4], [0.20033, 51.72534, 77.5], [0.20006, 51.72535, 77.7], [0.19989, 51.72535, 77.7], [0.19966, 51.72535, 77.7], [0.19931, 51.72534, 77.8], [0.19906, 51.72533, 77.7], [0.19902, 51.72533, 77.7], [0.19837, 51.72531, 77.4], [0.19734, 51.72527, 77.8], [0.19672, 51.72526, 78.3], [0.19638, 51.72525, 78.1], [0.19617, 51.72524, 77.8], [0.196, 51.72521, 77.7], [0.19583, 51.72518, 77.6], [0.19567, 51.72513, 77.5], [0.19558, 51.7251, 77.5], [0.19553, 51.72509, 77.5], [0.19533, 51.72501, 77.4], [0.19522, 51.72497, 77.3], [0.19491, 51.72483, 77.1], [0.19451, 51.72465, 77.8], [0.19434, 51.72459, 78.2], [0.19418, 51.72453, 78.5], [0.19413, 51.72451, 78.6], [0.19404, 51.72448, 78.8], [0.1939, 51.72445, 79.0], [0.19386, 51.72444, 79.0], [0.19375, 51.72441, 79.2], [0.19357, 51.72438, 79.5], [0.1934, 51.72435, 79.7], [0.19323, 51.72433, 79.8], [0.19291, 51.7243, 79.8], [0.19264, 51.72428, 79.9], [0.19229, 51.72425, 79.9], [0.19209, 51.72424, 79.9], [0.19148, 51.72419, 80.2], [0.19121, 51.72417, 80.5], [0.19022, 51.72409, 81.9], [0.18997, 51.72407, 82.1], [0.18981, 51.72406, 81.9], [0.18962, 51.72406, 81.7], [0.18941, 51.72408, 81.5], [0.18912, 51.7241, 81.2], [0.18897, 51.72412, 81.1], [0.18897, 51.72412, 81.1], [0.18885, 51.72413, 81.1], [0.18863, 51.72414, 81.1], [0.18857, 51.72415, 81.0], [0.18835, 51.72415, 81.0], [0.18823, 51.72415, 80.9], [0.18806, 51.72415, 80.7], [0.18792, 51.72415, 80.5], [0.18777, 51.72414, 80.4], [0.18753, 51.72413, 80.1], [0.18716, 51.72411, 79.7], [0.1867, 51.7241, 79.1], [0.18647, 51.72409, 79.3], [0.18591, 51.72406, 80.0], [0.18589, 51.72406, 80.1], [0.1856, 51.72405, 80.4], [0.18522, 51.72404, 80.8], [0.18502, 51.72403, 81.0], [0.18476, 51.72402, 81.6], [0.18386, 51.72399, 83.7], [0.18357, 51.72398, 84.4], [0.18343, 51.72398, 84.8], [0.18304, 51.72398, 85.7], [0.18272, 51.72399, 86.5], [0.18254, 51.72399, 86.9], [0.18209, 51.72399, 87.5], [0.18198, 51.72398, 87.6], [0.18184, 51.72396, 87.8], [0.18175, 51.72396, 87.9], [0.18135, 51.72394, 88.9], [0.18133, 51.72393, 88.9], [0.18132, 51.72392, 89.0], [0.18131, 51.72391, 89.0], [0.18129, 51.72391, 89.0], [0.18128, 51.7239, 89.1], [0.18126, 51.7239, 89.1], [0.18125, 51.72389, 89.2], [0.18123, 51.72389, 89.2], [0.1811, 51.72374, 89.7], [0.18087, 51.72355, 90.6], [0.18073, 51.72343, 91.1], [0.18037, 51.72315, 92.1], [0.18016, 51.72296, 92.6], [0.17984, 51.72261, 93.2], [0.17975, 51.72248, 93.3], [0.1797, 51.72242, 93.5], [0.17948, 51.72214, 94.3], [0.17947, 51.72212, 94.4], [0.17945, 51.7221, 94.5], [0.17907, 51.72161, 96.0], [0.17883, 51.72132, 96.0], [0.17865, 51.72114, 96.0], [0.17855, 51.72105, 96.0], [0.17836, 51.72087, 96.0], [0.17833, 51.72085, 96.0], [0.17816, 51.72071, 95.5], [0.17798, 51.72055, 94.9], [0.17792, 51.72051, 94.7], [0.17789, 51.72048, 94.6], [0.17729, 51.71998, 92.8], [0.17703, 51.71977, 92.7], [0.17702, 51.71976, 92.7], [0.17702, 51.71976, 92.7], [0.17682, 51.71961, 92.7], [0.17665, 51.71951, 92.6], [0.17649, 51.71943, 92.3], [0.17622, 51.71933, 91.8], [0.17589, 51.71924, 91.1], [0.17561, 51.71919, 90.7], [0.17542, 51.71916, 90.5], [0.17533, 51.71915, 90.4], [0.17505, 51.71912, 90.0], [0.17479, 51.71909, 89.4], [0.1743, 51.719, 88.1], [0.17402, 51.71894, 87.6], [0.17367, 51.71885, 87.0], [0.1735, 51.7188, 86.8], [0.17222, 51.71848, 84.9], [0.17149, 51.71829, 84.0], [0.1712, 51.71822, 83.8], [0.17084, 51.71813, 83.5], [0.16987, 51.71788, 82.2], [0.16987, 51.71787, 82.2], [0.16987, 51.71786, 82.1], [0.16986, 51.71785, 82.1], [0.16985, 51.71785, 82.1], [0.16984, 51.71785, 82.1], [0.16983, 51.71785, 82.1], [0.16982, 51.71785, 82.0], [0.16981, 51.71786, 82.1], [0.16977, 51.71786, 82.0], [0.16882, 51.71761, 80.4], [0.16857, 51.71755, 80.2], [0.16832, 51.71747, 80.0], [0.16828, 51.71745, 79.9], [0.16816, 51.71736, 79.8], [0.16809, 51.7173, 79.7], [0.16794, 51.71707, 79.5], [0.16777, 51.71675, 79.3], [0.16768, 51.71664, 79.2], [0.16764, 51.7166, 79.2], [0.16748, 51.71647, 79.2], [0.16747, 51.71647, 79.2], [0.16723, 51.71632, 79.4], [0.16723, 51.71632, 79.4], [0.16705, 51.71621, 79.5], [0.16696, 51.71613, 79.6], [0.1669, 51.71606, 79.7], [0.16683, 51.71598, 79.8], [0.16675, 51.71584, 80.0], [0.16658, 51.71552, 80.1], [0.1663, 51.71517, 80.8], [0.16614, 51.71501, 81.3], [0.16593, 51.71482, 81.8], [0.16557, 51.71455, 82.1], [0.16544, 51.71447, 82.2], [0.16496, 51.71417, 82.1], [0.16424, 51.7138, 82.9], [0.16384, 51.7136, 83.1], [0.16372, 51.71354, 83.1], [0.16341, 51.71338, 83.1], [0.16328, 51.71332, 83.1], [0.16318, 51.71327, 83.4], [0.16306, 51.71321, 83.8], [0.16262, 51.71301, 84.8], [0.16225, 51.71291, 85.3], [0.16225, 51.7129, 85.3], [0.16226, 51.7129, 85.3], [0.16226, 51.71289, 85.3], [0.16225, 51.71288, 85.3], [0.16224, 51.71287, 85.3], [0.16223, 51.71287, 85.3], [0.16221, 51.71286, 85.3], [0.16217, 51.71285, 85.3], [0.16214, 51.71285, 85.4], [0.16211, 51.71285, 85.4], [0.1621, 51.71285, 85.4], [0.16209, 51.71285, 85.4], [0.16208, 51.71286, 85.4], [0.16207, 51.71286, 85.4], [0.16207, 51.71287, 85.5], [0.16197, 51.71285, 85.5], [0.16161, 51.7128, 85.8], [0.16137, 51.71276, 86.0], [0.16006, 51.71258, 87.1], [0.15982, 51.71255, 87.3], [0.15948, 51.71251, 87.7], [0.15928, 51.7125, 87.9], [0.15906, 51.7125, 88.1], [0.15866, 51.7125, 88.6], [0.15796, 51.71258, 90.2], [0.15737, 51.71266, 91.9], [0.15643, 51.71278, 94.1], [0.15641, 51.71279, 94.2], [0.15599, 51.71289, 95.2], [0.15591, 51.7129, 95.3], [0.15558, 51.71295, 95.8], [0.15528, 51.71296, 96.2], [0.15474, 51.71296, 96.5], [0.15358, 51.71291, 96.5], [0.15355, 51.71291, 96.5], [0.15281, 51.71287, 96.9], [0.1525, 51.71285, 97.2], [0.15189, 51.71283, 97.2], [0.15177, 51.71283, 97.2], [0.15176, 51.71283, 97.2], [0.15112, 51.71284, 96.5], [0.15039, 51.71288, 96.1], [0.15033, 51.71289, 96.1], [0.14995, 51.71292, 96.1], [0.14903, 51.71298, 97.0], [0.14859, 51.71299, 97.5], [0.1483, 51.71299, 97.8], [0.14828, 51.71299, 97.8], [0.14753, 51.71298, 97.7], [0.14677, 51.71295, 97.8], [0.14627, 51.71292, 98.0], [0.1462, 51.71291, 98.0], [0.14571, 51.71288, 98.2], [0.14541, 51.71284, 98.4], [0.14507, 51.71281, 98.6], [0.14484, 51.71278, 98.6], [0.14456, 51.71275, 98.5], [0.14427, 51.71272, 98.5], [0.14415, 51.7127, 98.5], [0.14347, 51.71262, 98.6], [0.14277, 51.71253, 100.2], [0.14264, 51.7125, 100.7], [0.14244, 51.71245, 101.2], [0.14214, 51.71236, 101.9], [0.1415, 51.71213, 103.1], [0.14055, 51.71172, 104.8], [0.1404, 51.71165, 105.2], [0.14018, 51.71155, 106.3], [0.14016, 51.71154, 106.4], [0.13945, 51.71123, 109.2], [0.13922, 51.71113, 109.9], [0.13896, 51.71101, 110.5], [0.13876, 51.71093, 110.8], [0.13874, 51.71092, 110.8], [0.13851, 51.71082, 111.0], [0.1384, 51.71077, 111.2], [0.1384, 51.71077, 111.2], [0.13835, 51.71075, 111.2], [0.13779, 51.71058, 110.8], [0.13749, 51.7105, 110.4], [0.13747, 51.7105, 110.4], [0.1372, 51.71043, 110.1], [0.13568, 51.71006, 107.8], [0.1356, 51.71003, 107.7], [0.13558, 51.71003, 107.7], [0.13532, 51.70996, 107.5], [0.13398, 51.70961, 105.5], [0.13325, 51.70941, 104.5], [0.13245, 51.70911, 106.1], [0.13238, 51.70909, 106.2], [0.13177, 51.70884, 106.8], [0.13147, 51.70873, 107.5], [0.13095, 51.70852, 109.3], [0.13059, 51.70838, 110.2], [0.130203, 51.70823, 110.7], [0.129953, 51.70814, 111.1], [0.129315, 51.70794, 112.6], [0.12895, 51.70785, 113.3], [0.128288, 51.70767, 114.1], [0.12817, 51.70764, 114.4], [0.12752, 51.70745, 115.8], [0.12692, 51.70729, 116.9], [0.12651, 51.70717, 117.0], [0.126346, 51.70713, 116.7], [0.125568, 51.70692, 115.6], [0.12511, 51.70679, 115.3], [0.12431, 51.70657, 116.4], [0.1237, 51.7064, 117.3], [0.12306, 51.70621, 117.9], [0.12217, 51.70595, 118.7], [0.12174, 51.70584, 118.9], [0.12167, 51.70582, 118.9], [0.12099, 51.70564, 116.2], [0.11963, 51.70527, 113.9], [0.1194, 51.70521, 113.8], [0.11932, 51.7052, 113.7], [0.11928, 51.70519, 113.7], [0.11921, 51.70519, 113.6], [0.11916, 51.70519, 113.5], [0.11911, 51.7052, 113.5], [0.11905, 51.70521, 113.4], [0.11905, 51.70521, 113.4], [0.11899, 51.70513, 113.5], [0.11889, 51.70503, 113.6], [0.11875, 51.70488, 113.5], [0.1187, 51.70482, 113.4], [0.11854, 51.70465, 113.2], [0.11836, 51.70445, 113.0], [0.11825, 51.70435, 112.8], [0.11815, 51.70425, 112.6], [0.11783, 51.70389, 111.5], [0.11743, 51.70346, 110.0], [0.11735, 51.70337, 109.7], [0.11715, 51.70317, 108.5], [0.11715, 51.70317, 108.5], [0.11689, 51.70291, 106.9], [0.11654, 51.70258, 105.0], [0.11649, 51.70251, 104.6], [0.11611, 51.70221, 104.6], [0.11582, 51.70198, 104.9], [0.11562, 51.70185, 105.2], [0.11561, 51.70184, 105.3], [0.11502, 51.70149, 106.9], [0.11468, 51.70129, 107.2], [0.11441, 51.70113, 107.6], [0.11436, 51.70109, 107.8], [0.11403, 51.70094, 108.3], [0.11401, 51.70093, 108.4], [0.11366, 51.70072, 109.1], [0.11348, 51.70061, 109.0], [0.11296, 51.70024, 108.7], [0.11289, 51.70019, 108.8], [0.11248, 51.69989, 109.0], [0.11238, 51.69982, 109.0], [0.11221, 51.69969, 109.0], [0.11165, 51.69925, 109.0], [0.11159, 51.6992, 109.0], [0.11123, 51.69889, 109.2], [0.11106, 51.69874, 109.4], [0.11072, 51.69844, 109.9], [0.11063, 51.69836, 110.0], [0.11063, 51.69835, 110.0], [0.11064, 51.69835, 110.0], [0.11064, 51.69834, 110.0], [0.11065, 51.69834, 110.0], [0.11065, 51.69833, 110.0], [0.11065, 51.69832, 110.0], [0.11064, 51.69832, 110.0], [0.11064, 51.69831, 110.0], [0.11063, 51.69831, 110.0], [0.11062, 51.69831, 110.0], [0.11062, 51.6983, 110.0], [0.11061, 51.6983, 110.0], [0.1103, 51.69804, 109.6], [0.11031, 51.69804, 109.6], [0.11031, 51.69803, 109.6], [0.11031, 51.69802, 109.6], [0.11032, 51.69802, 109.6], [0.11032, 51.69801, 109.6], [0.11032, 51.698, 109.6], [0.11032, 51.69799, 109.6], [0.11031, 51.69799, 109.6], [0.11031, 51.69798, 109.6], [0.11031, 51.69797, 109.6], [0.1103, 51.69797, 109.6], [0.11029, 51.69796, 109.6], [0.11028, 51.69796, 109.6], [0.11027, 51.69795, 109.5], [0.11026, 51.69795, 109.5], [0.11025, 51.69795, 109.5], [0.11024, 51.69795, 109.5], [0.11023, 51.69795, 109.5], [0.11022, 51.69795, 109.5], [0.11015, 51.6979, 109.5], [0.11001, 51.69781, 109.4], [0.10968, 51.69759, 108.6], [0.10956, 51.6975, 108.5], [0.10949, 51.69745, 108.3], [0.10911, 51.69724, 108.0], [0.10904, 51.69719, 107.9], [0.10894, 51.69715, 107.8], [0.1088, 51.69709, 107.8], [0.10859, 51.69698, 107.7], [0.10851, 51.69694, 107.7], [0.10837, 51.69688, 107.8], [0.10829, 51.69685, 107.7], [0.10806, 51.69674, 107.6], [0.10778, 51.69662, 107.4], [0.10744, 51.69647, 107.5], [0.1071, 51.69634, 107.8], [0.10693, 51.69625, 108.0], [0.10665, 51.69613, 108.3], [0.10629, 51.69598, 108.6], [0.10623, 51.69596, 108.7], [0.10612, 51.69591, 108.8], [0.10522, 51.69554, 109.0], [0.10454, 51.69521, 109.3], [0.10434, 51.69512, 109.6], [0.1043, 51.69509, 109.7], [0.10372, 51.69474, 110.3], [0.10288, 51.69425, 111.4], [0.10276, 51.69419, 111.7], [0.10265, 51.69414, 111.7], [0.10254, 51.69409, 111.6], [0.10204, 51.69388, 110.8], [0.10176, 51.69377, 110.5], [0.10136, 51.69362, 110.1], [0.10136, 51.69362, 110.1], [0.10126, 51.69359, 110.1], [0.10034, 51.69328, 110.4], [0.10034, 51.69327, 110.3], [0.10033, 51.69327, 110.3], [0.10033, 51.69326, 110.3], [0.10033, 51.69325, 110.3], [0.10032, 51.69325, 110.3], [0.10032, 51.69324, 110.2], [0.10031, 51.69324, 110.3], [0.10031, 51.69323, 110.2], [0.1003, 51.69323, 110.2], [0.10029, 51.69322, 110.2], [0.10028, 51.69322, 110.2], [0.10028, 51.69321, 110.2], [0.10027, 51.69321, 110.2], [0.10026, 51.69321, 110.2], [0.10025, 51.69321, 110.2], [0.10025, 51.6932, 110.2], [0.10024, 51.6932, 110.2], [0.10023, 51.6932, 110.2], [0.10022, 51.6932, 110.2], [0.10021, 51.6932, 110.2], [0.1002, 51.6932, 110.2], [0.10019, 51.6932, 110.3], [0.10018, 51.6932, 110.3], [0.10017, 51.6932, 110.3], [0.10016, 51.6932, 110.3], [0.10015, 51.69321, 110.3], [0.10014, 51.69321, 110.4], [0.10013, 51.69321, 110.4], [0.09919, 51.69286, 110.8], [0.09874, 51.69271, 111.3], [0.09839, 51.69258, 111.9], [0.09764, 51.69233, 112.8], [0.09637, 51.6919, 113.3], [0.09605, 51.69179, 113.0], [0.0959, 51.69173, 112.9], [0.09571, 51.69166, 112.9], [0.09399, 51.69105, 112.0], [0.09368, 51.69095, 111.9], [0.09362, 51.69093, 111.9], [0.09284, 51.69059, 111.7], [0.09273, 51.69054, 111.6], [0.09213, 51.69028, 111.5], [0.09193, 51.69017, 111.7], [0.09156, 51.69, 111.9], [0.09132, 51.68989, 112.1], [0.09123, 51.68985, 112.2], [0.09123, 51.68984, 112.2], [0.09094, 51.68971, 112.5], [0.09069, 51.6896, 112.9], [0.09031, 51.68943, 113.7], [0.09021, 51.68939, 113.9], [0.09005, 51.6893, 114.4], [0.08909, 51.68887, 114.4], [0.08881, 51.68875, 114.8], [0.08863, 51.68867, 115.1], [0.08825, 51.68849, 115.8], [0.08817, 51.68846, 115.7], [0.0877, 51.68824, 115.1], [0.08766, 51.68822, 115.0], [0.08755, 51.68817, 114.9], [0.08727, 51.68804, 115.0], [0.08684, 51.68786, 115.6], [0.08679, 51.68784, 115.7], [0.08613, 51.68757, 115.6], [0.08558, 51.68735, 115.2], [0.08524, 51.68722, 115.3], [0.08513, 51.68718, 115.4], [0.08458, 51.68697, 115.4], [0.08451, 51.68694, 115.4], [0.0843, 51.68687, 115.1], [0.08406, 51.68678, 114.8], [0.08401, 51.68677, 114.7], [0.084, 51.68677, 114.7], [0.08365, 51.68666, 114.2], [0.08306, 51.68646, 115.6], [0.08306, 51.68646, 115.6], [0.08272, 51.68634, 117.3], [0.08225, 51.68619, 119.1], [0.08221, 51.68618, 119.3], [0.08221, 51.68617, 119.4], [0.08217, 51.68616, 119.5], [0.08168, 51.68596, 121.6], [0.08119, 51.68573, 122.2], [0.08102, 51.68566, 122.0], [0.08079, 51.68555, 122.0], [0.08059, 51.68546, 122.1], [0.08056, 51.68545, 122.1], [0.08055, 51.68544, 122.1], [0.08039, 51.68537, 122.1], [0.08032, 51.68534, 122.2], [0.08009, 51.68524, 122.2], [0.08008, 51.68524, 122.2], [0.07985, 51.68514, 122.4], [0.07984, 51.68514, 122.4], [0.07937, 51.68494, 122.4], [0.07916, 51.68485, 122.4], [0.07888, 51.68473, 122.4], [0.07768, 51.68423, 123.1], [0.07745, 51.68413, 123.1], [0.07728, 51.68404, 123.5], [0.07722, 51.68401, 123.6], [0.07662, 51.68369, 124.7], [0.07646, 51.68361, 124.9], [0.0761, 51.68342, 125.1], [0.0758, 51.68327, 125.0], [0.07557, 51.68314, 124.9], [0.07494, 51.68283, 124.6], [0.07431, 51.68249, 124.2], [0.07361, 51.68202, 123.7], [0.07299, 51.68152, 124.5], [0.07279, 51.68134, 124.8], [0.07278, 51.68133, 124.8], [0.07218, 51.68079, 124.8], [0.07194, 51.68061, 124.2], [0.07148, 51.6803, 123.4], [0.07107, 51.68006, 123.6], [0.07089, 51.67995, 123.7], [0.07084, 51.67992, 123.7], [0.07043, 51.67968, 123.3], [0.0696, 51.67921, 122.1], [0.06873, 51.67878, 121.1], [0.0686, 51.67872, 120.9], [0.06848, 51.67866, 120.8], [0.06824, 51.67856, 120.7], [0.068, 51.67846, 120.7], [0.06753, 51.67825, 121.0], [0.06735, 51.67817, 121.1], [0.06703, 51.67803, 121.4], [0.06673, 51.67788, 121.4], [0.0665, 51.67776, 121.1], [0.06639, 51.6777, 120.9], [0.06637, 51.67769, 120.9], [0.0662, 51.6776, 120.6], [0.06608, 51.67751, 120.3], [0.06555, 51.67719, 119.6], [0.06518, 51.67693, 119.3], [0.065, 51.67681, 119.2], [0.06478, 51.67667, 118.7], [0.06463, 51.67656, 118.6], [0.06447, 51.67645, 118.3], [0.064227, 51.67629, 117.7], [0.06365, 51.6759, 115.9], [0.063297, 51.67565, 115.9], [0.06279, 51.67528, 117.4], [0.06279, 51.67528, 117.4], [0.06281, 51.67526, 117.5], [0.06283, 51.67524, 117.6], [0.06285, 51.67521, 117.7], [0.06286, 51.67519, 117.8], [0.062867, 51.67517, 117.9], [0.062867, 51.67514, 118.0], [0.062867, 51.67511, 118.1], [0.06286, 51.67509, 118.1], [0.06286, 51.67506, 118.2], [0.06285, 51.67503, 118.3], [0.06283, 51.67501, 118.4], [0.062798, 51.67498, 118.4], [0.06277, 51.67496, 118.4], [0.06274, 51.67495, 118.4], [0.062728, 51.67494, 118.5], [0.0627, 51.67493, 118.5], [0.06268, 51.67493, 118.4], [0.062659, 51.67492, 118.4], [0.06263, 51.67492, 118.4], [0.062617, 51.67492, 118.4], [0.06257, 51.67492, 118.4], [0.06253, 51.67492, 118.3], [0.06249, 51.67492, 118.3], [0.06245, 51.67493, 118.2], [0.06241, 51.67494, 118.1], [0.06237, 51.67496, 118.0], [0.06234, 51.67498, 117.9], [0.06208, 51.67483, 118.2], [0.0618, 51.67464, 118.8], [0.06176, 51.67462, 118.9], [0.06143, 51.67439, 119.8], [0.06119, 51.67424, 120.2], [0.061, 51.67411, 120.2], [0.06095, 51.67408, 120.1], [0.06078, 51.67397, 120.0], [0.06064, 51.67387, 120.0], [0.06051, 51.67378, 120.0], [0.06038, 51.67369, 120.0], [0.06021, 51.67358, 120.0], [0.06013, 51.67353, 120.0], [0.06, 51.67344, 120.0], [0.05994, 51.6734, 119.9], [0.05934, 51.67299, 118.2], [0.05902, 51.67276, 117.6], [0.05896, 51.67272, 117.5], [0.05846, 51.67238, 116.9], [0.05827, 51.67224, 116.6], [0.05819, 51.67219, 116.5], [0.05797, 51.67204, 116.3], [0.05785, 51.67196, 116.1], [0.05757, 51.67177, 116.0], [0.05752, 51.67174, 116.0], [0.05752, 51.67174, 116.0], [0.05746, 51.6717, 116.0], [0.05726, 51.67156, 115.7], [0.05699, 51.67139, 115.3], [0.05669, 51.67116, 114.8], [0.05612, 51.67078, 111.9], [0.05593, 51.67065, 110.9], [0.05576, 51.67053, 110.0], [0.0555, 51.67036, 108.9], [0.05543, 51.67031, 108.6], [0.05444, 51.66964, 103.5], [0.05409, 51.6694, 101.6], [0.05406, 51.66938, 101.5], [0.05397, 51.66932, 101.0], [0.05378, 51.66918, 100.1], [0.05351, 51.66899, 99.8], [0.05341, 51.66893, 99.7], [0.0534, 51.66891, 99.7], [0.0533, 51.66885, 99.8], [0.0532, 51.66878, 100.2], [0.05293, 51.66859, 101.0], [0.05276, 51.66848, 101.5], [0.05264, 51.6684, 101.7], [0.05255, 51.66833, 101.9], [0.05208, 51.66801, 102.1], [0.05174, 51.66777, 102.8], [0.05144, 51.66757, 103.3], [0.0506, 51.66699, 102.8], [0.0505, 51.66693, 102.6], [0.05024, 51.66674, 102.2], [0.04914, 51.66599, 103.2], [0.049, 51.6659, 103.1], [0.04884, 51.66579, 103.1], [0.04881, 51.66577, 103.1], [0.04863, 51.66564, 103.2], [0.04825, 51.66537, 103.7], [0.04821, 51.66534, 103.7], [0.04818, 51.66533, 103.8], [0.04798, 51.6652, 104.2], [0.04797, 51.6652, 104.2], [0.04757, 51.66494, 105.1], [0.04755, 51.66493, 105.1], [0.0472, 51.66471, 106.1], [0.04719, 51.6647, 106.1], [0.04672, 51.66437, 107.4], [0.04641, 51.66413, 108.6], [0.04617, 51.66391, 108.7], [0.04608, 51.66382, 108.7], [0.04602, 51.66376, 108.7], [0.04588, 51.6636, 108.6], [0.04585, 51.66356, 108.5], [0.04575, 51.66346, 108.4], [0.04574, 51.66344, 108.4], [0.04547, 51.66312, 107.0], [0.04535, 51.66298, 106.2], [0.04533, 51.66297, 106.2], [0.0453, 51.66293, 105.9], [0.04506, 51.66265, 104.1], [0.04505, 51.66264, 104.0], [0.04487, 51.66244, 103.0], [0.04479, 51.66234, 102.6], [0.04466, 51.6622, 102.1], [0.04464, 51.66218, 102.0], [0.04447, 51.66199, 101.2], [0.04417, 51.66165, 99.9], [0.04404, 51.66149, 99.9], [0.0439, 51.66133, 100.0], [0.04364, 51.66102, 100.5], [0.0435, 51.66086, 101.0], [0.04341, 51.66074, 101.4], [0.04327, 51.66056, 101.9], [0.04324, 51.66053, 101.9], [0.04319, 51.66047, 102.0], [0.04316, 51.66042, 102.0], [0.04314, 51.6604, 102.1], [0.04267, 51.65977, 100.4], [0.0422, 51.65913, 95.2], [0.04172, 51.65848, 94.2], [0.04143, 51.6581, 94.9], [0.04135, 51.65799, 95.1], [0.04128, 51.6579, 95.2], [0.04121, 51.6578, 95.3], [0.04093, 51.65744, 94.6], [0.04086, 51.65734, 93.7], [0.04078, 51.65725, 92.9], [0.04071, 51.65716, 92.1], [0.04065, 51.65708, 91.5], [0.04041, 51.65677, 88.9], [0.04034, 51.65667, 88.0], [0.04021, 51.6565, 86.9], [0.0398, 51.65597, 84.3], [0.03974, 51.65589, 84.0], [0.03972, 51.65572, 84.0], [0.03974, 51.6557, 84.1], [0.03975, 51.65568, 84.1], [0.03976, 51.65566, 84.1], [0.03977, 51.65564, 84.2], [0.03977, 51.65562, 84.2], [0.03978, 51.6556, 84.3], [0.03978, 51.65558, 84.4], [0.03977, 51.65557, 84.4], [0.03977, 51.65555, 84.5], [0.03976, 51.65553, 84.6], [0.03975, 51.65551, 84.6], [0.03974, 51.6555, 84.7], [0.03974, 51.65549, 84.7], [0.03974, 51.65548, 84.8], [0.03973, 51.65547, 84.8], [0.03972, 51.65546, 84.9], [0.03971, 51.65545, 84.9], [0.0397, 51.65544, 85.0], [0.03969, 51.65543, 85.0], [0.03965, 51.65541, 85.2], [0.03963, 51.6554, 85.2], [0.0396, 51.65539, 85.3], [0.03958, 51.65538, 85.4], [0.03955, 51.65538, 85.4], [0.03952, 51.65537, 85.5], [0.0395, 51.65537, 85.5], [0.03947, 51.65537, 85.6], [0.03944, 51.65537, 85.6], [0.03941, 51.65537, 85.7], [0.0394, 51.65532, 85.8], [0.03939, 51.65531, 85.9], [0.03924, 51.65516, 86.5], [0.03923, 51.65515, 86.6], [0.03914, 51.65496, 87.0], [0.03904, 51.65477, 86.8], [0.03893, 51.65454, 86.4], [0.03878, 51.65415, 85.4], [0.03877, 51.65412, 85.2], [0.03871, 51.65394, 83.9], [0.0387, 51.65392, 83.8], [0.03867, 51.65381, 83.0], [0.03852, 51.65339, 79.8], [0.03851, 51.65337, 79.7], [0.0385, 51.65334, 79.4], [0.03846, 51.65321, 78.8], [0.03843, 51.65313, 78.5], [0.03838, 51.65301, 77.9], [0.03836, 51.65295, 77.7], [0.03831, 51.65281, 77.1], [0.03824, 51.65261, 76.3], [0.03819, 51.65247, 75.6], [0.03806, 51.65211, 73.3], [0.03805, 51.6521, 73.3], [0.03799, 51.65192, 72.1], [0.03793, 51.65177, 71.1], [0.03787, 51.65161, 70.2], [0.03782, 51.65148, 69.6], [0.03772, 51.65118, 68.1], [0.03767, 51.65106, 67.4], [0.03763, 51.65095, 66.9], [0.0376, 51.65089, 66.5], [0.0376, 51.65088, 66.5], [0.03758, 51.65084, 66.2], [0.03755, 51.65075, 65.8], [0.03751, 51.65065, 65.4], [0.03732, 51.65013, 62.9], [0.03728, 51.65001, 62.2], [0.03723, 51.64989, 61.8], [0.03716, 51.64968, 61.2], [0.0371, 51.64953, 60.7], [0.03705, 51.64938, 60.3], [0.03704, 51.64935, 60.2], [0.03698, 51.64916, 59.7], [0.0369, 51.64896, 58.9], [0.03676, 51.64857, 57.2], [0.03673, 51.6485, 56.8], [0.03658, 51.64808, 56.4], [0.03654, 51.64801, 56.5], [0.03647, 51.64782, 56.9], [0.03646, 51.64777, 56.9], [0.03637, 51.64753, 57.3], [0.03628, 51.64734, 57.3], [0.03625, 51.64727, 57.2], [0.03621, 51.64715, 57.1], [0.03618, 51.64706, 57.0], [0.03617, 51.64699, 56.9], [0.03614, 51.6469, 56.7], [0.03607, 51.64672, 56.4], [0.03603, 51.64658, 56.1], [0.03596, 51.64639, 55.5], [0.03589, 51.6462, 55.0], [0.03575, 51.64583, 53.9], [0.03572, 51.64573, 53.8], [0.03561, 51.64545, 53.6], [0.03555, 51.64526, 53.4], [0.03542, 51.64492, 53.0], [0.03536, 51.64476, 52.9], [0.03528, 51.64455, 52.8], [0.0352, 51.64431, 52.9], [0.03519, 51.64428, 52.9], [0.03507, 51.644, 53.6], [0.03495, 51.6437, 54.6], [0.03494, 51.64367, 54.7], [0.03494, 51.64366, 54.8], [0.03473, 51.64308, 56.8], [0.03465, 51.64289, 57.6], [0.03465, 51.64288, 57.7], [0.03465, 51.64287, 57.7], [0.03463, 51.64282, 57.9], [0.03455, 51.64258, 59.0], [0.03445, 51.64232, 59.6], [0.03442, 51.64224, 59.8], [0.0344, 51.64217, 59.9], [0.03426, 51.64182, 60.7], [0.03417, 51.64154, 61.5], [0.03408, 51.64126, 62.4], [0.03402, 51.64107, 63.0], [0.03399, 51.64096, 63.3], [0.03392, 51.64069, 64.3], [0.03391, 51.64063, 64.6], [0.03385, 51.64038, 65.6], [0.03379, 51.64004, 66.9], [0.03378, 51.64001, 67.0], [0.03375, 51.63982, 66.5], [0.03374, 51.63976, 66.3], [0.03368, 51.63947, 65.3], [0.03361, 51.63912, 64.4], [0.03359, 51.63905, 64.5], [0.03356, 51.63885, 64.9], [0.03341, 51.63827, 66.0], [0.03328, 51.6378, 65.8], [0.03319, 51.63754, 65.6], [0.03312, 51.63732, 65.1], [0.03302, 51.63701, 64.1], [0.033, 51.63696, 63.9], [0.03288, 51.6366, 62.8], [0.03284, 51.6365, 62.5], [0.03275, 51.63623, 61.7], [0.032668, 51.63599, 60.9], [0.03259, 51.63574, 60.8], [0.03243, 51.63526, 62.6], [0.03239, 51.63516, 63.1], [0.0323, 51.63488, 64.3], [0.03223, 51.63468, 65.1], [0.03219, 51.63455, 65.6], [0.03211, 51.63432, 66.4], [0.032079, 51.63422, 66.8], [0.03203, 51.63409, 67.3], [0.032009, 51.63402, 67.6], [0.03198, 51.63394, 67.9], [0.03189, 51.63368, 69.0], [0.03184, 51.63352, 69.7], [0.031808, 51.63342, 70.1], [0.03179, 51.63336, 70.3], [0.03161, 51.63292, 70.8], [0.03161, 51.63286, 70.9], [0.03155, 51.63268, 71.0], [0.03144, 51.63238, 70.6], [0.03139, 51.63224, 69.9], [0.03139, 51.63221, 69.9], [0.03129, 51.63194, 68.5], [0.03121, 51.63171, 67.4], [0.03114, 51.63151, 67.1], [0.03111, 51.6314, 67.2], [0.03096, 51.63098, 67.3], [0.03089, 51.63076, 67.4], [0.03082, 51.63057, 67.6], [0.03068, 51.63018, 68.0], [0.03064, 51.63007, 68.1], [0.03061, 51.62998, 68.3], [0.03058, 51.62989, 68.4], [0.03046, 51.62953, 69.1], [0.03031, 51.62912, 69.6], [0.03028, 51.62902, 69.7], [0.03027, 51.62898, 69.7], [0.03025, 51.62892, 69.8], [0.0302, 51.62877, 69.9], [0.03017, 51.62869, 70.0], [0.03008, 51.62841, 70.2], [0.03006, 51.62834, 70.3], [0.03, 51.62817, 70.4], [0.02995, 51.62804, 70.5], [0.02991, 51.62791, 70.7], [0.02981, 51.6276, 71.1], [0.02974, 51.62742, 71.0], [0.02959, 51.62697, 70.2], [0.0294, 51.62641, 70.3], [0.02938, 51.62635, 70.4], [0.02927, 51.62602, 71.5], [0.02918, 51.62577, 72.2], [0.02915, 51.62567, 72.3], [0.02908, 51.62545, 72.6], [0.02902, 51.62525, 72.9], [0.02898, 51.62513, 73.0], [0.02896, 51.62506, 73.1], [0.02893, 51.62496, 73.3], [0.02891, 51.62488, 73.4], [0.02891, 51.62487, 73.4], [0.02885, 51.62465, 73.9], [0.0288, 51.62451, 74.1], [0.02877, 51.62441, 74.3], [0.02872, 51.62423, 74.7], [0.02869, 51.62412, 75.1], [0.02866, 51.62402, 75.4], [0.02862, 51.62387, 76.0], [0.02859, 51.62378, 76.3], [0.02855, 51.62364, 76.9], [0.02849, 51.62343, 77.7], [0.02843, 51.62323, 78.3], [0.02838, 51.62304, 78.7], [0.02832, 51.62283, 79.2], [0.0283, 51.62275, 79.3], [0.02826, 51.62264, 79.4], [0.02823, 51.62251, 79.6], [0.0282, 51.62242, 79.6], [0.02812, 51.62213, 79.5], [0.02807, 51.62197, 79.5], [0.02801, 51.62175, 79.5], [0.02796, 51.62157, 79.0], [0.02792, 51.62145, 78.3], [0.02791, 51.62139, 78.0], [0.02788, 51.62129, 77.4], [0.02786, 51.62122, 77.1], [0.02784, 51.62117, 76.8], [0.02781, 51.62107, 76.2], [0.02778, 51.62094, 75.6], [0.02778, 51.62092, 75.5], [0.02778, 51.62089, 75.3], [0.02779, 51.62086, 75.1], [0.02779, 51.62083, 75.0], [0.0278, 51.62072, 74.4], [0.0278, 51.62062, 73.9], [0.0278, 51.62061, 73.8], [0.02779, 51.62057, 73.6], [0.02778, 51.62051, 73.3], [0.02778, 51.62046, 73.1], [0.02769, 51.62024, 72.0], [0.02768, 51.62023, 71.9], [0.02765, 51.62015, 71.6], [0.02761, 51.62007, 71.2], [0.02756, 51.61994, 70.7], [0.02748, 51.61976, 70.2], [0.02743, 51.61964, 69.9], [0.0274, 51.61956, 69.7], [0.02737, 51.61951, 69.6], [0.02725, 51.61926, 69.2], [0.02722, 51.61921, 69.1], [0.02718, 51.61914, 69.1], [0.0271, 51.61897, 69.2], [0.02701, 51.6188, 69.3], [0.02688, 51.61855, 69.5], [0.0268, 51.61839, 69.6], [0.02673, 51.61826, 69.9], [0.02665, 51.61812, 70.3], [0.02649, 51.61781, 70.9], [0.02638, 51.61759, 71.5], [0.02634, 51.61752, 71.7], [0.02625, 51.61737, 72.2], [0.0261, 51.61709, 72.9], [0.02597, 51.61685, 73.5], [0.02592, 51.61675, 73.7], [0.02578, 51.61647, 74.1], [0.02567, 51.61625, 74.2], [0.0256, 51.61607, 74.3], [0.02558, 51.61603, 74.3], [0.02549, 51.61581, 74.4], [0.02543, 51.61568, 74.6], [0.02531, 51.6154, 75.0], [0.02516, 51.61502, 75.6], [0.02515, 51.61499, 75.6], [0.02509, 51.61484, 75.6], [0.02502, 51.61467, 75.6], [0.02497, 51.61454, 75.5], [0.02489, 51.61448, 75.4], [0.02486, 51.61441, 75.3], [0.02483, 51.61434, 75.3], [0.02478, 51.61422, 75.1], [0.02477, 51.61419, 75.0], [0.0247, 51.61404, 74.3], [0.02466, 51.61397, 73.9], [0.02462, 51.61388, 73.4], [0.02455, 51.61375, 72.8], [0.02448, 51.61364, 72.4], [0.02419, 51.61318, 71.7], [0.02413, 51.61308, 71.8], [0.024, 51.61285, 71.8], [0.02401, 51.61285, 71.8], [0.02401, 51.61284, 71.8], [0.02402, 51.61284, 71.8], [0.02403, 51.61284, 71.7], [0.02403, 51.61283, 71.7], [0.02404, 51.61283, 71.7], [0.02404, 51.61282, 71.7], [0.02404, 51.61281, 71.7], [0.02404, 51.6128, 71.7], [0.02404, 51.61279, 71.7], [0.02403, 51.61279, 71.7], [0.02403, 51.61278, 71.7], [0.02402, 51.61278, 71.7], [0.02401, 51.61278, 71.7], [0.02401, 51.61277, 71.7], [0.024, 51.61277, 71.7], [0.02399, 51.61277, 71.7], [0.02398, 51.61277, 71.8], [0.02397, 51.61277, 71.8], [0.02396, 51.61277, 71.8], [0.02395, 51.61277, 71.8], [0.02377, 51.61249, 71.9], [0.02369, 51.61236, 71.7], [0.02361, 51.61224, 71.5], [0.02356, 51.61215, 71.3], [0.02352, 51.6121, 71.2], [0.02343, 51.61196, 70.9], [0.02337, 51.61186, 70.6], [0.02326, 51.61171, 70.1], [0.02319, 51.61161, 69.6], [0.02315, 51.61155, 69.4], [0.02309, 51.61147, 69.1], [0.02308, 51.61145, 69.1], [0.0229, 51.61122, 68.4], [0.02278, 51.61108, 68.2], [0.02237, 51.61057, 67.5], [0.02228, 51.61046, 67.2], [0.02226, 51.61043, 67.2], [0.0222, 51.61035, 67.0], [0.02208, 51.6102, 66.6], [0.02194, 51.61001, 66.0], [0.02164, 51.6096, 66.0], [0.02157, 51.60951, 65.9], [0.02152, 51.60943, 65.8], [0.02146, 51.60934, 65.8], [0.02138, 51.60922, 65.7], [0.02131, 51.60913, 65.5], [0.02126, 51.60906, 65.4], [0.02114, 51.60887, 65.3], [0.02107, 51.60876, 65.4], [0.02107, 51.60876, 65.4], [0.020485, 51.608002, 66.2], [0.020485, 51.608002, 66.2], [0.019938, 51.607345, 66.2], [0.01958, 51.606922, 64.4], [0.01958, 51.606922, 64.4], [0.019307, 51.606717, 64.0], [0.019307, 51.606717, 64.0], [0.019081, 51.606546, 63.4], [0.019081, 51.606546, 63.4], [0.018904, 51.606321, 62.5], [0.018904, 51.606321, 62.5], [0.018561, 51.605909, 61.0], [0.018561, 51.605909, 61.0], [0.018207, 51.605471, 62.5], [0.018207, 51.605471, 62.5], [0.01796, 51.605126, 63.7], [0.01796, 51.605126, 63.7], [0.017901, 51.604975, 64.0], [0.017901, 51.604975, 64.0], [0.017697, 51.604826, 64.2], [0.017697, 51.604826, 64.2], [0.017483, 51.604615, 64.5], [0.01743, 51.60459, 64.5], [0.01736, 51.60451, 64.6], [0.0173, 51.60443, 64.7], [0.01727, 51.60438, 64.7], [0.01724, 51.60435, 64.8], [0.01709, 51.60418, 65.0], [0.01688, 51.60394, 64.7], [0.01672, 51.60377, 64.5], [0.01657, 51.60361, 64.5], [0.01644, 51.60346, 64.7], [0.01633, 51.60334, 64.8], [0.016, 51.60296, 64.6], [0.01504, 51.60188, 67.6], [0.01459, 51.60138, 67.8], [0.01433, 51.6011, 67.4], [0.01421, 51.60096, 67.3], [0.01413, 51.60088, 67.2], [0.01402, 51.60076, 67.3], [0.01387, 51.60059, 67.6], [0.01383, 51.60055, 67.7], [0.01368, 51.60036, 68.2], [0.01355, 51.60021, 68.5], [0.01344, 51.60009, 68.8], [0.01332, 51.59995, 69.0], [0.01331, 51.59993, 69.0], [0.0132, 51.59981, 69.0], [0.01294, 51.59946, 68.7], [0.01276, 51.59922, 68.4], [0.01273, 51.59916, 68.3], [0.01268, 51.5991, 68.3], [0.01257, 51.5989, 68.4], [0.01251, 51.5988, 68.4], [0.01243, 51.59865, 68.7], [0.01238, 51.59856, 68.8], [0.01232, 51.59845, 69.0], [0.01199, 51.59779, 68.3], [0.01185, 51.59751, 67.8], [0.01171, 51.59724, 66.7], [0.0117, 51.59722, 66.6], [0.01161, 51.59705, 65.8], [0.01158, 51.59698, 65.4], [0.01158, 51.59698, 65.4], [0.0115, 51.59681, 64.5], [0.01155, 51.59669, 64.0], [0.01159, 51.59662, 63.5], [0.01164, 51.59653, 62.7], [0.01168, 51.59646, 62.0], [0.01173, 51.59638, 61.3], [0.01174, 51.59632, 60.7], [0.01175, 51.59624, 60.0], [0.01187, 51.59603, 58.3], [0.012, 51.59582, 56.8], [0.012, 51.59576, 56.8], [0.01201, 51.59571, 56.8], [0.01204, 51.59566, 56.8], [0.01207, 51.5956, 56.8], [0.01208, 51.59556, 56.8], [0.01209, 51.59551, 56.8], [0.01209, 51.59547, 56.8], [0.01207, 51.59543, 56.8], [0.01205, 51.5954, 56.8], [0.01203, 51.59537, 56.8], [0.012, 51.59534, 56.8], [0.01197, 51.59532, 56.8], [0.01187, 51.59525, 56.8], [0.01183, 51.59522, 56.8], [0.01179, 51.5952, 56.8], [0.01145, 51.59506, 56.9], [0.01112, 51.59493, 57.2], [0.01106, 51.59488, 57.3], [0.01098, 51.59484, 57.4], [0.0109, 51.59481, 57.5], [0.01085, 51.59478, 57.5], [0.01075, 51.59475, 57.6], [0.01065, 51.59469, 57.7], [0.01059, 51.59465, 57.7], [0.01057, 51.59463, 57.7], [0.01053, 51.59461, 57.8], [0.0105, 51.59457, 57.8], [0.01045, 51.59449, 57.9], [0.01026, 51.59415, 58.3], [0.01026, 51.59415, 58.3], [0.01011, 51.59413, 58.0], [0.00991, 51.59408, 57.7], [0.00981, 51.59405, 57.5], [0.00973, 51.59404, 57.4], [0.0097, 51.59404, 57.3], [0.00964, 51.59404, 57.3], [0.00956, 51.59405, 57.2], [0.00912, 51.59398, 56.5], [0.0087, 51.59391, 56.0], [0.0085, 51.59389, 55.8], [0.00795, 51.59379, 55.1], [0.00767, 51.59374, 54.7], [0.00748, 51.59371, 54.5], [0.00739, 51.59369, 54.4], [0.00708, 51.59364, 54.4], [0.00683, 51.59359, 54.3], [0.00655, 51.59354, 54.0], [0.00648, 51.59353, 53.8], [0.00618, 51.59347, 53.1], [0.00591, 51.59342, 52.4], [0.00568, 51.59337, 51.9], [0.00546, 51.59333, 51.5], [0.00517, 51.59328, 51.1], [0.00512, 51.59327, 51.0], [0.00492, 51.59323, 50.6], [0.00475, 51.5932, 50.1], [0.00474, 51.5932, 50.1], [0.00449, 51.59315, 49.3], [0.004028, 51.59307, 48.1], [0.0038, 51.59304, 47.6], [0.00379, 51.59303, 47.5], [0.00348, 51.59299, 46.9], [0.00311, 51.59294, 45.7], [0.00311, 51.59294, 45.7], [0.00293, 51.59291, 45.0], [0.0024, 51.59285, 43.1], [0.00183, 51.59278, 41.2], [0.00162, 51.59275, 40.4], [0.00133, 51.59272, 39.3], [0.00123, 51.5927, 38.9], [0.00101, 51.59268, 38.1], [0.00074, 51.59264, 37.0], [0.00067, 51.59264, 36.8], [0.00063, 51.59263, 36.6], [0.0006, 51.59263, 36.5], [0.00054, 51.59263, 36.3], [0.00046, 51.59262, 36.0], [0.00042, 51.59262, 35.9], [0.0003, 51.59261, 35.4], [0.0002, 51.5926, 35.1], [6e-05, 51.59259, 34.5], [3e-05, 51.59258, 34.4], [-7e-05, 51.59255, 34.0], [-0.00015, 51.59253, 34.0], [-0.00027, 51.59252, 34.0], [-0.00034, 51.59251, 34.0], [-0.00055, 51.59249, 31.0], [-0.00067, 51.59247, 31.0], [-0.00083, 51.59245, 30.6], [-0.00106, 51.59242, 30.1], [-0.00112, 51.59242, 30.0], [-0.00136, 51.59239, 29.5], [-0.00141, 51.59238, 29.4], [-0.00154, 51.59237, 29.1], [-0.00157, 51.59237, 29.0], [-0.00162, 51.59237, 28.9], [-0.00171, 51.59239, 28.7], [-0.00175, 51.59238, 28.6], [-0.00183, 51.59236, 28.5], [-0.00199, 51.59233, 28.1], [-0.00245, 51.59226, 27.1], [-0.00257, 51.59224, 26.9], [-0.00273, 51.59221, 26.8], [-0.00277, 51.5922, 26.8], [-0.00291, 51.59218, 26.7], [-0.00305, 51.59215, 26.6], [-0.00325, 51.5921, 26.5], [-0.00338, 51.59206, 26.5], [-0.0034, 51.59206, 26.5], [-0.00347, 51.59204, 26.5], [-0.00352, 51.59203, 26.5], [-0.00362, 51.59201, 26.4], [-0.00369, 51.59197, 26.5], [-0.00378, 51.59192, 26.5], [-0.00391, 51.59189, 26.5], [-0.004, 51.59186, 26.6], [-0.00411, 51.59183, 26.6], [-0.00415, 51.59182, 26.6], [-0.00427, 51.59179, 26.7], [-0.00444, 51.59174, 26.8], [-0.00444, 51.59174, 26.8], [-0.00459, 51.5917, 26.9], [-0.0046, 51.5917, 26.9], [-0.0046, 51.5917, 26.9], [-0.0048, 51.59164, 27.1], [-0.00485, 51.59162, 27.2], [-0.00485, 51.59162, 27.2], [-0.00507, 51.59157, 27.3], [-0.00518, 51.59155, 27.3], [-0.00531, 51.59152, 27.3], [-0.00546, 51.5915, 27.3], [-0.00564, 51.59147, 27.3], [-0.0058, 51.59145, 27.3], [-0.00583, 51.59145, 27.3], [-0.00585, 51.59145, 27.3], [-0.00588, 51.59145, 27.3], [-0.00592, 51.59144, 27.3], [-0.00597, 51.59144, 27.2], [-0.00609, 51.59142, 27.3], [-0.00616, 51.59141, 27.3], [-0.00639, 51.59134, 27.6], [-0.0066, 51.5913, 27.7], [-0.00673, 51.59128, 27.7], [-0.00691, 51.59124, 27.9], [-0.00708, 51.5912, 28.1], [-0.00726, 51.59117, 28.2], [-0.00752, 51.59109, 28.5], [-0.00775, 51.59102, 28.9], [-0.007889, 51.59097, 29.2], [-0.00805, 51.59092, 29.5], [-0.00814, 51.59088, 29.7], [-0.00826, 51.59083, 30.0], [-0.00836, 51.59078, 30.1], [-0.00849, 51.59074, 29.8], [-0.00851, 51.59073, 29.8], [-0.00864, 51.59069, 29.6], [-0.00874, 51.59064, 29.5], [-0.00898, 51.59056, 29.1], [-0.00917, 51.59052, 28.7], [-0.00952, 51.59045, 28.1], [-0.00982, 51.59039, 27.5], [-0.01016, 51.59032, 27.0], [-0.01083, 51.59019, 26.3], [-0.01101, 51.59016, 26.4], [-0.01122, 51.59014, 26.4], [-0.01135, 51.59012, 26.5], [-0.01153, 51.59009, 26.6], [-0.01167, 51.59007, 26.7], [-0.01209, 51.59002, 26.9], [-0.01236, 51.58998, 27.2], [-0.01259, 51.58997, 27.3], [-0.01295, 51.58995, 27.4], [-0.01324, 51.58993, 27.6], [-0.0133, 51.58993, 27.6], [-0.0147, 51.58984, 26.8], [-0.01485, 51.58986, 26.5], [-0.01528, 51.58985, 26.8], [-0.01541, 51.58986, 26.9], [-0.01567, 51.58988, 27.1], [-0.01573, 51.58989, 27.0], [-0.016219, 51.58997, 26.8], [-0.01666, 51.59005, 26.7], [-0.01685, 51.59008, 26.1], [-0.01701, 51.5901, 25.6], [-0.01711, 51.59012, 25.3], [-0.01737, 51.59017, 24.5], [-0.01808, 51.59033, 22.3], [-0.01837, 51.5904, 21.5], [-0.01847, 51.59043, 21.4], [-0.01888, 51.59051, 20.8], [-0.01932, 51.59064, 19.9], [-0.01977, 51.59076, 19.4], [-0.01996, 51.5908, 19.2], [-0.02003, 51.59081, 19.1], [-0.02008, 51.59081, 19.0], [-0.02014, 51.59082, 18.9], [-0.0202, 51.59083, 18.8], [-0.02028, 51.59084, 18.7], [-0.02034, 51.59085, 18.6], [-0.0204, 51.59085, 18.5], [-0.02041, 51.59085, 18.5], [-0.02048, 51.59085, 18.4], [-0.02056, 51.59085, 18.3], [-0.02063, 51.59084, 18.2], [-0.0207, 51.59084, 18.2], [-0.02084, 51.59083, 18.0], [-0.02101, 51.5908, 18.2], [-0.02117, 51.59078, 18.2], [-0.02126, 51.59076, 18.3], [-0.02132, 51.59075, 18.3], [-0.0214, 51.59074, 18.4], [-0.02148, 51.59073, 18.4], [-0.02164, 51.5907, 18.5], [-0.02188, 51.59065, 18.7], [-0.02197, 51.59063, 18.8], [-0.022, 51.59062, 18.9], [-0.02234, 51.59054, 19.3], [-0.02245, 51.59051, 19.5], [-0.02268, 51.59044, 19.9], [-0.0229, 51.59038, 20.2], [-0.02298, 51.59036, 20.3], [-0.02306, 51.59034, 20.4], [-0.02312, 51.59033, 20.4], [-0.0232, 51.59031, 20.5], [-0.02329, 51.5903, 20.6], [-0.02338, 51.59028, 20.6], [-0.02357, 51.59025, 20.6], [-0.02452, 51.59011, 20.6], [-0.0255, 51.58998, 22.3], [-0.02596, 51.58993, 23.5], [-0.02611, 51.58991, 23.8], [-0.0262, 51.5899, 24.1], [-0.02647, 51.58988, 24.7], [-0.02655, 51.58987, 24.9], [-0.02662, 51.58985, 25.1], [-0.02677, 51.58984, 25.0], [-0.02692, 51.58982, 24.7], [-0.02702, 51.5898, 24.6], [-0.0272, 51.58978, 24.3], [-0.02725, 51.58977, 24.3], [-0.02738, 51.58974, 24.1], [-0.02748, 51.58972, 24.0], [-0.02765, 51.5897, 24.0], [-0.02783, 51.58968, 23.9], [-0.02794, 51.58966, 23.9], [-0.02806, 51.58965, 23.9], [-0.02837, 51.58961, 23.8], [-0.0285, 51.58959, 23.7], [-0.02859, 51.58958, 23.6], [-0.02868, 51.58957, 23.4], [-0.02881, 51.58954, 23.3], [-0.02888, 51.58953, 23.2], [-0.02894, 51.58952, 23.2], [-0.02899, 51.5895, 23.1], [-0.02909, 51.58948, 23.0], [-0.0293, 51.58942, 22.9], [-0.0294, 51.5894, 22.8], [-0.02952, 51.58936, 22.7], [-0.02989, 51.58923, 22.2], [-0.02992, 51.58922, 22.1], [-0.03001, 51.58918, 22.0], [-0.0301, 51.58914, 21.9], [-0.03011, 51.58914, 21.9], [-0.03022, 51.58909, 21.8], [-0.03031, 51.58904, 21.7], [-0.03036, 51.58901, 21.7], [-0.03041, 51.58898, 21.6], [-0.03045, 51.58896, 21.6], [-0.03049, 51.58895, 21.5], [-0.03061, 51.5889, 21.4], [-0.03081, 51.58884, 21.0], [-0.03126, 51.58871, 20.5], [-0.0323, 51.5884, 18.5], [-0.0328, 51.58825, 17.6], [-0.03298, 51.58819, 17.4], [-0.03314, 51.58814, 17.2], [-0.03324, 51.5881, 17.1], [-0.0334, 51.58805, 17.0], [-0.03346, 51.58803, 17.0], [-0.03352, 51.58802, 16.9], [-0.03365, 51.58799, 16.9], [-0.0338, 51.58796, 16.9], [-0.03398, 51.58792, 17.0], [-0.03403, 51.58792, 17.0], [-0.03418, 51.5879, 17.0], [-0.03425, 51.58789, 17.1], [-0.03447, 51.58785, 17.2], [-0.03474, 51.58782, 17.2], [-0.03528, 51.58775, 17.1], [-0.03582, 51.58768, 16.6], [-0.03598, 51.58766, 16.6], [-0.03625, 51.58763, 16.7], [-0.03645, 51.58761, 16.7], [-0.03675, 51.58759, 16.8], [-0.03691, 51.58757, 16.8], [-0.03715, 51.58755, 16.8], [-0.03738, 51.58753, 16.9], [-0.0375, 51.58752, 16.9], [-0.03772, 51.5875, 17.0], [-0.03783, 51.58749, 17.0], [-0.038, 51.58747, 16.9], [-0.03809, 51.58746, 16.9], [-0.03825, 51.58745, 16.9], [-0.03849, 51.58743, 16.5], [-0.03874, 51.58739, 15.8], [-0.03881, 51.58739, 15.7], [-0.03914, 51.58735, 14.9], [-0.03921, 51.58734, 14.8], [-0.03941, 51.58732, 14.6], [-0.03974, 51.58729, 14.2], [-0.03995, 51.58727, 14.0], [-0.04023, 51.58725, 13.4], [-0.04056, 51.58722, 12.7], [-0.04118, 51.58717, 11.4], [-0.04138, 51.58713, 11.1], [-0.04149, 51.58712, 10.9], [-0.04257, 51.58699, 8.9], [-0.04273, 51.58696, 8.7], [-0.04313, 51.58691, 8.2], [-0.04364, 51.58685, 8.0], [-0.04404, 51.58681, 8.0], [-0.04444, 51.58677, 8.0], [-0.0447, 51.58674, 8.0], [-0.0451, 51.58672, 7.9], [-0.04514, 51.58672, 7.9], [-0.04527, 51.5867, 7.9], [-0.04555, 51.58668, 7.9], [-0.0456, 51.58668, 7.9], [-0.04599, 51.58664, 7.8], [-0.04609, 51.58663, 7.8], [-0.04627, 51.58661, 7.8], [-0.04659, 51.58658, 7.8], [-0.04659, 51.58658, 7.8], [-0.04687, 51.58655, 8.1], [-0.04708, 51.58653, 8.5], [-0.04792, 51.58644, 9.3], [-0.04796, 51.58644, 9.3], [-0.04821, 51.58642, 9.4], [-0.04912, 51.58633, 9.4], [-0.04964, 51.58627, 10.0], [-0.04993, 51.58625, 10.4], [-0.05032, 51.58621, 10.1], [-0.05062, 51.58618, 9.6], [-0.05073, 51.58617, 9.4], [-0.05082, 51.58617, 9.2], [-0.05091, 51.58617, 9.1], [-0.05099, 51.58617, 9.0], [-0.05108, 51.58617, 8.8], [-0.0511, 51.58617, 8.8], [-0.05115, 51.58618, 8.7], [-0.05123, 51.58619, 8.6], [-0.05132, 51.5862, 8.5], [-0.05143, 51.58622, 8.3], [-0.05156, 51.58624, 8.1], [-0.05169, 51.58628, 8.0], [-0.05173, 51.58629, 8.1], [-0.05185, 51.58634, 8.3], [-0.05187, 51.58635, 8.3], [-0.05197, 51.58639, 8.5], [-0.05208, 51.58644, 8.7], [-0.05216, 51.58649, 8.9], [-0.05243, 51.58661, 9.5], [-0.05255, 51.58666, 9.7], [-0.05271, 51.58674, 10.1], [-0.05285, 51.5868, 10.2], [-0.05289, 51.58682, 10.2], [-0.05316, 51.58693, 10.0], [-0.05321, 51.58695, 9.9], [-0.05341, 51.58702, 9.8], [-0.05353, 51.58706, 9.7], [-0.05355, 51.58707, 9.7], [-0.05363, 51.5871, 9.7], [-0.05368, 51.58712, 9.7], [-0.05458, 51.58733, 9.2], [-0.05488, 51.5874, 9.1], [-0.05546, 51.58754, 8.5], [-0.05553, 51.58756, 8.5], [-0.05579, 51.58763, 8.6], [-0.05597, 51.58768, 8.7], [-0.05605, 51.5877, 8.7], [-0.05619, 51.58773, 8.8], [-0.05631, 51.58776, 8.8], [-0.05643, 51.58778, 8.9], [-0.05644, 51.58778, 8.9], [-0.05654, 51.5878, 8.9], [-0.05663, 51.58782, 9.0], [-0.05669, 51.58782, 9.0], [-0.05678, 51.58784, 9.2], [-0.05682, 51.58785, 9.2], [-0.05699, 51.58787, 9.5], [-0.0571, 51.58788, 9.7], [-0.05739, 51.58792, 10.2], [-0.05744, 51.58792, 10.4], [-0.05774, 51.58794, 10.8], [-0.05798, 51.58795, 11.1], [-0.05805, 51.58796, 11.2], [-0.05837, 51.58798, 11.5], [-0.05858, 51.58798, 11.3], [-0.05871, 51.58798, 11.1], [-0.05873, 51.58798, 11.1], [-0.05888, 51.58798, 10.9], [-0.05902, 51.58798, 10.8], [-0.05914, 51.58798, 10.6], [-0.05919, 51.58798, 10.6], [-0.05933, 51.58797, 10.6], [-0.05945, 51.58797, 10.6], [-0.05966, 51.58797, 10.5], [-0.05967, 51.58797, 10.5], [-0.05973, 51.58798, 10.5], [-0.05994, 51.58798, 10.5], [-0.06012, 51.58798, 10.5], [-0.0604, 51.58799, 10.4], [-0.06098, 51.58801, 10.4], [-0.06105, 51.58801, 10.4], [-0.06109, 51.58801, 10.4], [-0.06123, 51.58801, 10.4], [-0.06179, 51.58802, 10.4], [-0.06196, 51.58804, 10.5], [-0.06212, 51.58805, 10.5], [-0.06228, 51.58808, 10.6], [-0.06229, 51.58808, 10.6], [-0.06242, 51.58811, 10.7], [-0.06252, 51.58813, 10.8], [-0.06259, 51.58816, 10.8], [-0.06259, 51.58816, 10.8], [-0.06288, 51.58818, 10.7], [-0.06296, 51.58818, 10.7], [-0.06301, 51.58817, 10.7], [-0.06317, 51.58816, 10.6], [-0.06331, 51.58812, 10.5], [-0.063478, 51.58798, 10.0], [-0.06357, 51.58773, 9.6], [-0.063589, 51.58765, 9.5], [-0.06365, 51.58739, 9.4], [-0.06368, 51.58729, 9.5], [-0.06372, 51.58713, 9.7], [-0.063728, 51.58705, 9.7], [-0.06375, 51.58693, 9.8], [-0.06379, 51.58664, 10.1], [-0.06381, 51.58652, 10.0], [-0.06383, 51.58634, 10.0], [-0.063839, 51.5862, 9.9], [-0.06385, 51.58612, 9.8], [-0.06388, 51.58597, 9.8], [-0.0639, 51.58586, 9.7], [-0.06393, 51.58564, 9.7], [-0.06397, 51.58542, 9.8], [-0.064019, 51.58511, 9.8], [-0.06403, 51.58506, 9.8], [-0.06404, 51.58502, 9.8], [-0.06406, 51.58499, 9.9], [-0.0641, 51.58495, 9.9], [-0.06414, 51.58492, 10.0], [-0.06419, 51.5849, 10.0], [-0.06425, 51.58488, 10.0], [-0.06431, 51.58487, 10.0], [-0.06439, 51.58486, 10.0], [-0.0645, 51.58485, 9.9], [-0.06465, 51.58484, 9.9], [-0.06496, 51.58481, 9.8], [-0.06506, 51.58481, 9.9], [-0.06531, 51.58479, 10.2], [-0.06586, 51.58475, 11.0], [-0.06595, 51.58473, 11.0], [-0.06613, 51.58471, 11.1], [-0.06634, 51.58468, 11.2], [-0.06662, 51.58464, 11.4], [-0.06681, 51.58461, 11.6], [-0.06696, 51.58459, 11.8], [-0.06722, 51.58454, 12.2], [-0.06733, 51.58452, 12.4], [-0.06743, 51.58451, 12.5], [-0.06751, 51.58449, 12.6], [-0.06764, 51.58447, 12.7], [-0.0677, 51.58446, 12.7], [-0.06788, 51.58443, 12.8], [-0.06791, 51.58443, 12.8], [-0.06802, 51.58441, 12.9], [-0.06817, 51.58438, 12.9], [-0.06827, 51.58436, 13.0], [-0.06841, 51.58432, 12.9], [-0.06856, 51.58429, 12.8], [-0.06877, 51.58424, 12.5], [-0.0689, 51.58421, 12.4], [-0.06901, 51.58418, 12.2], [-0.06909, 51.58415, 12.1], [-0.06924, 51.58412, 11.9], [-0.06935, 51.5841, 11.8], [-0.06944, 51.58408, 11.7], [-0.06956, 51.58407, 11.6], [-0.06968, 51.58406, 11.5], [-0.06978, 51.58405, 11.4], [-0.06985, 51.58403, 11.3], [-0.07002, 51.58404, 11.2], [-0.07032, 51.58405, 11.9], [-0.07065, 51.58405, 12.7], [-0.0709, 51.58406, 13.2], [-0.07106, 51.58406, 13.4], [-0.07128, 51.58407, 13.7], [-0.07142, 51.58407, 13.8], [-0.07148, 51.58407, 13.9], [-0.07148, 51.58407, 13.9], [-0.07152, 51.58405, 14.0], [-0.07154, 51.58404, 14.0], [-0.07156, 51.58404, 14.0], [-0.07159, 51.58403, 14.1], [-0.07182, 51.58401, 14.0], [-0.07187, 51.58401, 13.9], [-0.07189, 51.584, 13.9], [-0.07203, 51.58399, 13.8], [-0.0722, 51.58396, 13.6], [-0.0722, 51.58396, 13.6], [-0.07229, 51.58392, 13.5], [-0.07236, 51.5839, 13.5], [-0.07242, 51.58388, 13.4], [-0.0725, 51.58388, 13.3], [-0.07252, 51.58388, 13.3], [-0.07254, 51.58389, 13.3], [-0.07257, 51.58389, 13.3], [-0.07259, 51.58389, 13.3], [-0.07268, 51.58391, 13.2], [-0.07278, 51.58392, 13.1], [-0.07305, 51.58395, 12.8], [-0.07338, 51.58399, 12.5], [-0.0735, 51.58401, 12.5], [-0.07395, 51.58405, 12.8], [-0.07435, 51.5841, 13.0], [-0.07478, 51.58414, 13.0], [-0.07489, 51.58416, 13.0], [-0.07511, 51.58419, 13.1], [-0.07523, 51.58421, 13.2], [-0.07531, 51.58423, 13.3], [-0.07539, 51.58424, 13.4], [-0.0754, 51.58425, 13.4], [-0.07547, 51.58426, 13.5], [-0.07554, 51.58429, 13.5], [-0.07555, 51.58429, 13.5], [-0.07573, 51.58434, 13.7], [-0.07594, 51.58442, 13.7], [-0.07613, 51.58448, 13.6], [-0.07712, 51.5848, 13.8], [-0.07726, 51.58485, 13.9], [-0.0775, 51.58493, 14.1], [-0.07763, 51.58497, 14.2], [-0.07798, 51.58508, 14.6], [-0.07807, 51.58511, 14.7], [-0.07821, 51.58515, 14.9], [-0.07826, 51.58517, 14.9], [-0.07831, 51.58518, 15.0], [-0.0784, 51.58519, 15.1], [-0.07847, 51.58519, 15.2], [-0.07857, 51.5852, 15.3], [-0.07869, 51.5852, 15.4], [-0.07896, 51.58521, 15.8], [-0.07912, 51.58521, 15.9], [-0.07968, 51.58522, 16.0], [-0.07981, 51.58522, 16.0], [-0.07989, 51.58522, 16.0], [-0.08057, 51.58523, 15.5], [-0.08123, 51.58524, 15.3], [-0.08144, 51.58524, 15.3], [-0.08152, 51.58525, 15.3], [-0.08196, 51.58528, 15.2], [-0.08219, 51.5853, 15.1], [-0.08238, 51.58532, 15.1], [-0.08249, 51.58534, 15.0], [-0.08267, 51.58536, 14.9], [-0.0827, 51.58537, 14.9], [-0.08284, 51.58539, 14.8], [-0.08297, 51.58541, 14.7], [-0.08309, 51.58543, 14.6], [-0.08319, 51.58545, 14.6], [-0.08356, 51.58552, 14.3], [-0.08418, 51.58567, 14.0], [-0.08495, 51.58587, 14.2], [-0.08513, 51.58591, 14.7], [-0.08514, 51.58592, 14.7], [-0.0854, 51.58598, 15.6], [-0.08557, 51.58602, 16.1], [-0.08562, 51.58603, 16.3], [-0.08583, 51.58608, 16.9], [-0.086, 51.58611, 17.3], [-0.0862, 51.58615, 17.9], [-0.08636, 51.58618, 18.2], [-0.08666, 51.58623, 18.9], [-0.08671, 51.58624, 19.0], [-0.08672, 51.58624, 19.0], [-0.08673, 51.58624, 19.0], [-0.08673, 51.58623, 19.0], [-0.08674, 51.58623, 19.0], [-0.08675, 51.58623, 19.0], [-0.08675, 51.58622, 19.0], [-0.08676, 51.58622, 19.0], [-0.08677, 51.58622, 19.0], [-0.08678, 51.58622, 19.0], [-0.08679, 51.58622, 19.0], [-0.08679, 51.58623, 19.0], [-0.0868, 51.58623, 19.0], [-0.08681, 51.58623, 19.0], [-0.08682, 51.58624, 19.1], [-0.08683, 51.58624, 19.1], [-0.08683, 51.58625, 19.1], [-0.08683, 51.58626, 19.1], [-0.08691, 51.58627, 19.2], [-0.08696, 51.58627, 19.2], [-0.08699, 51.58628, 19.3], [-0.08702, 51.58628, 19.3], [-0.08705, 51.58628, 19.3], [-0.08712, 51.58629, 19.4], [-0.08732, 51.58632, 19.6], [-0.08766, 51.58637, 19.9], [-0.08769, 51.58637, 19.9], [-0.0881, 51.58644, 20.2], [-0.08823, 51.58646, 20.3], [-0.08832, 51.58647, 20.3], [-0.08841, 51.58647, 20.2], [-0.08862, 51.58646, 20.1], [-0.0891, 51.58639, 19.7], [-0.08929, 51.58636, 19.7], [-0.08928, 51.58636, 19.7], [-0.08928, 51.58635, 19.7], [-0.08927, 51.58634, 19.7], [-0.08927, 51.58633, 19.6], [-0.08928, 51.58633, 19.7], [-0.08928, 51.58632, 19.6], [-0.08929, 51.58632, 19.6], [-0.08929, 51.58631, 19.6], [-0.0893, 51.58631, 19.6], [-0.08931, 51.58631, 19.6], [-0.08931, 51.5863, 19.6], [-0.08932, 51.5863, 19.6], [-0.08933, 51.5863, 19.6], [-0.08934, 51.5863, 19.7], [-0.08935, 51.5863, 19.7], [-0.08935, 51.58631, 19.7], [-0.08936, 51.58631, 19.7], [-0.08937, 51.58631, 19.7], [-0.08937, 51.58632, 19.7], [-0.08938, 51.58632, 19.7], [-0.08938, 51.58633, 19.7], [-0.08938, 51.58634, 19.7], [-0.08956, 51.58633, 19.8], [-0.08966, 51.58632, 19.8], [-0.08992, 51.58629, 20.0], [-0.09017, 51.58626, 19.9], [-0.09041, 51.58623, 19.7], [-0.09086, 51.58617, 19.4], [-0.09103, 51.58615, 19.4], [-0.09178, 51.58608, 19.4], [-0.09239, 51.58608, 20.2], [-0.09252, 51.58608, 20.3], [-0.09264, 51.58608, 20.3], [-0.09277, 51.58607, 20.3], [-0.09309, 51.58606, 20.3], [-0.09355, 51.58605, 20.1], [-0.09365, 51.58604, 20.1], [-0.09371, 51.58604, 20.0], [-0.09373, 51.58604, 20.0], [-0.09378, 51.58604, 20.0], [-0.09385, 51.58604, 19.9], [-0.09391, 51.58604, 19.9], [-0.09396, 51.58605, 19.9], [-0.09401, 51.58605, 19.9], [-0.09408, 51.58606, 19.9], [-0.09419, 51.58608, 19.9], [-0.09428, 51.58609, 20.0], [-0.09434, 51.5861, 20.0], [-0.09441, 51.58612, 20.1], [-0.09451, 51.58615, 20.3], [-0.09457, 51.58617, 20.4], [-0.09462, 51.58618, 20.5], [-0.09475, 51.58623, 20.8], [-0.09563, 51.58654, 22.5], [-0.09587, 51.58661, 22.8], [-0.09596, 51.58664, 22.9], [-0.09602, 51.58665, 22.9], [-0.09603, 51.58666, 23.0], [-0.09611, 51.58668, 23.0], [-0.0962, 51.5867, 23.0], [-0.09624, 51.58672, 23.0], [-0.09628, 51.58673, 23.0], [-0.09639, 51.58676, 23.0], [-0.09663, 51.58683, 23.0], [-0.09704, 51.58693, 22.8], [-0.09726, 51.58699, 22.8], [-0.09726, 51.58699, 22.8], [-0.098937, 51.587583, 24.7], [-0.098937, 51.587583, 24.7], [-0.100303, 51.588127, 24.9], [-0.101669, 51.588672, 26.4], [-0.10166, 51.58868, 26.3], [-0.10171, 51.58871, 26.2], [-0.10195, 51.58884, 25.8], [-0.10198, 51.58886, 25.8], [-0.102, 51.58887, 25.8], [-0.1021, 51.58892, 25.8], [-0.1021, 51.58892, 25.8], [-0.10221, 51.58909, 25.5], [-0.10247, 51.58948, 24.4], [-0.10254, 51.58959, 24.0], [-0.10261, 51.58969, 23.6], [-0.10267, 51.58978, 23.4], [-0.10271, 51.58984, 23.3], [-0.10276, 51.58992, 23.1], [-0.10278, 51.58994, 23.1], [-0.10285, 51.59001, 23.0], [-0.10301, 51.59016, 22.7], [-0.10311, 51.59025, 22.8], [-0.10317, 51.59032, 22.9], [-0.10332, 51.59036, 23.0], [-0.10332, 51.59036, 23.0], [-0.10349, 51.59028, 22.8], [-0.10392, 51.59011, 22.3], [-0.10395, 51.59011, 22.3], [-0.10402, 51.5901, 22.2], [-0.10416, 51.59009, 22.0], [-0.10467, 51.58998, 22.1], [-0.10565, 51.58975, 23.1], [-0.1062, 51.58966, 23.4], [-0.10667, 51.58958, 23.5], [-0.10706, 51.58953, 24.0], [-0.10772, 51.58943, 24.7], [-0.10812, 51.58936, 24.8], [-0.10824, 51.58933, 24.8], [-0.1083, 51.58932, 24.8], [-0.10839, 51.5893, 24.9], [-0.10849, 51.58927, 24.9], [-0.10864, 51.58924, 24.9], [-0.10943, 51.58905, 25.3], [-0.10956, 51.58902, 25.4], [-0.10963, 51.58901, 25.4], [-0.10967, 51.589, 25.4], [-0.1098, 51.58894, 25.5], [-0.10982, 51.58893, 25.6], [-0.10992, 51.5889, 25.6], [-0.10995, 51.5889, 25.6], [-0.11005, 51.58887, 25.8], [-0.11021, 51.58883, 26.2], [-0.11038, 51.58881, 26.5], [-0.11044, 51.5888, 26.6], [-0.11045, 51.5888, 26.7], [-0.1107, 51.58877, 27.2], [-0.11078, 51.58876, 27.4], [-0.11086, 51.58875, 27.5], [-0.11097, 51.58873, 27.7], [-0.11114, 51.5887, 27.9], [-0.11116, 51.5887, 27.9], [-0.11136, 51.58864, 28.3], [-0.11164, 51.58855, 28.9], [-0.11166, 51.58854, 29.0], [-0.11186, 51.58848, 29.8], [-0.11197, 51.58847, 30.2], [-0.11229, 51.58835, 31.4], [-0.11261, 51.58824, 32.9], [-0.11282, 51.58817, 33.7], [-0.11302, 51.5881, 34.6], [-0.11317, 51.58805, 35.2], [-0.11317, 51.58805, 35.2], [-0.11304, 51.58789, 36.3], [-0.11292, 51.58773, 37.4], [-0.11287, 51.58766, 37.7], [-0.11239, 51.58704, 38.4], [-0.11235, 51.58699, 38.4], [-0.11229, 51.58691, 38.4], [-0.11225, 51.58665, 38.7], [-0.11225, 51.5866, 38.7], [-0.11226, 51.5864, 38.8], [-0.11226, 51.58638, 38.9], [-0.11227, 51.58632, 38.9], [-0.11229, 51.58626, 39.0], [-0.11229, 51.58623, 39.0], [-0.11231, 51.58614, 39.1], [-0.11232, 51.58612, 39.2], [-0.11234, 51.58607, 39.2], [-0.11235, 51.58607, 39.3], [-0.11236, 51.58603, 39.3], [-0.11238, 51.586, 39.4], [-0.11242, 51.58591, 39.6], [-0.11251, 51.58582, 40.0], [-0.11258, 51.58576, 40.2], [-0.11261, 51.58575, 40.3], [-0.11266, 51.58572, 40.4], [-0.11273, 51.58568, 40.6], [-0.11279, 51.58565, 40.7], [-0.11287, 51.58562, 40.9], [-0.11295, 51.5856, 41.1], [-0.113, 51.58559, 41.2], [-0.11306, 51.58557, 41.3], [-0.11315, 51.58556, 41.6], [-0.11323, 51.58554, 41.8], [-0.11333, 51.58553, 42.0], [-0.11339, 51.58552, 42.2], [-0.1137, 51.5855, 43.2], [-0.11371, 51.5855, 43.3], [-0.11383, 51.58549, 43.7], [-0.1139, 51.58548, 43.9], [-0.11396, 51.58548, 44.1], [-0.11401, 51.58547, 44.3], [-0.11406, 51.58546, 44.5], [-0.11414, 51.58545, 44.8], [-0.11423, 51.58544, 45.1], [-0.11425, 51.58543, 45.2], [-0.11443, 51.58539, 45.7], [-0.11453, 51.58537, 46.0], [-0.11459, 51.58534, 46.3], [-0.11464, 51.58532, 46.5], [-0.11472, 51.58528, 46.9], [-0.11478, 51.58525, 47.2], [-0.11486, 51.58521, 47.6], [-0.11499, 51.58514, 48.3], [-0.11503, 51.58511, 48.5], [-0.11525, 51.58497, 49.3], [-0.11538, 51.5849, 49.5], [-0.11539, 51.58489, 49.5], [-0.11551, 51.58483, 49.6], [-0.11554, 51.58481, 49.6], [-0.11556, 51.58478, 49.7], [-0.11561, 51.58473, 49.7], [-0.11565, 51.58469, 49.8], [-0.11569, 51.58464, 49.8], [-0.11581, 51.58447, 50.0], [-0.11585, 51.58443, 50.0], [-0.1159, 51.58437, 50.0], [-0.11598, 51.58429, 50.0], [-0.11612, 51.58412, 49.9], [-0.11614, 51.58409, 49.8], [-0.11616, 51.58407, 49.7], [-0.11619, 51.58405, 49.6], [-0.11627, 51.58397, 49.4], [-0.11633, 51.58391, 49.3], [-0.11651, 51.58373, 48.9], [-0.1166, 51.58364, 48.7], [-0.11672, 51.58354, 48.6], [-0.11686, 51.58343, 48.5], [-0.11708, 51.58326, 48.3], [-0.1171, 51.58324, 48.2], [-0.11721, 51.58317, 48.2], [-0.11731, 51.58311, 48.2], [-0.1174, 51.58306, 48.2], [-0.11759, 51.58297, 48.3], [-0.11767, 51.58294, 48.4], [-0.11778, 51.5829, 48.5], [-0.11804, 51.5828, 48.8], [-0.11819, 51.58274, 49.0], [-0.11842, 51.58266, 48.9], [-0.11884, 51.5825, 47.2], [-0.11886, 51.5825, 47.1], [-0.11903, 51.58244, 46.4], [-0.11903, 51.58243, 46.4], [-0.11902, 51.58243, 46.4], [-0.11901, 51.58242, 46.4], [-0.11901, 51.58241, 46.4], [-0.119, 51.58241, 46.4], [-0.119, 51.5824, 46.4], [-0.119, 51.58239, 46.4], [-0.119, 51.58238, 46.4], [-0.11901, 51.58238, 46.3], [-0.11901, 51.58237, 46.3], [-0.11901, 51.58236, 46.3], [-0.11902, 51.58236, 46.3], [-0.11903, 51.58235, 46.2], [-0.11904, 51.58235, 46.2], [-0.11904, 51.58234, 46.2], [-0.11905, 51.58234, 46.1], [-0.11906, 51.58234, 46.1], [-0.11907, 51.58234, 46.1], [-0.11908, 51.58234, 46.1], [-0.11909, 51.58234, 46.0], [-0.1191, 51.58234, 46.0], [-0.11911, 51.58234, 46.0], [-0.11912, 51.58234, 45.9], [-0.11913, 51.58234, 45.9], [-0.11914, 51.58234, 45.9], [-0.11915, 51.58234, 45.9], [-0.11915, 51.58235, 45.9], [-0.11916, 51.58235, 45.8], [-0.11917, 51.58235, 45.8], [-0.11917, 51.58236, 45.8], [-0.11918, 51.58236, 45.8], [-0.11918, 51.58237, 45.8], [-0.11919, 51.58237, 45.8], [-0.11919, 51.58238, 45.8], [-0.11947, 51.58227, 45.2], [-0.1197, 51.58219, 44.8], [-0.11986, 51.58212, 44.6], [-0.11999, 51.58207, 44.5], [-0.12005, 51.58205, 44.5], [-0.12015, 51.58201, 44.4], [-0.12029, 51.58196, 44.3], [-0.12032, 51.58195, 44.3], [-0.1205, 51.58188, 44.1], [-0.12065, 51.58182, 44.0], [-0.12073, 51.58179, 44.0], [-0.12077, 51.58177, 44.0], [-0.12085, 51.58174, 43.9], [-0.12093, 51.58171, 43.9], [-0.12105, 51.58166, 44.0], [-0.12119, 51.5816, 44.1], [-0.12123, 51.58158, 44.2], [-0.12128, 51.58156, 44.2], [-0.12137, 51.58151, 44.3], [-0.12142, 51.58149, 44.4], [-0.12148, 51.58145, 44.5], [-0.12149, 51.58145, 44.5], [-0.12152, 51.58143, 44.5], [-0.12154, 51.58142, 44.5], [-0.1216, 51.58138, 44.7], [-0.12161, 51.58137, 44.7], [-0.1217, 51.58131, 44.9], [-0.12186, 51.58119, 45.4], [-0.12186, 51.58118, 45.4], [-0.12208, 51.58101, 46.1], [-0.1221, 51.58099, 46.1], [-0.12232, 51.58082, 46.8], [-0.12239, 51.58077, 46.9], [-0.12276, 51.58047, 47.6], [-0.12295, 51.58032, 47.9], [-0.12303, 51.58026, 48.1], [-0.12307, 51.58022, 48.2], [-0.12323, 51.58008, 48.7], [-0.12325, 51.58006, 48.8], [-0.12333, 51.57999, 49.0], [-0.1234, 51.57991, 49.1], [-0.12356, 51.57972, 49.4], [-0.12364, 51.57961, 49.6], [-0.12365, 51.57958, 49.6], [-0.12367, 51.57954, 49.7], [-0.1237, 51.57948, 49.8], [-0.12373, 51.57942, 49.9], [-0.12374, 51.57938, 50.0], [-0.12375, 51.57933, 50.1], [-0.12377, 51.57924, 50.3], [-0.12378, 51.57921, 50.4], [-0.12379, 51.57918, 50.4], [-0.12379, 51.57913, 50.5], [-0.12379, 51.57909, 50.6], [-0.12381, 51.57893, 50.8], [-0.12384, 51.57876, 51.0], [-0.12384, 51.57874, 51.0], [-0.12385, 51.57871, 51.1], [-0.12386, 51.57868, 51.1], [-0.12387, 51.57865, 51.2], [-0.12389, 51.57848, 51.4], [-0.12394, 51.57841, 51.6], [-0.12398, 51.57834, 51.8], [-0.12402, 51.57827, 52.1], [-0.12404, 51.57824, 52.3], [-0.12406, 51.57822, 52.4], [-0.12409, 51.57819, 52.6], [-0.1242, 51.57809, 53.2], [-0.12433, 51.57797, 53.8], [-0.12438, 51.57794, 54.0], [-0.12443, 51.57789, 54.3], [-0.12454, 51.5778, 54.8], [-0.12463, 51.5777, 55.5], [-0.12468, 51.57765, 55.8], [-0.12481, 51.57752, 56.7], [-0.12488, 51.57746, 57.3], [-0.12493, 51.5774, 58.0], [-0.12519, 51.57715, 60.8], [-0.12525, 51.57708, 61.5], [-0.125319, 51.577, 62.3], [-0.12541, 51.5769, 63.3], [-0.12544, 51.57687, 63.5], [-0.12556, 51.57674, 64.7], [-0.125707, 51.5766, 65.4], [-0.12576, 51.57654, 65.7], [-0.12581, 51.57649, 65.9], [-0.1259, 51.57638, 66.4], [-0.126, 51.57627, 67.0], [-0.12606, 51.57619, 67.4], [-0.126068, 51.57617, 67.6], [-0.126235, 51.57595, 68.9], [-0.12639, 51.57572, 70.1], [-0.126429, 51.57567, 70.4], [-0.12647, 51.57559, 70.7], [-0.12651, 51.57553, 71.0], [-0.126568, 51.57541, 71.5], [-0.12681, 51.57496, 73.0], [-0.12689, 51.57482, 72.6], [-0.12691, 51.57478, 72.5], [-0.12694, 51.57474, 72.4], [-0.12695, 51.57472, 72.4], [-0.12698, 51.57466, 72.2], [-0.127039, 51.57455, 72.0], [-0.127067, 51.57448, 71.8], [-0.127095, 51.57442, 71.7], [-0.127095, 51.57442, 71.7], [-0.12717, 51.5744, 71.6], [-0.12722, 51.57439, 71.7], [-0.12725, 51.57438, 71.8], [-0.12731, 51.57434, 71.8], [-0.127483, 51.57423, 72.1], [-0.127539, 51.57421, 72.2], [-0.12764, 51.57417, 72.3], [-0.128066, 51.57409, 73.1], [-0.128288, 51.57405, 73.5], [-0.12856, 51.574, 74.5], [-0.12883, 51.57396, 75.8], [-0.12914, 51.5739, 77.2], [-0.12922, 51.57388, 77.6], [-0.12924, 51.57388, 77.7], [-0.12931, 51.57387, 78.0], [-0.12938, 51.57386, 78.3], [-0.12981, 51.57381, 80.2], [-0.12994, 51.57379, 80.8], [-0.13005, 51.57377, 81.2], [-0.13019, 51.57376, 81.5], [-0.130314, 51.57374, 81.8], [-0.13049, 51.57372, 82.1], [-0.13075, 51.57368, 82.8], [-0.13083, 51.57367, 83.0], [-0.13099, 51.57365, 83.4], [-0.131036, 51.57364, 83.6], [-0.13114, 51.57362, 83.9], [-0.13121, 51.57361, 84.1], [-0.13129, 51.57359, 84.3], [-0.1313, 51.57359, 84.3], [-0.13139, 51.57356, 84.6], [-0.13171, 51.57346, 85.8], [-0.13182, 51.57343, 86.1], [-0.13189, 51.5734, 86.3], [-0.13219, 51.57331, 87.2], [-0.13249, 51.57323, 87.9], [-0.13264, 51.57319, 88.0], [-0.13281, 51.57314, 88.1], [-0.13292, 51.57311, 88.2], [-0.13301, 51.57307, 88.3], [-0.13306, 51.57305, 88.3], [-0.13311, 51.57303, 88.4], [-0.1334, 51.5729, 88.5], [-0.13349, 51.57286, 88.5], [-0.13356, 51.57282, 88.5], [-0.13369, 51.57275, 88.6], [-0.13371, 51.57274, 88.7], [-0.13379, 51.5727, 88.8], [-0.13384, 51.57267, 88.9], [-0.13397, 51.5726, 89.3], [-0.1342, 51.57248, 90.1], [-0.13429, 51.57242, 90.3], [-0.13436, 51.57238, 90.5], [-0.13462, 51.57225, 91.3], [-0.13467, 51.57222, 91.4], [-0.13482, 51.57214, 91.9], [-0.13491, 51.57209, 92.2], [-0.1351, 51.57199, 92.9], [-0.13515, 51.57196, 93.1], [-0.13521, 51.57193, 93.3], [-0.13526, 51.5719, 93.5], [-0.13535, 51.57187, 93.9], [-0.13542, 51.57184, 94.3], [-0.13568, 51.57174, 95.8], [-0.13584, 51.57168, 96.9], [-0.13595, 51.57165, 97.4], [-0.13598, 51.57164, 97.5], [-0.13604, 51.57161, 97.6], [-0.13606, 51.5716, 97.6], [-0.13615, 51.57156, 97.8], [-0.13627, 51.5715, 98.1], [-0.13636, 51.57144, 98.2], [-0.13655, 51.57136, 98.5], [-0.13668, 51.5713, 98.6], [-0.13673, 51.57128, 98.5], [-0.1368, 51.57126, 98.2], [-0.13687, 51.57123, 98.0], [-0.13693, 51.57121, 97.8], [-0.13707, 51.57115, 97.3], [-0.13727, 51.57108, 96.7], [-0.13737, 51.57105, 96.5], [-0.13741, 51.57104, 96.4], [-0.13754, 51.57099, 96.2], [-0.13756, 51.57098, 96.2], [-0.13761, 51.57096, 96.1], [-0.13767, 51.57094, 96.1], [-0.13776, 51.5709, 96.0], [-0.13781, 51.57087, 96.0], [-0.13787, 51.57083, 96.0], [-0.13795, 51.57079, 96.1], [-0.13797, 51.57077, 96.2], [-0.13801, 51.57075, 96.3], [-0.13805, 51.57073, 96.4], [-0.1381, 51.57071, 96.5], [-0.13815, 51.57069, 96.6], [-0.13825, 51.57065, 96.8], [-0.13826, 51.57065, 96.8], [-0.13832, 51.57063, 97.0], [-0.13835, 51.57061, 97.1], [-0.13837, 51.57061, 97.1], [-0.13845, 51.57058, 97.4], [-0.13858, 51.57052, 97.8], [-0.13868, 51.57048, 98.1], [-0.13874, 51.57044, 97.9], [-0.13886, 51.57036, 99.1], [-0.13889, 51.57034, 99.3], [-0.13898, 51.57029, 99.8], [-0.13918, 51.57018, 100.8], [-0.13932, 51.5701, 101.6], [-0.13935, 51.57009, 101.7], [-0.1394, 51.57006, 102.0], [-0.13955, 51.56998, 102.7], [-0.13959, 51.56996, 102.7], [-0.13966, 51.56992, 102.7], [-0.13985, 51.56982, 102.8], [-0.14004, 51.56971, 102.7], [-0.1402, 51.56965, 102.6], [-0.14039, 51.56956, 102.5], [-0.14044, 51.56954, 102.5], [-0.14053, 51.56951, 102.5], [-0.14054, 51.56951, 102.6], [-0.14065, 51.56947, 102.6], [-0.14074, 51.56944, 102.7], [-0.14083, 51.56942, 102.8], [-0.1409, 51.5694, 102.9], [-0.14096, 51.56939, 103.0], [-0.14103, 51.56937, 103.1], [-0.14114, 51.56935, 103.3], [-0.14124, 51.56933, 103.5], [-0.14137, 51.56931, 103.9], [-0.14177, 51.56926, 104.9], [-0.14196, 51.56921, 105.3], [-0.14199, 51.5692, 105.4], [-0.14203, 51.56918, 105.4], [-0.14206, 51.56916, 105.4], [-0.1421, 51.56915, 105.4], [-0.1421, 51.56915, 105.4], [-0.14224, 51.56919, 106.2], [-0.14224, 51.56919, 106.2], [-0.14239, 51.56905, 105.4], [-0.14239, 51.56904, 105.3], [-0.1424, 51.56903, 105.2], [-0.14241, 51.56901, 105.0], [-0.14243, 51.56899, 104.9], [-0.14243, 51.56897, 104.7], [-0.14243, 51.56895, 104.5], [-0.14242, 51.56893, 104.2], [-0.14241, 51.56891, 104.0], [-0.1424, 51.56889, 103.7], [-0.1424, 51.56888, 103.6], [-0.14239, 51.56886, 103.4], [-0.14229, 51.56878, 102.3], [-0.14217, 51.56868, 101.0], [-0.14213, 51.56864, 100.5], [-0.14208, 51.56859, 100.0], [-0.14202, 51.56852, 99.2], [-0.14194, 51.56841, 98.0], [-0.14185, 51.56821, 95.6], [-0.14178, 51.56806, 93.6], [-0.14172, 51.56792, 91.6], [-0.14167, 51.5678, 90.0], [-0.14162, 51.56767, 88.2], [-0.14156, 51.56752, 86.1], [-0.14151, 51.56742, 85.4], [-0.14149, 51.56732, 84.9], [-0.14147, 51.56723, 84.5], [-0.14146, 51.56718, 84.2], [-0.14145, 51.56711, 83.9], [-0.14143, 51.56702, 83.4], [-0.14141, 51.56688, 82.7], [-0.14141, 51.56685, 82.6], [-0.14139, 51.56671, 81.9], [-0.14138, 51.5667, 81.8], [-0.14136, 51.56653, 80.6], [-0.14135, 51.56649, 80.3], [-0.14134, 51.56641, 79.8], [-0.14131, 51.56621, 78.3], [-0.14131, 51.56619, 78.1], [-0.14129, 51.56609, 77.4], [-0.14125, 51.56593, 76.2], [-0.14124, 51.5659, 76.0], [-0.14123, 51.56586, 75.7], [-0.1412, 51.56574, 74.9], [-0.14119, 51.5657, 74.7], [-0.14118, 51.56564, 74.4], [-0.14114, 51.56551, 73.6], [-0.14111, 51.56544, 73.1], [-0.14108, 51.56538, 72.7], [-0.14107, 51.56534, 72.5], [-0.14102, 51.56524, 71.8], [-0.14098, 51.56518, 71.4], [-0.14098, 51.56517, 71.3], [-0.14091, 51.56504, 70.4], [-0.14083, 51.56492, 69.7], [-0.14073, 51.56472, 68.8], [-0.14069, 51.56464, 68.4], [-0.14066, 51.56457, 68.1], [-0.14064, 51.56452, 67.9], [-0.14062, 51.56447, 67.7], [-0.14062, 51.56442, 67.6], [-0.14062, 51.56437, 67.4], [-0.14062, 51.56433, 67.3], [-0.14063, 51.56427, 67.1], [-0.14064, 51.56421, 66.9], [-0.14066, 51.56413, 66.9], [-0.14067, 51.56408, 67.1], [-0.14071, 51.56392, 67.6], [-0.14074, 51.56384, 67.8], [-0.14075, 51.56375, 68.0], [-0.14076, 51.56368, 68.2], [-0.14076, 51.56363, 68.4], [-0.14075, 51.56359, 68.5], [-0.14075, 51.56353, 68.7], [-0.14073, 51.56343, 69.0], [-0.14073, 51.5634, 69.1], [-0.14069, 51.56331, 69.4], [-0.14065, 51.56318, 69.8], [-0.14062, 51.56312, 70.0], [-0.1406, 51.56303, 70.3], [-0.14058, 51.56293, 70.6], [-0.14055, 51.56278, 71.0], [-0.14054, 51.56273, 71.2], [-0.14054, 51.56267, 71.3], [-0.14054, 51.56263, 71.4], [-0.14055, 51.56258, 71.5], [-0.14055, 51.56256, 71.5], [-0.14055, 51.56254, 71.6], [-0.14061, 51.56228, 70.5], [-0.14062, 51.56225, 70.4], [-0.14064, 51.56219, 70.1], [-0.14066, 51.56211, 69.7], [-0.14067, 51.56207, 69.5], [-0.14068, 51.56205, 69.5], [-0.1407, 51.56201, 69.3], [-0.14072, 51.56196, 69.1], [-0.14076, 51.5619, 68.8], [-0.14081, 51.56182, 68.5], [-0.14083, 51.56178, 68.4], [-0.14086, 51.56172, 68.2], [-0.14089, 51.56166, 68.0], [-0.14092, 51.5616, 67.8], [-0.14094, 51.56154, 67.7], [-0.14095, 51.56154, 67.7], [-0.14097, 51.56146, 67.5], [-0.14099, 51.56137, 67.3], [-0.141, 51.56122, 66.9], [-0.141, 51.5612, 66.9], [-0.14103, 51.5609, 66.2], [-0.14103, 51.56075, 65.7], [-0.14103, 51.56071, 65.6], [-0.14103, 51.56061, 65.3], [-0.14103, 51.56059, 65.2], [-0.14103, 51.56055, 65.1], [-0.14101, 51.56046, 64.8], [-0.141, 51.56043, 64.6], [-0.14099, 51.56039, 64.5], [-0.14097, 51.56034, 64.3], [-0.14094, 51.56028, 64.1], [-0.14094, 51.56027, 64.1], [-0.14091, 51.56023, 63.9], [-0.14087, 51.56018, 63.7], [-0.14084, 51.56014, 63.5], [-0.14076, 51.56005, 63.1], [-0.14057, 51.55987, 62.5], [-0.14056, 51.55987, 62.5], [-0.14051, 51.55982, 62.3], [-0.14048, 51.55978, 62.2], [-0.14046, 51.55975, 62.1], [-0.14039, 51.55967, 61.9], [-0.14028, 51.5595, 61.3], [-0.14022, 51.55942, 61.1], [-0.14001, 51.55912, 59.6], [-0.13977, 51.55875, 55.5], [-0.13957, 51.55847, 52.5], [-0.13954, 51.55842, 52.0], [-0.13942, 51.55825, 50.9], [-0.13927, 51.55802, 50.4], [-0.1392, 51.55793, 50.2], [-0.13898, 51.5576, 49.5], [-0.13896, 51.55758, 49.5], [-0.13862, 51.55714, 48.1], [-0.1384, 51.55687, 47.3], [-0.1384, 51.55687, 47.3], [-0.1386, 51.5566, 47.5], [-0.13868, 51.55649, 47.8], [-0.13901, 51.55603, 48.7], [-0.13919, 51.55579, 49.1], [-0.13927, 51.55568, 49.3], [-0.1393, 51.55565, 49.4], [-0.13943, 51.55548, 49.6], [-0.13949, 51.55538, 49.7], [-0.13968, 51.55513, 49.6], [-0.1398, 51.55496, 49.5], [-0.13995, 51.55477, 49.1], [-0.14014, 51.5545, 48.7], [-0.14023, 51.55437, 48.5], [-0.14036, 51.5542, 48.2], [-0.14042, 51.55413, 47.9], [-0.14046, 51.55408, 47.7], [-0.14048, 51.55405, 47.6], [-0.14055, 51.55394, 47.2], [-0.14063, 51.55382, 46.8], [-0.14066, 51.55376, 46.5], [-0.1407, 51.5537, 46.3], [-0.14076, 51.55355, 45.8], [-0.14079, 51.55347, 45.5], [-0.14082, 51.55338, 45.2], [-0.14087, 51.55324, 44.8], [-0.1409, 51.55314, 44.5], [-0.14094, 51.55297, 44.2], [-0.14098, 51.55275, 43.9], [-0.141, 51.55258, 43.7], [-0.14102, 51.55246, 43.4], [-0.14106, 51.55218, 42.4], [-0.1411, 51.55194, 41.6], [-0.1411, 51.55193, 41.5], [-0.1411, 51.55168, 40.7], [-0.1411, 51.55168, 40.7], [-0.14098, 51.55154, 40.2], [-0.14095, 51.5515, 40.1], [-0.14092, 51.55146, 39.9], [-0.14083, 51.55134, 39.4], [-0.1408, 51.55131, 39.3], [-0.14078, 51.55128, 39.2], [-0.14072, 51.55122, 38.9], [-0.14069, 51.55116, 38.9], [-0.14068, 51.55113, 38.9], [-0.14067, 51.5511, 38.9], [-0.14066, 51.55102, 38.9], [-0.14065, 51.55099, 38.9], [-0.14066, 51.55094, 38.9], [-0.14066, 51.55088, 38.9], [-0.14068, 51.55077, 38.9], [-0.14068, 51.55075, 38.9], [-0.14069, 51.55061, 38.9], [-0.1407, 51.55057, 38.9], [-0.1407, 51.55055, 39.0], [-0.14071, 51.55047, 39.0], [-0.14072, 51.5504, 39.0], [-0.14081, 51.54989, 39.1], [-0.14086, 51.54969, 39.4], [-0.14088, 51.54958, 39.5], [-0.1409, 51.54944, 39.7], [-0.14093, 51.54932, 39.8], [-0.14096, 51.54919, 40.0], [-0.141, 51.54904, 39.8], [-0.14102, 51.54897, 39.8], [-0.14104, 51.54887, 39.6], [-0.14107, 51.54885, 39.6], [-0.14112, 51.54861, 39.3], [-0.14115, 51.54848, 39.2], [-0.14118, 51.54837, 39.0], [-0.14119, 51.54834, 39.0], [-0.14122, 51.5482, 38.4], [-0.14125, 51.54809, 38.0], [-0.14126, 51.54803, 37.7], [-0.14137, 51.54778, 36.6], [-0.14144, 51.54761, 35.8], [-0.14155, 51.54733, 35.1], [-0.14156, 51.54728, 35.1], [-0.14158, 51.54718, 35.1], [-0.14163, 51.54698, 35.0], [-0.14166, 51.54688, 35.0], [-0.14169, 51.54678, 34.9], [-0.1417, 51.54671, 34.9], [-0.14171, 51.54668, 34.9], [-0.14173, 51.54663, 34.8], [-0.14176, 51.54652, 34.8], [-0.14176, 51.54634, 34.8], [-0.14176, 51.54624, 34.8], [-0.14176, 51.54622, 34.8], [-0.14176, 51.54616, 34.8], [-0.14176, 51.54614, 34.8], [-0.14173, 51.54596, 34.8], [-0.14172, 51.54588, 34.9], [-0.14171, 51.5458, 34.8], [-0.14171, 51.54578, 34.7], [-0.14168, 51.54571, 34.5], [-0.14161, 51.54551, 33.8], [-0.14156, 51.54548, 33.7], [-0.14155, 51.54546, 33.7], [-0.14154, 51.54545, 33.6], [-0.14153, 51.54542, 33.5], [-0.14152, 51.5454, 33.4], [-0.14152, 51.54539, 33.4], [-0.1415, 51.54536, 33.3], [-0.14147, 51.54519, 32.7], [-0.14146, 51.54514, 32.5], [-0.14146, 51.5451, 32.4], [-0.14145, 51.545, 32.0], [-0.14144, 51.54491, 32.3], [-0.14144, 51.54483, 32.6], [-0.14144, 51.54481, 32.7], [-0.14148, 51.54472, 33.0], [-0.14148, 51.54463, 33.3], [-0.1415, 51.54419, 34.9], [-0.1415, 51.54415, 34.9], [-0.14151, 51.54411, 34.7], [-0.14153, 51.54404, 34.4], [-0.14155, 51.54397, 34.1], [-0.14166, 51.54373, 32.9], [-0.14169, 51.54367, 32.6], [-0.14171, 51.54364, 32.5], [-0.14171, 51.54361, 32.4], [-0.14172, 51.54358, 32.3], [-0.14173, 51.54346, 31.7], [-0.14177, 51.54315, 30.6], [-0.14183, 51.54274, 29.1], [-0.14185, 51.54255, 28.4], [-0.14188, 51.54236, 28.1], [-0.14193, 51.54202, 27.9], [-0.14193, 51.542, 27.9], [-0.14195, 51.5419, 27.9], [-0.142, 51.54158, 28.2], [-0.14201, 51.54149, 28.3], [-0.14201, 51.54148, 28.3], [-0.14203, 51.5414, 28.4], [-0.14206, 51.54117, 28.6], [-0.14208, 51.54107, 28.7], [-0.1421, 51.54097, 28.9], [-0.14212, 51.54086, 29.1], [-0.14213, 51.5408, 29.2], [-0.14215, 51.54066, 29.5], [-0.14215, 51.5406, 29.6], [-0.14218, 51.54042, 29.9], [-0.1422, 51.5403, 30.1], [-0.14226, 51.54004, 30.6], [-0.142421, 51.539171, 31.9], [-0.142311, 51.538718, 32.4], [-0.14219, 51.538446, 32.8], [-0.1419, 51.538094, 32.9], [-0.141548, 51.537706, 32.1], [-0.141158, 51.537256, 31.5], [-0.140896, 51.536969, 31.1], [-0.140583, 51.536685, 30.4], [-0.140211, 51.536343, 30.6], [-0.139795, 51.535927, 31.2], [-0.139305, 51.535458, 29.9], [-0.13931, 51.53546, 29.9], [-0.13923, 51.53537, 29.6], [-0.13918, 51.53532, 29.4], [-0.13915, 51.53528, 29.3], [-0.13909, 51.53519, 29.0], [-0.13908, 51.53517, 29.0], [-0.13903, 51.53509, 28.8], [-0.139, 51.53501, 28.6], [-0.13899, 51.53499, 28.6], [-0.138972, 51.534799, 29.1], [-0.138997, 51.534665, 29.5], [-0.139139, 51.534359, 30.5], [-0.139204, 51.53403, 31.2], [-0.13924, 51.533696, 31.7], [-0.13925, 51.533316, 32.2], [-0.13927, 51.533031, 30.5], [-0.139299, 51.53269, 28.4], [-0.139338, 51.532514, 27.3], [-0.139245, 51.53215, 26.2], [-0.139115, 51.531762, 25.3], [-0.138987, 51.531361, 26.1], [-0.138844, 51.531001, 26.5], [-0.138773, 51.530609, 27.0], [-0.138706, 51.530004, 28.0], [-0.138685, 51.529544, 29.7], [-0.138686, 51.529185, 31.1], [-0.138616, 51.528775, 30.2], [-0.13862, 51.52877, 30.2], [-0.13862, 51.52871, 30.0], [-0.13862, 51.52855, 29.6], [-0.13862, 51.52813, 29.0], [-0.13862, 51.52802, 29.0], [-0.13862, 51.52788, 29.0], [-0.13862, 51.52773, 29.0], [-0.13862, 51.52719, 30.2], [-0.13862, 51.52689, 31.4], [-0.13861, 51.5265, 32.6], [-0.13861, 51.52634, 32.9], [-0.1386, 51.52611, 33.2], [-0.13859, 51.52592, 33.5], [-0.13859, 51.52592, 33.5], [-0.13855, 51.52586, 33.5], [-0.13851, 51.52581, 33.5], [-0.13837, 51.52561, 33.6], [-0.13836, 51.52559, 33.7], [-0.13828, 51.52547, 33.8], [-0.1382, 51.52537, 34.0], [-0.13811, 51.52523, 34.1], [-0.13811, 51.52523, 34.1], [-0.13801, 51.52511, 34.2], [-0.13791, 51.52499, 34.3], [-0.13787, 51.52489, 34.4], [-0.13787, 51.52475, 34.6], [-0.13785, 51.52469, 34.7], [-0.13779, 51.52458, 34.8], [-0.13777, 51.52454, 34.9], [-0.13777, 51.52454, 34.9], [-0.13772, 51.52444, 35.1], [-0.13768, 51.52437, 35.2], [-0.13762, 51.52428, 35.5], [-0.13751, 51.52413, 35.9], [-0.13745, 51.52403, 35.9], [-0.13736, 51.52391, 36.0], [-0.13734, 51.52388, 36.0], [-0.13724, 51.52372, 35.9], [-0.13692, 51.52335, 35.7], [-0.13691, 51.52333, 35.7], [-0.13664, 51.52302, 36.4], [-0.13644, 51.5228, 36.6], [-0.1363, 51.52264, 36.8], [-0.13613, 51.52247, 37.1], [-0.13609, 51.52243, 37.2], [-0.13598, 51.52232, 37.4], [-0.13585, 51.5222, 37.7], [-0.13574, 51.52209, 38.0], [-0.13559, 51.52193, 38.5], [-0.13539, 51.52171, 38.9], [-0.1353, 51.52161, 38.9], [-0.13517, 51.52146, 38.6], [-0.13516, 51.52146, 38.6], [-0.13502, 51.52129, 38.1], [-0.13499, 51.52125, 38.0], [-0.13493, 51.52119, 37.8], [-0.13483, 51.52108, 37.4], [-0.13477, 51.52101, 37.2], [-0.1347, 51.52095, 37.0], [-0.13459, 51.52084, 36.5], [-0.13439, 51.52065, 36.4], [-0.13432, 51.52059, 36.4], [-0.13431, 51.52057, 36.4], [-0.13401, 51.52032, 36.7], [-0.13382, 51.52013, 37.1], [-0.13367, 51.51998, 37.5], [-0.13364, 51.51996, 37.5], [-0.13352, 51.51984, 37.4], [-0.13346, 51.51978, 37.3], [-0.13344, 51.51975, 37.3], [-0.1334, 51.51972, 37.2], [-0.13322, 51.51954, 36.9], [-0.13309, 51.51943, 36.6], [-0.13303, 51.51936, 36.5], [-0.13299, 51.51932, 36.4], [-0.13292, 51.51926, 36.2], [-0.13288, 51.51922, 36.1], [-0.13266, 51.519, 36.0], [-0.13254, 51.51888, 36.0], [-0.13244, 51.51877, 36.1], [-0.13229, 51.51863, 36.3], [-0.13223, 51.51856, 36.3], [-0.13183, 51.51815, 37.6], [-0.13152, 51.51783, 39.5], [-0.13137, 51.51767, 40.3], [-0.13136, 51.51767, 40.3], [-0.13133, 51.51764, 40.4], [-0.13113, 51.51743, 40.7], [-0.131064, 51.51738, 40.4], [-0.13091, 51.51722, 39.7], [-0.13078, 51.51709, 39.0], [-0.130675, 51.51698, 38.5], [-0.13063, 51.51691, 38.3], [-0.13056, 51.51681, 37.9], [-0.130508, 51.51674, 37.7], [-0.13045, 51.51665, 37.4], [-0.130425, 51.5166, 37.4], [-0.13042, 51.51658, 37.4], [-0.13041, 51.51656, 37.4], [-0.13038, 51.51649, 37.3], [-0.13036, 51.51642, 37.2], [-0.13031, 51.51618, 36.9], [-0.13027, 51.51596, 36.4], [-0.130259, 51.51593, 36.3], [-0.13024, 51.51585, 36.2], [-0.13023, 51.51581, 36.1], [-0.13022, 51.51579, 36.1], [-0.13017, 51.51559, 35.7], [-0.1301, 51.5154, 35.2], [-0.1301, 51.5154, 35.2], [-0.130064, 51.51533, 35.0], [-0.12995, 51.51506, 34.2], [-0.129926, 51.51501, 34.1], [-0.12989, 51.51491, 34.1], [-0.12987, 51.51487, 34.2], [-0.12972, 51.51452, 34.3], [-0.12962, 51.51422, 34.5], [-0.129537, 51.51403, 34.6], [-0.12952, 51.51399, 34.6], [-0.12948, 51.51388, 34.6], [-0.129398, 51.51375, 34.7], [-0.129287, 51.51355, 34.9], [-0.12924, 51.51344, 34.9], [-0.12914, 51.51326, 34.9], [-0.12905, 51.51312, 34.9], [-0.12894, 51.51293, 34.8], [-0.12887, 51.5128, 34.7], [-0.12875, 51.51262, 34.6], [-0.12856, 51.51229, 34.0], [-0.12856, 51.51228, 34.0], [-0.12851, 51.5122, 33.8], [-0.12851, 51.51219, 33.8], [-0.12848, 51.51214, 33.7], [-0.12845, 51.51203, 33.6], [-0.12841, 51.512, 33.5], [-0.12839, 51.51196, 33.4], [-0.12838, 51.51191, 33.3], [-0.12842, 51.51185, 33.2], [-0.12841, 51.51178, 33.0], [-0.12841, 51.51175, 32.9], [-0.128399, 51.51171, 32.8], [-0.12839, 51.51169, 32.8], [-0.12839, 51.51164, 32.7], [-0.12839, 51.51159, 32.6], [-0.12839, 51.5115, 32.4], [-0.12839, 51.51149, 32.3], [-0.128399, 51.51134, 31.8], [-0.128399, 51.51128, 31.6], [-0.12841, 51.51125, 31.5], [-0.12841, 51.51119, 31.3], [-0.12841, 51.51119, 31.3], [-0.12842, 51.51097, 30.6], [-0.12841, 51.51093, 30.4], [-0.12841, 51.51072, 29.9], [-0.128399, 51.51058, 29.7], [-0.12838, 51.51051, 29.6], [-0.12837, 51.51045, 29.5], [-0.12833, 51.51033, 29.4], [-0.12831, 51.51027, 29.3], [-0.128288, 51.51023, 29.3], [-0.12824, 51.51016, 29.3], [-0.12817, 51.51008, 29.3], [-0.12812, 51.51, 29.3], [-0.12802, 51.50987, 29.0], [-0.12797, 51.50982, 28.9], [-0.12792, 51.50977, 28.8], [-0.12788, 51.50974, 28.7], [-0.127844, 51.50972, 28.7], [-0.12777, 51.50967, 28.5], [-0.12776, 51.50967, 28.5], [-0.12763, 51.50962, 28.2], [-0.12756, 51.5096, 28.1], [-0.127483, 51.50957, 27.9], [-0.12745, 51.50955, 27.8], [-0.1274, 51.50953, 27.6], [-0.12736, 51.5095, 27.4], [-0.12731, 51.50943, 26.9], [-0.1273, 51.50941, 26.7], [-0.127289, 51.50938, 26.5], [-0.12728, 51.50936, 26.4], [-0.12727, 51.50934, 26.2], [-0.12725, 51.50929, 25.9], [-0.127234, 51.50928, 25.8], [-0.127234, 51.50927, 25.7], [-0.127234, 51.50924, 25.5], [-0.12725, 51.50917, 25.1], [-0.12723, 51.50909, 24.7], [-0.12722, 51.50898, 24.3], [-0.127234, 51.50882, 23.8], [-0.127206, 51.50872, 23.4], [-0.127206, 51.50871, 23.4], [-0.1272, 51.50866, 23.2], [-0.12717, 51.50858, 23.0], [-0.12717, 51.50858, 23.0], [-0.12717, 51.50855, 22.9], [-0.12717, 51.50847, 22.6], [-0.12716, 51.50841, 22.5], [-0.12716, 51.5084, 22.4], [-0.12719, 51.50829, 22.2], [-0.12717, 51.50824, 22.5], [-0.12714, 51.50814, 22.9], [-0.12714, 51.50813, 23.0], [-0.12713, 51.5081, 23.1], [-0.12709, 51.50806, 23.5], [-0.12709, 51.50805, 23.5], [-0.127067, 51.50803, 23.7], [-0.12706, 51.50801, 23.8], [-0.12705, 51.50798, 24.0], [-0.12705, 51.50797, 24.0], [-0.127039, 51.50792, 24.2], [-0.12702, 51.50782, 24.8], [-0.12702, 51.50778, 24.9], [-0.12703, 51.50776, 24.9], [-0.12703, 51.50775, 25.0], [-0.127039, 51.5077, 25.1], [-0.12715, 51.50756, 24.7], [-0.12717, 51.50753, 24.7], [-0.127178, 51.50752, 24.6], [-0.1272, 51.50751, 24.5], [-0.12722, 51.5075, 24.4], [-0.127234, 51.5075, 24.2], [-0.1273, 51.50749, 23.6], [-0.1273, 51.50749, 23.6], [-0.1273, 51.50748, 23.6], [-0.127289, 51.50748, 23.7], [-0.127289, 51.50747, 23.6], [-0.12728, 51.50747, 23.7], [-0.12728, 51.50746, 23.6], [-0.12728, 51.50744, 23.5], [-0.12728, 51.50743, 23.5], [-0.12728, 51.50741, 23.4], [-0.127289, 51.50739, 23.2], [-0.127289, 51.50738, 23.1], [-0.1273, 51.50736, 22.9], [-0.12731, 51.50734, 22.8], [-0.127317, 51.50733, 22.6], [-0.12733, 51.50732, 22.5], [-0.12734, 51.50731, 22.4], [-0.127345, 51.5073, 22.3], [-0.12736, 51.50729, 22.2], [-0.12738, 51.50728, 22.0], [-0.12739, 51.50727, 21.9], [-0.12741, 51.50727, 21.8], [-0.12742, 51.50726, 21.6], [-0.12745, 51.50724, 21.4], [-0.127483, 51.50723, 21.1], [-0.12752, 51.50722, 20.9], [-0.12755, 51.50721, 20.7], [-0.12756, 51.50721, 20.7], [-0.12759, 51.5072, 20.5], [-0.12762, 51.5072, 20.4], [-0.12766, 51.50719, 20.2], [-0.12769, 51.50719, 20.0], [-0.127705, 51.50719, 19.9], [-0.12773, 51.50719, 19.8], [-0.12775, 51.50719, 19.8], [-0.12777, 51.50719, 19.7], [-0.12784, 51.50715, 19.3], [-0.12787, 51.50713, 19.2], [-0.128, 51.50706, 18.7], [-0.128066, 51.50702, 18.5], [-0.12813, 51.50698, 18.4], [-0.128205, 51.50694, 18.3], [-0.12828, 51.50689, 18.3], [-0.12833, 51.50686, 18.3], [-0.12839, 51.50684, 18.5], [-0.12845, 51.50681, 18.8], [-0.1285, 51.50678, 19.0], [-0.12861, 51.50674, 19.5], [-0.12861, 51.50674, 19.5], [-0.1287, 51.50671, 19.9], [-0.12872, 51.5067, 20.0], [-0.128788, 51.50668, 20.3], [-0.12887, 51.50666, 20.6], [-0.128956, 51.50665, 20.9], [-0.12901, 51.50663, 21.2], [-0.129066, 51.50661, 21.3], [-0.1293, 51.50651, 21.2], [-0.12948, 51.50643, 20.9], [-0.12977, 51.50631, 20.1], [-0.130066, 51.50619, 18.8], [-0.13044, 51.50604, 17.4], [-0.13083, 51.50586, 16.2], [-0.13099, 51.5058, 16.2], [-0.13118, 51.50572, 16.3], [-0.13136, 51.50564, 16.3], [-0.13147, 51.5056, 16.3], [-0.13187, 51.50544, 16.7], [-0.13267, 51.50514, 19.5]]}, "properties": {"name": "RL2025 TH Op 2B"}}]}