{"type":"FeatureCollection","features":[{"type":"Feature","geometry":{"type":"LineString","coordinates":[[-0.11727,51.51017,5.5],[-0.11686,51.51029,5.5],[-0.11566,51.51057,5.3],[-0.1156,51.51061,5.3],[-0.11528,51.51067,5.3],[-0.1151,51.51066,5.4],[-0.11428,51.510785,5.3],[-0.11346,51.51091,5.3],[-0.112745,51.510975,5.4],[-0.11203,51.51104,5.4],[-0.11073,51.51107,5.4],[-0.109421,51.511056,5.3],[-0.108113,51.511043,5.3],[-0.106804,51.51103,6.5],[-0.105496,51.511016,5.2],[-0.104188,51.511003,4.4],[-0.10288,51.51099,5.2],[-0.10268,51.51103,5.2],[-0.10146,51.51115,6.1],[-0.1005,51.51122,6],[-0.099699,51.51123,5.7],[-0.0989,51.51124,5.5],[-0.097773,51.51122,6.2],[-0.096646,51.5112,7.4],[-0.09552,51.51118,7.5],[-0.09507,51.51114,7.8],[-0.094154,51.511025,7.8],[-0.09324,51.51091,8.2],[-0.09316,51.5109,8.2],[-0.09303,51.51084,8.2],[-0.092239,51.510695,7.9],[-0.09145,51.51055,7.6],[-0.09122,51.51054,7.4],[-0.0909,51.51047,7.4],[-0.09087,51.51044,7.4],[-0.0903,51.51034,7.6],[-0.08976,51.51023,7.6],[-0.08959,51.51021,7.6],[-0.08833,51.50988,7.4],[-0.08828,51.50983,7.4],[-0.08808,51.5098,7.4],[-0.08766,51.50973,7.4],[-0.08754,51.50976,7.4],[-0.08731,51.50973,7.4],[-0.08621,51.50957,7.4],[-0.084913,51.509413,7],[-0.083616,51.509256,6.9],[-0.08232,51.5091,7.2],[-0.08192,51.50908,8],[-0.08184,51.50904,8],[-0.08161,51.50906,8.5],[-0.08122,51.50912,9.4],[-0.08082,51.50925,10.9],[-0.08025,51.50951,13],[-0.08013,51.50951,13],[-0.07985,51.50958,13.2],[-0.07955,51.50961,13.4],[-0.07863,51.50955,13.6],[-0.07796,51.50943,12.8],[-0.07775,51.50943,12.7],[-0.07672,51.50949,12.5],[-0.07602,51.50958,12.1],[-0.07552,51.50969,12.6],[-0.0751,51.50981,13.6],[-0.07505,51.50986,13.6],[-0.07477,51.50992,13.6],[-0.07454,51.50992,13.6],[-0.07423,51.50985,14.4],[-0.07406,51.50974,14.7],[-0.07393,51.50959,14.7],[-0.07364,51.50934,13.8],[-0.07329,51.50896,13.8],[-0.0731,51.50884,12.6],[-0.07281,51.50873,12.4],[-0.07179,51.50839,10.8],[-0.0711,51.5083,10.3],[-0.07016,51.50845,10.5],[-0.06922,51.5086,9.9],[-0.06904,51.50865,9.9],[-0.06886,51.50874,9.9],[-0.06873,51.50873,9.9],[-0.06844,51.50882,10.1],[-0.06826,51.50892,10.3],[-0.06792,51.50902,10.4],[-0.06773,51.50905,10.4],[-0.06758,51.50911,10.4],[-0.067,51.50926,10.2],[-0.06644,51.50934,9.5],[-0.06619,51.50936,9.4],[-0.065409,51.50933,9.2],[-0.06463,51.5093,9.4],[-0.06383,51.50931,9.9],[-0.06303,51.50932,10.8],[-0.06292,51.50935,11],[-0.06267,51.50936,11.1],[-0.06253,51.50933,11.1],[-0.06144,51.50936,11.1],[-0.06078,51.50941,10.7],[-0.06074,51.50945,10.7],[-0.0605,51.50947,10.7],[-0.06004,51.50951,10.6],[-0.05988,51.50949,10.6],[-0.05887,51.50959,10.3],[-0.0587,51.50964,10.4],[-0.0585,51.50967,10.4],[-0.05814,51.5097,10.6],[-0.05801,51.50968,10.6],[-0.05713,51.50972,10.5],[-0.05694,51.50975,10.5],[-0.05678,51.50972,10.5],[-0.056019,51.50967,10.6],[-0.05526,51.50962,11.3],[-0.05434,51.50963,12.2],[-0.05402,51.50967,12.2],[-0.0537,51.50965,12.1],[-0.05255,51.509695,11.4],[-0.0514,51.50974,11.2],[-0.05081,51.50979,11],[-0.0506,51.50975,11.2],[-0.05047,51.5098,11.2],[-0.05035,51.5098,11.2],[-0.04985,51.50978,11.6],[-0.049004,51.50978,12],[-0.04816,51.50978,11.2],[-0.04775,51.50984,11.2],[-0.04726,51.50984,10.7],[-0.04703,51.50988,10.3],[-0.04651,51.51002,10],[-0.04619,51.51013,9.7],[-0.04585,51.51021,9.4],[-0.04563,51.51024,9.2],[-0.04475,51.5103,8.9],[-0.04397,51.51033,8.8],[-0.04388,51.51037,8.7],[-0.04364,51.5104,8.7],[-0.04339,51.51042,8.7],[-0.04318,51.51041,8.7],[-0.04259,51.5105,8.6],[-0.04238,51.51057,8.8],[-0.04223,51.5106,9],[-0.04082,51.51072,7],[-0.04039,51.51079,3.9],[-0.03964,51.51102,2.3],[-0.03853,51.51153,2],[-0.03812,51.51165,1.8],[-0.03767,51.51176,0.9],[-0.03724,51.51182,1.4],[-0.03669,51.51184,1.2],[-0.03606,51.51181,2],[-0.03558,51.51174,0.9],[-0.0347,51.51149,0.9],[-0.03436,51.51133,2.2],[-0.03404,51.51115,2.1],[-0.03379,51.51096,1.4],[-0.03341,51.51059,2.3],[-0.032989,51.510055,1.9],[-0.03257,51.50952,9.5],[-0.03205,51.50876,19.4],[-0.03184,51.50851,19],[-0.03157,51.50828,18.6],[-0.0313,51.50811,19.3],[-0.03096,51.50796,19.1],[-0.03063,51.50785,19],[-0.03027,51.50776,19],[-0.02999,51.50772,18.8],[-0.02924,51.5077,18.2],[-0.02862,51.50776,17.3],[-0.02811,51.5079,18.1],[-0.02727,51.50828,16.8],[-0.02643,51.50866,16.3],[-0.02638,51.5087,16.4],[-0.02612,51.50879,16.5],[-0.02548,51.50895,15.6],[-0.02498,51.50898,14.9],[-0.02464,51.50897,15.7],[-0.02387,51.50889,14.8],[-0.023159,51.50872,14.3],[-0.02245,51.50855,1],[-0.021519,51.508345,2.5],[-0.02059,51.50814,3.1],[-0.0198,51.50789,3.4],[-0.019074,51.50775,5.6],[-0.01835,51.50761,6],[-0.01736,51.50746,6.3],[-0.01635,51.50735,6.2],[-0.01557,51.50728,6.1],[-0.01424,51.50723,5.5],[-0.013445,51.50724,5.5],[-0.01265,51.50725,5.7],[-0.01185,51.5073,6],[-0.01105,51.50735,6.1],[-0.010145,51.50743,8.7],[-0.00924,51.50751,11.6],[-0.008215,51.507595,14.7],[-0.00719,51.50768,14],[-0.00653,51.50776,11.5],[-0.00606,51.50784,8.7],[-0.00531,51.50802,6.1],[-0.00481,51.50822,5.5],[-0.00457,51.50835,5.5],[-0.00394,51.50877,5.7],[-0.00369,51.50896,6.1],[-0.00335,51.50926,7.6],[-0.00299,51.50967,8.1],[-0.00253,51.51005,8],[-0.00224,51.51027,8],[-0.00198,51.51039,8.3],[-0.00148,51.51057,9.3],[-0.0012,51.51061,9.4],[-0.00067,51.51063,9.2],[-0.00016,51.5106,8.6],[0.00018,51.51073,7.9],[0.00026,51.51089,7.6],[0.00039,51.511,7.6],[0.00053,51.51104,7.1],[0.0009,51.51109,7.1],[0.00114,51.51105,6.7],[0.00136,51.51093,6.7],[0.00146,51.51076,6.8],[0.00148,51.51069,6.8],[0.0017,51.51049,6.9],[0.00181,51.51042,6.9],[0.00192,51.51038,7.4],[0.00285,51.51018,9],[0.00333,51.51013,10.2],[0.00382,51.51011,12.4],[0.00434,51.51012,15.4],[0.00547,51.5102,19.1],[0.00614,51.51021,19.4],[0.0068,51.51019,18.5],[0.00802,51.51009,14.2],[0.00869,51.50999,11.9],[0.00916,51.50989,11.3],[0.00986,51.50972,10.6],[0.010963,51.509396,7],[0.012066,51.509073,2.9],[0.01317,51.50875,3.2],[0.01328,51.50874,3.2],[0.01344,51.50874,3.2],[0.01384,51.50886,3.5],[0.01396,51.50887,3.5],[0.01419,51.50881,3.4],[0.01506,51.50879,4.1],[0.01569,51.50868,4.5],[0.01596,51.50857,5.3],[0.0162,51.50843,5.5],[0.01596,51.50821,6.3],[0.01597,51.50822,6.3],[0.01588,51.50817,6.6],[0.0155,51.50813,7.4],[0.0153,51.5081,7.5],[0.01445,51.50806,9],[0.01431,51.50804,10.2],[0.01366,51.508807,11.5],[0.01301,51.509575,11.5],[0.01236,51.510342,9.1],[0.01171,51.51111,6.2],[0.01142,51.51143,5.7],[0.01136,51.5116,5.2],[0.01127,51.51171,4.9],[0.01083,51.51221,4.2],[0.01068,51.51231,4.2],[0.01038,51.51262,4.2],[0.00999,51.51314,4.2],[0.009546,51.51368,4.4],[0.009103,51.51422,4.7],[0.00866,51.51476,5.1],[0.00854,51.51491,5.2],[0.00854,51.51501,5.3],[0.00848,51.51515,5.4],[0.00845,51.51533,5.5],[0.00839,51.51545,5.7],[0.00833,51.51556,5.7],[0.0082,51.51565,5.7],[0.00825,51.51576,5.4],[0.00857,51.51595,4.7],[0.00864,51.51603,4.7],[0.009694,51.516495,3.8],[0.010749,51.51696,3.6],[0.011804,51.517425,3.5],[0.01286,51.51789,3.3],[0.01344,51.51816,3.2],[0.01338,51.51826,3.3],[0.0129,51.51865,3.5],[0.01265,51.5189,3.5],[0.01237,51.51932,3.4],[0.01209,51.51974,3.1],[0.01209,51.51982,3.1],[0.012219,51.52036,3],[0.01235,51.5209,2.9],[0.01237,51.52102,2.9],[0.012343,51.52164,2.6],[0.012316,51.52226,2.7],[0.01229,51.52288,3],[0.0123,51.52344,3.4],[0.01235,51.52369,3.5],[0.01243,51.52384,3.5],[0.01272,51.52423,3.4],[0.01299,51.52446,3.2],[0.01343,51.52476,3.1],[0.01411,51.52507,3.1],[0.01496,51.52522,3.1],[0.015916,51.525343,3],[0.016873,51.525466,3.1],[0.01783,51.52559,3.9],[0.01796,51.52563,3.9],[0.01801,51.52567,3.9],[0.01802,51.52571,4.3],[0.01783,51.526405,5.8],[0.01764,51.5271,8.2],[0.01756,51.5275,9.4],[0.01756,51.52754,9.4],[0.017844,51.528145,8.9],[0.01813,51.52875,6.9],[0.018429,51.52933,5.6],[0.018729,51.52991,5.5],[0.01903,51.53049,5.8],[0.01928,51.53104,6.7],[0.01848,51.5312,8.4],[0.01811,51.53132,9.3],[0.017315,51.53165,9.1],[0.01652,51.53198,7.3],[0.01553,51.53236,5.5],[0.01526,51.5325,5.3],[0.01436,51.53308,5.2],[0.01407,51.53324,5.2],[0.01388,51.53333,5.2],[0.01332,51.53356,5.2],[0.012165,51.533925,5],[0.01101,51.53429,4.9],[0.010335,51.534555,5.1],[0.00966,51.53482,5.4],[0.0093,51.53494,5.4],[0.00899,51.5351,5.5],[0.00871,51.53521,5.5],[0.0085,51.53525,5.7],[0.00756,51.53565,6],[0.00738,51.53569,6.2],[0.00729,51.53575,6.2],[0.00724,51.53585,6.2],[0.007,51.53605,6.4],[0.00677,51.53631,6.6],[0.006225,51.537125,7.3],[0.00568,51.53794,7.7],[0.00522,51.53837,8],[0.00476,51.53878,8.7],[0.004,51.53938,9.1],[0.00361,51.53963,9.1],[0.00304,51.53993,9],[0.0028,51.54008,8.9],[0.00277,51.54012,8.9],[0.00274,51.5402,8.7],[0.00262,51.5406,8.1],[0.00258,51.54068,8.1],[0.00229,51.54096,8],[0.00216,51.54106,7.8],[0.00105,51.54056,7.2],[0.0006,51.54026,7.2],[0.00034,51.54005,7.3],[0.00004,51.53976,7.4],[-0.0001,51.53955,7.3],[-0.0002,51.53952,7.4],[-0.00031,51.5394,7.4],[-0.00046,51.53936,7.4],[-0.00084,51.53901,7.8],[-0.00154,51.53844,8.1],[-0.00225,51.53789,7.7],[-0.00249,51.53768,7.3],[-0.003222,51.537135,5.3],[-0.003955,51.53659,5.3],[-0.004687,51.536045,6.3],[-0.00542,51.5355,6.4],[-0.00548,51.53547,6.4],[-0.00562,51.5353,6.9],[-0.00552,51.53519,7],[-0.006035,51.53479,7.9],[-0.00655,51.53439,9.3],[-0.00676,51.5342,8.6],[-0.00683,51.53423,8.6],[-0.00689,51.53417,8.7],[-0.00695,51.5342,8.7],[-0.00712,51.53407,8.7],[-0.00716,51.53402,8.7],[-0.00772,51.53365,8.4],[-0.00801,51.5334,8.3],[-0.0086,51.53296,8],[-0.00943,51.53236,7.1],[-0.00958,51.53223,7.1],[-0.01021,51.53179,6.4],[-0.0103,51.53167,6.2],[-0.011,51.53119,5.8],[-0.01147,51.5309,6.4],[-0.01258,51.53034,10.5],[-0.01368,51.52989,14.7],[-0.01441,51.52961,14.8],[-0.01492,51.52943,13.4],[-0.01588,51.52916,10.9],[-0.01601,51.52918,10.6],[-0.01593,51.52923,10.6],[-0.01488,51.52953,8.7],[-0.01462,51.52963,8.6],[-0.01451,51.52968,8.6],[-0.01452,51.52973,8.6],[-0.01466,51.52984,8.4],[-0.01518,51.53009,8.4],[-0.015869,51.53034,8.1],[-0.01656,51.53059,8.1],[-0.01738,51.53094,7.5],[-0.01777,51.53115,7],[-0.018434,51.53153,6.5],[-0.0191,51.53191,6.4],[-0.020167,51.532495,7.7],[-0.021234,51.53308,6.1],[-0.022302,51.533665,3.5],[-0.02337,51.53425,7.2],[-0.02405,51.53466,9],[-0.02449,51.53499,9.3],[-0.02474,51.53521,9.6],[-0.02511,51.53562,9.6],[-0.02531,51.53587,10],[-0.02558,51.53637,10],[-0.02579,51.53714,11.6],[-0.0259,51.53783,13],[-0.02603,51.53852,14.4],[-0.026226,51.53923,12.5],[-0.026423,51.53994,13.5],[-0.02662,51.54065,11.1],[-0.02678,51.54101,9.1],[-0.02698,51.54134,8.3],[-0.02721,51.54164,7.8],[-0.02747,51.54193,7.6],[-0.02774,51.54217,7.3],[-0.02804,51.54239,7.1],[-0.02847,51.5427,7.1],[-0.028994,51.54304,5.8],[-0.02952,51.54338,6.7],[-0.030274,51.54379,9.3],[-0.03103,51.5442,11.2],[-0.03193,51.54477,14.1],[-0.03293,51.54529,11.7],[-0.03318,51.54546,10],[-0.03325,51.54554,9.6],[-0.03336,51.54572,8.7],[-0.03341,51.54585,8.4],[-0.03341,51.54607,8.4],[-0.03341,51.54608,8.4],[-0.03335,51.54628,7.9],[-0.03328,51.54636,7.9],[-0.03313,51.5465,7.3],[-0.03244,51.54703,7.3],[-0.03211,51.54725,8],[-0.03171,51.54747,8.6],[-0.03111,51.54775,10.4],[-0.0306,51.54794,11],[-0.02976,51.54816,11.7],[-0.02941,51.54823,12.1],[-0.02813,51.54838,13.9],[-0.02765,51.54846,14.2],[-0.02698,51.54861,14.5],[-0.02648,51.54876,14.4],[-0.02573,51.54903,12.6],[-0.02525,51.54924,10.2],[-0.02465,51.54957,7.9],[-0.023815,51.55007,7.3],[-0.02298,51.55057,9.1],[-0.02243,51.55085,12],[-0.02175,51.5511,13.7],[-0.02081,51.55133,14.8],[-0.02017,51.55142,14.9],[-0.01957,51.55147,14.5],[-0.01835,51.55152,11.7],[-0.01713,51.55157,7.5],[-0.016385,51.551635,6.7],[-0.01564,51.5517,6.8],[-0.01545,51.55173,6.9],[-0.01502,51.55178,7],[-0.01382,51.55196,7.3],[-0.01263,51.55217,8.5],[-0.01186,51.55236,10.1],[-0.01135,51.55251,11.9],[-0.01071,51.55274,13.9],[-0.01016,51.553,15],[-0.00951,51.55338,15.6],[-0.00893,51.55383,13.6],[-0.00851,51.55424,10.9],[-0.00822,51.55456,9.5],[-0.0077,51.55523,6.9],[-0.0074,51.55556,6.9],[-0.00693,51.556,7.5],[-0.00612,51.55665,8.2],[-0.00538,51.55716,8.8],[-0.00451,51.5577,9.5],[-0.00378,51.55813,10.5],[-0.00305,51.55856,11.8],[-0.00218,51.559123,13.5],[-0.00131,51.559686,15.3],[-0.00044,51.56025,14.3],[0.000474,51.560865,13.6],[0.00139,51.56148,15.2],[0.001919,51.56188,16.3],[0.00245,51.56228,17],[0.003199,51.56293,17.3],[0.00395,51.56358,17.9],[0.004429,51.5641,18.1],[0.00491,51.56462,18.5],[0.00552,51.56534,20],[0.005959,51.56596,20.7],[0.0064,51.56658,20.3],[0.00665,51.56697,19.5],[0.006939,51.56746,18.2],[0.00723,51.56795,16.8],[0.0075,51.56838,13.7],[0.008,51.56905,12.6],[0.00827,51.56937,12.8],[0.0086,51.56972,13.7],[0.00918,51.57027,17],[0.009729,51.57073,18.9],[0.01028,51.57119,21.1],[0.011124,51.571755,26.2],[0.01197,51.57232,31.5],[0.01239,51.57254,32.5],[0.01259,51.57262,33],[0.0129,51.57271,33.5],[0.01337,51.57279,34],[0.01377,51.57283,34.1],[0.01412,51.57284,34.2],[0.01477,51.57279,34.4],[0.01526,51.57269,34.7],[0.01561,51.57272,34.6],[0.01563,51.57277,34.6],[0.01573,51.57285,34.6],[0.01583,51.57289,34.2],[0.01603,51.57293,34.2],[0.01615,51.57293,34.1],[0.01642,51.57304,33.8],[0.01682,51.57346,32.8],[0.01728,51.57405,33.4],[0.01743,51.57445,33.8],[0.01748,51.57471,34.2],[0.01746,51.57543,34.6],[0.017493,51.57614,33.3],[0.017526,51.57685,33.5],[0.01756,51.57756,33.2],[0.01759,51.57767,33.2],[0.0178,51.57813,32.5],[0.01784,51.57825,32.5],[0.01785,51.57853,32.3],[0.01775,51.57907,32],[0.01777,51.57925,31.9],[0.01785,51.57942,31.9],[0.01807,51.57973,31.4],[0.01855,51.58013,31],[0.01926,51.58067,29.5],[0.01967,51.58103,28],[0.01985,51.58122,27.3],[0.02011,51.58162,26.2],[0.02011,51.5817,26.3],[0.02014,51.58178,26.3],[0.02026,51.58193,25.2],[0.02032,51.58207,25],[0.02031,51.58239,24.9],[0.02027,51.58243,24.9],[0.02024,51.58282,25.5],[0.02029,51.58298,26.1],[0.02028,51.58307,26.1],[0.02023,51.58319,26.1],[0.02027,51.5833,26.9],[0.02028,51.58339,26.9],[0.02025,51.58352,27.4],[0.02034,51.58394,28.2],[0.02039,51.58416,28.7],[0.02054,51.5846,29.9],[0.020809,51.585325,31.7],[0.02108,51.58605,32.6],[0.021259,51.58676,33.3],[0.02144,51.58747,33.8],[0.021639,51.58804,34.1],[0.02184,51.58861,34.9],[0.02203,51.58921,35.3],[0.02215,51.58978,36.3],[0.022289,51.59054,37.7],[0.02243,51.5913,39.1],[0.02248,51.59163,39.5],[0.02249,51.59186,40.2],[0.02243,51.59261,41.9],[0.02242,51.59327,42.8],[0.02238,51.59369,43.5],[0.02226,51.59457,44.7],[0.02221,51.59461,44.7],[0.02216,51.59482,45.1],[0.02217,51.59486,45.1],[0.02221,51.5949,45.1],[0.02219,51.595,45.1],[0.02211,51.59503,45.2],[0.02205,51.59523,45.3],[0.02194,51.5955,45.7],[0.02198,51.59555,45.8],[0.02194,51.59564,46],[0.02199,51.59569,45.3],[0.02197,51.59576,45.1],[0.02204,51.59577,45.1],[0.02181,51.59627,46],[0.02182,51.59633,46.3],[0.02179,51.59654,46.9],[0.02168,51.59672,47.3],[0.02161,51.59671,47.3],[0.02155,51.59683,47.6],[0.02145,51.59688,47.9],[0.02144,51.59699,48.4],[0.02129,51.59733,48.8],[0.02116,51.59753,49.4],[0.02084,51.598285,51],[0.02052,51.59904,52.2],[0.02022,51.59967,52.2],[0.01981,51.60037,51.5],[0.01955,51.60085,50.8],[0.01937,51.60135,50.7],[0.0193,51.60176,51.2],[0.01931,51.6024,53.9],[0.01928,51.60265,54.6],[0.01918,51.60299,56],[0.01902,51.60372,57.9],[0.01888,51.60421,59.1],[0.01874,51.6047,59.5],[0.01864,51.60475,60],[0.01853,51.60483,60],[0.01837,51.60482,60.3],[0.01813,51.60486,61.5],[0.01804,51.60491,61.5],[0.01796,51.60501,61.5],[0.01795,51.60508,61.9],[0.01796,51.60513,61.9],[0.01802,51.60524,61.9],[0.018449,51.605755,62.3],[0.01888,51.60627,62.8],[0.019344,51.606675,63.3],[0.01981,51.60708,63.8],[0.01979,51.60716,64.1],[0.0199,51.60731,64.2],[0.01992,51.60734,64.2],[0.02002,51.60737,64.4],[0.02059,51.60812,64.9],[0.02095,51.60862,65.4],[0.02093,51.6087,65.4],[0.02102,51.60883,65.5],[0.02113,51.60886,65.5],[0.02128,51.60911,65.7],[0.021804,51.609835,66.2],[0.02233,51.61056,66.6],[0.02289,51.6112,67.5],[0.02343,51.61194,68.7],[0.023714,51.61237,69.2],[0.024,51.6128,70.1],[0.02446,51.61363,71.9],[0.024679,51.61407,72.9],[0.0249,51.61451,74.5],[0.02488,51.61459,74.5],[0.025104,51.61516,75.1],[0.02533,51.61573,75],[0.0257,51.61655,73.7],[0.025944,51.617015,71.7],[0.02619,51.61748,70.8],[0.02626,51.6175,70.8],[0.02627,51.61753,70.8],[0.02631,51.6176,70.4],[0.02629,51.61766,70.4],[0.02655,51.6182,70],[0.02674,51.61856,69.8],[0.027,51.61899,69.9],[0.02728,51.61954,70.2],[0.02753,51.62013,70.8],[0.02767,51.62064,71.7],[0.02772,51.62088,73],[0.02777,51.62091,73],[0.027985,51.621654,74.5],[0.028201,51.622398,75.4],[0.028417,51.623142,75.2],[0.028633,51.623886,74.1],[0.02885,51.62463,73],[0.029004,51.625195,72.4],[0.02916,51.62576,71.3],[0.02939,51.62639,70.8],[0.02956,51.62695,70.4],[0.02973,51.6274,70],[0.030024,51.628265,69.6],[0.03032,51.62913,68.8],[0.030595,51.629922,67.7],[0.030871,51.630715,66.4],[0.031147,51.631508,66.5],[0.031422,51.632301,66.8],[0.031698,51.633094,65.7],[0.031974,51.633887,64.7],[0.03225,51.63468,63.5],[0.032499,51.63546,61.9],[0.03275,51.63624,60.9],[0.032974,51.636875,60.5],[0.0332,51.63751,60.7],[0.03326,51.6379,60.4],[0.033424,51.638545,60.1],[0.03359,51.63919,59.5],[0.03367,51.6396,59.3],[0.03374,51.63974,59],[0.0338,51.6402,58.9],[0.03389,51.64065,58.2],[0.03412,51.64153,56.9],[0.03436,51.64208,56.4],[0.03462,51.64274,55.4],[0.034903,51.643513,55],[0.035186,51.644286,54.3],[0.035469,51.64506,54.1],[0.035753,51.645833,54.4],[0.036036,51.646606,54.6],[0.03632,51.64738,55],[0.036599,51.648175,55.4],[0.03688,51.64897,56.4],[0.037059,51.649435,57.6],[0.03724,51.6499,58.3],[0.037499,51.650605,60.2],[0.037759,51.65131,63.3],[0.038019,51.652015,65],[0.03828,51.65272,67.4],[0.038496,51.653323,71],[0.038713,51.653926,72.7],[0.03893,51.65453,74.8],[0.03924,51.65515,76.4],[0.03928,51.65541,76.8],[0.03925,51.65555,77.1],[0.03926,51.65564,77.1],[0.0393,51.65569,77.1],[0.03949,51.65575,77.2],[0.03975,51.6559,77.4],[0.03996,51.6562,77.8],[0.040567,51.657007,81.2],[0.041174,51.657815,83],[0.041782,51.658622,84.6],[0.04239,51.65943,86.9],[0.042804,51.660005,89],[0.04322,51.66058,90.5],[0.043749,51.6612,91.9],[0.044279,51.66182,93.2],[0.044809,51.66244,94.3],[0.04534,51.66306,96.4],[0.045739,51.66347,97.2],[0.04614,51.66388,97.7],[0.04661,51.66429,97.7],[0.04662,51.6643,97.7],[0.047399,51.66482,97.3],[0.04818,51.66534,97.1],[0.049077,51.665951,97],[0.049974,51.666562,97],[0.050871,51.667174,97.1],[0.051768,51.667785,96.5],[0.052665,51.668397,95.8],[0.053562,51.669008,95.9],[0.05446,51.66962,97.8],[0.055417,51.67027,100.3],[0.056374,51.67092,102.6],[0.057332,51.67157,105.6],[0.058289,51.67222,108.1],[0.059247,51.67287,110.3],[0.060204,51.67352,112.3],[0.061162,51.67417,113.2],[0.06212,51.67482,113.8],[0.0622,51.67488,113.8],[0.06225,51.67495,113.7],[0.06226,51.67501,113.7],[0.06224,51.67508,113.7],[0.06227,51.67518,113.7],[0.06249,51.67526,113.6],[0.06286,51.67534,113.7],[0.06304,51.67543,113.7],[0.06342,51.67571,113.8],[0.064103,51.67618,113.9],[0.064786,51.67665,114.3],[0.06547,51.67712,114.8],[0.06603,51.67747,115],[0.06644,51.6777,115],[0.06741,51.67818,114.9],[0.068079,51.678465,114.7],[0.06875,51.67875,114.8],[0.06939,51.67907,115.1],[0.070364,51.679635,115.6],[0.07134,51.6802,116.2],[0.07218,51.68074,116.9],[0.072604,51.68112,117.2],[0.07303,51.6815,117.9],[0.07383,51.68213,118],[0.07429,51.68243,118.1],[0.074934,51.68278,118.2],[0.07558,51.68313,118],[0.07588,51.68328,117.8],[0.07675,51.68375,117.6],[0.07746,51.6841,117.3],[0.078204,51.68444,117],[0.07895,51.68478,116.8],[0.079564,51.685025,116.4],[0.08018,51.68527,116],[0.081,51.68566,115.2],[0.08145,51.68585,113.9],[0.08233,51.6862,112.8],[0.083314,51.68653,113.2],[0.0843,51.68686,113.8],[0.085279,51.687235,113.7],[0.08626,51.68761,113.4],[0.087349,51.68809,112.7],[0.08844,51.68857,112.6],[0.089436,51.68902,112.5],[0.090433,51.68947,112.8],[0.09143,51.68992,112.8],[0.092029,51.69021,112.2],[0.09263,51.6905,111.5],[0.093454,51.690825,111.6],[0.09428,51.69115,112],[0.095399,51.691535,112.4],[0.096519,51.69192,112.5],[0.097639,51.692305,112.1],[0.09876,51.69269,111.7],[0.09997,51.69312,111.1],[0.10023,51.69324,111.1],[0.1004,51.69328,111.1],[0.101224,51.69357,110.9],[0.10205,51.69386,110.9],[0.10267,51.69412,111],[0.10324,51.69443,111],[0.103764,51.694755,110.5],[0.10429,51.69508,110.4],[0.10469,51.69529,110.3],[0.10527,51.69556,109.7],[0.106169,51.69593,109.2],[0.10707,51.6963,108.5],[0.107934,51.69669,107.9],[0.1088,51.69708,107.4],[0.10958,51.6975,106.9],[0.11005,51.69783,106.7],[0.11016,51.69794,106.6],[0.11023,51.69799,106.6],[0.11026,51.69806,106.5],[0.1105,51.69823,106.5],[0.11058,51.69832,106.5],[0.1109,51.69861,107.1],[0.1116,51.6992,107.9],[0.11238,51.69982,108.8],[0.11297,51.70023,108.7],[0.11359,51.70066,108.1],[0.114,51.70091,107.4],[0.11464,51.70124,104.6],[0.11546,51.70172,103],[0.11636,51.7024,103.2],[0.11658,51.70263,103.6],[0.11691,51.7029,104.9],[0.117619,51.70368,108.3],[0.11833,51.70446,112.7],[0.11875,51.70488,113.3],[0.11887,51.70506,113.2],[0.11894,51.70514,113.3],[0.11904,51.70521,113.7],[0.11914,51.70518,113.7],[0.11927,51.70518,113.7],[0.11972,51.70528,113.9],[0.120974,51.705625,114.3],[0.12223,51.70597,114.5],[0.123264,51.706265,114],[0.1243,51.70656,112.9],[0.125624,51.706922,111.2],[0.126949,51.707285,108.2],[0.128274,51.707647,106.2],[0.1296,51.70801,103.1],[0.1301,51.70818,101.2],[0.131224,51.70862,97.1],[0.13235,51.70906,95.7],[0.13324,51.70939,96.5],[0.134524,51.709755,97.3],[0.13581,51.71012,98.4],[0.13627,51.71024,100.2],[0.13722,51.71045,101.8],[0.13794,51.71063,102.7],[0.13825,51.71073,103],[0.13855,51.71085,103.1],[0.139464,51.71126,102.7],[0.14038,51.71167,101.9],[0.141069,51.711955,100.2],[0.14176,51.71224,99.2],[0.14208,51.71235,98.2],[0.14278,51.71252,97.6],[0.1432,51.71259,97.1],[0.144119,51.71271,95.6],[0.14504,51.71283,94.8],[0.14599,51.71292,95.6],[0.14714,51.71297,98.3],[0.14846,51.713,100],[0.14916,51.71298,100.4],[0.150275,51.71291,100.2],[0.15139,51.71284,99.3],[0.15249,51.71287,98.8],[0.153604,51.712925,97.7],[0.15472,51.71298,95.2],[0.15523,51.71298,94.7],[0.1555,51.71296,94.5],[0.156235,51.71284,93.5],[0.15697,51.71272,91],[0.1577,51.71263,89.7],[0.15843,51.71254,87.9],[0.15866,51.71252,87.3],[0.15918,51.71251,86.8],[0.16007,51.71259,85.9],[0.161174,51.712745,84.5],[0.16228,51.7129,83],[0.16245,51.71295,83],[0.16313,51.71324,81.8],[0.16369,51.71353,81.2],[0.164509,51.71396,80.4],[0.16533,51.71439,80],[0.16572,51.71465,79.8],[0.16615,51.71501,79.5],[0.1664,51.71528,79.1],[0.16652,51.71543,79],[0.16678,51.71592,78.6],[0.1669,51.71608,78.5],[0.16709,51.71624,78.4],[0.16749,51.71648,78],[0.16769,51.71665,78],[0.16783,51.71686,78],[0.16802,51.71722,77.8],[0.16815,51.71736,77.9],[0.16831,51.71746,78],[0.16857,51.71754,78.4],[0.169661,51.71782,79.5],[0.170753,51.7181,81.7],[0.171845,51.71838,82.9],[0.172937,51.71866,84.6],[0.17403,51.71894,85.9],[0.17473,51.71908,87.4],[0.17555,51.71917,89],[0.17609,51.71928,89.7],[0.17653,51.71945,91],[0.17665,51.71951,91.4],[0.17685,51.71963,92],[0.177499,51.72016,92.8],[0.17815,51.72069,94.1],[0.17856,51.72105,95.3],[0.17885,51.72135,95.8],[0.17908,51.72163,95.8],[0.179514,51.72219,95.1],[0.17995,51.72275,93.4],[0.18034,51.72312,92.2],[0.18078,51.72347,90.3],[0.18099,51.72362,89.5],[0.18107,51.72365,89.5],[0.18137,51.72393,88.1],[0.18201,51.72396,86.5],[0.18213,51.72399,86.5],[0.18286,51.72399,84.9],[0.18359,51.72399,81.9],[0.184682,51.724027,80],[0.185774,51.724065,79],[0.186867,51.724102,79],[0.18796,51.72414,80.1],[0.18854,51.72414,81.3],[0.18953,51.72407,82.2],[0.19024,51.72409,82.1],[0.19125,51.72417,81.4],[0.19133,51.72421,81.4],[0.19225,51.72427,80.8],[0.19239,51.72426,80.5],[0.19358,51.72438,79.8],[0.19393,51.72445,79.4],[0.1942,51.72453,79.4],[0.194894,51.72482,78],[0.19559,51.72511,77.7],[0.19587,51.72519,77.7],[0.19622,51.72524,77.8],[0.197449,51.72528,78.4],[0.198679,51.72532,79.1],[0.19991,51.72536,79.2],[0.20054,51.72534,78.6],[0.20087,51.72529,78.3],[0.20149,51.72513,77],[0.202426,51.724836,74.9],[0.203363,51.724543,71.5],[0.2043,51.72425,69.3],[0.20509,51.72397,66.2],[0.205855,51.723655,64.3],[0.20662,51.72334,62.2],[0.207445,51.72308,60.3],[0.20827,51.72282,57.9],[0.20875,51.72265,56.9],[0.2092,51.72244,56.2],[0.2102,51.72193,54.6],[0.21065,51.72177,54.3],[0.21182,51.72149,54.3],[0.21299,51.72121,54.3],[0.21355,51.72112,54.4],[0.21393,51.72108,54.6],[0.21474,51.72103,54.4],[0.21555,51.72098,53.2],[0.21636,51.72095,52.4],[0.217635,51.720935,52.4],[0.21891,51.72092,52.4],[0.21972,51.72089,52.2],[0.22003,51.72085,52.2],[0.22032,51.72078,52.2],[0.221225,51.720435,52.5],[0.22213,51.72009,51.7],[0.22238,51.71996,51.7],[0.22261,51.71979,51],[0.22319,51.71924,49.8],[0.22342,51.71905,49.7],[0.22378,51.71882,49.8],[0.224555,51.71851,49.6],[0.22533,51.7182,49.7],[0.22594,51.71788,49.9],[0.22665,51.71741,49.9],[0.22689,51.71721,49.3],[0.22707,51.71697,48.6],[0.22718,51.7167,48.4],[0.22728,51.71625,48.2],[0.22736,51.71579,47.9],[0.22746,51.71547,47.9],[0.22754,51.71533,47.9],[0.22783,51.71508,47.9],[0.22811,51.71491,47.9],[0.22856,51.71474,48.1],[0.22973,51.71439,46.4],[0.23096,51.714,45.8],[0.23124,51.71389,45.8],[0.23213,51.71346,45.6],[0.23254,51.71335,45.6],[0.23282,51.7133,45.8],[0.23316,51.71328,45.8],[0.23427,51.7133,45.7],[0.23469,51.71328,46],[0.23523,51.7132,47.5],[0.23587,51.71305,48.7],[0.23634,51.71298,50.4],[0.23695,51.71293,51.8],[0.238202,51.712902,55.6],[0.239455,51.712875,57.3],[0.240707,51.712847,60.5],[0.24196,51.71282,62.9],[0.24328,51.71275,64],[0.24412,51.71267,64.6],[0.24449,51.71271,64.6],[0.24468,51.71276,64.6],[0.24476,51.71281,64.7],[0.24494,51.71303,64.6],[0.244969,51.713485,64.7],[0.245,51.71394,64.7],[0.24518,51.71469,64.8],[0.24533,51.71513,64.6],[0.2455,51.7154,64.4],[0.24591,51.71589,64],[0.24621,51.71638,63.2],[0.24636,51.71659,63],[0.24664,51.71689,62.8],[0.24685,51.71706,62.6],[0.24738,51.71736,62.6],[0.24838,51.71783,62.2],[0.24848,51.71789,62.2],[0.24885,51.71819,61.6],[0.249469,51.71873,61],[0.25009,51.71927,60.3],[0.25068,51.71984,59.4],[0.25099,51.72032,58.2],[0.251189,51.7209,55.7],[0.25139,51.72148,54.8],[0.25151,51.72173,54.8],[0.25169,51.72191,54.9],[0.25187,51.72202,54.9],[0.25205,51.72218,55.2],[0.25227,51.72257,55.9],[0.25249,51.72279,57],[0.25264,51.72289,58.1],[0.25286,51.72295,58.1],[0.253,51.72301,58.4],[0.25299,51.72305,58.4],[0.253,51.72307,59],[0.25308,51.72311,59],[0.25318,51.72321,59.3],[0.25344,51.72353,60.9],[0.25371,51.72382,61.5],[0.25404,51.7244,63.8],[0.25445,51.7249,65.2],[0.25483,51.72528,66],[0.255259,51.72592,67.1],[0.25569,51.72656,68],[0.25601,51.72717,68.5],[0.25654,51.72793,68.9],[0.257064,51.728555,69],[0.25759,51.72918,69.4],[0.25783,51.72954,69.8],[0.25818,51.73014,70.1],[0.25829,51.73057,70.2],[0.25841,51.73079,70.4],[0.25866,51.73106,70.4],[0.25891,51.73128,70.3],[0.25908,51.73137,70.3],[0.25934,51.7315,70.3],[0.260409,51.73196,70],[0.26148,51.73242,69.1],[0.26198,51.73265,68.7],[0.26225,51.73276,68.1],[0.26271,51.73299,67],[0.26314,51.73325,64.7],[0.26365,51.73368,63],[0.26407,51.73408,61],[0.26425,51.73428,60.6],[0.26437,51.73446,60.2],[0.26459,51.73486,59],[0.26474,51.73525,58.7],[0.264974,51.735745,58.7],[0.26521,51.73624,59],[0.265599,51.736655,60.3],[0.26599,51.73707,61.4],[0.26675,51.7378,61],[0.26776,51.73834,58.6],[0.26858,51.7387,55.5],[0.26935,51.73896,54.1],[0.2698,51.73905,52.5],[0.27041,51.73909,51.4],[0.27186,51.73908,48.9],[0.27248,51.73912,48.6],[0.27272,51.7392,48.7],[0.2731,51.73937,48.4],[0.27383,51.73973,48.1],[0.27411,51.73989,48.1],[0.27444,51.74014,48.1],[0.27463,51.74033,48.1],[0.27504,51.7408,48.2],[0.27524,51.74108,48.3],[0.275489,51.74151,49.2],[0.27574,51.74194,50],[0.27611,51.7425,51.3],[0.276696,51.743183,51],[0.277283,51.743866,49.5],[0.27787,51.74455,48.6],[0.27814,51.74495,48.4],[0.27834,51.74537,48.5],[0.27835,51.74577,48.5],[0.27829,51.74609,48.8],[0.278,51.74686,50.2],[0.27795,51.74726,50.7],[0.27805,51.74789,52.1],[0.27808,51.74797,52.1],[0.27817,51.74855,53],[0.278344,51.749015,53.4],[0.27852,51.74948,54.9],[0.27859,51.75028,57.8],[0.27853,51.75074,59.2],[0.2784,51.75119,62.2],[0.27815,51.75156,63.4],[0.27784,51.75182,63.6],[0.27729,51.75205,63],[0.27691,51.75227,62.7],[0.2767,51.75247,62.7],[0.27665,51.75262,63],[0.27665,51.75283,63.6],[0.27683,51.7535,67.7],[0.27707,51.75411,69.6],[0.27713,51.75439,70.1],[0.27716,51.7548,71.9],[0.277234,51.755325,73.9],[0.27731,51.75585,74.8],[0.2774,51.75625,75.4],[0.27744,51.75659,75.6],[0.27744,51.75675,75.6],[0.2774,51.75719,75.9],[0.27734,51.757645,76.6],[0.27728,51.7581,76.8],[0.27724,51.758935,76.7],[0.2772,51.75977,76.9],[0.27729,51.76036,77],[0.2775,51.76122,76.6],[0.27779,51.76191,76.2],[0.27834,51.76273,73.9],[0.27844,51.76317,72.3],[0.278514,51.763625,69.2],[0.27859,51.76408,66.9],[0.278734,51.764584,65.9],[0.27888,51.76509,67.3],[0.279,51.76537,68.3],[0.27922,51.76571,69.3],[0.27935,51.76585,70.1],[0.27949,51.76591,70.5],[0.28008,51.76608,71.2],[0.28053,51.76616,71.2],[0.28128,51.76633,70.7],[0.28178,51.76647,70.3],[0.28214,51.76663,69.3],[0.28249,51.76701,67.3],[0.28298,51.76773,64.7],[0.28317,51.76794,64.2],[0.28362,51.76812,63.3],[0.28474,51.76836,63.2],[0.28532,51.76854,63.7],[0.28556,51.76866,64],[0.28573,51.76877,64.5],[0.28631,51.7693,67.2],[0.28644,51.76949,67.9],[0.28649,51.76973,68.4],[0.28639,51.76994,68.8],[0.28626,51.77009,69],[0.28603,51.77029,69.5],[0.28595,51.7704,69.6],[0.2859,51.77053,69.6],[0.28588,51.77075,69.4],[0.28592,51.77101,69.1],[0.286169,51.771665,67],[0.28642,51.77232,63.5],[0.286689,51.773075,61.6],[0.28696,51.77383,61],[0.28724,51.77447,61.4],[0.28747,51.77479,62.4],[0.28777,51.7751,64.7],[0.28848,51.77562,67.8],[0.28923,51.77632,69.2],[0.28951,51.77665,69.4],[0.28969,51.77696,69],[0.28979,51.77751,68],[0.28991,51.77767,67.7],[0.29011,51.77782,67.1],[0.29115,51.77823,64.3],[0.29142,51.77842,64.3],[0.29153,51.77859,63.4],[0.29156,51.77898,62.7],[0.29171,51.77937,62],[0.29197,51.77994,60.8],[0.292044,51.78073,61],[0.29212,51.78152,61.6],[0.29221,51.78175,61.4],[0.29253,51.78215,60],[0.29265,51.78249,59.4],[0.29265,51.782994,59.7],[0.29265,51.7835,60.6],[0.29272,51.78386,60.7],[0.29285,51.78459,61.1],[0.2928,51.78501,61.5],[0.29261,51.78558,62.6],[0.29251,51.78598,63.3],[0.292569,51.786725,63.9],[0.29263,51.78747,63.5],[0.29266,51.78766,63.5],[0.29299,51.78831,62.8],[0.29287,51.78899,61.1],[0.29282,51.78935,60.1],[0.29262,51.78973,59.8],[0.29262,51.7902,60.4],[0.29272,51.79084,62],[0.29301,51.7915,62.7],[0.29306,51.79166,62.6],[0.29352,51.79165,62.2],[0.294,51.79166,61.8],[0.29435,51.7917,61.8],[0.29512,51.79186,60.9],[0.29606,51.79222,60.5],[0.296866,51.792583,60.2],[0.297673,51.792946,59.7],[0.29848,51.79331,60.4],[0.29869,51.79348,60.8],[0.29932,51.79408,61.8],[0.29969,51.79421,62.1],[0.300904,51.794465,65.8],[0.30212,51.79472,68.4],[0.30289,51.79483,70.1],[0.30359,51.79485,71.1],[0.30385,51.79488,71.4],[0.3043,51.79497,71.7],[0.30464,51.79508,72.1],[0.30517,51.79531,72.3],[0.30557,51.79544,72.4],[0.306776,51.795676,72.3],[0.307983,51.795913,72.9],[0.30919,51.79615,73.5],[0.30991,51.79624,73.5],[0.31033,51.79627,73.6],[0.31061,51.79626,73.7],[0.3109,51.79621,73.8],[0.31116,51.79615,73.8],[0.31135,51.79626,73.8],[0.31149,51.79647,73.8],[0.31147,51.79669,73.9],[0.31096,51.79747,74],[0.310615,51.79792,74],[0.31027,51.79837,73.8],[0.309895,51.798915,73.2],[0.30952,51.79946,72.5],[0.3092,51.8,71.9],[0.30906,51.80031,71.6],[0.30901,51.80061,71.8],[0.308955,51.801145,72.9],[0.3089,51.80168,73.6],[0.308825,51.802164,74.8],[0.30875,51.80265,75.5],[0.308525,51.803325,76.1],[0.3083,51.804,76.4],[0.30807,51.804435,76.6],[0.30784,51.80487,76.7],[0.307565,51.80529,77],[0.30729,51.80571,77.3],[0.307116,51.806433,78],[0.306943,51.807156,78.2],[0.30677,51.80788,77.8],[0.30662,51.80839,77.8],[0.30647,51.8089,77.8],[0.3065,51.80928,78],[0.3066,51.80965,77.8],[0.30669,51.80976,77.8],[0.30705,51.81043,78],[0.30728,51.81076,78],[0.307619,51.81122,78.1],[0.30796,51.81168,78],[0.3086,51.8124,77.2],[0.309054,51.812775,76.7],[0.30951,51.81315,76.7],[0.31016,51.81384,77.1],[0.310574,51.814395,77.2],[0.31099,51.81495,77.3],[0.31151,51.81575,77.4],[0.31188,51.81616,77.4],[0.31221,51.81645,77.2],[0.312634,51.817025,77],[0.31306,51.8176,76.6],[0.31371,51.81838,74.6],[0.314244,51.818795,73.9],[0.31478,51.81921,73.1],[0.31539,51.8199,71.7],[0.315933,51.820483,72.9],[0.316476,51.821066,74.1],[0.31702,51.82165,75.1],[0.317349,51.82208,75.3],[0.31768,51.82251,75.6],[0.318394,51.82328,76],[0.319109,51.82405,76.3],[0.319824,51.82482,77.1],[0.32054,51.82559,78],[0.321033,51.82616,79.6],[0.321526,51.82673,80.3],[0.32202,51.8273,81.3],[0.322526,51.82791,82.2],[0.323033,51.82852,83],[0.32354,51.82913,84.7],[0.323979,51.82963,85.9],[0.32442,51.83013,87],[0.325029,51.83087,87.9],[0.32564,51.83161,88.2],[0.32592,51.83189,88.1],[0.32624,51.83219,88],[0.32659,51.83259,88.1],[0.326914,51.833005,88.6],[0.32724,51.83342,88.7],[0.327829,51.834102,88.9],[0.328419,51.834785,88.6],[0.329009,51.835467,88.2],[0.3296,51.83615,87.6],[0.330056,51.836723,87.2],[0.330513,51.837296,86.6],[0.33097,51.83787,85.7],[0.331609,51.838585,85.3],[0.33225,51.8393,83.8],[0.33293,51.83998,82.4],[0.333254,51.840415,80.8],[0.33358,51.84085,80.1],[0.334224,51.8416,78.3],[0.33487,51.84235,76.9],[0.33551,51.84306,76],[0.336124,51.843695,76.3],[0.33674,51.84433,76.8],[0.337214,51.844905,78.5],[0.33769,51.84548,79],[0.338339,51.846228,80],[0.338989,51.846976,81.5],[0.339639,51.847724,81.6],[0.340289,51.848472,82.2],[0.34094,51.84922,83.6],[0.34152,51.84993,84.1],[0.34191,51.85033,84],[0.34224,51.85072,84],[0.342669,51.85126,84.9],[0.3431,51.8518,85],[0.3437,51.85242,85.5],[0.344239,51.852996,85.8],[0.344779,51.853573,87.1],[0.34532,51.85415,88.1],[0.34564,51.85451,89.4],[0.34613,51.85517,90.5],[0.34656,51.85571,90.9],[0.347234,51.856405,90.7],[0.34791,51.8571,89.5],[0.348289,51.85756,88.4],[0.34867,51.85802,86.4],[0.349079,51.8585,83.8],[0.34949,51.85898,82],[0.34972,51.85919,81.5],[0.35014,51.85943,80.7],[0.35112,51.85978,80],[0.3515,51.85996,79.8],[0.35167,51.86008,80],[0.35183,51.86024,80.3],[0.35235,51.86099,83.5],[0.35246,51.86112,84],[0.3527,51.86133,84.1],[0.35286,51.86144,84.3],[0.35309,51.86155,84.6],[0.35331,51.86162,84.7],[0.35448,51.86181,82.6],[0.355434,51.861935,79.8],[0.35639,51.86206,78.5],[0.35679,51.86209,78],[0.35724,51.86207,77.6],[0.35794,51.86203,75.8],[0.35856,51.86192,73],[0.35902,51.86182,72.5],[0.35934,51.86183,72.4],[0.35969,51.8619,71.9],[0.36057,51.86225,71.8],[0.361414,51.862665,72.6],[0.36226,51.86308,73.7],[0.36271,51.86328,73.2],[0.36342,51.86349,72],[0.36387,51.86357,71.4],[0.364714,51.863625,70.7],[0.36556,51.86368,70.5],[0.3662,51.86374,70.3],[0.36656,51.86371,70.1],[0.36681,51.86374,69.8],[0.36693,51.86378,69.8],[0.36701,51.86376,69.8],[0.36737,51.86383,69.1],[0.36838,51.86396,67.4],[0.36868,51.86404,66.7],[0.36883,51.86413,65.9],[0.36921,51.8645,64.6],[0.3694,51.86463,63.5],[0.36987,51.8649,62.8],[0.37009,51.86506,61.7],[0.37043,51.86538,58.9],[0.3705,51.86541,58.9],[0.37037,51.86557,58.8],[0.36971,51.86609,56.3],[0.36914,51.86645,56],[0.368535,51.8668,56.5],[0.36793,51.86715,59.6],[0.36736,51.86753,62.4],[0.36716,51.8677,63.3],[0.366565,51.868345,66.4],[0.36597,51.86899,68.8],[0.36581,51.86928,69.1],[0.36574,51.86952,69.8],[0.36571,51.86966,70.6],[0.36576,51.86977,70.7],[0.36583,51.86975,70.7],[0.36584,51.86977,70.7],[0.36594,51.86981,70.8],[0.36593,51.86985,70.8],[0.366834,51.870135,69.3],[0.36774,51.87042,66],[0.368859,51.870915,60.8],[0.36998,51.87141,54.9],[0.370614,51.87165,52],[0.37125,51.87189,49.8],[0.37235,51.87228,50.3],[0.3735,51.87275,50.1],[0.37404,51.87288,50.2],[0.37435,51.87293,50.4],[0.37482,51.87297,51],[0.37526,51.87298,52],[0.37556,51.87295,52],[0.37578,51.87289,52.5],[0.37613,51.87271,53.9],[0.37615,51.87264,54],[0.37631,51.87249,53.9],[0.37691,51.87274,54.3],[0.37763,51.87297,55.7],[0.37801,51.87306,56.6],[0.37891,51.87319,57.7],[0.379774,51.87329,59.7],[0.38064,51.87339,62.8],[0.381857,51.87349,67.3],[0.383074,51.87359,70.8],[0.384292,51.87369,75.2],[0.38551,51.87379,78.7],[0.386504,51.873825,79.7],[0.3875,51.87386,80.9],[0.388649,51.873925,82.3],[0.3898,51.87399,84.9],[0.3905,51.87402,86.5],[0.391903,51.874113,87.9],[0.393306,51.874206,88.4],[0.394709,51.8743,88.3],[0.396113,51.874393,87.9],[0.397516,51.874486,87.5],[0.398919,51.87458,86.7],[0.400323,51.874673,86.4],[0.401726,51.874766,86.3],[0.40313,51.87486,86.7],[0.40449,51.87498,86.5],[0.405593,51.875056,86.4],[0.406696,51.875133,85.6],[0.4078,51.87521,85],[0.409121,51.875328,83.9],[0.410442,51.875447,81.5],[0.411763,51.875566,75.9],[0.413084,51.875685,70.4],[0.414406,51.875803,67.1],[0.415727,51.875922,65.6],[0.417048,51.876041,65],[0.41837,51.87616,64.4],[0.419544,51.876195,62.4],[0.420719,51.87623,59.8],[0.421894,51.876265,57.1],[0.42307,51.8763,52.8],[0.424229,51.876365,49.5],[0.42539,51.87643,48.7],[0.426364,51.876505,48.8],[0.42734,51.87658,49],[0.42869,51.87671,50.9],[0.429826,51.87685,56.8],[0.430963,51.87699,62.3],[0.4321,51.87713,66.1],[0.433366,51.87727,70.3],[0.434633,51.87741,72.9],[0.4359,51.87755,75.2],[0.437029,51.877665,76.8],[0.43816,51.87778,78.5],[0.439396,51.877885,79.2],[0.440633,51.87799,79.7],[0.441869,51.878095,80.2],[0.443106,51.8782,80.6],[0.444343,51.878305,81.2],[0.44558,51.87841,81.6],[0.44679,51.87855,81.5],[0.447872,51.878702,80.4],[0.448954,51.878855,79.5],[0.450037,51.879007,78.7],[0.45112,51.87916,78.2],[0.452449,51.879415,77.6],[0.45378,51.87967,76.9],[0.45462,51.8798,76.4],[0.4552,51.87986,76],[0.45616,51.8799,75.6],[0.45695,51.87989,75],[0.45754,51.87983,75],[0.458688,51.87969,74.5],[0.459836,51.87955,74],[0.460984,51.87941,73.6],[0.462132,51.87927,73.6],[0.46328,51.87913,73.4],[0.464343,51.878993,72.9],[0.465406,51.878856,72],[0.46647,51.87872,71.2],[0.46773,51.87863,71.5],[0.46901,51.87848,71.9],[0.4701,51.878285,71.8],[0.47119,51.87809,71.5],[0.47227,51.87783,71.2],[0.47301,51.87755,70.6],[0.47423,51.877065,70.6],[0.47545,51.87658,71.4],[0.4749,51.87621,71.9],[0.474234,51.87597,73.3],[0.47357,51.87573,74.4],[0.47324,51.87552,75.7],[0.47307,51.87539,77.1],[0.47289,51.87519,78],[0.47272,51.87495,79.4],[0.47249,51.87453,80],[0.47249,51.87432,80.3],[0.47261,51.87419,80.3],[0.47254,51.8741,80.3],[0.47239,51.87405,80.3],[0.47222,51.87409,80.1],[0.47213,51.87416,80.1],[0.47185,51.87436,79.6],[0.47132,51.87458,77.2],[0.47042,51.874995,74.3],[0.46952,51.87541,73.4],[0.468626,51.875783,73.1],[0.467733,51.876156,72.8],[0.46684,51.87653,73.1],[0.4661,51.87681,73.1],[0.46536,51.87709,72.6],[0.46452,51.87738,73.2],[0.46362,51.87766,73.6],[0.46325,51.87774,73.8],[0.46293,51.87777,73.8],[0.46259,51.87775,74.3],[0.46205,51.8776,74.5],[0.46177,51.87742,74.7],[0.46115,51.87665,76.3],[0.460889,51.876075,77],[0.46063,51.8755,77.3],[0.46013,51.87471,78.5],[0.45979,51.87436,79.2],[0.459309,51.87398,79.4],[0.45883,51.8736,79.2],[0.4585,51.87326,78],[0.45839,51.87309,77.5],[0.45826,51.87283,76.9],[0.45793,51.872,75.9],[0.45782,51.87143,76.4],[0.45787,51.87117,76.5],[0.45786,51.87045,77.3],[0.45762,51.8699,76.9],[0.45708,51.86953,75.2],[0.456196,51.869146,73.3],[0.455313,51.868763,72.9],[0.45443,51.86838,75.9],[0.45438,51.86831,75.9],[0.454385,51.867795,76.3],[0.45439,51.86728,74.6],[0.45436,51.86708,74.2],[0.4543,51.86691,73.3],[0.45392,51.86629,72.5],[0.45354,51.86577,71.9],[0.45329,51.86536,71.7],[0.45319,51.86513,71.7],[0.45332,51.86468,71.7],[0.45345,51.86423,71.8],[0.45331,51.8637,71.6],[0.45329,51.86325,71.6],[0.4533,51.86318,71.6],[0.45367,51.86285,71.8],[0.45375,51.86273,71.8],[0.45306,51.86264,71.4],[0.45216,51.86246,70.6],[0.45147,51.86229,70],[0.45122,51.86222,69.6],[0.45093,51.86211,69.6],[0.450029,51.86164,68.7],[0.449129,51.86117,68.4],[0.44823,51.8607,68.3],[0.447389,51.8603,68.4],[0.44655,51.8599,68.7],[0.44621,51.85971,69],[0.44593,51.8595,69.1],[0.44565,51.85933,69.5],[0.44514,51.85911,70.5],[0.44446,51.85899,71.4],[0.44426,51.85899,71.4],[0.44383,51.85889,72.1],[0.44359,51.85877,72.4],[0.44342,51.85866,72.9],[0.44297,51.85824,73.8],[0.44275,51.8581,73.8],[0.44253,51.858,74.5],[0.44143,51.85762,75.5],[0.44076,51.85749,75.7],[0.44042,51.85745,75.9],[0.43941,51.85745,76.1],[0.437993,51.857286,75.9],[0.436576,51.857123,75.8],[0.43516,51.85696,75.1],[0.43478,51.8569,74.4],[0.43394,51.8567,74],[0.43328,51.85661,73.1],[0.43334,51.85652,72.9],[0.43344,51.85642,72.9],[0.43385,51.855895,72.9],[0.43426,51.85537,72.6],[0.43451,51.8549,72.6],[0.43482,51.85421,72.4],[0.43521,51.85371,72],[0.43572,51.85312,71.4],[0.43608,51.85279,71.3],[0.43675,51.85228,71.1],[0.4372,51.85189,70.9],[0.43781,51.851285,69.9],[0.43842,51.85068,69],[0.43878,51.85047,69],[0.43927,51.85031,69],[0.43955,51.8501,68.9],[0.43973,51.84976,68.8],[0.44002,51.84938,68.5],[0.44006,51.84918,68.5],[0.44003,51.84861,68.5],[0.43996,51.84844,68.5],[0.43976,51.84815,68.6],[0.43966,51.84796,68.9],[0.43967,51.84784,69],[0.439845,51.847395,69],[0.44002,51.84695,69],[0.44014,51.84653,68.8],[0.44027,51.84577,68.8],[0.44024,51.84549,69],[0.440305,51.844999,69.4],[0.44037,51.84451,69.9],[0.44052,51.84414,70.4],[0.44094,51.843665,72.1],[0.44136,51.84319,72.7],[0.441865,51.84244,73.6],[0.44237,51.84169,73.8],[0.4425,51.84143,73.7],[0.442805,51.84096,72.5],[0.44311,51.84049,72],[0.4436,51.84,71.3],[0.444253,51.839516,70.7],[0.444906,51.839033,69.4],[0.44556,51.83855,68.4],[0.4464,51.83806,68],[0.44705,51.83757,67.2],[0.44725,51.83731,66.5],[0.44736,51.83705,66],[0.4474,51.83668,64.4],[0.4474,51.83639,63.9],[0.44748,51.8361,62.4],[0.44789,51.83531,60.9],[0.44801,51.83504,59.6],[0.44795,51.83476,59],[0.44794,51.83449,58],[0.44804,51.83406,56.9],[0.44805,51.83393,56.2],[0.44803,51.83376,55.9],[0.44781,51.83309,53.7],[0.44778,51.83289,53.2],[0.44803,51.83231,50.1],[0.44833,51.83186,47.8],[0.44849,51.83146,44.5],[0.44878,51.83104,40],[0.44907,51.83062,38],[0.44945,51.83003,36.5],[0.44951,51.82981,36.1],[0.44945,51.82936,36.6],[0.44945,51.8289,37.6],[0.44948,51.82873,38.5],[0.44969,51.8283,40],[0.44968,51.8281,41.9],[0.44965,51.82798,41.9],[0.44953,51.82773,43.2],[0.449244,51.82722,45.9],[0.44896,51.82671,47.5],[0.44843,51.82622,50.6],[0.44794,51.82572,52.3],[0.44741,51.82526,53.3],[0.44715,51.82506,54.3],[0.4465,51.82443,56.3],[0.44609,51.82414,57.2],[0.44568,51.82382,57.9],[0.44511,51.82322,59.6],[0.444859,51.82274,61.4],[0.44461,51.82226,62.8],[0.44415,51.82167,64.5],[0.44411,51.82152,64.7],[0.44416,51.8214,64.9],[0.44421,51.82134,64.9],[0.44443,51.82121,65],[0.4455,51.82068,64.4],[0.44631,51.82013,63.4],[0.44633,51.82007,63.2],[0.44632,51.82001,63.2],[0.44624,51.81989,63.2],[0.447225,51.819555,61],[0.44821,51.81922,59.1],[0.449155,51.818885,56.9],[0.4501,51.81855,54.3],[0.450725,51.8183,52.7],[0.45135,51.81805,51.5],[0.45195,51.81776,50.7],[0.45242,51.81749,49.7],[0.45308,51.81705,49.2],[0.45378,51.81649,48.7],[0.45428,51.81591,48],[0.454716,51.815333,46.9],[0.455153,51.814756,45.8],[0.45559,51.81418,44.5],[0.45587,51.8138,44],[0.456,51.81356,43],[0.456,51.81352,42.7],[0.45602,51.81347,42.7],[0.45606,51.81342,42.7],[0.456,51.81318,41.9],[0.45588,51.81305,41.2],[0.45573,51.81243,39.7],[0.45562,51.81224,39.4],[0.45545,51.81203,39.6],[0.45499,51.81167,40.7],[0.454574,51.811235,43],[0.45416,51.8108,43.7],[0.45396,51.81031,43.8],[0.45394,51.80956,43.8],[0.45397,51.80941,43.8],[0.45415,51.80898,44],[0.45448,51.80856,43.8],[0.45478,51.8083,43.7],[0.45524,51.808,43.5],[0.45592,51.8077,42.4],[0.45642,51.80736,40.9],[0.45692,51.80702,39.6],[0.45726,51.80684,39],[0.45746,51.80671,38.5],[0.458305,51.80635,37.8],[0.45915,51.80599,36.8],[0.4595,51.8058,37],[0.45972,51.80558,37],[0.46008,51.80507,38.4],[0.46049,51.80435,38.3],[0.46073,51.80391,38],[0.4608,51.80375,37.9],[0.46084,51.80356,37.7],[0.46079,51.80345,37.6],[0.46073,51.80337,37.6],[0.46057,51.80321,37.7],[0.45992,51.803,37.8],[0.45913,51.80285,38.5],[0.458224,51.80263,39.5],[0.45732,51.80241,41.1],[0.456224,51.802265,43.4],[0.45513,51.80212,44.5],[0.45495,51.80204,44.8],[0.45486,51.8019,44.8],[0.45495,51.8017,45.8],[0.4551,51.80145,46.2],[0.45524,51.80112,46.3],[0.45525,51.80056,46.3],[0.455655,51.799915,46.4],[0.45606,51.79927,46.4],[0.456465,51.798625,46.4],[0.45687,51.79798,46.7],[0.457,51.79773,46.9],[0.45702,51.79764,46.9],[0.45706,51.79684,45.9],[0.45708,51.79622,43.7],[0.4571,51.7956,40.1],[0.45709,51.79542,38.7],[0.45697,51.79501,38.7],[0.45683,51.79464,38.8],[0.45649,51.79408,39.7],[0.45647,51.79401,40.9],[0.4565,51.79389,40.9],[0.45657,51.79378,41.7],[0.45673,51.79367,42.4],[0.45655,51.79328,43.9],[0.45647,51.79305,44.5],[0.45638,51.79261,45.9],[0.45637,51.79213,47.3],[0.45641,51.79177,47.6],[0.45648,51.7914,47.5],[0.45643,51.79134,47.5],[0.45626,51.79122,47.6],[0.4561,51.79117,47.9],[0.455359,51.79101,48.1],[0.45462,51.79085,49.1],[0.45349,51.79059,49.5],[0.45317,51.79048,49.7],[0.4521,51.79006,49.3],[0.45166,51.78991,49.5],[0.45111,51.78974,50.2],[0.45006,51.78945,52.1],[0.44967,51.7894,52.3],[0.44947,51.78939,52.6],[0.44904,51.78941,53],[0.4486,51.7895,53.9],[0.4475,51.7898,54.9],[0.44714,51.7898,55.1],[0.44684,51.78972,55],[0.44645,51.7895,55.1],[0.44607,51.78933,55.2],[0.44538,51.78911,55],[0.44494,51.78901,54.1],[0.44443,51.78893,53.9],[0.44331,51.78889,55],[0.44264,51.78882,55.6],[0.44241,51.78877,55.6],[0.44123,51.78839,56.1],[0.44098,51.78828,56.3],[0.44039,51.78799,56.8],[0.43978,51.78776,57.2],[0.43965,51.78768,57.1],[0.43957,51.78757,56.9],[0.43953,51.78747,56.9],[0.43952,51.78696,56.1],[0.4395,51.78677,55.5],[0.43915,51.78591,52.3],[0.43891,51.78543,52.2],[0.43833,51.78464,55.8],[0.43811,51.78439,58.3],[0.43763,51.78395,59.7],[0.43732,51.78361,60.5],[0.43675,51.78279,62.2],[0.43657,51.78233,62.5],[0.43642,51.78188,62.5],[0.43629,51.78163,62.6],[0.43608,51.78142,62.5],[0.43583,51.78122,62.4],[0.43563,51.781,62],[0.43548,51.78088,61.8],[0.43534,51.78071,61.8],[0.43529,51.78059,61.6],[0.43523,51.78006,61.2],[0.43513,51.77947,60.4],[0.43509,51.77935,60.4],[0.43479,51.77888,60.7],[0.43471,51.77871,60.6],[0.43441,51.77788,61.6],[0.43432,51.77772,61.8],[0.43418,51.77755,61.9],[0.4339,51.77728,61.8],[0.43315,51.77673,61],[0.43305,51.77661,60.9],[0.43297,51.77648,60.8],[0.43293,51.77577,60.6],[0.43285,51.77557,60.4],[0.43272,51.77541,59.7],[0.431944,51.77469,57.3],[0.43117,51.77397,55.1],[0.43211,51.773645,55.1],[0.43305,51.77332,56.8],[0.43358,51.77311,56.4],[0.43405,51.77277,56.1],[0.43413,51.77263,55.4],[0.43434,51.77242,55],[0.43512,51.77174,52.6],[0.43583,51.77137,52.3],[0.43641,51.771,54],[0.43711,51.77066,54.7],[0.43778,51.77018,54.8],[0.43827,51.76966,54.2],[0.438575,51.76917,54.1],[0.43888,51.76868,53.7],[0.43909,51.76829,52.7],[0.43931,51.76807,52.7],[0.44003,51.76766,51.9],[0.44042,51.76736,51.7],[0.44069,51.76708,50.7],[0.4409,51.76676,50.3],[0.44096,51.76652,49.9],[0.44097,51.76633,49.6],[0.440869,51.765804,48.6],[0.44077,51.76528,47.5],[0.44078,51.76452,46.6],[0.44071,51.76366,46.1],[0.44082,51.76292,45.9],[0.44088,51.76267,45.4],[0.44122,51.76187,44.8],[0.44136,51.76124,44.6],[0.44155,51.76074,44.6],[0.44174,51.76024,45.7],[0.44194,51.75993,46.4],[0.44211,51.75973,46.5],[0.44235,51.75941,46.7],[0.44256,51.75899,46.4],[0.44259,51.75881,46],[0.44286,51.75863,45.7],[0.44325,51.75813,45.4],[0.4429,51.75806,44.9],[0.4422,51.75777,42.6],[0.44119,51.75718,38.9],[0.44096,51.75698,38.2],[0.44088,51.75682,37.4],[0.44085,51.75664,37],[0.44085,51.75652,36.7],[0.44092,51.75585,36.2],[0.44093,51.75507,37.2],[0.44097,51.75493,37.8],[0.44129,51.7547,37.9],[0.44091,51.75444,37],[0.44059,51.75412,37.1],[0.44024,51.75372,37.8],[0.44,51.75341,38.5],[0.439644,51.752805,37.9],[0.43929,51.7522,35.6],[0.43922,51.75202,35.3],[0.43915,51.7516,35.3],[0.43924,51.7512,36],[0.43946,51.75054,37],[0.43959,51.7504,37.6],[0.440356,51.7498,40.7],[0.441123,51.7492,41.8],[0.44189,51.7486,42.2],[0.44228,51.74824,42],[0.44253,51.7479,41.3],[0.4426,51.74772,41.3],[0.443,51.74714,40.7],[0.44328,51.74667,40.4],[0.44352,51.74621,39.7],[0.44378,51.745695,38.1],[0.44404,51.74518,36.7],[0.44417,51.74487,36.7],[0.44421,51.7447,36.7],[0.44427,51.74427,37.1],[0.44435,51.74398,37.1],[0.44456,51.74354,35.2],[0.44474,51.74286,33.9],[0.44484,51.7424,34.3],[0.44503,51.74194,34.6],[0.445135,51.741354,33.8],[0.44524,51.74077,32.6],[0.444005,51.740795,29.5],[0.44277,51.74082,28.7],[0.442045,51.740855,28.5],[0.44132,51.74089,28.6],[0.44044,51.74097,29.3],[0.43943,51.74103,30],[0.43842,51.74109,31.2],[0.43721,51.74111,32.9],[0.436299,51.741115,33.7],[0.43539,51.74112,33.9],[0.4346,51.74116,34],[0.4339,51.74124,34.2],[0.43268,51.741435,34.4],[0.43146,51.74163,34.7],[0.43116,51.74166,34.7],[0.43057,51.74162,34.8],[0.4305,51.74158,34.8],[0.43038,51.74146,34.6],[0.43034,51.74139,34.3],[0.43027,51.7412,34.3],[0.430194,51.740305,31.2],[0.43012,51.73941,29],[0.43006,51.73889,28.7],[0.42999,51.73853,28.4],[0.43008,51.73775,28],[0.43005,51.7376,28],[0.42997,51.73735,28],[0.4298,51.73704,28.1],[0.42942,51.73644,28.6],[0.42906,51.73603,28.9],[0.428539,51.73549,29.2],[0.42802,51.73495,30.2],[0.42752,51.73435,31.4],[0.427094,51.733685,33.6],[0.42667,51.73302,34.7],[0.42608,51.73229,36.7],[0.42595,51.73215,36.9],[0.42567,51.73194,37.7],[0.42526,51.73176,39.3],[0.42495,51.73168,39.3],[0.42422,51.73151,40.5],[0.42316,51.73134,41.7],[0.42297,51.73127,42.4],[0.4224,51.73097,43.3],[0.42213,51.73086,43.9],[0.42168,51.73077,44.6],[0.420614,51.73067,47.2],[0.41955,51.73057,48.6],[0.41829,51.7304,50.5],[0.417559,51.730335,51.4],[0.41683,51.73027,51.9],[0.41634,51.73018,52.2],[0.41548,51.73,52.9],[0.414574,51.72975,54.1],[0.41367,51.7295,55.2],[0.412884,51.729265,56.1],[0.4121,51.72903,56.6],[0.41082,51.72868,57.1],[0.41038,51.72851,57.2],[0.41027,51.72835,57.2],[0.41034,51.72808,56.9],[0.41051,51.72773,56.8],[0.41053,51.72739,56.5],[0.41042,51.727,55.3],[0.41015,51.72646,54.9],[0.40994,51.72614,55.1],[0.40958,51.72581,55.5],[0.40936,51.72568,56.1],[0.40919,51.7256,56.3],[0.40905,51.72557,56.4],[0.40849,51.72578,56.6],[0.40799,51.72602,57],[0.40683,51.72645,57.9],[0.405615,51.726845,59.4],[0.4044,51.72724,59.4],[0.403185,51.727635,57.8],[0.40197,51.72803,54.3],[0.40172,51.72809,54.2],[0.40094,51.7282,55.2],[0.40044,51.72823,56.1],[0.40003,51.72823,56.6],[0.39969,51.72821,58.3],[0.39907,51.72814,59.1],[0.39859,51.72806,60.1],[0.39795,51.7279,60.8],[0.39745,51.72775,61.1],[0.396532,51.727335,61.9],[0.395614,51.72692,62.4],[0.394697,51.726505,63.2],[0.39378,51.72609,63.9],[0.39306,51.72581,64.6],[0.3923,51.7256,65.3],[0.39179,51.72549,65.8],[0.39113,51.7254,66],[0.39031,51.72535,66.3],[0.389475,51.72538,66.3],[0.38864,51.72541,66.3],[0.38764,51.72542,66.4],[0.3868,51.72534,67],[0.38602,51.7252,68],[0.38541,51.72504,68.2],[0.38486,51.72487,68.2],[0.384013,51.724556,67.9],[0.383166,51.724243,66.7],[0.38232,51.72393,65.6],[0.381509,51.72368,64.9],[0.3807,51.72343,63.8],[0.37992,51.72326,63.6],[0.378959,51.7231,64.6],[0.378,51.72294,66.1],[0.376673,51.722766,67.7],[0.375346,51.722593,70.5],[0.37402,51.72242,71.6],[0.372959,51.72225,72.7],[0.3719,51.72208,73],[0.371189,51.72194,72.5],[0.37048,51.7218,72.3],[0.369239,51.721535,70.7],[0.368,51.72127,68.3],[0.366721,51.720984,66.2],[0.365442,51.720698,63.9],[0.364164,51.720412,63.2],[0.362885,51.720127,60.1],[0.361607,51.719841,59.3],[0.360328,51.719555,60],[0.35905,51.71927,62.7],[0.3578,51.71903,63.9],[0.356694,51.718857,65.2],[0.355589,51.718685,66.6],[0.354484,51.718512,68.3],[0.35338,51.71834,69.4],[0.35254,51.71823,69.8],[0.35139,51.71811,71.5],[0.35034,51.71806,72.7],[0.3489,51.71809,73.7],[0.34773,51.718173,74],[0.34656,51.718256,73.9],[0.34539,51.71834,73.2],[0.34447,51.71839,72.6],[0.34305,51.71839,72.5],[0.34232,51.71834,72.5],[0.341174,51.718235,73.3],[0.34003,51.71813,74],[0.338964,51.71801,75.1],[0.3379,51.71789,75.9],[0.337069,51.717745,76.2],[0.33624,51.7176,77.2],[0.335154,51.717345,78.1],[0.33407,51.71709,79.1],[0.332836,51.71678,80.2],[0.331603,51.71647,81.1],[0.33037,51.71616,81.6],[0.329269,51.715856,82],[0.328169,51.715553,83.2],[0.32707,51.71525,84.1],[0.326229,51.715005,85.6],[0.32539,51.71476,86.3],[0.324414,51.71446,88.2],[0.32344,51.71416,90],[0.322254,51.713768,92.3],[0.321068,51.713377,94.4],[0.319882,51.712985,95.9],[0.318697,51.712594,96.8],[0.317511,51.712202,98.3],[0.316325,51.711811,99.3],[0.31514,51.71142,99.7],[0.31449,51.71124,99.6],[0.31377,51.71108,99.4],[0.31344,51.71103,99.3],[0.31244,51.7109,98.3],[0.31119,51.71078,97],[0.30989,51.71062,95.1],[0.308984,51.71048,93.1],[0.30808,51.71034,90.4],[0.306735,51.710094,87.9],[0.305391,51.709848,84.7],[0.304047,51.709602,80.6],[0.302703,51.709356,78],[0.30136,51.70911,75.8],[0.30089,51.70905,75.8],[0.300009,51.709015,76.1],[0.29913,51.70898,76.7],[0.29806,51.708995,77.7],[0.29699,51.70901,79.1],[0.29558,51.70914,80.6],[0.29461,51.709265,80.9],[0.29364,51.70939,80.9],[0.292385,51.709505,80.6],[0.29113,51.70962,80.2],[0.290145,51.70964,79.8],[0.28916,51.70966,78.9],[0.287749,51.709635,76.3],[0.28634,51.70961,73.8],[0.28544,51.70961,72.7],[0.284416,51.709676,70.6],[0.283393,51.709743,69.5],[0.28237,51.70981,68.2],[0.281645,51.70983,67.8],[0.28092,51.70985,65.6],[0.27985,51.70987,64.1],[0.27878,51.70989,63.1],[0.27818,51.70996,62.3],[0.27763,51.71007,61.2],[0.2772,51.71019,61.2],[0.276515,51.710365,60.5],[0.27583,51.71054,59.9],[0.27466,51.71082,57.7],[0.27334,51.71102,54.5],[0.27272,51.71109,53.6],[0.2717,51.71118,52.3],[0.270388,51.711286,52.3],[0.269076,51.711392,52.7],[0.267764,51.711498,53.3],[0.266452,51.711604,53.9],[0.26514,51.71171,54.1],[0.264,51.71186,53.7],[0.26326,51.712,52.8],[0.26274,51.71212,52.8],[0.26172,51.71234,51.1],[0.260915,51.712545,48.8],[0.26011,51.71275,47],[0.25971,51.71284,46],[0.25889,51.71297,44.8],[0.25821,51.71302,44.2],[0.25694,51.71304,43.9],[0.255704,51.71296,44.4],[0.25447,51.71288,45.9],[0.253224,51.712825,48.7],[0.25198,51.71277,52],[0.250814,51.71274,53.8],[0.24965,51.71271,56],[0.248774,51.7127,57.7],[0.2479,51.71269,59.8],[0.246795,51.712705,61.9],[0.24569,51.71272,63.4],[0.24546,51.71266,63.4],[0.24545,51.71265,63.4],[0.24532,51.71257,63.6],[0.24521,51.71246,63.6],[0.24515,51.71232,63.6],[0.24514,51.7122,63.6],[0.24536,51.71162,62.8],[0.24542,51.71136,62.4],[0.24542,51.7112,62.1],[0.24538,51.71105,61.9],[0.2453,51.71081,61.2],[0.244984,51.71031,58.8],[0.24467,51.70981,57.4],[0.24461,51.70963,57.1],[0.24459,51.70951,56.8],[0.24464,51.70912,56.2],[0.244775,51.708375,55.3],[0.24491,51.70763,54.6],[0.24504,51.70707,53.7],[0.24515,51.70639,52.9],[0.24538,51.70572,52.7],[0.24552,51.70537,52.5],[0.2456,51.70497,52.8],[0.24562,51.70459,53.1],[0.24561,51.70442,53],[0.24548,51.70366,52.2],[0.24538,51.7034,51.7],[0.24524,51.70324,50.1],[0.24451,51.7026,47.5],[0.2441,51.70219,45.3],[0.243589,51.70164,43.4],[0.24308,51.70109,43.4],[0.24284,51.7008,43.4],[0.2428,51.70062,43.2],[0.24281,51.70054,43.2],[0.24343,51.69982,43.7],[0.24372,51.69942,44.9],[0.24389,51.69914,46.8],[0.24395,51.699,48.2],[0.24396,51.69873,50.7],[0.24379,51.698,54.1],[0.24368,51.69742,57.4],[0.24369,51.69721,58.1],[0.24373,51.69709,58.4],[0.24366,51.69697,58.8],[0.24352,51.69645,59.9],[0.24349,51.69601,60.7],[0.24359,51.69537,62.4],[0.2434,51.6948,62.3],[0.243054,51.694295,61.7],[0.24271,51.69379,60.8],[0.242319,51.693135,57.4],[0.24193,51.69248,52.4],[0.24155,51.69223,50.2],[0.24103,51.69208,48.1],[0.24004,51.69186,47.1],[0.23968,51.69173,48],[0.238903,51.691373,51.9],[0.238126,51.691016,56.9],[0.23735,51.69066,58.1],[0.23701,51.69049,58.2],[0.236334,51.690085,57.2],[0.23566,51.68968,55],[0.235104,51.68932,52.9],[0.23455,51.68896,51.5],[0.23437,51.68881,51.3],[0.23423,51.68862,51.2],[0.23419,51.68843,51.3],[0.234129,51.68791,51.2],[0.23407,51.68739,49],[0.23393,51.68715,47],[0.23371,51.68693,46.1],[0.23283,51.68622,42.8],[0.23223,51.68571,41.2],[0.23193,51.68539,40.2],[0.23174,51.68512,39.7],[0.23158,51.68483,39.2],[0.2313,51.68405,38.3],[0.2312,51.68381,38.1],[0.23107,51.68356,38.1],[0.2308,51.68321,38.2],[0.23061,51.68304,38.3],[0.23014,51.68267,38.3],[0.2298,51.68247,38.9],[0.22933,51.68215,39.9],[0.22902,51.68187,40.6],[0.2284,51.68143,42.2],[0.22781,51.68106,43.5],[0.2274,51.68076,45.2],[0.22701,51.68041,46],[0.226144,51.679835,47.9],[0.22528,51.67926,49.1],[0.22485,51.67901,49.1],[0.22423,51.67875,49.1],[0.22322,51.67853,48.5],[0.22222,51.67839,47.9],[0.22138,51.67835,48],[0.220186,51.678266,47.7],[0.218993,51.678183,48.4],[0.2178,51.6781,48.5],[0.21718,51.678,47.8],[0.216249,51.67778,46.7],[0.21532,51.67756,45.4],[0.2144,51.67718,44.6],[0.21384,51.67686,44.8],[0.2132,51.67643,46.3],[0.212352,51.675745,47.1],[0.211504,51.67506,46.3],[0.210657,51.674375,43.9],[0.20981,51.67369,41.3],[0.20949,51.67342,39.4],[0.208839,51.672802,37.5],[0.208189,51.672185,36.5],[0.207539,51.671567,36.3],[0.20689,51.67095,36.2],[0.20651,51.67066,36.1],[0.205694,51.670105,36],[0.20488,51.66955,36.2],[0.203854,51.66892,37.8],[0.20283,51.66829,41.8],[0.20206,51.66776,44.1],[0.20187,51.66759,45.3],[0.20127,51.66724,47.2],[0.200679,51.66695,48],[0.20009,51.66666,47.8],[0.19935,51.66642,46.7],[0.198599,51.66621,44.9],[0.19785,51.666,42.6],[0.197109,51.665845,41.2],[0.19637,51.66569,41.1],[0.195374,51.665425,43.9],[0.19438,51.66516,45.8],[0.19369,51.66491,46],[0.192556,51.66441,46.1],[0.191423,51.66391,46.5],[0.19029,51.66341,47.2],[0.189689,51.66312,47.5],[0.18909,51.66283,48.7],[0.18839,51.66255,49.8],[0.18758,51.66232,51.1],[0.18635,51.66204,52.8],[0.18589,51.6619,53.6],[0.18474,51.66151,54.4],[0.18369,51.66109,54.2],[0.18324,51.6609,53.7],[0.18244,51.66049,52.5],[0.18175,51.66002,51.1],[0.18132,51.6597,49.2],[0.18088,51.65945,47.4],[0.180234,51.65918,46],[0.17959,51.65891,44.9],[0.178909,51.658665,43.6],[0.17823,51.65842,41.1],[0.177189,51.65807,35.9],[0.176149,51.65772,33.2],[0.17511,51.65737,31.5],[0.17449,51.65713,31.2],[0.17384,51.6568,30.5],[0.17361,51.65665,30.5],[0.17311,51.65628,30.4],[0.17292,51.6561,30.4],[0.17265,51.6558,30.5],[0.17227,51.65531,31],[0.17227,51.65513,31.1],[0.1723,51.65502,31.1],[0.17236,51.65491,31.1],[0.17233,51.6548,31.1],[0.17223,51.6547,31.1],[0.17191,51.65459,31.1],[0.17165,51.65438,31.2],[0.171303,51.653543,34.1],[0.170956,51.652706,38.5],[0.17061,51.65187,42.3],[0.17033,51.65112,45.3],[0.17009,51.65062,46.6],[0.16984,51.65022,48.8],[0.169494,51.64978,50.1],[0.16915,51.64934,51.1],[0.16891,51.64899,53.1],[0.16853,51.64826,57.7],[0.1684,51.64806,58.7],[0.16804,51.64762,60.5],[0.16776,51.64734,61.8],[0.16749,51.64712,62.1],[0.16712,51.64687,63.3],[0.16639,51.64644,64.5],[0.16618,51.64628,64.8],[0.16593,51.64605,65.4],[0.16574,51.64583,65.7],[0.16556,51.64553,67.3],[0.1655,51.6454,67.8],[0.16542,51.6451,68.4],[0.165364,51.64461,70],[0.16531,51.64412,70.8],[0.16507,51.64324,72.5],[0.16499,51.64286,73.7],[0.16498,51.64241,75.4],[0.16514,51.64196,76.2],[0.164469,51.641755,71.8],[0.1638,51.64155,69.5],[0.1636,51.64143,69.5],[0.16311,51.64107,71.1],[0.16258,51.64076,75.2],[0.16192,51.64027,78.1],[0.16161,51.64002,78.8],[0.16101,51.63949,79],[0.16057,51.63917,79],[0.159964,51.638875,79.6],[0.15936,51.63858,80],[0.158739,51.63833,80.3],[0.15812,51.63808,80.2],[0.15783,51.63792,80.2],[0.15744,51.63766,79.9],[0.15729,51.6376,80],[0.15635,51.63739,80.7],[0.15543,51.63731,81.2],[0.15477,51.63714,82.3],[0.15442,51.63708,82.5],[0.15427,51.63707,83.1],[0.153175,51.63709,83.3],[0.15208,51.63711,82.6],[0.15122,51.63721,81.6],[0.1509,51.63723,81.3],[0.15056,51.63723,81.3],[0.15027,51.6372,81.3],[0.1499,51.63713,81.9],[0.14881,51.63681,82.3],[0.14849,51.6367,82.8],[0.14827,51.6366,83.2],[0.14819,51.63654,83.2],[0.14808,51.6364,83.5],[0.14801,51.63613,84.5],[0.14797,51.63543,86.1],[0.14794,51.6353,86.2],[0.14764,51.63455,88.1],[0.14731,51.6338,90.2],[0.1472,51.63359,90.5],[0.147,51.63339,90.6],[0.1468,51.63346,90.7],[0.14644,51.63349,90.7],[0.1451,51.63355,90.3],[0.14409,51.63364,90.3],[0.143205,51.63369,90.8],[0.14232,51.63374,91.7],[0.14201,51.63379,92],[0.14149,51.63394,93.4],[0.14114,51.63398,94.1],[0.13997,51.63403,96.5],[0.13932,51.63399,97.5],[0.13906,51.63392,97.6],[0.13898,51.63381,97.6],[0.13895,51.63374,97.6],[0.13875,51.6329,96.7],[0.13851,51.63239,96.4],[0.13797,51.63185,95.1],[0.13751,51.63135,94.6],[0.13725,51.63094,94.3],[0.13694,51.63019,93.6],[0.13675,51.62983,92.4],[0.13668,51.62975,91.9],[0.13649,51.62959,91.6],[0.13628,51.62948,91.6],[0.13611,51.62941,91.1],[0.13545,51.6292,89.7],[0.13413,51.62888,84.3],[0.13398,51.62884,85],[0.13384,51.62876,83.7],[0.1332,51.62828,77.2],[0.132414,51.62765,79.4],[0.13163,51.62702,81.9],[0.130862,51.626492,82.2],[0.130094,51.625965,82],[0.129327,51.625437,80.3],[0.12856,51.62491,80.6],[0.12826,51.62476,80.4],[0.1275,51.62443,79.6],[0.126879,51.62417,78.6],[0.12626,51.62391,77.2],[0.12596,51.6238,77.1],[0.12582,51.62373,76.5],[0.124814,51.623365,74.9],[0.12381,51.623,74.7],[0.122869,51.622675,74.9],[0.12193,51.62235,75.2],[0.121074,51.62209,75.8],[0.12022,51.62183,76.1],[0.11962,51.62159,76.7],[0.118649,51.621305,77.9],[0.11768,51.62102,78.8],[0.11707,51.62081,79.6],[0.11651,51.62058,80.2],[0.11549,51.62012,81.5],[0.11453,51.61991,81.9],[0.11418,51.61981,82],[0.113283,51.61952,82],[0.112386,51.61923,81.8],[0.11149,51.61894,81.6],[0.110344,51.61858,81],[0.1092,51.61822,80.8],[0.1086,51.61808,80.8],[0.10748,51.61785,81.5],[0.106363,51.61767,82.7],[0.105246,51.61749,84],[0.10413,51.61731,85.5],[0.10289,51.61708,86.3],[0.10174,51.61685,86.2],[0.10059,51.61655,84],[0.09982,51.61631,83.2],[0.0995,51.61618,82],[0.09922,51.61639,82.8],[0.09866,51.61679,83.6],[0.0981,51.61719,83.1],[0.09751,51.61763,80.5],[0.09692,51.61807,76.7],[0.09653,51.6185,72],[0.09627,51.61889,68.6],[0.09614,51.61903,67.3],[0.09602,51.6191,67.3],[0.09588,51.61912,65.8],[0.09574,51.61911,65.2],[0.09484,51.6189,62],[0.09466,51.61888,62],[0.09444,51.61891,61.1],[0.09392,51.61906,59.7],[0.09334,51.61938,56.9],[0.09319,51.61948,56.2],[0.09225,51.619944,54.6],[0.09131,51.620408,54.9],[0.09037,51.620872,53.3],[0.08943,51.621336,46.5],[0.08849,51.6218,43.8],[0.08814,51.62189,44],[0.086995,51.62216,45.8],[0.08585,51.62243,48],[0.0854,51.62259,49.2],[0.08505,51.62301,51.8],[0.08493,51.62337,53.3],[0.08495,51.62353,54.4],[0.08489,51.62388,56],[0.08472,51.62413,57],[0.08442,51.62449,58.8],[0.08409,51.6248,60.1],[0.08363,51.62518,61.3],[0.08317,51.62556,63.2],[0.08259,51.6259,63.9],[0.08225,51.62556,62.6],[0.08174,51.62513,61.2],[0.08129,51.62482,60.2],[0.08086,51.62448,59.3],[0.0803,51.624765,58.6],[0.07974,51.62505,58.8],[0.078995,51.6254,58.2],[0.07825,51.62575,58.2],[0.077225,51.626265,59.1],[0.0762,51.62678,57],[0.0756,51.62693,54.4],[0.07492,51.62693,53.4],[0.073836,51.627023,50.6],[0.072753,51.627116,48],[0.07167,51.62721,45.2],[0.07119,51.62726,44.1],[0.06982,51.62745,39.4],[0.06845,51.62764,35.7],[0.06811,51.62763,35.2],[0.06781,51.62758,34.7],[0.06759,51.62748,34.2],[0.0674,51.62734,33.9],[0.066869,51.626595,32.7],[0.06634,51.62585,32],[0.06607,51.6255,31.3],[0.06601,51.62543,30.9],[0.06594,51.6254,30.9],[0.06524,51.62574,27.8],[0.06456,51.626,25.6],[0.06416,51.62614,24.8],[0.0636,51.62628,23.2],[0.06328,51.62634,22.2],[0.0625,51.62645,20.7],[0.061345,51.626635,18.9],[0.06019,51.62682,17.4],[0.05923,51.62695,17.3],[0.05842,51.626995,17],[0.05761,51.62704,16.9],[0.056735,51.62711,16.8],[0.05586,51.62718,16.9],[0.05556,51.62719,16.9],[0.05491,51.62726,17],[0.053925,51.6273,17.3],[0.05294,51.62734,19.2],[0.0519,51.62736,24],[0.050759,51.627287,28.3],[0.049619,51.627215,30.8],[0.048479,51.627142,35.4],[0.04734,51.62707,39.1],[0.04619,51.62711,41.5],[0.04505,51.62705,44.4],[0.04362,51.62693,49.7],[0.04334,51.62694,49.7],[0.04228,51.62708,52.4],[0.04169,51.62712,54.4],[0.04058,51.62717,59],[0.03947,51.62722,62.1],[0.03854,51.62721,65.5],[0.037202,51.627145,70.2],[0.035864,51.62708,73.9],[0.034527,51.627015,78.9],[0.03319,51.62695,81.4],[0.03299,51.62698,81.6],[0.03293,51.62688,81.7],[0.03262,51.62648,82],[0.03228,51.6261,82],[0.031849,51.62552,81.6],[0.03142,51.62494,81.3],[0.031014,51.624335,80.6],[0.03061,51.62373,79.4],[0.030229,51.623125,78.4],[0.02985,51.62252,77.4],[0.02968,51.62234,76.6],[0.029229,51.621925,75.3],[0.02878,51.62151,74],[0.02809,51.62079,72.4],[0.02784,51.62062,72.1],[0.0278,51.62056,72.1],[0.02773,51.62033,71.6],[0.02754,51.61992,70.7],[0.02739,51.61954,69.8],[0.027134,51.619035,69.7],[0.02688,51.61853,69.5],[0.026639,51.618084,70.2],[0.0264,51.61764,70.8],[0.02631,51.6176,70.8],[0.02626,51.6175,70.7],[0.0263,51.61746,70.7],[0.02591,51.61674,71],[0.02567,51.61624,72.5],[0.02541,51.61565,73.9],[0.02511,51.61483,74.5],[0.025,51.61458,74.1],[0.0249,51.61451,74.1],[0.024679,51.61407,72.9],[0.02446,51.61363,71.9],[0.024,51.6128,70.1],[0.023714,51.61237,69.2],[0.02343,51.61194,68.4],[0.02289,51.6112,67.3],[0.02233,51.61056,66.6],[0.021974,51.610075,66.2],[0.02162,51.60959,66],[0.02128,51.60911,65.7],[0.02113,51.60886,65.5],[0.02116,51.6088,65.3],[0.02107,51.60869,65.3],[0.02102,51.60864,65.3],[0.02095,51.60862,65.3],[0.020484,51.607995,64.8],[0.02002,51.60737,64.4],[0.02007,51.6073,63.9],[0.01991,51.60711,63.8],[0.01981,51.60708,63.8],[0.01911,51.60647,62.7],[0.01894,51.60624,62.3],[0.01877,51.6059,61.8],[0.01871,51.6057,61.8],[0.01868,51.60547,60.4],[0.01869,51.60504,60],[0.01876,51.60478,59.5],[0.01874,51.6047,59.5],[0.01888,51.60421,57.9],[0.01902,51.60372,57.6],[0.01918,51.60299,55.8],[0.01928,51.60265,53.9],[0.01931,51.6024,52.3],[0.0193,51.60176,50.8],[0.01937,51.60135,50.7],[0.01955,51.60085,51.1],[0.01981,51.60037,51.5],[0.02022,51.59967,52.2],[0.02052,51.59904,52.1],[0.02084,51.598285,50.6],[0.02116,51.59753,49.1],[0.02129,51.59733,48.8],[0.02144,51.59699,47.6],[0.02145,51.59688,47.6],[0.02155,51.59683,47.3],[0.02161,51.59671,47.3],[0.02164,51.59665,47.1],[0.02159,51.59659,47.1],[0.02168,51.5963,46.7],[0.02176,51.59608,46.2],[0.0218,51.596,46.2],[0.02187,51.59597,46.2],[0.02197,51.59575,45.8],[0.02199,51.59569,45.8],[0.02194,51.59564,45.7],[0.02198,51.59555,45.7],[0.02208,51.59552,45.5],[0.02224,51.5951,45.1],[0.02225,51.59506,45.1],[0.02219,51.595,45],[0.02221,51.5949,45],[0.02227,51.59487,44.9],[0.02229,51.59476,44.9],[0.02231,51.59462,44.6],[0.02226,51.59457,44.6],[0.02238,51.59369,43.4],[0.02242,51.59327,42.8],[0.02243,51.59261,41.7],[0.02249,51.59186,40.2],[0.02248,51.59163,39.5],[0.02243,51.5913,38.8],[0.022289,51.59054,37.3],[0.02215,51.58978,36.3],[0.02203,51.58921,35.3],[0.02184,51.58861,34.9],[0.021639,51.58804,34.1],[0.02144,51.58747,33.8],[0.021259,51.58676,33.3],[0.02108,51.58605,32.1],[0.020809,51.585325,31.2],[0.02054,51.5846,29.6],[0.02039,51.58416,28.7],[0.02034,51.58394,27.9],[0.02025,51.58352,26.9],[0.02028,51.58339,26.9],[0.02027,51.5833,26.1],[0.02023,51.58319,26.1],[0.02028,51.58307,26.1],[0.02029,51.58298,25.5],[0.02024,51.58282,25.2],[0.02027,51.58243,24.9],[0.02031,51.58239,24.9],[0.02032,51.58211,25.2],[0.02026,51.58193,25.6],[0.02023,51.58177,26.2],[0.02019,51.58169,26.2],[0.02011,51.58162,26.5],[0.01985,51.58122,28],[0.01967,51.58103,28.4],[0.01926,51.58067,29.5],[0.01855,51.58013,31],[0.01807,51.57973,31.4],[0.01785,51.57942,31.9],[0.01777,51.57925,32],[0.01775,51.57907,32.1],[0.01785,51.57853,32.5],[0.01784,51.57825,32.8],[0.0178,51.57813,32.8],[0.01759,51.57767,33.3],[0.01755,51.57746,33.4],[0.017519,51.576783,33.3],[0.017489,51.576106,33.5],[0.01746,51.57543,34.6],[0.01748,51.57471,34.5],[0.01752,51.5743,33.9],[0.01748,51.57413,33.8],[0.01704,51.57355,33.6],[0.0166,51.57306,33.6],[0.01653,51.57294,33.6],[0.0165,51.57277,33.5],[0.01674,51.57255,33.2],[0.01715,51.57208,33.3],[0.01725,51.57194,33.3],[0.01725,51.57178,33.6],[0.01716,51.57165,33.6],[0.01706,51.57157,33.8],[0.01694,51.57152,33.8],[0.01678,51.57148,34.1],[0.01653,51.57147,34.3],[0.01637,51.57152,34.8],[0.0161,51.57167,35.2],[0.01597,51.5719,35.3],[0.01575,51.57207,35.4],[0.01537,51.57225,35.3],[0.01473,51.57244,35],[0.01424,51.5725,34.8],[0.0139,51.57251,34.8],[0.01359,51.57249,34],[0.01296,51.57237,32.5],[0.01239,51.57216,30.8],[0.012,51.57196,30],[0.01098,51.57139,25.9],[0.01007,51.57081,20.2],[0.00961,51.57046,20.2],[0.00926,51.57016,17.1],[0.008779,51.56965,17.2],[0.0083,51.56914,14.3],[0.00799,51.56876,13.6],[0.00768,51.56834,13.3],[0.0074,51.56791,14.2],[0.007114,51.567415,17.7],[0.00683,51.56692,20.1],[0.00654,51.56646,21.8],[0.006104,51.565865,22.3],[0.00567,51.56527,21.5],[0.005159,51.564696,19.8],[0.004649,51.564123,19.2],[0.00414,51.56355,18.7],[0.003384,51.562875,18.1],[0.00263,51.5622,17.7],[0.002074,51.561795,17.2],[0.00152,51.56139,16.5],[0.000874,51.560945,15.1],[0.00023,51.5605,14.2],[-0.000555,51.559992,15.2],[-0.00134,51.559485,15.6],[-0.002125,51.558977,14.3],[-0.00291,51.55847,12.6],[-0.003655,51.558035,10.3],[-0.0044,51.5576,8.9],[-0.00523,51.55707,8.2],[-0.00602,51.55653,7.7],[-0.00682,51.55588,6.8],[-0.00734,51.55539,6.4],[-0.00763,51.55506,6.5],[-0.00821,51.55431,11.4],[-0.00854,51.55397,12.8],[-0.00886,51.55366,14.4],[-0.0091,51.55348,15.1],[-0.0094,51.55328,16],[-0.01,51.55293,16.9],[-0.01035,51.55275,16.8],[-0.01071,51.55259,15.9],[-0.01147,51.55234,14.1],[-0.01228,51.55212,10.9],[-0.01326,51.55193,8.5],[-0.014075,51.551805,8.4],[-0.01489,51.55168,8.5],[-0.01622,51.55156,8.2],[-0.01712,51.55149,5.9],[-0.0183,51.551435,9.1],[-0.01948,51.55138,13.7],[-0.02055,51.55127,15.6],[-0.02109,51.55116,15.7],[-0.02176,51.55098,15],[-0.02252,51.55067,12.2],[-0.02315,51.55035,10.1],[-0.023885,51.549905,8.7],[-0.02462,51.54946,9],[-0.02523,51.54912,10],[-0.02583,51.54881,11.9],[-0.02634,51.54859,13.3],[-0.02679,51.54843,14.5],[-0.02744,51.54827,15],[-0.02788,51.54819,14.9],[-0.02899,51.54805,13.3],[-0.02958,51.54793,12.2],[-0.03008,51.54777,11.5],[-0.03067,51.54753,9.6],[-0.03146,51.54708,8.6],[-0.03168,51.54691,7.8],[-0.0318,51.54677,7.5],[-0.03186,51.54665,7.4],[-0.03194,51.54636,7.2],[-0.03193,51.54604,6.1],[-0.03184,51.54584,4.6],[-0.03166,51.5456,2.2],[-0.0315,51.54547,1.3],[-0.030889,51.54512,0.4],[-0.03028,51.54477,0.8],[-0.02961,51.54428,3],[-0.02882,51.54361,11.7],[-0.0283,51.54302,8.9],[-0.027799,51.542555,7.4],[-0.0273,51.54209,8.5],[-0.02688,51.54161,8.9],[-0.02643,51.54077,11.3],[-0.0264,51.54059,11.5],[-0.026199,51.539836,11.1],[-0.025999,51.539083,14.6],[-0.0258,51.53833,10.3],[-0.02568,51.53767,15],[-0.02565,51.53724,12.7],[-0.02553,51.5368,11.2],[-0.02539,51.53635,10.4],[-0.02522,51.5361,10.3],[-0.02507,51.53584,9.9],[-0.02476,51.53549,9.4],[-0.02447,51.53518,9.1],[-0.02412,51.53489,9],[-0.02362,51.53458,8.3],[-0.022626,51.534038,5.3],[-0.021633,51.533496,5],[-0.020639,51.532955,7.9],[-0.019646,51.532413,8.4],[-0.018653,51.531871,7.3],[-0.01766,51.53133,7.3],[-0.01735,51.53113,7.4],[-0.01684,51.53089,7.7],[-0.016214,51.53065,8.5],[-0.01559,51.53041,7.9],[-0.01451,51.52996,4.8],[-0.01355,51.52943,3.7],[-0.01306,51.52912,3.7],[-0.0126,51.52878,4.7],[-0.01224,51.52845,6],[-0.011834,51.52803,7],[-0.01143,51.52761,9],[-0.01183,51.52818,8.9],[-0.01224,51.52863,8.8],[-0.01303,51.52923,9.6],[-0.01343,51.52947,9],[-0.01357,51.52961,8.9],[-0.01356,51.52965,9.2],[-0.01334,51.52976,9.3],[-0.01325,51.52983,9.1],[-0.01271,51.53005,8.5],[-0.0118,51.53049,7.4],[-0.01124,51.53081,7.1],[-0.01075,51.53115,7.2],[-0.01053,51.53137,7.1],[-0.01006,51.531735,7.3],[-0.00959,51.5321,7.1],[-0.00925,51.53234,7.3],[-0.00919,51.53235,7.3],[-0.00853,51.53283,7.4],[-0.00787,51.53331,8.4],[-0.00784,51.53338,8.4],[-0.0075,51.53362,8.7],[-0.007,51.53403,9.2],[-0.00693,51.53406,9.2],[-0.00667,51.53427,9.3],[-0.00655,51.53439,9.3],[-0.006035,51.53479,7.4],[-0.00552,51.53519,6.9],[-0.0054,51.53517,8],[-0.00523,51.53504,8.2],[-0.00519,51.53501,8.2],[-0.00518,51.53494,8.2],[-0.00492,51.53479,7.8],[-0.00408,51.5346,6.6],[-0.00406,51.53462,6.6],[-0.00396,51.53465,5.6],[-0.00383,51.53462,5.6],[-0.0038,51.53455,7.3],[-0.00384,51.53448,7.3],[-0.00298,51.53397,6.2],[-0.00284,51.53387,6.2],[-0.00278,51.53371,6],[-0.00278,51.53354,5.9],[-0.00269,51.53337,5.9],[-0.00252,51.53322,5.9],[-0.00223,51.53304,6],[-0.00192,51.533,6],[-0.00167,51.53302,6.1],[-0.00069,51.5334,6.5],[-0.00059,51.53334,6.7],[-0.0004,51.53311,6.9],[-0.00037,51.53305,6.9],[-0.00027,51.53277,7.4],[-0.00025,51.5325,7.5],[-0.00023,51.53239,7.4],[-0.00015,51.53219,6.9],[0.00033,51.53177,6.2],[0.00066,51.53131,6.5],[0.00073,51.53125,6.7],[0.00083,51.5312,6.7],[0.00098,51.53116,6.7],[0.00122,51.53115,6.7],[0.00148,51.5312,6.7],[0.00184,51.5313,6.4],[0.00246,51.53152,7.1],[0.00263,51.53156,7.3],[0.003339,51.531835,8.5],[0.00405,51.53211,10.4],[0.00444,51.53228,10.2],[0.00547,51.53282,7.1],[0.00575,51.53295,6.8],[0.006579,51.533095,5.8],[0.00741,51.53324,5.7],[0.00769,51.53326,5.6],[0.00806,51.53325,5.5],[0.007899,51.5328,5.3],[0.00774,51.53235,5.3],[0.00761,51.53203,4.9],[0.00743,51.53167,5],[0.00707,51.53133,5.1],[0.006044,51.53073,5.2],[0.00502,51.53013,4.6],[0.00474,51.52992,4.3],[0.00471,51.52979,4.3],[0.00483,51.52943,4.4],[0.00488,51.52931,4.4],[0.00491,51.52865,4.4],[0.0049,51.52859,4.4],[0.00481,51.52849,4.1],[0.00479,51.52843,4.1],[0.00482,51.52777,3.9],[0.00483,51.52708,4.3],[0.00484,51.52639,4.2],[0.00485,51.5257,4.3],[0.00484,51.5251,4.4],[0.004754,51.524435,4.4],[0.00467,51.52377,4.9],[0.00469,51.52294,7.1],[0.00465,51.52273,7.1],[0.00437,51.52186,5],[0.00436,51.52164,4.4],[0.00437,51.52141,4.2],[0.00449,51.52072,3.7],[0.004555,51.520169,3.6],[0.00462,51.51962,3.5],[0.00472,51.5192,3.6],[0.00484,51.51884,3.7],[0.00504,51.51836,3.9],[0.00514,51.5182,3.9],[0.00543,51.51791,4],[0.00587,51.51763,4.3],[0.00682,51.51721,4.3],[0.0072,51.51696,4.4],[0.00741,51.51676,4.4],[0.00753,51.5166,4.4],[0.00761,51.51644,4.8],[0.0077,51.51615,5],[0.00774,51.51612,5.1],[0.00783,51.51598,5.3],[0.0082,51.51565,5.6],[0.00818,51.51555,5.5],[0.00809,51.5154,4.9],[0.008,51.51533,4.6],[0.00786,51.51527,4.3],[0.00854,51.51491,5.1],[0.009023,51.51432,4.7],[0.009506,51.51373,4.4],[0.00999,51.51314,4.2],[0.01038,51.51262,4.2],[0.01068,51.51231,4.2],[0.01083,51.51221,4.2],[0.01127,51.51171,5.2],[0.01136,51.5116,5.7],[0.01142,51.51143,5.8],[0.01171,51.51111,6.2],[0.012292,51.510417,9.1],[0.012875,51.509725,11.3],[0.013457,51.509032,11.6],[0.01404,51.50834,10.5],[0.01431,51.50804,9],[0.01445,51.50806,8.1],[0.0145,51.50801,11],[0.01451,51.50797,11],[0.01438,51.50795,10.9],[0.014955,51.507275,11],[0.01553,51.5066,11.7],[0.01528,51.50663,13.1],[0.01511,51.50678,12.8],[0.01456,51.507385,7.9],[0.01401,51.50799,3.6],[0.01372,51.5082,3.6],[0.01356,51.50823,4.2],[0.01341,51.50833,3.5],[0.01334,51.50842,1.2],[0.01326,51.50847,1.2],[0.01313,51.50862,1.6],[0.01297,51.5087,1.5],[0.01218,51.5086,1.9],[0.01212,51.50874,2.2],[0.01193,51.50891,3],[0.01162,51.50911,3.9],[0.01087,51.509335,8],[0.01012,51.50956,10.4],[0.00939,51.50976,11.2],[0.00858,51.50993,12.6],[0.00786,51.51002,15],[0.00681,51.51011,18.4],[0.00615,51.51013,19.3],[0.0055,51.51011,19.1],[0.00435,51.51004,14.5],[0.0038,51.51003,13.4],[0.00341,51.51004,11.9],[0.00232,51.51013,7.9],[0.00154,51.51036,7.3],[0.00125,51.51039,7.5],[0.00111,51.51034,7.6],[0.00097,51.51032,7.6],[0.00079,51.51032,7.8],[0.00051,51.5104,8.1],[0.00008,51.51041,7.6],[-0.00042,51.51036,7.1],[-0.00127,51.51024,5.4],[-0.00161,51.51015,5.2],[-0.00197,51.51001,5.5],[-0.00243,51.50974,6.1],[-0.00316,51.509155,7.7],[-0.00389,51.50857,8.1],[-0.00472,51.50811,6.8],[-0.00538,51.507925,6.8],[-0.00604,51.50774,8.1],[-0.00689,51.50763,11],[-0.008232,51.50751,14.8],[-0.009575,51.50739,12.8],[-0.010917,51.50727,6.7],[-0.01226,51.50715,5.3],[-0.013315,51.507125,5.4],[-0.01437,51.5071,5.6],[-0.01558,51.50715,6],[-0.016514,51.507245,6.5],[-0.01745,51.50734,7],[-0.01841,51.50749,6.9],[-0.01878,51.50756,6.9],[-0.01988,51.50783,6.5],[-0.02061,51.50807,5.3],[-0.021774,51.508315,1.7],[-0.02294,51.50856,-1.6],[-0.02371,51.50877,-1.6],[-0.02463,51.50888,-1.6],[-0.02494,51.50889,-1.6],[-0.02534,51.50887,-1.6],[-0.02574,51.5088,-1.6],[-0.02627,51.50864,-1.6],[-0.02661,51.50851,-1.6],[-0.02745,51.50809,-1.6],[-0.02786,51.50791,-1.6],[-0.0283,51.50775,-1.6],[-0.0289,51.50762,5.8],[-0.02924,51.5076,5.8],[-0.02961,51.5076,5.8],[-0.03001,51.50763,5.8],[-0.03032,51.50767,5.8],[-0.0307,51.50777,5.8],[-0.03102,51.50788,5.8],[-0.03139,51.50805,5.8],[-0.03168,51.50824,5.8],[-0.03195,51.50846,5.8],[-0.03214,51.50866,5.8],[-0.032419,51.509075,5.8],[-0.0327,51.50949,5.8],[-0.033054,51.509955,5.8],[-0.03341,51.51042,5.8],[-0.03386,51.51091,5.8],[-0.03443,51.51125,5.8],[-0.03472,51.51139,5.8],[-0.03517,51.51155,5.8],[-0.03563,51.51165,5.8],[-0.03613,51.51173,5.8],[-0.03667,51.51175,6.4],[-0.03717,51.51174,6.4],[-0.03762,51.51168,6.4],[-0.0381,51.51158,6.4],[-0.03844,51.51147,6.4],[-0.03959,51.51095,6.4],[-0.03993,51.51082,6.4],[-0.04033,51.51071,6.4],[-0.04059,51.51065,7.9],[-0.04123,51.51058,8.6],[-0.0424,51.5105,8.4],[-0.04259,51.5105,8.6],[-0.04318,51.51041,8.7],[-0.04341,51.51036,8.8],[-0.04386,51.51032,8.8],[-0.04397,51.51033,8.8],[-0.04475,51.5103,9],[-0.04563,51.51024,9.2],[-0.04585,51.51021,9.4],[-0.04619,51.51013,9.8],[-0.04651,51.51002,10],[-0.04703,51.50988,10.3],[-0.04726,51.50984,10.7],[-0.04753,51.50977,10.9],[-0.04764,51.50975,10.9],[-0.04782,51.50975,11.5],[-0.04816,51.50978,11.5],[-0.049005,51.50978,12],[-0.04985,51.50978,11.6],[-0.05047,51.50973,11.2],[-0.0506,51.50975,11.2],[-0.05081,51.50971,11.3],[-0.0514,51.50974,11.1],[-0.05255,51.509695,11.5],[-0.0537,51.50965,12.1],[-0.05402,51.50967,12.2],[-0.05434,51.50963,12.2],[-0.05526,51.50962,10.9],[-0.056019,51.50967,10.5],[-0.05678,51.50972,10.5],[-0.05694,51.50975,10.5],[-0.05713,51.50972,10.5],[-0.05801,51.50968,10.6],[-0.05814,51.5097,10.5],[-0.0585,51.50967,10.4],[-0.0587,51.50964,10.3],[-0.05887,51.50959,10.3],[-0.05988,51.50949,10.6],[-0.06004,51.50951,10.6],[-0.0605,51.50947,10.7],[-0.06074,51.50945,10.9],[-0.06078,51.50941,10.9],[-0.06144,51.50936,11.1],[-0.06253,51.50933,11.1],[-0.06267,51.50936,11],[-0.06292,51.50935,10.8],[-0.06303,51.50932,10.8],[-0.06383,51.50931,9.9],[-0.06463,51.5093,9.4],[-0.065409,51.50933,9.2],[-0.06619,51.50936,9.5],[-0.06644,51.50934,9.9],[-0.067,51.50926,10.3],[-0.06758,51.50911,10.4],[-0.06773,51.50905,10.2],[-0.06783,51.50896,10.2],[-0.06822,51.50886,10.2],[-0.06844,51.50882,10.1],[-0.06873,51.50873,9.9],[-0.06891,51.50864,9.9],[-0.06904,51.50865,9.9],[-0.06962,51.50854,10.1],[-0.07036,51.50842,10.6],[-0.0711,51.5083,10.4],[-0.07117,51.5083,10.4],[-0.0713,51.50826,11],[-0.0717,51.50833,10.8],[-0.07179,51.50839,10.8],[-0.072584,51.50866,12.4],[-0.07338,51.50893,12.1],[-0.0735,51.50902,12.1],[-0.07367,51.50901,11.8],[-0.0738,51.50892,11.8],[-0.07398,51.50867,11.3],[-0.074135,51.50795,10.8],[-0.07429,51.50723,11.4],[-0.07435,51.50719,11.4],[-0.07436,51.50712,11.7],[-0.07441,51.50703,11.7],[-0.07439,51.50697,11.9],[-0.07445,51.50686,12.1],[-0.074962,51.506102,13.5],[-0.075475,51.505345,13.9],[-0.075987,51.504587,11.1],[-0.0765,51.50383,9.3],[-0.0765,51.50375,9.2],[-0.07653,51.50372,9.2],[-0.07659,51.50369,9.2],[-0.07685,51.50329,8]]},"properties":{"name":"Route A"}},{"type":"Feature","geometry":{"type":"LineString","coordinates":[[-0.01876,51.54489,11.1],[-0.01887,51.54501,11],[-0.01888,51.54504,11.1],[-0.01895,51.54516,11.3],[-0.01895,51.54516,11.3],[-0.01793,51.54554,12],[-0.01777,51.5456,11.8],[-0.01753,51.5457,11.6],[-0.01752,51.5457,11.6],[-0.01727,51.5458,11.1],[-0.01711,51.54585,10.8],[-0.01686,51.54594,10.4],[-0.01671,51.546,10.1],[-0.01662,51.54604,10],[-0.01637,51.54613,9.6],[-0.016119,51.54623,9.3],[-0.0159,51.54631,9.1],[-0.01566,51.54641,8.8],[-0.01563,51.54642,8.8],[-0.01553,51.54645,8.6],[-0.01542,51.5465,8.5],[-0.01532,51.54654,8.4],[-0.0152,51.54659,8.2],[-0.01505,51.54665,8.1],[-0.01505,51.54665,8.1],[-0.01498,51.54666,8],[-0.0149,51.54666,8],[-0.01481,51.54666,8],[-0.01473,51.54666,8],[-0.01467,51.54666,8],[-0.01459,51.54665,8],[-0.01459,51.54665,8],[-0.0145,51.54681,8.9],[-0.01449,51.54683,9],[-0.01449,51.54684,9.1],[-0.01449,51.54686,9.2],[-0.01449,51.54686,9.2],[-0.01424,51.54695,9.4],[-0.01403,51.54702,9.5],[-0.014,51.54704,9.5],[-0.01399,51.54704,9.5],[-0.01397,51.54706,9.6],[-0.01394,51.54708,9.6],[-0.01371,51.54721,9.5],[-0.01369,51.54722,9.5],[-0.0135,51.54733,9.3],[-0.01343,51.54737,9.1],[-0.01324,51.54748,9],[-0.01319,51.54751,9],[-0.01305,51.54759,9.2],[-0.01291,51.54767,9.3],[-0.01274,51.54777,9.4],[-0.01267,51.54782,9.5],[-0.01261,51.54785,9.5],[-0.01255,51.54789,9.5],[-0.01253,51.5479,9.5],[-0.01249,51.54792,9.5],[-0.01243,51.54796,9.5],[-0.01236,51.548,9.4],[-0.0123,51.54804,9.3],[-0.01221,51.54809,9.2],[-0.01205,51.54818,8.9],[-0.01189,51.54828,8.6],[-0.01176,51.54835,8.2],[-0.01155,51.54847,7.9],[-0.01152,51.54848,7.9],[-0.01138,51.54855,7.7],[-0.01126,51.54862,7.7],[-0.01115,51.54867,7.6],[-0.0108,51.54886,7.6],[-0.01037,51.54909,7.4],[-0.01025,51.54915,7.3],[-0.01009,51.54924,7.4],[-0.01001,51.54928,7.4],[-0.00989,51.54933,7.5],[-0.00982,51.54937,7.5],[-0.00972,51.54941,7.5],[-0.00962,51.54944,7.5],[-0.00955,51.54947,7.6],[-0.00947,51.54949,7.5],[-0.00946,51.54949,7.5],[-0.0094,51.54951,7.5],[-0.00928,51.54955,7.5],[-0.00918,51.54957,7.5],[-0.00907,51.5496,7.3],[-0.00898,51.54962,7.2],[-0.00866,51.54969,6.7],[-0.00866,51.54969,6.7],[-0.00849,51.54975,6.5],[-0.00836,51.54978,6.3],[-0.00834,51.54979,6.3],[-0.008,51.54988,6.6],[-0.00778,51.54995,6.8],[-0.00766,51.54999,7],[-0.00753,51.55005,6.9],[-0.00715,51.55016,6.4],[-0.00687,51.55024,6.1],[-0.00675,51.55028,6],[-0.0063,51.5504,6.7],[-0.0061,51.55046,7],[-0.00604,51.55048,7.1],[-0.00581,51.55054,7.5],[-0.00573,51.55056,7.6],[-0.00555,51.55062,7.9],[-0.00506,51.55076,8.8],[-0.00497,51.55079,9],[-0.00482,51.55083,9.2],[-0.00435,51.55097,9.8],[-0.00431,51.55098,9.8],[-0.00415,51.55101,10],[-0.00415,51.55101,10],[-0.00415,51.55106,10],[-0.00416,51.55114,10],[-0.00416,51.55114,10],[-0.00408,51.55115,10.1],[-0.0037,51.55118,10.6],[-0.00362,51.5512,10.7],[-0.00326,51.5513,11],[-0.00241,51.55155,11],[-0.00203,51.55165,11],[-0.00145,51.55181,11.2],[-0.00132,51.55183,11.2],[-0.00125,51.55185,11.2],[-0.00118,51.55186,11.2],[-0.00096,51.55191,11.3],[-0.00082,51.55193,11],[-0.00062,51.55196,11],[-0.00024,51.55201,12],[0.00009,51.55205,11.5],[0.00056,51.5521,11.1],[0.00151,51.55221,9.9],[0.00194,51.55226,9.6],[0.00208,51.55227,9.6],[0.00304,51.55235,9.8],[0.00332,51.55238,10],[0.00347,51.55239,10],[0.00375,51.55242,10],[0.00475,51.55251,10.7],[0.00487,51.55252,10.9],[0.00528,51.55256,11.1],[0.00559,51.55259,11.2],[0.00559,51.55259,11.2],[0.00579,51.55264,11.3],[0.00614,51.55274,11.5],[0.00622,51.55276,11.5],[0.00646,51.55285,11.5],[0.00692,51.55301,11.7],[0.00706,51.55306,11.8],[0.00722,51.55312,11.9],[0.00735,51.55318,12],[0.00743,51.55321,12],[0.00749,51.55324,12],[0.00754,51.55326,12],[0.0076,51.55329,12.1],[0.00769,51.55334,12.2],[0.00777,51.55339,12.4],[0.00791,51.5535,12.8],[0.00801,51.55357,13],[0.008109,51.55365,13.2],[0.00846,51.55391,13.7],[0.00869,51.55408,13.9],[0.00916,51.55442,14.3],[0.00954,51.5547,14.6],[0.00962,51.55475,14.7],[0.00969,51.5548,14.8],[0.00976,51.55484,14.8],[0.00988,51.5549,14.9],[0.0104,51.55509,15.1],[0.01044,51.55511,15.1],[0.01067,51.55519,15.2],[0.0108,51.55524,15.3],[0.01098,51.55531,15.4],[0.01139,51.55544,15.5],[0.01161,51.55552,15.4],[0.01186,51.5556,15.3],[0.01268,51.55588,15.3],[0.01293,51.55596,15.6],[0.01392,51.55631,16],[0.0141,51.55639,16],[0.01478,51.55664,15.3],[0.015,51.55672,15],[0.01542,51.55688,15],[0.01552,51.55691,15],[0.01584,51.55703,15],[0.01593,51.55707,15.1],[0.01644,51.55725,15.2],[0.01651,51.55728,15.2],[0.0166,51.55731,15.2],[0.0167,51.55735,15.2],[0.01685,51.55741,15.3],[0.01699,51.55746,15.4],[0.01711,51.5575,15.5],[0.01735,51.5576,16.1],[0.01767,51.55773,16.7],[0.0179,51.55782,17.1],[0.01794,51.55784,17.1],[0.01812,51.55794,17.4],[0.0182,51.55802,17.6],[0.0182,51.55802,17.6],[0.01826,51.55814,17.7],[0.01847,51.5585,18.6],[0.01849,51.55853,18.7],[0.01888,51.5592,20.3],[0.01889,51.55922,20.2],[0.01911,51.5596,19.5],[0.01925,51.55984,19.3],[0.01926,51.55986,19.3],[0.01989,51.56096,18.2],[0.01993,51.56103,18.3],[0.01995,51.56106,18.3],[0.01996,51.56107,18.3],[0.01998,51.56109,18.3],[0.02001,51.56112,18.3],[0.02005,51.56115,18.4],[0.0201,51.56117,18.4],[0.02014,51.5612,18.4],[0.0202,51.56122,18.5],[0.02026,51.56124,18.5],[0.02029,51.56125,18.5],[0.02038,51.56128,18.5],[0.02069,51.56137,18.6],[0.02108,51.56149,18.8],[0.02119,51.56152,18.8],[0.02125,51.56155,18.9],[0.02131,51.56157,18.9],[0.02135,51.56159,18.9],[0.02137,51.5616,18.9],[0.02151,51.56168,19],[0.02158,51.56172,19.1],[0.02261,51.56234,19.7],[0.02323,51.56271,19.1],[0.02352,51.56288,19.1],[0.02358,51.56291,19.1],[0.02415,51.56325,19.9],[0.02423,51.56329,20.1],[0.0247,51.56357,21.1],[0.02475,51.5636,21.2],[0.02479,51.56362,21.2],[0.0248,51.56363,21.2],[0.02482,51.56364,21.3],[0.02495,51.56369,21.5],[0.02495,51.56369,21.5],[0.02495,51.5637,21.5],[0.02495,51.56371,21.5],[0.02495,51.56372,21.4],[0.02495,51.56373,21.4],[0.02496,51.56373,21.5],[0.02496,51.56374,21.4],[0.02497,51.56374,21.5],[0.02498,51.56374,21.5],[0.02498,51.56375,21.5],[0.02499,51.56375,21.5],[0.025,51.56375,21.5],[0.02501,51.56375,21.5],[0.02502,51.56375,21.5],[0.02502,51.56379,21.4],[0.02502,51.5638,21.4],[0.02501,51.56382,21.4],[0.02501,51.56384,21.4],[0.02497,51.56398,21.2],[0.02495,51.56406,21.1],[0.02495,51.56408,21],[0.02495,51.56414,21],[0.02496,51.56418,20.9],[0.02497,51.56423,20.9],[0.02496,51.56423,20.9],[0.02496,51.56424,20.9],[0.02495,51.56424,20.9],[0.02494,51.56424,20.8],[0.02493,51.56425,20.8],[0.02492,51.56425,20.8],[0.02492,51.56426,20.8],[0.02491,51.56426,20.8],[0.02491,51.56427,20.8],[0.02491,51.56428,20.8],[0.02491,51.56429,20.7],[0.02491,51.5643,20.7],[0.02491,51.56431,20.7],[0.02492,51.56431,20.7],[0.02492,51.56432,20.7],[0.02493,51.56432,20.7],[0.02494,51.56432,20.7],[0.02494,51.56433,20.7],[0.02495,51.56433,20.7],[0.02496,51.56433,20.8],[0.02497,51.56433,20.8],[0.02497,51.56434,20.8],[0.02498,51.56434,20.8],[0.02499,51.56434,20.8],[0.025,51.56434,20.8],[0.02501,51.56434,20.8],[0.02501,51.56433,20.8],[0.02502,51.56433,20.8],[0.02503,51.56433,20.8],[0.02504,51.56433,20.8],[0.02504,51.56432,20.8],[0.02505,51.56432,20.8],[0.02506,51.56431,20.8],[0.02507,51.56431,20.8],[0.02507,51.5643,20.8],[0.02507,51.56429,20.9],[0.02508,51.56429,20.9],[0.02508,51.56428,20.9],[0.02507,51.56428,20.9],[0.02507,51.56427,20.9],[0.02507,51.56426,20.9],[0.02506,51.56426,20.9],[0.02506,51.56425,20.9],[0.02505,51.56425,20.9],[0.02505,51.56424,20.9],[0.02504,51.56424,20.9],[0.02503,51.56424,20.9],[0.02502,51.56423,20.9],[0.02501,51.56423,20.9],[0.025,51.56423,20.9],[0.02499,51.56423,20.9],[0.02498,51.56423,20.9],[0.02497,51.56423,20.9],[0.02496,51.56423,20.9],[0.02496,51.56424,20.9],[0.02495,51.56424,20.9],[0.02494,51.56424,20.8],[0.02493,51.56425,20.8],[0.02492,51.56425,20.8],[0.02492,51.56426,20.8],[0.02491,51.56426,20.8],[0.02491,51.56427,20.8],[0.02491,51.56428,20.8],[0.02491,51.56429,20.7],[0.02491,51.5643,20.7],[0.02491,51.56431,20.7],[0.02492,51.56431,20.7],[0.02492,51.56432,20.7],[0.02493,51.56432,20.7],[0.02494,51.56432,20.7],[0.02494,51.56433,20.7],[0.02495,51.56433,20.7],[0.02496,51.56433,20.8],[0.02497,51.56433,20.8],[0.02497,51.56434,20.8],[0.02497,51.56434,20.8],[0.02496,51.56452,20.5],[0.02496,51.56461,20.4],[0.02494,51.56489,20.1],[0.02492,51.56527,21.2],[0.0249,51.56561,22.8],[0.02489,51.5659,23.9],[0.02486,51.56617,24],[0.02483,51.56633,24],[0.02481,51.56638,24.1],[0.02472,51.56656,24.3],[0.02467,51.56667,24.4],[0.02464,51.56673,24.5],[0.0246,51.5668,24.7],[0.02451,51.56698,25.2],[0.0245,51.56702,25.3],[0.02449,51.56703,25.3],[0.02441,51.56719,25.8],[0.02438,51.56724,25.9],[0.02432,51.56736,26.3],[0.02427,51.56747,26.7],[0.02423,51.56758,26.7],[0.02409,51.56791,26.7],[0.02396,51.56824,26.8],[0.02386,51.56848,27.7],[0.02382,51.56859,28.2],[0.02376,51.56874,28.9],[0.0237,51.5689,29.6],[0.02366,51.569,30.1],[0.0236,51.56917,30.7],[0.02356,51.56932,30.9],[0.02353,51.56949,31.2],[0.02351,51.56955,31.2],[0.02351,51.56958,31.3],[0.0235,51.56964,31.4],[0.02349,51.56968,31.4],[0.0235,51.56973,31.5],[0.02347,51.57004,31.8],[0.02348,51.57017,31.8],[0.02348,51.5703,31.8],[0.0235,51.57054,31.8],[0.02351,51.57073,31.8],[0.02352,51.57096,31.9],[0.02352,51.571,32],[0.02353,51.57121,32.2],[0.02354,51.57143,32.5],[0.02356,51.57191,33.3],[0.02357,51.57216,33.9],[0.02359,51.57265,34.2],[0.0236,51.57278,33.8],[0.0236,51.57294,33.3],[0.02362,51.57316,32.6],[0.02362,51.57339,32.2],[0.02362,51.57342,32.2],[0.02361,51.57345,32.2],[0.0236,51.57348,32.1],[0.02357,51.57351,32.1],[0.02355,51.57354,32],[0.02354,51.57355,32],[0.02345,51.57365,31.8],[0.02339,51.57372,31.7],[0.02326,51.57385,31.5],[0.02326,51.57385,31.5],[0.02344,51.57392,31.3],[0.02354,51.57395,31.3],[0.02371,51.57402,31.2],[0.02383,51.57407,31.1],[0.02406,51.57416,31],[0.02449,51.57432,30.9],[0.02496,51.57451,30.9],[0.02538,51.57465,31.4],[0.0255,51.57469,31.5],[0.02588,51.57482,31.8],[0.02607,51.57488,31.9],[0.02629,51.57494,32],[0.02635,51.57496,32],[0.02642,51.57498,32],[0.0266,51.57505,31.9],[0.02666,51.57507,31.9],[0.02671,51.57509,31.9],[0.02709,51.57523,31.7],[0.02722,51.57528,31.7],[0.02742,51.57536,31.6],[0.02756,51.57541,31.4],[0.02774,51.57548,31.1],[0.02777,51.57552,31.1],[0.02778,51.57554,31],[0.02782,51.57557,30.9],[0.02788,51.5756,30.8],[0.02797,51.57567,30.6],[0.02797,51.57567,30.6],[0.02783,51.57587,30.6],[0.02784,51.57587,30.6],[0.02783,51.57587,30.6],[0.02782,51.5759,30.6],[0.02775,51.576,30.6],[0.02765,51.57617,30.7],[0.02745,51.57652,31],[0.02743,51.57654,31.1],[0.02742,51.57656,31.1],[0.02731,51.57674,31.1],[0.02727,51.5768,31],[0.02725,51.57683,31],[0.02722,51.57686,30.9],[0.0272,51.57689,30.9],[0.02716,51.57692,30.9],[0.02712,51.57694,30.9],[0.02707,51.57698,31],[0.02689,51.5771,31.1],[0.02686,51.57712,31.1],[0.02682,51.57717,31.1],[0.02671,51.57727,31.2],[0.02654,51.57744,31.4],[0.02651,51.57747,31.4],[0.02641,51.5776,31.2],[0.02638,51.57764,31.1],[0.02614,51.57794,30.3],[0.0259,51.57823,29.4],[0.02583,51.57833,29],[0.02576,51.5784,29.1],[0.02561,51.57861,29.2],[0.02552,51.57873,29.2],[0.0255,51.57875,29.2],[0.02549,51.57876,29.2],[0.02547,51.57878,29.2],[0.02545,51.57879,29.2],[0.02543,51.57881,29.2],[0.0254,51.57883,29.2],[0.02531,51.57889,29.2],[0.02528,51.57891,29.2],[0.02525,51.57893,29.2],[0.02521,51.57895,29.2],[0.02494,51.57911,29.2],[0.02486,51.57916,29.3],[0.0248,51.5792,29.3],[0.02474,51.57924,29.2],[0.02468,51.57927,29.2],[0.02449,51.57939,29],[0.02387,51.57977,27.7],[0.02375,51.57985,27.4],[0.02368,51.57989,27.2],[0.02358,51.57996,26.9],[0.02345,51.58004,26.8],[0.02333,51.58011,26.9],[0.02315,51.58023,26.9],[0.023,51.58033,27],[0.02264,51.58054,27.2],[0.0226,51.58056,27.2],[0.02223,51.58079,27.1],[0.0219,51.58101,26.9],[0.02182,51.58105,27],[0.02166,51.58114,27],[0.02161,51.58116,27.1],[0.02121,51.58142,28.1],[0.02118,51.58143,28.2],[0.02113,51.58147,28.3],[0.021,51.58155,28.6],[0.02088,51.58162,28.9],[0.02076,51.58171,29.2],[0.02065,51.58179,29.4],[0.0206,51.58183,29.6],[0.02057,51.58184,29.6],[0.02048,51.58188,29.8],[0.02043,51.5819,30],[0.02028,51.58195,30.3],[0.02028,51.58195,30.3],[0.0203,51.58212,30.3],[0.02029,51.58223,30.3],[0.02029,51.58235,30.3],[0.02028,51.58243,30.3],[0.02027,51.5826,30.2],[0.02027,51.58266,30.1],[0.02026,51.58281,29.9],[0.02025,51.58288,29.8],[0.02024,51.58299,29.6],[0.02023,51.58303,29.5],[0.02022,51.58313,29.4],[0.02022,51.58316,29.3],[0.02022,51.58316,29.3],[0.02022,51.58316,29.3],[0.02022,51.58326,29.1],[0.02023,51.58335,29.1],[0.02024,51.5834,29.4],[0.02025,51.58344,29.6],[0.02026,51.58351,29.9],[0.02027,51.58356,30.2],[0.0203,51.58372,31],[0.02032,51.5838,31.4],[0.02034,51.58393,32],[0.02041,51.58417,33],[0.02043,51.58426,33],[0.02043,51.58426,33],[0.0205,51.58448,32.9],[0.02055,51.58461,32.9],[0.02056,51.58463,32.8],[0.02062,51.58479,32.9],[0.02073,51.58509,33],[0.02075,51.58516,33],[0.0208,51.58528,33],[0.0208,51.58528,33],[0.02086,51.58543,33],[0.0209,51.58553,33],[0.02096,51.58569,33],[0.021,51.5858,33],[0.02104,51.5859,33.1],[0.02109,51.58605,33.3],[0.02116,51.5863,33.6],[0.02122,51.58649,33.8],[0.02129,51.5868,34.2],[0.02132,51.58697,34.5],[0.02134,51.58706,34.7],[0.02135,51.58708,34.7],[0.02135,51.58712,34.8],[0.02137,51.58718,34.8],[0.02137,51.58719,34.9],[0.0214,51.58728,35],[0.02145,51.58748,35.2],[0.02152,51.58767,35.4],[0.02158,51.58784,35.5],[0.02177,51.58838,36.1],[0.02185,51.58861,36.3],[0.02186,51.58862,36.3],[0.02192,51.5888,36.6],[0.02193,51.58885,36.6],[0.02197,51.58896,36.8],[0.02199,51.58903,36.8],[0.02201,51.58911,36.9],[0.02203,51.58918,37],[0.02204,51.58925,37.1],[0.02205,51.58929,37.1],[0.02208,51.5894,37.1],[0.02212,51.58956,37.2],[0.02212,51.58958,37.2],[0.02214,51.58967,37.3],[0.02216,51.58979,37.3],[0.0222,51.58999,37.4],[0.02224,51.59019,37.8],[0.02224,51.59022,37.8],[0.02225,51.59024,37.9],[0.02225,51.59026,37.9],[0.0223,51.59051,38.5],[0.02235,51.59076,39],[0.02238,51.59095,39.6],[0.02244,51.59127,40.7],[0.02245,51.59132,40.8],[0.02245,51.59133,40.9],[0.02245,51.59135,41],[0.02246,51.59146,41.3],[0.02249,51.59175,42],[0.0225,51.59186,42],[0.02251,51.59193,42],[0.02249,51.59207,42],[0.02247,51.59236,42],[0.02246,51.59248,42],[0.02245,51.59256,42.2],[0.02245,51.59258,42.3],[0.02244,51.59261,42.3],[0.02244,51.59305,43.4],[0.02244,51.59328,43.9],[0.02243,51.59336,44.1],[0.02242,51.59343,44.2],[0.02241,51.59356,44.4],[0.0224,51.59365,44.5],[0.02239,51.5937,44.6],[0.02238,51.59382,44.8],[0.02236,51.59395,45],[0.0223,51.59434,45.7],[0.02229,51.59442,45.8],[0.02229,51.59445,45.8],[0.02225,51.59456,46.1],[0.02223,51.59463,46.2],[0.0222,51.5947,46.4],[0.0222,51.59473,46.4],[0.02217,51.59484,46.6],[0.02216,51.59491,46.7],[0.02213,51.59502,46.9],[0.02208,51.59516,46.8],[0.02206,51.59521,46.8],[0.02193,51.59554,46.7],[0.02188,51.59564,46.9],[0.02185,51.59572,47.1],[0.02181,51.59581,47.3],[0.02181,51.59582,47.3],[0.02175,51.59599,47.7],[0.0217,51.59612,48.1],[0.02167,51.5962,48.3],[0.02167,51.5962,48.3],[0.02166,51.59624,48.5],[0.02165,51.59626,48.6],[0.02161,51.59636,49],[0.02158,51.59646,49.4],[0.02157,51.59648,49.5],[0.02155,51.59656,49.9],[0.02149,51.59669,50.5],[0.02147,51.59674,50.6],[0.02139,51.59688,50.9],[0.02123,51.59725,51.7],[0.0211,51.59754,52.3],[0.0211,51.59755,52.3],[0.0211,51.59756,52.3],[0.02105,51.59766,52.4],[0.02098,51.59784,52.6],[0.02093,51.59796,52.7],[0.02092,51.59797,52.7],[0.0208,51.59824,53.1],[0.02074,51.59844,53.2],[0.02066,51.59866,53.3],[0.02062,51.59878,53.4],[0.02059,51.59884,53.4],[0.02059,51.59884,53.4],[0.02058,51.59887,53.4],[0.02058,51.59894,53.4],[0.02053,51.59905,53.4],[0.02048,51.59916,53.4],[0.02039,51.59934,53.2],[0.02035,51.59944,53.1],[0.02024,51.59966,52.9],[0.02014,51.59982,52.9],[0.0201,51.5999,52.9],[0.01999,51.60008,52.5],[0.01983,51.60035,51.5],[0.01982,51.60037,51.4],[0.01976,51.60048,51],[0.01956,51.60084,50.1],[0.01954,51.60087,50.3],[0.01947,51.60109,51.1],[0.01945,51.60113,51.2],[0.01938,51.60134,51.9],[0.01934,51.60153,52.4],[0.01934,51.60158,52.4],[0.01933,51.60162,52.5],[0.01933,51.60164,52.6],[0.01933,51.60164,52.6],[0.01933,51.60171,52.8],[0.01933,51.60172,52.8],[0.01932,51.60201,53.9],[0.01933,51.60209,54.1],[0.01932,51.60225,54.7],[0.01932,51.60239,55.2],[0.01931,51.60246,55.5],[0.01931,51.60248,55.6],[0.01929,51.60259,56],[0.01929,51.60264,56.2],[0.01928,51.60266,56.3],[0.01927,51.60268,56.4],[0.01924,51.60283,57],[0.01924,51.60284,57],[0.01918,51.60301,57.8],[0.01917,51.60305,58],[0.01912,51.60329,59],[0.0191,51.60336,59.2],[0.01907,51.60347,59.6],[0.01906,51.60355,59.8],[0.01902,51.60371,60.4],[0.01902,51.60373,60.5],[0.01896,51.60395,61.3],[0.0189,51.60414,62.2],[0.0189,51.60414,62.2],[0.018804,51.604654,62.5],[0.018804,51.604654,62.5],[0.018702,51.604999,62.7],[0.018702,51.604999,62.7],[0.018691,51.605423,61.6],[0.018691,51.605423,61.6],[0.018734,51.605825,60.5],[0.018734,51.605825,60.5],[0.018954,51.606213,62],[0.018954,51.606213,62],[0.019185,51.606524,63.3],[0.019351,51.606659,63.7],[0.019549,51.60678,63.9],[0.019549,51.60678,63.9],[0.019957,51.60717,65.4],[0.019957,51.60717,65.4],[0.020429,51.607753,65.9],[0.020429,51.607753,65.9],[0.020794,51.608309,66],[0.020794,51.608309,66],[0.020955,51.608486,65.6],[0.020955,51.608486,65.6],[0.021126,51.608509,65.3],[0.02112,51.60851,65.3],[0.02093,51.60856,65.6],[0.02093,51.60856,65.6],[0.02072,51.60827,66.1],[0.02072,51.60827,66.1],[0.02045,51.60834,66.9],[0.02025,51.6084,67.2],[0.02025,51.6084,67.2],[0.02045,51.60834,66.9],[0.02072,51.60827,66.1],[0.02072,51.60827,66.1],[0.02093,51.60856,65.6],[0.02104,51.60872,65.4],[0.02114,51.60887,65.3],[0.02126,51.60906,65.4],[0.02131,51.60913,65.5],[0.02138,51.60922,65.7],[0.02146,51.60934,65.8],[0.02152,51.60943,65.8],[0.02157,51.60951,65.9],[0.02164,51.6096,66],[0.02194,51.61001,66],[0.02208,51.6102,66.6],[0.0222,51.61035,67],[0.02226,51.61043,67.2],[0.02228,51.61046,67.2],[0.02237,51.61057,67.5],[0.02278,51.61108,68.2],[0.0229,51.61122,68.4],[0.02308,51.61145,69.1],[0.02309,51.61147,69.1],[0.02315,51.61155,69.4],[0.02319,51.61161,69.6],[0.02326,51.61171,70.1],[0.02337,51.61186,70.6],[0.02343,51.61196,70.9],[0.02352,51.6121,71.2],[0.02356,51.61215,71.3],[0.02361,51.61224,71.5],[0.02369,51.61236,71.7],[0.02377,51.61249,71.9],[0.02395,51.61277,71.8],[0.02394,51.61277,71.9],[0.02394,51.61278,71.9],[0.02393,51.61278,71.9],[0.02392,51.61278,71.9],[0.02392,51.61279,71.9],[0.02391,51.61279,72],[0.02391,51.6128,72],[0.02391,51.61281,72],[0.02391,51.61282,72],[0.02391,51.61283,72],[0.02392,51.61283,72],[0.02392,51.61284,72],[0.02393,51.61284,72],[0.02394,51.61284,72],[0.02394,51.61285,72],[0.02395,51.61285,71.9],[0.02396,51.61285,71.9],[0.02397,51.61285,71.9],[0.02398,51.61285,71.9],[0.02399,51.61285,71.8],[0.024,51.61285,71.8],[0.02413,51.61308,71.8],[0.02419,51.61318,71.7],[0.02448,51.61364,72.4],[0.02455,51.61375,72.8],[0.02462,51.61388,73.4],[0.02466,51.61397,73.9],[0.0247,51.61404,74.3],[0.02477,51.61419,75],[0.02478,51.61422,75.1],[0.02483,51.61434,75.3],[0.02486,51.61441,75.3],[0.02489,51.61448,75.4],[0.02488,51.61455,75.5],[0.02497,51.61482,75.8],[0.02508,51.61512,75.7],[0.02518,51.61533,75.3],[0.02524,51.61547,75],[0.02535,51.61573,74.7],[0.02553,51.61615,74.4],[0.02567,51.61647,74.2],[0.02571,51.61656,74.1],[0.02589,51.61691,73.6],[0.02601,51.61713,73],[0.02607,51.61724,72.7],[0.0261,51.61729,72.6],[0.02618,51.61745,72.2],[0.02623,51.61754,71.9],[0.02627,51.61761,71.7],[0.02647,51.61802,70.6],[0.02674,51.6186,70.1],[0.02699,51.619,69.6],[0.02717,51.61932,69.6],[0.02721,51.61938,69.6],[0.02729,51.61954,69.9],[0.02731,51.6196,70],[0.02732,51.61962,70],[0.02743,51.61987,70.6],[0.02753,51.62012,71.5],[0.02754,51.62014,71.6],[0.02756,51.62021,72],[0.02757,51.62027,72.2],[0.02763,51.62046,73.1],[0.02766,51.62055,73.6],[0.02768,51.62063,74],[0.02771,51.6207,74.3],[0.02771,51.6207,74.3],[0.0278,51.62072,74.4],[0.02797,51.6208,74.8],[0.02809,51.62087,75.2],[0.02819,51.62094,75.6],[0.02824,51.62097,75.8],[0.0283,51.62102,76.1],[0.02843,51.62114,76.7],[0.02859,51.62129,77.4],[0.02895,51.62162,79],[0.02897,51.62164,79.1],[0.02914,51.6218,79.2],[0.02928,51.62192,79.2],[0.02931,51.62195,79.2],[0.02941,51.62205,79.3],[0.02948,51.62211,79.4],[0.0297,51.62232,80],[0.0298,51.62241,80.4],[0.02985,51.62247,80.7],[0.02989,51.62252,80.9],[0.02994,51.62258,80.9],[0.02999,51.62266,81],[0.03016,51.62295,80.9],[0.03028,51.62317,80.9],[0.03034,51.62328,81],[0.03052,51.62356,80.6],[0.03063,51.62375,80.4],[0.03071,51.62386,80.3],[0.03079,51.62398,80.2],[0.03094,51.62421,80.3],[0.0311,51.62444,80.7],[0.03113,51.62449,80.9],[0.03123,51.62464,81.2],[0.031399,51.62488,81.9],[0.03143,51.62493,82.1],[0.03155,51.62509,82.4],[0.031759,51.62537,82.2],[0.03194,51.62563,81.7],[0.03196,51.62565,81.7],[0.032169,51.62593,81.5],[0.03229,51.6261,81.4],[0.032488,51.62632,81.4],[0.03262,51.62646,81.5],[0.03291,51.62685,82.2],[0.03291,51.62686,82.2],[0.0329,51.62686,82.2],[0.03289,51.62686,82.2],[0.03289,51.62687,82.2],[0.03288,51.62687,82.2],[0.03288,51.62688,82.2],[0.03288,51.62689,82.2],[0.03287,51.62689,82.2],[0.03288,51.62689,82.2],[0.03288,51.6269,82.2],[0.03288,51.62691,82.2],[0.03289,51.62691,82.2],[0.03289,51.62692,82.2],[0.0329,51.62692,82.3],[0.03291,51.62692,82.3],[0.03292,51.62692,82.3],[0.03293,51.62693,82.3],[0.03294,51.62693,82.4],[0.03294,51.62692,82.4],[0.03295,51.62692,82.4],[0.03296,51.62692,82.4],[0.03299,51.62696,82.5],[0.03299,51.62696,82.5],[0.03298,51.62696,82.5],[0.03297,51.62696,82.5],[0.03297,51.62697,82.5],[0.03296,51.62698,82.5],[0.03297,51.62699,82.5],[0.03297,51.627,82.5],[0.03298,51.62701,82.6],[0.03299,51.62702,82.6],[0.033,51.62702,82.6],[0.03301,51.62703,82.7],[0.03302,51.62703,82.7],[0.03303,51.62703,82.7],[0.03304,51.62703,82.7],[0.03305,51.62702,82.7],[0.03306,51.62702,82.8],[0.03307,51.62702,82.8],[0.03307,51.62701,82.8],[0.03308,51.62701,82.8],[0.03308,51.627,82.8],[0.03308,51.62699,82.8],[0.03308,51.62698,82.8],[0.03307,51.62698,82.7],[0.03307,51.62697,82.7],[0.03306,51.62697,82.7],[0.03306,51.62696,82.7],[0.03309,51.62696,82.8],[0.03312,51.62695,82.8],[0.03315,51.62695,82.9],[0.03319,51.62695,83],[0.03333,51.62695,83.3],[0.03364,51.62697,82.7],[0.03374,51.62698,82.5],[0.03382,51.62698,82.4],[0.03421,51.627,81.5],[0.03482,51.62703,79.7],[0.03555,51.62707,77.4],[0.0357,51.62707,76.9],[0.03652,51.62711,73.9],[0.03676,51.62713,73.1],[0.03716,51.62715,72.1],[0.03783,51.62718,70],[0.03788,51.62718,69.8],[0.03842,51.62721,67.8],[0.03851,51.62721,67.6],[0.03851,51.62722,67.6],[0.03852,51.62723,67.5],[0.03853,51.62723,67.5],[0.03853,51.62724,67.5],[0.03854,51.62724,67.4],[0.03855,51.62724,67.4],[0.03856,51.62724,67.4],[0.03857,51.62724,67.4],[0.03857,51.62723,67.4],[0.03858,51.62723,67.4],[0.03859,51.62723,67.4],[0.03859,51.62722,67.4],[0.03859,51.62721,67.4],[0.03865,51.62721,67.3],[0.03895,51.62721,66.6],[0.03903,51.62721,66.4],[0.03933,51.62722,65.5],[0.03944,51.62722,65.1],[0.03965,51.62722,64.5],[0.03965,51.62722,64.5],[0.03963,51.62717,64.7],[0.03962,51.62716,64.8],[0.03962,51.62715,64.9],[0.03961,51.62715,64.9],[0.0396,51.62714,65],[0.03959,51.62714,65],[0.03958,51.62713,65.1],[0.03957,51.62713,65.1],[0.03957,51.62712,65.1],[0.03956,51.62712,65.2],[0.03955,51.62711,65.2],[0.03954,51.62711,65.3],[0.03954,51.6271,65.3],[0.03953,51.627,65.8],[0.03952,51.62692,66.1],[0.03952,51.62692,66.1],[0.03953,51.627,65.8],[0.03954,51.6271,65.3],[0.03954,51.62711,65.3],[0.03955,51.62711,65.2],[0.03956,51.62712,65.2],[0.03957,51.62712,65.1],[0.03957,51.62713,65.1],[0.03958,51.62713,65.1],[0.03959,51.62714,65],[0.0396,51.62714,65],[0.03961,51.62715,64.9],[0.03962,51.62715,64.9],[0.03962,51.62716,64.8],[0.03963,51.62717,64.7],[0.03965,51.62722,64.5],[0.03965,51.62722,64.5],[0.04004,51.6272,63.3],[0.04015,51.62719,62.9],[0.04025,51.62719,62.6],[0.04037,51.62719,62.2],[0.04044,51.62718,62],[0.04059,51.62718,61.4],[0.04077,51.62717,60.8],[0.04094,51.62716,60.2],[0.04111,51.62716,59.6],[0.04115,51.62715,59.5],[0.04118,51.62715,59.4],[0.0412,51.62715,59.4],[0.04192,51.62711,56.8],[0.04206,51.62711,56.2],[0.0421,51.6271,56.1],[0.04223,51.62709,55.6],[0.04236,51.62708,55.1],[0.0425,51.62706,54.6],[0.04268,51.62704,54],[0.04284,51.62701,53.5],[0.04299,51.62699,53.1],[0.04315,51.62697,52.6],[0.04319,51.62696,52.5],[0.04326,51.62695,52.3],[0.04336,51.62694,52],[0.04344,51.62694,51.7],[0.04355,51.62694,51.4],[0.04363,51.62694,51.2],[0.04375,51.62695,50.8],[0.04392,51.62696,50.3],[0.04493,51.62704,46.4],[0.04392,51.62696,50.3],[0.04375,51.62695,50.8],[0.04363,51.62694,51.2],[0.04355,51.62694,51.4],[0.04344,51.62694,51.7],[0.04344,51.62694,51.7],[0.04339,51.6268,52.9],[0.04339,51.6268,52.9],[0.04344,51.62694,51.7],[0.04344,51.62694,51.7],[0.04355,51.62694,51.4],[0.04363,51.62694,51.2],[0.04375,51.62695,50.8],[0.04392,51.62696,50.3],[0.04493,51.62704,46.4],[0.04566,51.62709,43.6],[0.04591,51.62711,42.7],[0.04606,51.62712,42.1],[0.04612,51.62712,41.9],[0.04616,51.62712,41.7],[0.04621,51.62712,41.6],[0.047,51.62709,39.2],[0.04714,51.62709,38.8],[0.04724,51.62708,38.5],[0.04728,51.62708,38.4],[0.04731,51.62708,38.3],[0.04735,51.62708,38.2],[0.04767,51.6271,37.3],[0.04817,51.62714,35.5],[0.04875,51.62716,34.2],[0.04928,51.62718,33.4],[0.04962,51.62721,32.7],[0.0499,51.62724,32.3],[0.05066,51.62731,30.7],[0.05076,51.62732,30.5],[0.05085,51.62733,30.3],[0.05101,51.62734,29.8],[0.05117,51.62735,29.3],[0.05129,51.62735,28.9],[0.05148,51.62736,28.3],[0.05162,51.62736,27.8],[0.05176,51.62736,27.3],[0.05196,51.62736,26.6],[0.052,51.62736,26.5],[0.05248,51.62735,24.7],[0.05288,51.62734,22.9],[0.05289,51.62734,22.8],[0.05335,51.62733,20.8],[0.05374,51.62731,20.3],[0.05394,51.6273,20],[0.05411,51.6273,19.8],[0.0542,51.62729,19.7],[0.05442,51.62728,19.4],[0.05465,51.62727,19],[0.0548,51.62726,18.7],[0.05486,51.62726,18.6],[0.05518,51.62723,18.1],[0.05526,51.62723,18],[0.05541,51.62721,17.8],[0.05555,51.6272,17.6],[0.05585,51.62718,17.2],[0.05623,51.62715,16.7],[0.05628,51.62714,16.6],[0.05657,51.62712,16.2],[0.05678,51.6271,16],[0.05727,51.62707,16],[0.05767,51.62704,15.9],[0.05776,51.62704,15.9],[0.05796,51.62703,15.9],[0.05841,51.627,16.1],[0.05911,51.62696,17],[0.05925,51.62695,17.1],[0.05929,51.62695,17.2],[0.05936,51.62695,17.3],[0.05948,51.62693,17.5],[0.05963,51.62691,17.7],[0.05969,51.6269,17.8],[0.05999,51.62686,18.5],[0.06062,51.62676,20.2],[0.06081,51.62673,20.7],[0.06092,51.62672,21],[0.06109,51.62669,21.5],[0.06189,51.62657,23.8],[0.06202,51.62655,24.1],[0.0621,51.62654,24.2],[0.06228,51.62651,24.5],[0.0625,51.62648,24.9],[0.06271,51.62645,25.2],[0.0629,51.62642,25.4],[0.06311,51.62638,25.6],[0.06332,51.62634,25.8],[0.063547,51.62629,26],[0.06364,51.62628,26.1],[0.06376,51.62625,26.3],[0.06397,51.62619,26.5],[0.06413,51.62615,26.6],[0.06415,51.62615,26.6],[0.06433,51.62609,26.6],[0.06449,51.62604,26.6],[0.06457,51.62601,26.6],[0.06474,51.62596,26.7],[0.06481,51.62593,26.7],[0.065018,51.62585,26.8],[0.06504,51.62585,26.8],[0.06515,51.6258,27.2],[0.06524,51.62576,27.5],[0.065268,51.62575,27.5],[0.0653,51.62574,27.6],[0.06543,51.62568,28],[0.06566,51.62557,28.8],[0.06587,51.62546,29.5],[0.06601,51.62539,30],[0.06605,51.62537,30.1],[0.06624,51.62526,30.8],[0.06649,51.6251,32.1],[0.06658,51.62504,32.5],[0.06663,51.625,32.8],[0.06672,51.62494,33.3],[0.06682,51.62486,33.9],[0.06689,51.6248,34.2],[0.06709,51.62465,35.2],[0.06723,51.62453,35.8],[0.06734,51.62443,36.2],[0.06741,51.62437,36.5],[0.0675,51.62428,36.9],[0.06777,51.624,37.7],[0.06791,51.62385,38.2],[0.06816,51.6236,39.1],[0.06836,51.62341,40],[0.06842,51.62335,40.2],[0.06849,51.62329,40.4],[0.06872,51.62306,41.3],[0.06888,51.62291,41.8],[0.06901,51.62278,42.3],[0.06915,51.62265,42.8],[0.0692,51.62261,43],[0.06924,51.62258,43.1],[0.06925,51.62257,43.1],[0.0693,51.62254,43.3],[0.06937,51.62248,43.5],[0.06952,51.62239,43.7],[0.06959,51.62235,43.7],[0.06972,51.62228,43.9],[0.06981,51.62223,44],[0.06999,51.62214,44.1],[0.07019,51.62206,43.9],[0.07036,51.62199,43.8],[0.07041,51.62197,43.7],[0.0707,51.62188,43.5],[0.07101,51.62179,43.3],[0.07129,51.62173,43.2],[0.07147,51.6217,43.1],[0.07153,51.62169,43.1],[0.0718,51.62165,42.9],[0.0721,51.62162,42.7],[0.07218,51.62162,42.7],[0.07238,51.6216,42.5],[0.07261,51.62159,42.3],[0.07264,51.62159,42.3],[0.07301,51.62157,41.8],[0.07331,51.62155,41.3],[0.07359,51.62153,41.2],[0.07382,51.62151,41.1],[0.07397,51.6215,41],[0.07414,51.62148,40.9],[0.07434,51.62146,41],[0.07439,51.62145,41],[0.07459,51.62143,41.1],[0.07479,51.62139,41.1],[0.07503,51.62135,41.1],[0.07526,51.6213,40.8],[0.07542,51.62125,40.5],[0.07574,51.62116,40],[0.07598,51.62109,39.4],[0.07612,51.62105,39],[0.07639,51.62096,38.1],[0.07669,51.62088,37.3],[0.07669,51.62088,37.3],[0.07669,51.62089,37.4],[0.0767,51.62089,37.4],[0.07671,51.6209,37.5],[0.07672,51.6209,37.5],[0.07673,51.6209,37.5],[0.07674,51.6209,37.5],[0.07674,51.62091,37.6],[0.07675,51.62091,37.6],[0.07675,51.6209,37.5],[0.07676,51.6209,37.5],[0.07677,51.6209,37.5],[0.07678,51.6209,37.5],[0.07679,51.6209,37.6],[0.07679,51.62089,37.5],[0.07695,51.62106,38.8],[0.07696,51.62107,38.9],[0.07707,51.62118,39.8],[0.07719,51.62129,40.7],[0.0772,51.62131,40.9],[0.07734,51.62144,42],[0.07736,51.62146,42.2],[0.0775,51.6216,43.5],[0.07762,51.62172,44.5],[0.07763,51.62173,44.6],[0.07772,51.62181,45.2],[0.07781,51.6219,45.8],[0.07789,51.62196,46.2],[0.07791,51.62198,46.3],[0.078,51.62207,46.8],[0.07825,51.6223,48.2],[0.07831,51.62234,48.4],[0.07847,51.62248,49.1],[0.07873,51.6227,50.3],[0.07885,51.6228,50.9],[0.07904,51.62296,52],[0.07909,51.62301,52.3],[0.07921,51.62311,53.1],[0.0796,51.62343,55.8],[0.07972,51.62354,56.6],[0.07978,51.62359,56.9],[0.07985,51.62365,57.3],[0.07989,51.62368,57.5],[0.08008,51.62384,58.2],[0.0802,51.62394,58.4],[0.08024,51.62399,58.5],[0.08047,51.62418,59.1],[0.0805,51.62421,59.2],[0.08053,51.62423,59.3],[0.08059,51.62428,59.5],[0.08067,51.62435,59.9],[0.08071,51.62438,60],[0.08086,51.6245,60.6],[0.08093,51.62455,60.8],[0.081,51.62459,60.9],[0.0811,51.62467,61.3],[0.08115,51.62471,61.5],[0.08123,51.62478,61.8],[0.08132,51.62484,62.1],[0.08146,51.62495,62.7],[0.08149,51.62498,62.9],[0.08168,51.62513,63.3],[0.08179,51.62522,63.5],[0.08193,51.62533,63.8],[0.08202,51.6254,64],[0.08209,51.62546,64.1],[0.08212,51.62548,64.2],[0.0823,51.62563,64.5],[0.0824,51.62571,64.7],[0.08249,51.62578,64.9],[0.08255,51.62583,65.1],[0.08258,51.62586,65.1],[0.08258,51.62586,65.1],[0.08257,51.62586,65.1],[0.08257,51.62587,65.1],[0.08257,51.62588,65.1],[0.08257,51.62589,65.1],[0.08257,51.6259,65.2],[0.08258,51.6259,65.2],[0.08258,51.62591,65.2],[0.08259,51.62591,65.2],[0.0826,51.62591,65.2],[0.0826,51.62592,65.2],[0.08261,51.62592,65.2],[0.08262,51.62592,65.2],[0.08263,51.62592,65.2],[0.08264,51.62592,65.3],[0.08265,51.62592,65.3],[0.08266,51.62592,65.3],[0.08266,51.62591,65.3],[0.08267,51.62591,65.3],[0.08268,51.6259,65.3],[0.08268,51.62589,65.3],[0.08268,51.62588,65.3],[0.08269,51.62588,65.3],[0.08268,51.62588,65.3],[0.08268,51.62587,65.3],[0.0827,51.62585,65.3],[0.08271,51.62584,65.3],[0.08273,51.62583,65.3],[0.08276,51.62582,65.3],[0.08279,51.62581,65.3],[0.08282,51.6258,65.3],[0.08287,51.62578,65.3],[0.08291,51.62576,65.3],[0.08295,51.62574,65.3],[0.08303,51.62569,65.3],[0.08329,51.62549,65.1],[0.08333,51.62546,65.1],[0.08344,51.62538,64.9],[0.08382,51.62507,64.2],[0.08388,51.62502,64],[0.08399,51.62492,63.6],[0.08409,51.62483,63.2],[0.08412,51.62481,63.1],[0.08437,51.62458,62],[0.08442,51.62453,61.7],[0.08447,51.62448,61.4],[0.08454,51.62441,61],[0.08459,51.62434,60.5],[0.08464,51.62428,60.1],[0.08469,51.62421,59.6],[0.08482,51.62403,58.5],[0.08489,51.62389,57.7],[0.08492,51.6238,57.3],[0.08494,51.62371,56.8],[0.08495,51.62356,56.1],[0.08495,51.62345,55.5],[0.08497,51.62331,54.8],[0.08501,51.62317,54],[0.08505,51.62306,53.3],[0.08511,51.62295,52.6],[0.08523,51.6228,51.6],[0.08535,51.62268,50.8],[0.08543,51.62262,50.3],[0.08552,51.62258,49.9],[0.08562,51.62254,49.5],[0.0857,51.62251,49.2],[0.08583,51.62248,48.9],[0.08594,51.62245,48.6],[0.086,51.62244,48.5],[0.08632,51.62237,48],[0.08656,51.62232,47.6],[0.0867,51.62229,47.5],[0.08682,51.62226,47.5],[0.08695,51.62223,47.5],[0.0871,51.62219,47.4],[0.08741,51.6221,47.5],[0.08772,51.62202,47.5],[0.08787,51.62198,47.5],[0.08789,51.62198,47.5],[0.08793,51.62197,47.5],[0.08799,51.62195,47.5],[0.08818,51.62191,47.6],[0.08833,51.62188,47.7],[0.08839,51.62185,47.8],[0.08848,51.62182,48],[0.08865,51.62175,48.3],[0.08872,51.62172,48.4],[0.08879,51.62168,48.5],[0.08889,51.62164,48.7],[0.08894,51.62161,48.8],[0.08906,51.62155,49],[0.08924,51.62146,49.4],[0.08933,51.62141,49.6],[0.08938,51.62139,49.7],[0.08983,51.62117,50.9],[0.08996,51.62111,51.3],[0.0903,51.62094,52.4],[0.09048,51.62086,53.1],[0.09048,51.62085,53.1],[0.09049,51.62085,53.1],[0.09064,51.62078,53.5],[0.09072,51.62075,53.6],[0.09073,51.62074,53.6],[0.09088,51.62067,54],[0.09094,51.62065,54.2],[0.09098,51.62063,54.3],[0.09166,51.62031,56.3],[0.09173,51.62028,56.3],[0.09205,51.62012,56.1],[0.09232,51.61998,56],[0.0924,51.61994,56],[0.09254,51.61987,56.1],[0.09257,51.61985,56.1],[0.09273,51.61976,56.4],[0.0929,51.61967,56.7],[0.09311,51.61954,57.1],[0.09318,51.6195,57.3],[0.09319,51.61949,57.3],[0.09341,51.61936,58],[0.09341,51.61935,58],[0.09342,51.61935,58],[0.09359,51.61924,58.5],[0.09381,51.61913,59.3],[0.09402,51.61905,60.2],[0.09417,51.61899,60.9],[0.09428,51.61895,61.5],[0.09429,51.61895,61.5],[0.09442,51.61892,62.2],[0.09451,51.61891,62.6],[0.09461,51.61889,63.1],[0.09472,51.61889,63.5],[0.0948,51.61889,63.9],[0.09489,51.6189,64.2],[0.09501,51.61892,64.5],[0.09515,51.61896,64.8],[0.09534,51.61901,65.2],[0.09562,51.61908,65.8],[0.09569,51.61909,65.9],[0.09576,51.61909,66.2],[0.09585,51.6191,66.5],[0.09589,51.61909,66.7],[0.09591,51.61909,66.7],[0.09597,51.61907,67.1],[0.09603,51.61905,67.4],[0.09608,51.61902,67.8],[0.09611,51.619,68],[0.09613,51.61898,68.2],[0.09622,51.61888,69.1],[0.09627,51.61884,69.5],[0.09653,51.61851,72.4],[0.09661,51.61842,73.3],[0.09666,51.61836,73.8],[0.09666,51.61835,73.9],[0.09669,51.61832,74.1],[0.09676,51.61825,74.7],[0.09697,51.61806,76.4],[0.09699,51.61804,76.6],[0.09699,51.61804,76.6],[0.09705,51.61808,76.6],[0.09708,51.6181,76.6],[0.0971,51.61812,76.6],[0.0971,51.61813,76.5],[0.0971,51.61815,76.4],[0.09709,51.61817,76.3],[0.09708,51.61819,76.2],[0.09705,51.6182,76],[0.09701,51.61823,75.7],[0.09698,51.61825,75.5],[0.09697,51.61827,75.4],[0.09696,51.61829,75.3],[0.09696,51.6183,75.2],[0.09696,51.61831,75.2],[0.09696,51.61833,75.1],[0.09697,51.61834,75],[0.09698,51.61836,75],[0.097,51.61838,74.9],[0.09702,51.61839,74.9],[0.09704,51.6184,74.9],[0.09707,51.61841,74.9],[0.09709,51.61842,75],[0.09712,51.61842,75.1],[0.09714,51.61843,75.1],[0.09717,51.61844,75.1],[0.09718,51.61846,75],[0.09719,51.61847,75],[0.0972,51.61848,74.9],[0.0972,51.6185,74.8],[0.09721,51.61851,74.8],[0.09722,51.61852,74.7],[0.09728,51.61855,74.7],[0.09732,51.61857,74.7],[0.09734,51.61858,74.7],[0.09736,51.61858,74.8],[0.09739,51.61858,74.9],[0.09741,51.61858,74.9],[0.09744,51.61858,75],[0.09746,51.61858,75.1],[0.09749,51.61857,75.3],[0.0976,51.61853,75.9],[0.0976,51.61853,75.9],[0.09749,51.61857,75.3],[0.09746,51.61858,75.1],[0.09744,51.61858,75],[0.09741,51.61858,74.9],[0.09739,51.61858,74.9],[0.09736,51.61858,74.8],[0.09734,51.61858,74.7],[0.09732,51.61857,74.7],[0.09728,51.61855,74.7],[0.09722,51.61852,74.7],[0.09721,51.61851,74.8],[0.0972,51.6185,74.8],[0.0972,51.61848,74.9],[0.09719,51.61847,75],[0.09718,51.61846,75],[0.09717,51.61844,75.1],[0.09714,51.61843,75.1],[0.09712,51.61842,75.1],[0.09709,51.61842,75],[0.09707,51.61841,74.9],[0.09704,51.6184,74.9],[0.09702,51.61839,74.9],[0.097,51.61838,74.9],[0.09698,51.61836,75],[0.09697,51.61834,75],[0.09696,51.61833,75.1],[0.09696,51.61831,75.2],[0.09696,51.6183,75.2],[0.09696,51.61829,75.3],[0.09697,51.61827,75.4],[0.09698,51.61825,75.5],[0.09701,51.61823,75.7],[0.09705,51.6182,76],[0.09708,51.61819,76.2],[0.09709,51.61817,76.3],[0.0971,51.61815,76.4],[0.0971,51.61813,76.5],[0.0971,51.61812,76.6],[0.09708,51.6181,76.6],[0.09705,51.61808,76.6],[0.09699,51.61804,76.6],[0.09699,51.61804,76.6],[0.09712,51.61793,77.6],[0.09752,51.61763,80.4],[0.0977,51.61749,81.8],[0.09774,51.61747,82],[0.09795,51.61731,83.3],[0.0982,51.61714,84.8],[0.09824,51.61711,85.1],[0.09833,51.61704,85.6],[0.09837,51.61701,85.8],[0.09843,51.61697,86],[0.09858,51.61687,86.4],[0.09882,51.61669,86.9],[0.09902,51.61655,85.8],[0.09933,51.61634,83.4],[0.09974,51.6163,82.7],[0.09974,51.6163,82.7],[0.09995,51.61636,83.3],[0.10026,51.61645,84.6],[0.10091,51.61662,86.6],[0.10131,51.61674,87.7],[0.10149,51.61679,87.9],[0.10162,51.61682,88.1],[0.10174,51.61686,88.2],[0.10205,51.61691,88.2],[0.10232,51.61697,88.1],[0.1029,51.61709,87.8],[0.10327,51.61716,87.5],[0.10334,51.61717,87.4],[0.10334,51.61717,87.4],[0.10334,51.61717,87.4],[0.10394,51.61727,87.3],[0.10419,51.61732,87.2],[0.10459,51.61739,86.6],[0.10515,51.61747,86],[0.10554,51.61753,86],[0.10601,51.61761,85.8],[0.10652,51.6177,85.2],[0.1071,51.61779,84.1],[0.10747,51.61785,83.5],[0.10754,51.61787,83.4],[0.10764,51.61789,83.2],[0.10797,51.61795,82.7],[0.10821,51.618,82.4],[0.10852,51.61806,82.2],[0.10856,51.61807,82.2],[0.10892,51.61815,82],[0.10906,51.61819,81.9],[0.10922,51.61823,81.8],[0.10924,51.61824,81.8],[0.11033,51.61857,80.5],[0.11045,51.61861,80.5],[0.11055,51.61864,80.5],[0.11139,51.61891,80.8],[0.11145,51.61893,80.8],[0.11171,51.61901,81],[0.11196,51.61909,81],[0.11228,51.6192,80.9],[0.11276,51.61935,80.8],[0.11286,51.61938,80.9],[0.11335,51.61954,81],[0.11349,51.61959,81.1],[0.1138,51.61969,81.2],[0.11393,51.61974,81.2],[0.11419,51.61981,81.3],[0.11421,51.61982,81.3],[0.11437,51.61987,81.4],[0.11453,51.61991,81.5],[0.11454,51.61992,81.5],[0.11464,51.61994,81.6],[0.11479,51.61997,81.8],[0.11507,51.62004,81.9],[0.11509,51.62004,81.9],[0.11529,51.62009,81.8],[0.11547,51.62014,81.7],[0.11552,51.62014,81.7],[0.11556,51.62015,81.6],[0.11558,51.62016,81.6],[0.11562,51.62018,81.6],[0.1158,51.62027,81.4],[0.11592,51.62033,81.2],[0.11628,51.62049,80.9],[0.11632,51.6205,80.9],[0.11654,51.62059,80.9],[0.11679,51.6207,80.9],[0.11683,51.62072,80.8],[0.11709,51.62081,80.5],[0.11734,51.6209,80.3],[0.11769,51.62103,80],[0.11779,51.62106,79.9],[0.11831,51.62121,79.5],[0.11833,51.62122,79.5],[0.1186,51.6213,79.4],[0.11866,51.62132,79.4],[0.11898,51.62142,79.2],[0.11918,51.62148,79],[0.11918,51.62148,79],[0.11929,51.62151,78.7],[0.11932,51.62152,78.7],[0.11951,51.62157,78.2],[0.11964,51.62161,77.9],[0.11968,51.62162,77.8],[0.11991,51.62171,77.2],[0.12004,51.62176,76.8],[0.12015,51.6218,76.7],[0.12028,51.62185,76.5],[0.1203,51.62186,76.5],[0.12036,51.62188,76.4],[0.12047,51.62191,76.3],[0.12058,51.62195,76.2],[0.12064,51.62196,76.2],[0.12102,51.62207,75.7],[0.12118,51.62211,75.4],[0.12137,51.62217,75.1],[0.12143,51.62219,75],[0.12163,51.62225,74.8],[0.12177,51.6223,74.8],[0.12194,51.62236,74.8],[0.12196,51.62236,74.8],[0.12208,51.6224,74.9],[0.1227,51.62262,75.1],[0.12282,51.62266,75.1],[0.12289,51.62269,75.2],[0.12296,51.62271,75.3],[0.12391,51.62304,76.3],[0.12399,51.62307,76.4],[0.12418,51.62314,76.5],[0.12442,51.62322,77],[0.12447,51.62324,77.1],[0.12494,51.62342,77.8],[0.12543,51.62361,78.5],[0.125517,51.62364,78.7],[0.12581,51.62375,79],[0.12581,51.62375,79],[0.12627,51.62393,79.2],[0.12678,51.62415,79.6],[0.126847,51.62418,79.8],[0.12712,51.62429,80.8],[0.12747,51.62444,81.9],[0.12776,51.62456,82.7],[0.12808,51.6247,83.4],[0.128097,51.6247,83.5],[0.12813,51.62472,83.5],[0.12828,51.62479,83.8],[0.12841,51.62486,84.1],[0.128457,51.62488,84.3],[0.128457,51.62489,84.3],[0.12849,51.6249,84.4],[0.12855,51.62494,84.6],[0.12872,51.62505,84.9],[0.12874,51.62506,84.9],[0.12891,51.62518,84.9],[0.12914,51.62533,85.1],[0.12924,51.6254,85.1],[0.12934,51.62547,85.2],[0.12972,51.62573,85.8],[0.13002,51.62594,86.1],[0.13011,51.626,85.8],[0.13012,51.62601,85.8],[0.13023,51.62608,85.6],[0.13041,51.62621,85.3],[0.1307,51.6264,85.2],[0.130817,51.62649,85.2],[0.13085,51.62651,85.2],[0.13089,51.62653,85.3],[0.13108,51.62666,85.5],[0.13133,51.62683,85.7],[0.13151,51.62695,85.7],[0.13153,51.62696,85.8],[0.1317,51.6271,85.5],[0.13179,51.62716,85.4],[0.13183,51.6272,85.2],[0.132,51.62735,84.8],[0.13205,51.6274,84.6],[0.13212,51.62745,84.6],[0.13221,51.62754,84.3],[0.13237,51.62768,84],[0.13247,51.62775,84],[0.13257,51.62782,84.1],[0.13265,51.62787,84.3],[0.13275,51.62796,84.4],[0.13278,51.62798,84.5],[0.13282,51.62801,84.6],[0.13284,51.62803,84.6],[0.13287,51.62805,84.7],[0.1329,51.62807,84.8],[0.1329,51.62807,84.8],[0.13293,51.62809,84.9],[0.133,51.62815,85.1],[0.13301,51.62816,85.1],[0.13303,51.62818,85.2],[0.13307,51.6282,85.4],[0.1331,51.62823,85.5],[0.13335,51.62842,86.5],[0.13345,51.62849,86.5],[0.13362,51.62862,86.3],[0.13363,51.62863,86.3],[0.13366,51.62865,86.3],[0.13369,51.62868,86.2],[0.13374,51.62871,86.2],[0.13379,51.62875,86.1],[0.13384,51.62878,86.1],[0.13389,51.62881,86.1],[0.13391,51.62882,86.2],[0.13397,51.62884,86.3],[0.13407,51.62888,86.4],[0.13408,51.62889,86.3],[0.13415,51.62891,86.5],[0.13429,51.62894,86.8],[0.13441,51.62897,87.1],[0.13451,51.62899,87.3],[0.13462,51.62901,87.6],[0.13466,51.62902,87.7],[0.13483,51.62906,88],[0.13489,51.62907,88.2],[0.13516,51.62914,88.9],[0.13526,51.62917,89.2],[0.13541,51.62921,89.8],[0.13543,51.62922,89.9],[0.13568,51.62929,90.8],[0.13569,51.62929,90.9],[0.13576,51.62931,91.1],[0.13603,51.62939,92.1],[0.13608,51.62941,92.2],[0.13618,51.62944,92.5],[0.13628,51.62949,92.8],[0.13637,51.62953,93],[0.13644,51.62957,93.1],[0.13651,51.62962,93.2],[0.13653,51.62963,93.2],[0.1366,51.62969,93.2],[0.13675,51.62985,92.7],[0.13676,51.62986,92.7],[0.13679,51.62992,92.4],[0.13683,51.62998,92.1],[0.13685,51.63003,92],[0.13687,51.63007,92],[0.13694,51.63022,92],[0.13695,51.63023,92],[0.13699,51.63034,92],[0.13708,51.63057,92],[0.13713,51.6307,92],[0.13714,51.63073,92],[0.13724,51.63097,92.3],[0.13733,51.63112,92.7],[0.1374,51.63124,93],[0.13741,51.63125,93],[0.13742,51.63126,93],[0.13746,51.63132,93.2],[0.1376,51.63149,93.6],[0.13769,51.63158,93.8],[0.13778,51.63168,94],[0.13795,51.63185,94.5],[0.13807,51.63196,94.8],[0.13817,51.63205,95.2],[0.13841,51.63228,96.2],[0.13848,51.63235,96.5],[0.1385,51.63237,96.5],[0.13855,51.63244,96.8],[0.13865,51.63255,97.2],[0.13876,51.63273,97.7],[0.13883,51.63284,98],[0.13886,51.63293,98.2],[0.13889,51.63304,98.5],[0.1389,51.63312,98.7],[0.13891,51.63317,98.9],[0.13893,51.63357,99.1],[0.13893,51.63358,99.1],[0.13894,51.63365,99],[0.13895,51.63368,99],[0.13898,51.63381,98.8],[0.13899,51.63385,98.7],[0.13901,51.63388,98.7],[0.13902,51.63389,98.6],[0.13904,51.63393,98.5],[0.1392,51.63399,98.1],[0.13934,51.63402,97.8],[0.13942,51.63403,97.6],[0.13958,51.63404,97.2],[0.13993,51.63406,96.3],[0.14014,51.63406,96],[0.14083,51.63403,95.2],[0.14114,51.63401,94.8],[0.14134,51.63398,94.5],[0.14151,51.63395,94.2],[0.14164,51.63391,94],[0.14174,51.63387,93.9],[0.14189,51.63383,93.7],[0.14198,51.63381,93.6],[0.14208,51.63379,93.5],[0.14222,51.63377,93.3],[0.14222,51.63376,93.3],[0.14223,51.63376,93.3],[0.14235,51.63375,93.2],[0.14248,51.63374,93],[0.14261,51.63373,92.9],[0.14277,51.63372,92.7],[0.14299,51.63372,92.4],[0.14309,51.63371,92.3],[0.14331,51.63371,92],[0.14374,51.63369,91.7],[0.14392,51.63368,91.6],[0.14398,51.63367,91.5],[0.14435,51.63364,91.1],[0.1445,51.63363,91],[0.14497,51.63358,90.3],[0.14535,51.63356,90.2],[0.1456,51.63354,90.1],[0.14606,51.63353,90.1],[0.14631,51.63352,90.3],[0.1466,51.63349,90.6],[0.14664,51.63349,90.6],[0.14664,51.63349,90.6],[0.14673,51.63347,90.5],[0.14677,51.63347,90.5],[0.14689,51.63344,90.3],[0.14699,51.6334,90.1],[0.14699,51.6334,90.1],[0.1471,51.63352,89.7],[0.14713,51.63356,89.6],[0.14716,51.63359,89.6],[0.14725,51.63374,89.3],[0.14727,51.63378,89.3],[0.14737,51.634,89.1],[0.14747,51.63425,88.7],[0.14754,51.6344,88.1],[0.14773,51.63487,86.7],[0.14787,51.63523,85.9],[0.1479,51.63528,85.8],[0.14791,51.63533,85.7],[0.14794,51.6354,85.6],[0.14796,51.63559,85.1],[0.14797,51.63577,84.7],[0.14798,51.63615,83.4],[0.14801,51.6363,82.9],[0.14803,51.63636,82.7],[0.14808,51.63644,82.5],[0.1481,51.63648,82.4],[0.14816,51.63654,82.2],[0.14823,51.6366,82.1],[0.14827,51.63662,82.1],[0.14834,51.63665,82.1],[0.14849,51.63672,81.8],[0.1485,51.63673,81.8],[0.1486,51.63676,81.7],[0.14864,51.63677,81.7],[0.14876,51.63681,81.6],[0.14888,51.63685,81.5],[0.14931,51.63699,81.4],[0.14954,51.63705,81.5],[0.14967,51.63709,81.6],[0.14968,51.63709,81.6],[0.1498,51.63712,81.7],[0.15008,51.63719,81.7],[0.15035,51.63723,81.6],[0.15054,51.63725,81.6],[0.15064,51.63725,81.6],[0.15073,51.63725,81.6],[0.15092,51.63724,81.6],[0.15093,51.63724,81.6],[0.15132,51.6372,81.7],[0.15165,51.63715,81.8],[0.15166,51.63715,81.8],[0.15178,51.63714,81.9],[0.15194,51.63713,81.9],[0.15197,51.63713,81.9],[0.15207,51.63712,81.9],[0.15245,51.63712,81.9],[0.15265,51.63711,82],[0.15323,51.63711,82.3],[0.15334,51.63711,82.4],[0.15352,51.6371,82.3],[0.15368,51.63709,82.3],[0.15391,51.63709,82.1],[0.1543,51.63708,81.8],[0.15449,51.6371,81.3],[0.15467,51.63714,80.8],[0.1547,51.63715,80.7],[0.15505,51.63723,79.6],[0.15529,51.6373,79.2],[0.15545,51.63733,79],[0.15548,51.63733,79],[0.15562,51.63735,78.9],[0.15598,51.63737,78.9],[0.15636,51.63741,79],[0.15654,51.63744,79.1],[0.15681,51.6375,79],[0.15697,51.63754,78.8],[0.15697,51.63754,78.8],[0.1572,51.63759,78.6],[0.1573,51.63762,78.5],[0.15733,51.63763,78.5],[0.15741,51.63767,78.4],[0.15745,51.6377,78.3],[0.15757,51.63777,78.1],[0.15778,51.63791,78],[0.15798,51.63803,78],[0.15813,51.6381,78.1],[0.15824,51.63815,78.2],[0.15826,51.63816,78.3],[0.15838,51.6382,78.3],[0.15851,51.63825,78.2],[0.15899,51.63843,77.7],[0.15913,51.6385,77.6],[0.15997,51.6389,78.3],[0.16035,51.63907,78.1],[0.16038,51.63909,78.1],[0.16052,51.63917,78],[0.16067,51.63926,77.8],[0.16104,51.63956,77.3],[0.16105,51.63957,77.3],[0.16122,51.63972,77.3],[0.1613,51.63979,77.3],[0.16161,51.64006,77.8],[0.16191,51.6403,77.5],[0.16199,51.64036,77.4],[0.16218,51.64052,77],[0.16232,51.64062,76.7],[0.16235,51.64064,76.6],[0.16244,51.64071,76.4],[0.16257,51.64079,76],[0.16298,51.64102,74.6],[0.16319,51.64115,73.7],[0.1632,51.64115,73.7],[0.1632,51.64116,73.7],[0.16335,51.64127,72.9],[0.16338,51.64129,72.9],[0.16354,51.64141,72.7],[0.16356,51.64143,72.6],[0.16363,51.64147,72.6],[0.16375,51.64154,72.5],[0.16377,51.64155,72.5],[0.16379,51.64156,72.5],[0.16384,51.64158,72.6],[0.16402,51.64164,72.7],[0.16428,51.64172,73.2],[0.16429,51.64173,73.2],[0.16436,51.64175,73.3],[0.16468,51.64185,73.9],[0.1648,51.64188,74.2],[0.16512,51.64198,74.7],[0.16512,51.64198,74.7],[0.1651,51.64201,74.7],[0.16504,51.64213,74.5],[0.16496,51.64235,74],[0.16495,51.64245,73.9],[0.16495,51.64247,73.9],[0.16494,51.64255,73.7],[0.16495,51.64274,73.2],[0.16497,51.64293,72.9],[0.16499,51.64302,72.7],[0.16499,51.64302,72.7],[0.165,51.64307,72.6],[0.16504,51.64319,72.4],[0.16505,51.64325,72.3],[0.16516,51.64363,71.5],[0.16523,51.6439,70.9],[0.1653,51.6442,70.3],[0.16531,51.64431,70.1],[0.16533,51.64447,69.9],[0.16538,51.64489,69.2],[0.1654,51.64508,68.7],[0.16543,51.64526,67.9],[0.16554,51.64556,66.7],[0.16562,51.6457,66.3],[0.16569,51.64582,65.9],[0.16578,51.64594,65.7],[0.16588,51.64605,65.5],[0.16589,51.64606,65.5],[0.16594,51.64612,65.4],[0.16605,51.64622,65.3],[0.16622,51.64636,65.2],[0.16653,51.64657,65.1],[0.16687,51.64678,64.1],[0.16726,51.64703,62.4],[0.1675,51.64717,61.6],[0.16769,51.64731,61],[0.1679,51.6475,60.5],[0.16811,51.64773,59.7],[0.16838,51.64808,58.1],[0.16839,51.6481,58],[0.16841,51.64812,57.8],[0.16842,51.64812,57.8],[0.16857,51.64839,56.1],[0.16858,51.64842,55.9],[0.16859,51.64843,55.9],[0.16867,51.6486,54.9],[0.16877,51.6488,53.7],[0.16877,51.64881,53.7],[0.16884,51.64893,53.1],[0.16888,51.64902,52.6],[0.16906,51.64926,51.6],[0.16907,51.64926,51.6],[0.16918,51.64939,50.9],[0.16923,51.64944,50.7],[0.16955,51.64985,49.1],[0.16955,51.64985,49.1],[0.16985,51.65023,47.5],[0.17,51.65047,46.2],[0.17015,51.65074,44.7],[0.17016,51.65076,44.6],[0.17018,51.6508,44.4],[0.17035,51.65118,43.8],[0.17042,51.65134,43.6],[0.17053,51.65167,43],[0.17058,51.65178,42.5],[0.17062,51.65188,42],[0.1707,51.65208,41],[0.17115,51.65318,36.1],[0.17117,51.65324,35.9],[0.17122,51.65335,35.4],[0.17129,51.65353,35.3],[0.17139,51.65377,35.3],[0.17145,51.65392,35.4],[0.1715,51.65405,35.5],[0.1716,51.65428,35.2],[0.17167,51.65446,34.6],[0.17171,51.65456,34.1],[0.17178,51.65469,33.4],[0.17178,51.65469,33.4],[0.17174,51.65471,33.4],[0.1717,51.65472,33.3],[0.17167,51.65474,33.2],[0.17165,51.65476,33.1],[0.17162,51.65478,33],[0.1716,51.6548,32.8],[0.17158,51.65483,32.7],[0.17157,51.65485,32.6],[0.17156,51.65488,32.4],[0.17156,51.6549,32.3],[0.17156,51.65493,32.2],[0.17156,51.65495,32.1],[0.17157,51.65498,32],[0.17159,51.65502,31.8],[0.17162,51.65504,31.8],[0.17165,51.65506,31.7],[0.17167,51.65508,31.6],[0.17171,51.6551,31.5],[0.17174,51.65512,31.4],[0.17178,51.65513,31.4],[0.17181,51.65514,31.3],[0.17185,51.65515,31.3],[0.1719,51.65515,31.3],[0.17194,51.65515,31.3],[0.17198,51.65515,31.3],[0.17202,51.65515,31.3],[0.17206,51.65514,31.3],[0.17211,51.65513,31.4],[0.17234,51.65541,30.9],[0.17277,51.65595,29.9],[0.1729,51.65609,29.7],[0.17307,51.65626,29.4],[0.17309,51.65628,29.5],[0.17323,51.65639,29.9],[0.17339,51.65652,30.5],[0.17361,51.65669,31.1],[0.17379,51.6568,31.3],[0.17389,51.65687,31.5],[0.17389,51.65687,31.5],[0.17397,51.65692,31.6],[0.17426,51.65708,32],[0.1743,51.6571,32.1],[0.17443,51.65716,32.4],[0.17463,51.65723,32.7],[0.17508,51.65738,33.6],[0.17515,51.6574,33.6],[0.1752,51.65742,33.7],[0.17536,51.65747,33.9],[0.17557,51.65754,34.1],[0.1758,51.65762,34.3],[0.17596,51.65768,34.6],[0.17672,51.65794,36.2],[0.17774,51.65828,40.6],[0.17778,51.65829,40.8],[0.17825,51.65845,43.1],[0.17899,51.6587,44.3],[0.17905,51.65873,44.4],[0.1793,51.65882,44.8],[0.17969,51.65897,45.8],[0.18048,51.65929,47.8],[0.18091,51.65947,48.9],[0.18099,51.65952,49.2],[0.18124,51.65965,50.1],[0.18144,51.65978,50.9],[0.18162,51.6599,51.6],[0.18208,51.66023,52.8],[0.18216,51.66028,52.9],[0.18234,51.6604,53.3],[0.18279,51.66065,54.1],[0.18306,51.66079,54.6],[0.18325,51.66088,54.9],[0.18332,51.66091,55],[0.18334,51.66092,55],[0.18349,51.66098,54.8],[0.18367,51.66106,54.7],[0.18379,51.66111,54.6],[0.18442,51.66135,54.2],[0.18465,51.66144,54],[0.18482,51.66151,53.9],[0.1849,51.66154,53.8],[0.18491,51.66154,53.8],[0.18516,51.66162,53.7],[0.18541,51.66171,53.6],[0.18565,51.66179,53.5],[0.18592,51.66188,53.3],[0.18593,51.66189,53.3],[0.18596,51.6619,53.3],[0.18618,51.66197,52.9],[0.18619,51.66197,52.9],[0.18626,51.66199,52.8],[0.18646,51.66204,52.4],[0.18671,51.66211,52],[0.18712,51.6622,51.5],[0.18753,51.66229,51.2],[0.18779,51.66236,51.1],[0.18782,51.66237,51.1],[0.18794,51.6624,51],[0.18809,51.66244,51],[0.18821,51.66248,51.1],[0.18855,51.66259,50.4],[0.18884,51.6627,49.6],[0.18926,51.66289,48.6],[0.18963,51.66308,47.7],[0.18963,51.66308,47.7],[0.18972,51.66312,47.5],[0.19029,51.6634,46.6],[0.19044,51.66348,46.6],[0.19096,51.66371,46.4],[0.19147,51.66392,46.1],[0.19161,51.66398,46],[0.1928,51.66451,45.5],[0.19341,51.6648,45.6],[0.19369,51.66493,45.7],[0.19393,51.66502,45.6],[0.19413,51.6651,45.2],[0.19447,51.66519,44.6],[0.19457,51.66522,44.4],[0.19473,51.66527,44.2],[0.1949,51.66532,44],[0.19522,51.6654,43.4],[0.19527,51.66541,43.3],[0.19553,51.66548,42.9],[0.19568,51.66553,42.6],[0.19606,51.66563,42],[0.1963,51.6657,41.6],[0.19633,51.6657,41.5],[0.1966,51.66576,41],[0.19688,51.66582,41.2],[0.19716,51.66587,41.7],[0.19738,51.66591,42.1],[0.19775,51.66599,42.9],[0.19803,51.66606,43.6],[0.19851,51.66619,44.8],[0.19877,51.66626,45.3],[0.19882,51.66627,45.4],[0.19901,51.66633,45.7],[0.1993,51.66641,46.1],[0.19955,51.66651,46.5],[0.19962,51.66654,46.6],[0.20001,51.66668,47],[0.2001,51.66673,47.2],[0.20033,51.66684,47.4],[0.20055,51.66694,47.7],[0.20079,51.66706,47.9],[0.20103,51.66717,48],[0.20124,51.66728,48],[0.2014,51.66737,48],[0.20175,51.66757,47.7],[0.20189,51.66766,47.3],[0.20207,51.66779,46.7],[0.20287,51.66836,43],[0.20396,51.669,37.9],[0.20427,51.66919,36.7],[0.20443,51.66929,36.3],[0.20443,51.66929,36.3],[0.20477,51.6695,35.4],[0.20484,51.66955,35.3],[0.20546,51.66995,35],[0.2058,51.67017,35.2],[0.20607,51.67036,35.1],[0.20653,51.67069,35],[0.20678,51.6709,35.1],[0.20688,51.67098,35.2],[0.20704,51.67112,35.3],[0.20773,51.67177,35.9],[0.20809,51.67213,36.2],[0.20842,51.67247,36.9],[0.20844,51.67249,37],[0.20859,51.67263,37.2],[0.20875,51.67278,37.3],[0.20906,51.67307,37.7],[0.20908,51.67309,37.7],[0.20935,51.67334,38],[0.21003,51.67391,41.4],[0.21014,51.67399,41.8],[0.21111,51.67477,44.2],[0.21127,51.67489,44.4],[0.21127,51.6749,44.5],[0.21128,51.6749,44.4],[0.21152,51.67509,44.7],[0.21199,51.67546,45.1],[0.21204,51.67551,45.2],[0.21215,51.67559,45.4],[0.21217,51.67561,45.4],[0.21251,51.67588,46.1],[0.21258,51.67593,46],[0.21258,51.67593,46],[0.2126,51.67595,46],[0.21277,51.67608,45.8],[0.21303,51.6763,45.5],[0.21306,51.67631,45.4],[0.21373,51.67679,44.3],[0.2138,51.67684,44.3],[0.21436,51.67716,44.6],[0.21445,51.6772,44.7],[0.21454,51.67724,44.8],[0.2147,51.67732,45.1],[0.2151,51.67749,45.9],[0.21537,51.67758,46.4],[0.21575,51.67771,47],[0.21652,51.67791,48],[0.21739,51.67806,48.7],[0.21754,51.67807,48.7],[0.2184,51.67816,48.4],[0.21841,51.67816,48.4],[0.21869,51.67818,48.4],[0.21928,51.67822,48.6],[0.21967,51.67825,48.7],[0.21978,51.67826,48.7],[0.21985,51.67827,48.8],[0.22017,51.67829,48.8],[0.22055,51.67831,48.9],[0.22091,51.67834,48.9],[0.221,51.67834,48.8],[0.22216,51.67842,48.2],[0.22316,51.67854,48.7],[0.22327,51.67856,48.8],[0.22346,51.67859,48.8],[0.22347,51.67859,48.8],[0.22355,51.67861,48.7],[0.22373,51.67864,48.6],[0.22382,51.67867,48.6],[0.22408,51.67874,48.6],[0.22436,51.67882,48.4],[0.22484,51.67902,48],[0.22524,51.67926,48.2],[0.22546,51.67939,48.5],[0.22558,51.67947,48.7],[0.2259,51.67969,49.2],[0.22608,51.6798,49.2],[0.22656,51.68011,49.3],[0.22658,51.68013,49.3],[0.2266,51.68014,49.2],[0.22664,51.68017,49.2],[0.22679,51.68026,49],[0.22695,51.68037,48.8],[0.22703,51.68043,48.6],[0.22719,51.68056,48.4],[0.22734,51.6807,48.2],[0.22754,51.68086,47.8],[0.22758,51.6809,47.5],[0.2278,51.68106,46.2],[0.22781,51.68106,46.2],[0.2281,51.68125,44.7],[0.22832,51.68139,43.7],[0.22858,51.68156,42.9],[0.22876,51.6817,42.5],[0.22897,51.68185,42.2],[0.22905,51.68192,42.1],[0.22927,51.68209,41.8],[0.22969,51.68241,41.3],[0.22979,51.68248,41.2],[0.22987,51.68253,41.1],[0.23018,51.68273,40.5],[0.23042,51.68289,40],[0.23055,51.68299,39.9],[0.23072,51.68313,39.7],[0.23092,51.68334,39.5],[0.23097,51.68341,39.5],[0.231,51.68347,39.4],[0.23112,51.68367,39.3],[0.23117,51.68375,39.4],[0.23118,51.68378,39.5],[0.23131,51.68404,40],[0.23144,51.68445,40.4],[0.23145,51.68446,40.4],[0.23153,51.6847,40.3],[0.23162,51.6849,40.1],[0.23176,51.68516,40.7],[0.23192,51.68538,41.5],[0.23211,51.68559,42.3],[0.23232,51.6858,43.1],[0.23285,51.68624,44.8],[0.23298,51.68634,45.2],[0.23335,51.68662,46.6],[0.23355,51.68676,47.1],[0.23364,51.68684,47.3],[0.23379,51.68696,47.5],[0.23389,51.68706,47.7],[0.23392,51.68708,47.8],[0.23401,51.6872,48.1],[0.23406,51.68728,48.3],[0.23412,51.68744,48.8],[0.23415,51.68757,49.4],[0.23419,51.68787,50.7],[0.2342,51.68807,51.6],[0.23421,51.6881,51.7],[0.23422,51.68826,52.5],[0.23422,51.68829,52.6],[0.23422,51.68829,52.6],[0.23423,51.68839,52.9],[0.23425,51.68846,52.9],[0.23426,51.6885,52.9],[0.23428,51.68859,53],[0.23432,51.68867,53],[0.23436,51.68874,53],[0.23444,51.68884,53],[0.23452,51.68891,53],[0.23456,51.68895,53],[0.2346,51.68898,53],[0.23467,51.68903,53],[0.23521,51.68939,54.1],[0.23576,51.68975,55.8],[0.23595,51.68986,56.3],[0.23657,51.69024,57.3],[0.23671,51.69032,57.4],[0.23704,51.69048,57.6],[0.2373,51.69061,57.7],[0.23764,51.69078,57.8],[0.23776,51.69084,57.7],[0.238,51.69094,57.3],[0.23823,51.69105,56.9],[0.23846,51.69116,56.3],[0.2388,51.69132,55.3],[0.23916,51.69148,54.2],[0.23939,51.69159,53.6],[0.2396,51.69168,53],[0.23992,51.69181,52.2],[0.24013,51.69187,51.8],[0.24036,51.69193,51.5],[0.24051,51.69196,51.4],[0.2407,51.692,51.3],[0.24079,51.69202,51.3],[0.24101,51.69206,51.4],[0.24106,51.69207,51.4],[0.24123,51.69212,51.7],[0.24133,51.69214,51.9],[0.2414,51.69216,52],[0.2415,51.6922,52.4],[0.24158,51.69224,52.7],[0.24168,51.6923,53.3],[0.24181,51.69238,54],[0.24194,51.69248,54.8],[0.24206,51.6926,55.4],[0.24245,51.69324,57.7],[0.2425,51.69335,58.1],[0.24259,51.69352,58.8],[0.2427,51.69368,59.6],[0.24271,51.69371,59.7],[0.24292,51.69401,61.3],[0.24304,51.69419,62.4],[0.24305,51.6942,62.4],[0.24312,51.69431,63],[0.24327,51.69452,64.1],[0.24341,51.69472,64.8],[0.24352,51.69488,65.1],[0.24354,51.69492,65.2],[0.2436,51.69501,65.4],[0.24365,51.69509,65.2],[0.24366,51.69515,65.2],[0.24367,51.69523,65.1],[0.24365,51.69533,65.1],[0.24364,51.6954,65.1],[0.24364,51.6954,65.1],[0.24364,51.69542,65.1],[0.24363,51.69544,65.1],[0.24362,51.69552,65.1],[0.24361,51.69554,65.1],[0.2436,51.69562,65.1],[0.24358,51.69575,65],[0.24356,51.69591,64.7],[0.24354,51.6961,64],[0.24353,51.69623,63.6],[0.24354,51.69634,63.2],[0.24355,51.69646,62.7],[0.24365,51.69683,61.5],[0.2437,51.69702,61],[0.2437,51.69702,61],[0.24369,51.69702,61],[0.24368,51.69702,61],[0.24367,51.69702,61],[0.24366,51.69702,61],[0.24365,51.69702,61],[0.24364,51.69703,61],[0.24363,51.69703,61],[0.24362,51.69703,61],[0.24362,51.69704,60.9],[0.24361,51.69704,61],[0.24361,51.69705,60.9],[0.2436,51.69705,60.9],[0.2436,51.69706,60.9],[0.24359,51.69706,60.9],[0.24359,51.69707,60.9],[0.24358,51.69708,60.9],[0.24358,51.69709,60.8],[0.24358,51.6971,60.8],[0.24358,51.69711,60.8],[0.24359,51.69712,60.7],[0.24359,51.69713,60.7],[0.2436,51.69713,60.7],[0.2436,51.69714,60.7],[0.24361,51.69714,60.7],[0.24361,51.69715,60.6],[0.24362,51.69715,60.6],[0.24363,51.69715,60.6],[0.24363,51.69716,60.6],[0.24364,51.69716,60.6],[0.24365,51.69717,60.6],[0.24366,51.69717,60.6],[0.24367,51.69717,60.5],[0.24368,51.69717,60.5],[0.24369,51.69717,60.5],[0.24371,51.69717,60.5],[0.24372,51.69717,60.5],[0.24371,51.69723,60.3],[0.2437,51.69731,60.1],[0.2437,51.69744,59.7],[0.2437,51.69753,59.4],[0.2437,51.69758,59.2],[0.24371,51.69769,58.7],[0.24373,51.69786,58],[0.24374,51.698,57.4],[0.24389,51.69851,54.9],[0.24393,51.6988,53.2],[0.24392,51.69888,52.7],[0.24392,51.69894,52.4],[0.2439,51.69899,52.1],[0.24389,51.69904,51.8],[0.24385,51.69911,51.3],[0.24376,51.69925,50.4],[0.24365,51.69943,49.1],[0.24362,51.69946,48.9],[0.24343,51.69974,46.9],[0.24339,51.69981,46.4],[0.24326,51.70003,45.1],[0.2431,51.7002,45.3],[0.24303,51.70028,45.3],[0.24286,51.70048,45.2],[0.24282,51.70052,45.2],[0.24282,51.70053,45.2],[0.24282,51.70053,45.2],[0.2428,51.70057,45.2],[0.24278,51.70064,45],[0.24278,51.70068,45],[0.24279,51.70074,44.8],[0.24279,51.70077,44.8],[0.24286,51.70085,44.6],[0.24297,51.70099,44.4],[0.24305,51.70107,44.4],[0.2432,51.70122,44.4],[0.2432,51.70122,44.4],[0.24321,51.70123,44.5],[0.24346,51.70151,44.6],[0.24355,51.7016,44.6],[0.24388,51.70196,44.8],[0.24408,51.70218,45.7],[0.24409,51.70219,45.8],[0.24492,51.70296,50.4],[0.24504,51.70307,51.1],[0.2452,51.7032,51.7],[0.24524,51.70324,51.9],[0.24526,51.70326,52],[0.24532,51.70333,52.4],[0.24533,51.70336,52.4],[0.24536,51.70342,52.5],[0.24539,51.70346,52.6],[0.24546,51.70359,52.9],[0.24549,51.70374,53.2],[0.24553,51.70387,53.5],[0.24553,51.70391,53.5],[0.24557,51.70413,54],[0.24557,51.70417,54.1],[0.24559,51.70429,54.2],[0.24559,51.70429,54.2],[0.2456,51.70437,54.3],[0.24559,51.70445,54.4],[0.2456,51.70446,54.4],[0.2456,51.70466,54.6],[0.24559,51.70474,54.6],[0.24558,51.7048,54.6],[0.24558,51.70484,54.7],[0.24554,51.70506,54.7],[0.24547,51.70534,54.9],[0.24546,51.70554,55.2],[0.24543,51.70562,55.2],[0.24541,51.70567,55.2],[0.24538,51.70575,55.1],[0.24519,51.70623,54.8],[0.24516,51.70638,54.9],[0.24515,51.70642,54.9],[0.2451,51.70674,55.2],[0.24509,51.70682,55.2],[0.24492,51.7076,55],[0.24492,51.70761,55.1],[0.24488,51.70783,55.4],[0.24485,51.70803,55.8],[0.24482,51.70815,56],[0.2448,51.70829,56.2],[0.2448,51.70829,56.2],[0.24476,51.70851,56.4],[0.24473,51.70867,56.6],[0.24461,51.7093,57.4],[0.2446,51.70936,57.5],[0.2446,51.70948,57.8],[0.24461,51.70961,58.1],[0.24465,51.70975,58.6],[0.24467,51.7098,58.7],[0.24471,51.70986,59],[0.24478,51.70996,59.4],[0.24485,51.71009,60],[0.2452,51.71064,62.4],[0.24521,51.71066,62.4],[0.24529,51.71083,63],[0.24534,51.71095,63.1],[0.24537,51.71107,63.3],[0.24539,51.71113,63.4],[0.24541,51.71119,63.4],[0.24541,51.71127,63.5],[0.2454,51.71133,63.6],[0.24539,51.71142,63.7],[0.24537,51.71155,63.9],[0.24537,51.71156,63.9],[0.24536,51.71162,63.9],[0.24527,51.71185,64.2],[0.24523,51.71195,64.3],[0.2452,51.71204,64.4],[0.2452,51.71204,64.4],[0.245156,51.712225,64.7],[0.245156,51.712225,64.7],[0.245198,51.712396,64.9],[0.245198,51.712396,64.9],[0.245343,51.712597,65],[0.245343,51.712597,65],[0.24551,51.712662,64.9],[0.24551,51.712662,64.9],[0.245756,51.712717,64.8],[0.24576,51.71272,64.8],[0.24588,51.71271,64.7],[0.2462,51.7127,64.3],[0.24649,51.7127,64],[0.24677,51.71269,63.6],[0.24866,51.71267,61.3],[0.24972,51.71269,59.7],[0.25023,51.7127,58.7],[0.25113,51.71273,56.5],[0.25219,51.71277,54.2],[0.25322,51.71281,51.7],[0.25411,51.71285,49.6],[0.25489,51.7129,47.7],[0.25541,51.71293,46.5],[0.25552,51.71294,46.3],[0.25607,51.71297,44.9],[0.25667,51.71301,43.2],[0.25696,51.71302,43.1],[0.257089,51.71303,43.1],[0.25744,51.71303,43],[0.257749,51.71303,43],[0.257969,51.71302,43.1],[0.258249,51.71301,43.1],[0.25854,51.71299,43.5],[0.25874,51.71297,43.8],[0.25876,51.71297,43.8],[0.25906,51.71293,44.3],[0.25938,51.71288,45],[0.25977,51.71282,46],[0.259809,51.71281,46.1],[0.26006,51.71275,46.9],[0.26035,51.71268,48],[0.26078,51.71258,49.5],[0.26116,51.71248,50.8],[0.261689,51.71236,52],[0.26269,51.71211,53.5],[0.26274,51.7121,53.6],[0.263,51.71205,54.2],[0.26316,51.71202,54.6],[0.26317,51.71202,54.6],[0.26333,51.71198,55],[0.26365,51.71192,55.3],[0.26402,51.71186,55.6],[0.26425,51.71182,55.9],[0.26445,51.71179,56.2],[0.26461,51.71177,56.4],[0.26496,51.71172,56.9],[0.26528,51.71169,57],[0.26538,51.71168,57],[0.26548,51.71167,57],[0.26604,51.71162,56.9],[0.26605,51.71162,56.9],[0.26635,51.7116,56.9],[0.26669,51.71157,56.7],[0.26721,51.71153,56],[0.26778,51.71149,54.9],[0.26794,51.71148,54.5],[0.26821,51.71146,53.8],[0.269,51.71139,53.1],[0.26941,51.71136,53],[0.2704,51.71128,52.9],[0.27053,51.71127,52.9],[0.27081,51.71125,53],[0.27129,51.71121,52.9],[0.27168,51.71118,52.8],[0.27185,51.71117,52.9],[0.27197,51.71116,53],[0.27249,51.71111,53.3],[0.27283,51.71108,53.9],[0.27287,51.71107,54],[0.27328,51.71102,54.9],[0.27368,51.71097,55.7],[0.27401,51.71092,56.4],[0.27439,51.71085,57.5],[0.27476,51.71078,58.5],[0.2748,51.71077,58.6],[0.27508,51.71071,59.2],[0.27547,51.71063,59.4],[0.27584,51.71054,59.7],[0.27602,51.71049,59.9],[0.27624,51.71043,60.2],[0.27678,51.71029,61],[0.2775,51.7101,61.8],[0.27762,51.71007,62],[0.27771,51.71004,62.2],[0.27785,51.71001,62.4],[0.27801,51.70998,62.7],[0.27829,51.70993,63.1],[0.27858,51.70989,63.3],[0.2789,51.70987,63.3],[0.27949,51.70985,63.4],[0.27986,51.70985,63.5],[0.28031,51.70984,64.2],[0.28032,51.70984,64.3],[0.28083,51.70983,65.4],[0.28098,51.70983,65.9],[0.28118,51.70983,66.6],[0.28141,51.70982,67.4],[0.282,51.70981,68.6],[0.28227,51.7098,69],[0.28248,51.70979,69.2],[0.28297,51.70977,70],[0.28314,51.70976,70.3],[0.28388,51.7097,71.4],[0.28438,51.70966,72.2],[0.28466,51.70964,72.7],[0.28466,51.70964,72.7],[0.28488,51.70963,73.1],[0.28526,51.70961,73.7],[0.28562,51.7096,74.2],[0.28618,51.7096,75.1],[0.28659,51.7096,75.9],[0.28704,51.70962,76.2],[0.28752,51.70963,76.5],[0.28841,51.70964,77],[0.28881,51.70965,77.4],[0.28959,51.70965,78.6],[0.28997,51.70964,79.4],[0.29026,51.70964,79.6],[0.29077,51.70962,79.9],[0.29113,51.7096,80.3],[0.29184,51.70956,81.1],[0.29234,51.70951,81.4],[0.29292,51.70945,81.6],[0.29336,51.70941,81.8],[0.29364,51.70937,82],[0.29396,51.70934,82.2],[0.29478,51.70924,82],[0.29571,51.70912,81.1],[0.29592,51.7091,80.8],[0.29619,51.70907,80.2],[0.29644,51.70905,79.6],[0.29686,51.70902,79.2],[0.29711,51.70901,79.2],[0.29747,51.709,79.2],[0.29785,51.70899,78.9],[0.2981,51.70899,78.6],[0.29848,51.70898,78.4],[0.29876,51.70898,78.4],[0.29881,51.70898,78.4],[0.29916,51.70898,78.4],[0.29944,51.70898,78.4],[0.29981,51.70899,78.4],[0.29992,51.70899,78.4],[0.30017,51.709,78.4],[0.30064,51.70903,78.3],[0.30095,51.70906,78.3],[0.30112,51.70907,78.3],[0.30129,51.7091,78.2],[0.30157,51.70913,78.1],[0.30181,51.70917,78.2],[0.30203,51.70921,78.4],[0.30208,51.70922,78.5],[0.30227,51.70925,78.7],[0.30262,51.70931,79.2],[0.30312,51.70941,80],[0.30371,51.70951,80.9],[0.30395,51.70956,81.2],[0.30395,51.70956,81.2],[0.30568,51.70987,85.5],[0.30724,51.71015,89.2],[0.30772,51.71024,90.3],[0.30796,51.71028,91],[0.308,51.71029,91.1],[0.30808,51.71031,91.3],[0.3086,51.7104,92.3],[0.30906,51.71048,92.9],[0.30942,51.71053,93.5],[0.30994,51.71061,94.6],[0.31042,51.71067,95.3],[0.31082,51.71072,95.8],[0.31088,51.71073,96],[0.31107,51.71075,96.5],[0.31135,51.71078,97.2],[0.31151,51.7108,97.6],[0.31177,51.71082,98],[0.31219,51.71086,98],[0.31257,51.7109,98],[0.31289,51.71093,98.4],[0.3133,51.71099,99],[0.31346,51.71101,99],[0.3136,51.71103,99],[0.31384,51.71108,99],[0.31412,51.71114,99],[0.31414,51.71114,99],[0.31428,51.71118,98.9],[0.31441,51.71121,98.8],[0.31479,51.71131,98.7],[0.31518,51.71143,98.7],[0.31557,51.71155,98.9],[0.31573,51.7116,98.9],[0.31573,51.7116,98.9],[0.3158,51.71162,98.9],[0.31583,51.71163,99],[0.31603,51.7117,99],[0.31655,51.71187,98.8],[0.31659,51.71188,98.8],[0.31685,51.71197,98.6],[0.31714,51.71206,98.5],[0.3175,51.71218,98.4],[0.3178,51.71228,98.3],[0.31864,51.71256,98],[0.32002,51.71302,96.4],[0.32061,51.71322,95.4],[0.32087,51.7133,95],[0.32112,51.71339,94.4],[0.32219,51.71374,92.9],[0.32297,51.714,92.1],[0.32343,51.71415,91.8],[0.32387,51.71429,91.3],[0.32462,51.71452,89.5],[0.32544,51.71477,87.7],[0.32638,51.71505,86.4],[0.32709,51.71525,85.5],[0.32722,51.71529,85.3],[0.32733,51.71532,85.2],[0.32733,51.71532,85.2],[0.32754,51.71538,84.9],[0.32794,51.71549,84.3],[0.32855,51.71566,83.3],[0.32947,51.71591,81.4],[0.32948,51.71592,81.4],[0.32974,51.71599,80.9],[0.33108,51.71634,80.3],[0.33302,51.71682,79.6],[0.33405,51.71707,78.6],[0.3342,51.71711,78.5],[0.33441,51.71716,78.1],[0.33502,51.71731,77],[0.33559,51.71744,76.9],[0.336,51.71754,76.9],[0.33624,51.71759,76.7],[0.33654,51.71765,76.5],[0.33681,51.7177,76.3],[0.33712,51.71775,76.1],[0.33749,51.71781,75.8],[0.33799,51.71789,74.8],[0.33832,51.71793,74.1],[0.33833,51.71793,74],[0.33861,51.71797,74.1],[0.33865,51.71797,74.1],[0.33911,51.71802,74.2],[0.33925,51.71804,74.2],[0.33925,51.71804,74.2],[0.3395,51.71806,74.1],[0.34014,51.71813,73.8],[0.34082,51.7182,73.8],[0.34184,51.7183,73.7],[0.34234,51.71834,73.2],[0.34274,51.71836,72.5],[0.34307,51.71838,71.9],[0.3432,51.71838,71.6],[0.34348,51.71839,71.5],[0.344,51.71839,72.1],[0.34441,51.71839,72.5],[0.34474,51.71837,72.8],[0.34558,51.71832,73],[0.34644,51.71826,73.6],[0.34699,51.71822,73.7],[0.34764,51.71817,73.6],[0.34769,51.71816,73.6],[0.34841,51.71811,73.5],[0.34914,51.71807,73.4],[0.34926,51.71807,73.3],[0.34991,51.71805,73],[0.3505,51.71806,72.6],[0.35075,51.71807,72.4],[0.35075,51.71807,72.4],[0.351,51.71808,72.3],[0.35127,51.7181,72.1],[0.35158,51.71812,71.8],[0.3518,51.71814,71.6],[0.35206,51.71817,71.3],[0.35257,51.71823,70.7],[0.35304,51.71829,69.7],[0.35336,51.71834,69],[0.35372,51.71839,68.7],[0.35475,51.71854,67.6],[0.35677,51.71886,67.1],[0.35715,51.71892,66.8],[0.35741,51.71896,66.6],[0.35775,51.71902,66.1],[0.35811,51.71908,65.4],[0.35826,51.71911,65.1],[0.3586,51.71917,64.4],[0.35885,51.71922,63.7],[0.35908,51.71926,63.2],[0.35914,51.71928,63.1],[0.3597,51.7194,61.7],[0.36051,51.71958,60.4],[0.36078,51.71965,60.1],[0.36089,51.71967,59.9],[0.3616,51.71983,59.1],[0.36186,51.71989,59.3],[0.3627,51.72007,60.1],[0.36297,51.72013,60.3],[0.36354,51.72026,60.8],[0.36392,51.72034,61.3],[0.36424,51.72041,61.7],[0.36465,51.72051,62.3],[0.36498,51.72058,62.9],[0.36582,51.72077,63.2],[0.36619,51.72086,63.9],[0.36619,51.72085,63.9],[0.36645,51.72091,64.5],[0.36701,51.72104,65.7],[0.3673,51.7211,66.3],[0.36758,51.72116,66.8],[0.36787,51.72123,67.2],[0.36839,51.72135,67.9],[0.36847,51.72137,68],[0.36962,51.72162,70.7],[0.37042,51.72179,71.9],[0.37086,51.72188,72],[0.37112,51.72193,72.5],[0.37136,51.72197,72.9],[0.37162,51.72202,73.3],[0.37196,51.72208,73.5],[0.37244,51.72216,73.6],[0.37264,51.7222,73.5],[0.37319,51.72229,73.1],[0.37319,51.72229,73.1],[0.37304,51.7225,73.4],[0.37299,51.72257,73.4],[0.37295,51.72266,73.5],[0.37295,51.72281,73.5],[0.37296,51.72295,73.5],[0.37297,51.72305,73.5],[0.37303,51.72355,73.8],[0.3731,51.72408,74.4],[0.37313,51.72429,74.4],[0.37317,51.72472,73.9],[0.37325,51.72534,73.4],[0.37328,51.72556,73.2],[0.37328,51.72582,73],[0.37327,51.72592,72.8],[0.37325,51.72602,72.7],[0.37318,51.72627,72.5],[0.37315,51.72634,72.4],[0.37311,51.72644,72.4],[0.37297,51.72669,72.5],[0.3728,51.72701,73.1],[0.37267,51.72724,73.5],[0.37265,51.72729,73.6],[0.37254,51.72757,73.8],[0.37242,51.72784,73.2],[0.37237,51.72799,72.9],[0.37227,51.72828,72.4],[0.37224,51.72837,72.3],[0.37221,51.72847,72.3],[0.37204,51.72899,72.6],[0.37193,51.72929,72.5],[0.37184,51.72954,72.3],[0.37183,51.72956,72.3],[0.37162,51.72994,72],[0.37146,51.73018,71.4],[0.37133,51.73035,71.1],[0.37126,51.73046,70.9],[0.37108,51.73072,70.8],[0.37094,51.73093,70.8],[0.37081,51.7311,70.7],[0.37073,51.73119,70.6],[0.37067,51.73126,70.5],[0.3705,51.73148,70.2],[0.37033,51.73173,69.9],[0.37019,51.73196,69.6],[0.37019,51.73196,69.6],[0.37011,51.73218,69.4],[0.37002,51.73243,69.1],[0.36995,51.73263,68.8],[0.36993,51.73267,68.7],[0.36989,51.73282,68.5],[0.36987,51.73287,68.4],[0.3698,51.73305,68.1],[0.36977,51.73313,68],[0.36973,51.73322,67.8],[0.36973,51.73323,67.8],[0.36963,51.73352,67.3],[0.3696,51.73359,67.2],[0.36958,51.73362,67.2],[0.36957,51.73364,67.1],[0.36954,51.73367,67],[0.36953,51.7337,67],[0.36948,51.73374,66.9],[0.36948,51.73374,66.9],[0.36938,51.73382,66.7],[0.36935,51.73384,66.6],[0.36902,51.73406,66.1],[0.36895,51.73411,66.1],[0.36892,51.73413,66],[0.36878,51.73421,65.9],[0.3687,51.73425,65.9],[0.36859,51.73431,65.8],[0.36842,51.73439,65.7],[0.36822,51.73446,65.5],[0.368,51.73457,65.1],[0.36799,51.73457,65.1],[0.36787,51.73464,64.9],[0.36779,51.7347,64.7],[0.36771,51.73475,64.6],[0.36761,51.73484,64.3],[0.36737,51.73504,63.9],[0.36719,51.73522,63.4],[0.36689,51.73552,62.3],[0.36665,51.73574,61.3],[0.3664,51.73598,60.5],[0.36607,51.73624,59.8],[0.36537,51.73671,58.3],[0.36537,51.73671,58.3],[0.36557,51.73686,58.1],[0.36566,51.73692,58.1],[0.36574,51.73697,58.1],[0.36582,51.73701,58.2],[0.36587,51.73705,58.1],[0.36591,51.73708,58.1],[0.36595,51.73712,58.1],[0.36598,51.73715,58.1],[0.36601,51.73719,58.1],[0.36604,51.73723,58.1],[0.36607,51.73728,58],[0.36618,51.73743,58],[0.36619,51.73744,58],[0.3663,51.73755,58],[0.36639,51.73764,57.9],[0.36659,51.73784,58],[0.3667,51.73794,58],[0.36682,51.73804,57.8],[0.36719,51.7383,57.7],[0.36721,51.73831,57.7],[0.3674,51.73845,57.4],[0.36746,51.7385,57.3],[0.36773,51.73872,57],[0.36775,51.73874,57],[0.36797,51.73894,56.8],[0.36821,51.73918,56.7],[0.36823,51.73919,56.7],[0.36839,51.73934,56.4],[0.36841,51.73935,56.4],[0.36848,51.73941,56.3],[0.36875,51.73961,55.9],[0.36887,51.73971,55.7],[0.36899,51.73981,55.5],[0.36904,51.73987,55.3],[0.36909,51.73992,55.2],[0.3692,51.74004,54.9],[0.36931,51.74014,54.8],[0.36944,51.74023,54.7],[0.36965,51.74037,54.6],[0.36997,51.74056,54.3],[0.37029,51.74077,54],[0.37044,51.74089,53.9],[0.37061,51.74103,54],[0.3708,51.74118,54.1],[0.37081,51.74118,54.1],[0.37089,51.74125,54.1],[0.37098,51.74132,54.2],[0.37106,51.74138,54.2],[0.37131,51.74159,54.3],[0.37141,51.74169,54.3],[0.37151,51.74181,54.1],[0.37156,51.74189,54],[0.37166,51.74204,53.6],[0.3717,51.74209,53.5],[0.37172,51.74212,53.4],[0.3718,51.74226,52.9],[0.3719,51.74242,52.3],[0.37204,51.74268,51.9],[0.37206,51.74273,51.9],[0.37212,51.74285,51.8],[0.37215,51.74293,51.8],[0.37217,51.743,51.8],[0.37217,51.74306,51.7],[0.37218,51.74314,51.7],[0.37218,51.74321,51.7],[0.37218,51.74322,51.7],[0.37218,51.74342,51.6],[0.3722,51.74352,51.6],[0.37222,51.74357,51.7],[0.37224,51.74362,51.7],[0.37227,51.74368,51.7],[0.3723,51.74373,51.8],[0.37235,51.74379,51.8],[0.3724,51.74385,51.9],[0.37247,51.74391,52],[0.37249,51.74393,52],[0.37253,51.74396,52.1],[0.37268,51.74406,52.4],[0.37285,51.74419,52.8],[0.37301,51.74429,53.1],[0.37318,51.7444,53.4],[0.37333,51.74451,53.6],[0.37357,51.74471,53.5],[0.37368,51.74479,53.6],[0.3738,51.7449,53.6],[0.37391,51.745,53.7],[0.37405,51.74515,53.3],[0.37414,51.74525,53.1],[0.37435,51.7455,52.4],[0.37447,51.74563,52.1],[0.37449,51.74566,52],[0.37463,51.74583,51.6],[0.3747,51.74594,51.4],[0.37476,51.74605,51.2],[0.37482,51.74616,51],[0.37489,51.7463,50.7],[0.37491,51.74634,50.7],[0.37499,51.74646,50.5],[0.37514,51.74669,50],[0.37539,51.74708,49.7],[0.37553,51.7473,49.7],[0.37563,51.74747,49.8],[0.37572,51.74762,49.6],[0.37575,51.74765,49.5],[0.37583,51.74781,49.3],[0.37593,51.74798,49.1],[0.37608,51.74825,48.8],[0.37613,51.74836,48.6],[0.37617,51.74843,48.5],[0.37624,51.74857,48.1],[0.37631,51.74868,47.9],[0.3764,51.74881,47.6],[0.37657,51.74906,47.2],[0.37665,51.74916,47],[0.37667,51.74919,46.9],[0.37673,51.74924,46.8],[0.3771,51.74964,45.9],[0.37719,51.74973,45.6],[0.37732,51.74985,45.4],[0.37742,51.74994,45.1],[0.37752,51.75003,44.9],[0.37763,51.75011,44.7],[0.37769,51.75013,44.7],[0.37772,51.75014,44.6],[0.37775,51.75014,44.6],[0.37782,51.75015,44.6],[0.37791,51.75015,44.6],[0.37795,51.75015,44.5],[0.37827,51.75013,44.5],[0.3783,51.75013,44.5],[0.37833,51.75013,44.5],[0.37836,51.75013,44.5],[0.37838,51.75013,44.5],[0.3784,51.75014,44.5],[0.37841,51.75014,44.5],[0.37842,51.75014,44.5],[0.37844,51.75015,44.5],[0.37846,51.75017,44.4],[0.37849,51.7502,44.3],[0.37852,51.75027,44],[0.37854,51.75039,43.6],[0.37856,51.75048,43.3],[0.3786,51.75077,42.2],[0.37864,51.75096,41.7],[0.37867,51.75109,41.4],[0.37873,51.75142,40.6],[0.37875,51.75148,40.4],[0.37876,51.75154,40.3],[0.37877,51.75157,40.2],[0.37878,51.7516,40.2],[0.3788,51.75163,40.1],[0.37882,51.75165,40],[0.37884,51.75168,40],[0.37887,51.7517,40],[0.37889,51.75173,39.9],[0.37892,51.75175,39.9],[0.37895,51.75176,39.9],[0.37898,51.75178,39.9],[0.37901,51.75179,39.9],[0.37903,51.75181,39.8],[0.37906,51.75182,39.8],[0.37909,51.75182,39.8],[0.37913,51.75183,39.8],[0.37938,51.75189,39.8],[0.37938,51.75189,39.8],[0.37941,51.75186,39.8],[0.37944,51.75184,39.9],[0.37949,51.75181,39.9],[0.37956,51.75178,39.9],[0.37966,51.75176,40],[0.38006,51.75171,40],[0.38042,51.75164,40.1],[0.3807,51.75159,40.3],[0.3814,51.75141,41.1],[0.38158,51.75136,41.4],[0.38188,51.75129,41.8],[0.3822,51.75122,42.1],[0.38234,51.7512,42.2],[0.38259,51.75117,42.3],[0.38267,51.75116,42.4],[0.38274,51.75116,42.3],[0.38278,51.75116,42.3],[0.38284,51.75116,42.3],[0.38293,51.75118,42.1],[0.38316,51.7512,41.9],[0.38346,51.75122,41.4],[0.38356,51.75123,41.2],[0.38374,51.75124,40.8],[0.38378,51.75123,40.8],[0.38381,51.75123,40.7],[0.38383,51.75122,40.8],[0.38384,51.75121,40.8],[0.38386,51.7512,40.8],[0.38388,51.75117,40.9],[0.38389,51.75116,41],[0.38391,51.75113,41.1],[0.38392,51.75107,41.4],[0.38394,51.751,41.7],[0.38395,51.7509,42.2],[0.38398,51.75076,42.6],[0.38398,51.75076,42.6],[0.38399,51.75069,42.7],[0.38401,51.75063,42.8],[0.38401,51.75052,43.1],[0.384,51.75036,43.4],[0.38399,51.75027,43.6],[0.38396,51.75007,44.1],[0.38391,51.74987,44.6],[0.38383,51.74958,45.2],[0.38382,51.74955,45.3],[0.38382,51.74951,45.3],[0.38382,51.74949,45.4],[0.38382,51.74945,45.5],[0.38384,51.74941,45.5],[0.38385,51.74938,45.6],[0.38387,51.74935,45.6],[0.3839,51.74933,45.7],[0.38393,51.7493,45.7],[0.38398,51.74928,45.8],[0.38407,51.74924,45.8],[0.3847,51.74901,46.5],[0.38532,51.7488,47.2],[0.38542,51.74877,47.2],[0.38558,51.74872,47.2],[0.38579,51.74867,47.2],[0.38644,51.74854,46.2],[0.387,51.74842,45.5],[0.38731,51.74834,45.2],[0.38791,51.74818,44.3],[0.38793,51.74818,44.3],[0.38842,51.74804,43.5],[0.38845,51.74803,43.5],[0.38851,51.74801,43.4],[0.38907,51.74785,42.5],[0.38986,51.74764,40.5],[0.39048,51.74747,40],[0.39074,51.7474,40],[0.39084,51.74739,40],[0.39096,51.74737,39.8],[0.39125,51.74735,39.5],[0.39133,51.74735,39.4],[0.39176,51.74734,39],[0.39257,51.74734,38.9],[0.39287,51.74733,38.6],[0.39292,51.74733,38.5],[0.39333,51.74727,38],[0.39401,51.74719,38],[0.39421,51.74717,38],[0.39424,51.74717,38],[0.39467,51.74715,38],[0.39504,51.74715,38],[0.39543,51.74716,37.7],[0.39571,51.74719,37.5],[0.39596,51.74726,37.1],[0.39629,51.7474,36.6],[0.39672,51.7476,35.9],[0.39687,51.74766,35.8],[0.39703,51.74772,35.7],[0.39712,51.74776,35.7],[0.3972,51.74778,35.7],[0.39731,51.74781,35.6],[0.39759,51.74787,35.5],[0.39796,51.74795,35.2],[0.39821,51.748,35.1],[0.39832,51.74802,35],[0.3984,51.74804,35],[0.39867,51.74806,35],[0.39898,51.74805,35],[0.39939,51.748,34.7],[0.39963,51.74797,34.4],[0.4001,51.74786,34],[0.40073,51.74775,34],[0.40102,51.74771,33.8],[0.40129,51.74769,33.6],[0.40155,51.7477,33.3],[0.40197,51.74773,33.3],[0.4022,51.74776,33.3],[0.40247,51.74785,33.4],[0.4026,51.74792,33.5],[0.40266,51.74802,33.6],[0.40272,51.74822,33.9],[0.4028,51.74837,34.1],[0.40284,51.74842,34.3],[0.40291,51.74851,34.5],[0.40291,51.74851,34.5],[0.40261,51.74861,34.7],[0.40246,51.74866,34.8],[0.40235,51.74869,34.9],[0.40224,51.74872,34.9],[0.40203,51.74877,35],[0.40197,51.74878,35.1],[0.4015,51.74886,35.1],[0.40094,51.74893,34.8],[0.4009,51.74894,34.8],[0.40049,51.74898,34.8],[0.40001,51.74905,34.9],[0.39951,51.74916,35],[0.39924,51.74925,35.1],[0.39914,51.74928,35.1],[0.39876,51.74943,35.3],[0.39836,51.74962,35.5],[0.39801,51.74985,35.5],[0.39752,51.75018,35.2],[0.39679,51.75066,35.6],[0.39675,51.75068,35.7],[0.39613,51.75104,36.1],[0.39595,51.75114,36.2],[0.3953,51.75143,36.7],[0.39512,51.7515,36.7],[0.39507,51.75152,36.7],[0.39471,51.75166,36.6],[0.3938,51.75195,37],[0.39358,51.75201,37.2],[0.39357,51.75201,37.2],[0.39327,51.75209,37.6],[0.39252,51.75225,38.4],[0.39247,51.75226,38.4],[0.39201,51.75235,38.7],[0.39182,51.75239,38.8],[0.39161,51.75243,38.8],[0.39146,51.75246,38.7],[0.39072,51.75268,38.4],[0.39044,51.75279,38.7],[0.39027,51.75286,38.9],[0.39026,51.75287,38.9],[0.39002,51.753,39.2],[0.38984,51.7531,39.2],[0.38973,51.75318,39.3],[0.38961,51.75328,39.4],[0.3893,51.75361,39.5],[0.38927,51.75366,39.6],[0.38905,51.75399,39.5],[0.38893,51.75434,39.8],[0.38893,51.75436,39.9],[0.3888,51.75483,40.7],[0.38877,51.75494,40.9],[0.38868,51.75534,41.2],[0.38859,51.75574,41.5],[0.38859,51.75575,41.5],[0.3885,51.75609,41.4],[0.38842,51.75641,41.2],[0.3884,51.7565,41.2],[0.38838,51.7566,41.1],[0.38826,51.75694,41.5],[0.38822,51.75705,41.7],[0.38799,51.75755,42.1],[0.38786,51.75782,41.7],[0.3878,51.75792,41.5],[0.38773,51.75801,41.4],[0.38767,51.75807,41.3],[0.38766,51.75807,41.3],[0.38754,51.75818,41.1],[0.3875,51.75821,41],[0.38717,51.75845,40.8],[0.38712,51.75848,40.8],[0.38698,51.75858,40.9],[0.38695,51.7586,40.9],[0.38693,51.75862,40.9],[0.38674,51.75875,41],[0.38638,51.75901,41.3],[0.38606,51.75928,41.5],[0.38603,51.75931,41.6],[0.38602,51.75932,41.6],[0.38587,51.75947,41.8],[0.38582,51.75952,41.8],[0.38566,51.75977,42.2],[0.38552,51.76007,42.8],[0.3854,51.76032,43.2],[0.38533,51.76045,43.5],[0.38531,51.76049,43.5],[0.38524,51.76062,43.8],[0.385,51.76089,44.1],[0.38477,51.76107,44.9],[0.38475,51.76109,45],[0.38456,51.76119,45.6],[0.3844,51.76128,46.2],[0.38439,51.76128,46.2],[0.38426,51.76133,46.6],[0.38403,51.76142,47.3],[0.38388,51.76146,47.6],[0.38382,51.76147,47.7],[0.38361,51.76153,48.2],[0.38335,51.7616,48.7],[0.38319,51.76164,49.2],[0.38281,51.76174,50.3],[0.38248,51.76182,51],[0.38201,51.76194,51.6],[0.382,51.76194,51.6],[0.38168,51.76203,52],[0.38121,51.76215,52.9],[0.3812,51.76215,52.9],[0.3811,51.76218,53.1],[0.38031,51.76242,55.1],[0.37968,51.76262,55.9],[0.3787,51.76291,56.5],[0.37828,51.76303,56.8],[0.37808,51.76308,56.8],[0.37782,51.76315,56.7],[0.37675,51.7634,57.1],[0.37671,51.76341,57.1],[0.37563,51.76364,56.7],[0.37502,51.76375,57],[0.37427,51.76387,57.3],[0.37418,51.76388,57.3],[0.37399,51.76391,57.4],[0.37333,51.76402,57.6],[0.37189,51.76424,57.1],[0.37093,51.76439,57.7],[0.37089,51.7644,57.7],[0.37031,51.76449,57.6],[0.36986,51.76458,57.3],[0.3695,51.76468,56.6],[0.36886,51.76489,55.6],[0.36882,51.7649,55.5],[0.3684,51.76509,55.2],[0.36801,51.76529,55.2],[0.36791,51.76535,55.3],[0.36775,51.76545,55.6],[0.36767,51.7655,55.8],[0.3674,51.76569,56.5],[0.36692,51.76611,57],[0.36656,51.76645,57.1],[0.3664,51.76659,57.3],[0.36616,51.76678,57.7],[0.36569,51.76711,58.1],[0.36557,51.76718,58.1],[0.36536,51.7673,58.1],[0.36516,51.76742,58.1],[0.36492,51.76753,58],[0.36462,51.76767,58],[0.36416,51.76786,58.3],[0.36384,51.76798,58.7],[0.36368,51.76802,58.9],[0.36343,51.76809,59.1],[0.3626,51.76828,58.1],[0.36159,51.76849,57.3],[0.36097,51.76863,57.5],[0.36078,51.76867,57.6],[0.36044,51.76878,57.9],[0.36018,51.76886,58.2],[0.36008,51.76888,58.3],[0.35976,51.76901,58.8],[0.35968,51.76904,58.9],[0.35928,51.7692,59.2],[0.35877,51.76945,59.7],[0.35856,51.76957,60],[0.35826,51.76974,60.3],[0.35806,51.76988,60.3],[0.35776,51.77009,60.5],[0.35738,51.77037,60.9],[0.3573,51.77045,61.1],[0.35714,51.77057,61.4],[0.35671,51.77089,62.1],[0.35642,51.77109,61.7],[0.35636,51.77113,61.6],[0.35615,51.77129,61.3],[0.35568,51.77158,60.7],[0.35544,51.77171,60.5],[0.35534,51.77177,60.4],[0.35512,51.77189,60.1],[0.3546,51.77219,60.1],[0.35433,51.77235,60.5],[0.35407,51.7725,61.1],[0.35393,51.77257,61.6],[0.35379,51.77263,62],[0.35365,51.77269,62.4],[0.35347,51.77274,62.9],[0.35332,51.77277,63.3],[0.35331,51.77277,63.3],[0.35318,51.7728,63.2],[0.35299,51.77282,63],[0.35271,51.77286,62.7],[0.35246,51.77288,62.3],[0.35234,51.77289,62.3],[0.35196,51.77292,62.2],[0.35173,51.77294,62.1],[0.35138,51.77294,61.9],[0.35057,51.77291,61.5],[0.35014,51.77289,61.5],[0.34965,51.77286,62.1],[0.34916,51.77286,63],[0.34879,51.77289,63.2],[0.34835,51.77298,63.4],[0.34799,51.77306,63.7],[0.34787,51.77308,63.9],[0.34743,51.77313,64.3],[0.3469,51.77317,64.8],[0.34683,51.77317,64.8],[0.34654,51.7732,65.1],[0.34645,51.77321,65.2],[0.34614,51.7733,65.6],[0.3458,51.77346,66],[0.34526,51.77371,66.3],[0.34487,51.77387,66.9],[0.34484,51.77387,67],[0.34446,51.77398,67.9],[0.34438,51.774,68.1],[0.34428,51.77402,68.4],[0.3442,51.77403,68.6],[0.34408,51.77403,68.8],[0.3439,51.77404,69.2],[0.34302,51.77402,70.1],[0.34246,51.774,69.6],[0.34244,51.774,69.5],[0.34233,51.774,69.4],[0.34217,51.77399,69.3],[0.34195,51.77398,69],[0.34167,51.77398,68.8],[0.34132,51.77398,69.1],[0.34112,51.774,69.3],[0.34088,51.77403,69.6],[0.34045,51.77412,69.9],[0.34,51.77424,70],[0.33951,51.77439,70.4],[0.3394,51.77442,70.5],[0.33938,51.77443,70.5],[0.33845,51.77472,70.3],[0.338,51.77489,70.4],[0.33705,51.77526,70.5],[0.33658,51.77546,70.5],[0.33612,51.7756,70.8],[0.33588,51.77567,71],[0.3357,51.77572,71.1],[0.33559,51.77575,71.3],[0.33528,51.77584,71.6],[0.33506,51.77593,71.6],[0.33456,51.77612,70.8],[0.33388,51.77641,70.3],[0.33358,51.77654,70.2],[0.33267,51.77696,70.1],[0.33178,51.77737,70.2],[0.33173,51.77739,70.2],[0.33052,51.77796,69.4],[0.33035,51.77804,69.4],[0.32994,51.77825,69.1],[0.32904,51.7787,69.6],[0.32884,51.77881,70],[0.32869,51.77889,70.4],[0.32834,51.77905,71.6],[0.32772,51.77929,70],[0.32717,51.77947,69],[0.32715,51.77947,68.9],[0.32707,51.77949,68.8],[0.32685,51.77954,68.6],[0.3268,51.77956,68.6],[0.3266,51.7796,68.4],[0.32597,51.77973,67.4],[0.32591,51.77974,67.3],[0.32575,51.77976,67],[0.32569,51.77977,66.9],[0.32544,51.77981,66.6],[0.32477,51.77987,65.7],[0.32387,51.77994,64.7],[0.32341,51.78,64.1],[0.32325,51.78003,64],[0.32289,51.7801,63.8],[0.32241,51.78021,63.4],[0.32221,51.78029,63.5],[0.32202,51.78038,63.4],[0.32183,51.78056,63.3],[0.32181,51.78059,63.2],[0.3215,51.78098,63.2],[0.32137,51.78114,63.4],[0.32132,51.78122,63.5],[0.32115,51.78137,63.7],[0.32086,51.78156,63.8],[0.32085,51.78157,63.8],[0.32062,51.78168,63.8],[0.32017,51.78191,63.7],[0.31975,51.78211,64.1],[0.31971,51.78213,64.1],[0.31967,51.78215,64.2],[0.3195,51.78222,64.3],[0.31906,51.78234,64.6],[0.31839,51.78249,65],[0.31795,51.7826,65.1],[0.31774,51.78265,65.3],[0.31754,51.7827,65.5],[0.31677,51.78291,67],[0.31674,51.78292,67],[0.31626,51.78308,67],[0.31601,51.78316,66.7],[0.3159,51.7832,66.6],[0.31584,51.78324,66.6],[0.31581,51.78328,66.7],[0.31578,51.78331,66.7],[0.31572,51.78338,66.7],[0.31566,51.78346,66.7],[0.31564,51.7835,66.8],[0.3156,51.78362,66.9],[0.31559,51.78364,67],[0.31557,51.78376,67.2],[0.31553,51.78397,67.7],[0.31554,51.78415,68.2],[0.31554,51.78418,68.3],[0.31556,51.78433,68.8],[0.31557,51.78446,69.2],[0.31558,51.78453,69.4],[0.31559,51.78454,69.4],[0.31563,51.78475,70.1],[0.31567,51.78495,70.7],[0.31573,51.78525,71.5],[0.31575,51.78535,71.7],[0.31577,51.78543,72],[0.31581,51.78556,72.3],[0.31582,51.7856,72.4],[0.31583,51.78561,72.5],[0.31586,51.78567,72.7],[0.31595,51.78585,73.2],[0.31603,51.78598,73.1],[0.31612,51.78611,73],[0.31619,51.78621,73],[0.31624,51.78644,72.5],[0.31624,51.78658,72.2],[0.31619,51.78671,71.8],[0.31615,51.78681,71.7],[0.31611,51.78693,71.6],[0.31608,51.78699,71.5],[0.31605,51.78707,71.4],[0.31601,51.78724,71.3],[0.31601,51.78725,71.3],[0.31598,51.78784,71.8],[0.31597,51.78809,72.3],[0.31593,51.78822,72.6],[0.31592,51.78824,72.7],[0.31591,51.78826,72.7],[0.31572,51.78859,73],[0.31554,51.78889,73],[0.3154,51.78908,73],[0.31529,51.78924,73.2],[0.31529,51.78925,73.3],[0.3151,51.78955,74.3],[0.31493,51.78976,75.1],[0.31483,51.78986,75.4],[0.31481,51.78988,75.4],[0.31479,51.7899,75.4],[0.31463,51.79002,75.6],[0.31455,51.79009,75.8],[0.31415,51.79032,76.1],[0.31398,51.79041,76.4],[0.31384,51.79049,76.5],[0.31376,51.79053,76.6],[0.31347,51.79069,76.8],[0.31324,51.79083,76.9],[0.31308,51.79093,76.7],[0.31293,51.79105,76.5],[0.31282,51.79114,76.4],[0.31243,51.79158,75.9],[0.31238,51.79164,75.9],[0.31214,51.79197,75.6],[0.31213,51.79199,75.6],[0.31201,51.79225,75.4],[0.31197,51.79239,75.4],[0.31191,51.79268,75.2],[0.3118,51.79323,75],[0.31178,51.79329,75],[0.3117,51.79356,74.7],[0.31159,51.79393,74.2],[0.31154,51.79409,73.9],[0.31146,51.79435,73.8],[0.31146,51.79437,73.8],[0.31145,51.79445,73.8],[0.31145,51.79447,73.8],[0.3114,51.79488,74],[0.31139,51.79501,74],[0.31138,51.7951,74.1],[0.31138,51.79536,74.3],[0.31137,51.79573,74.6],[0.31137,51.79593,74.8],[0.31137,51.79602,74.9],[0.31137,51.79602,74.9],[0.31168,51.79601,75.2],[0.31179,51.796,75.3],[0.31195,51.79599,75.5],[0.3121,51.79598,75.6],[0.31227,51.79597,75.8],[0.31251,51.79596,76],[0.31272,51.79593,76.2],[0.31304,51.79586,76.6],[0.3135,51.7958,77],[0.3135,51.7958,77],[0.31374,51.79576,77],[0.3139,51.79573,77],[0.31425,51.79564,77.1],[0.31454,51.79552,77.4],[0.31463,51.79547,77.6],[0.3152,51.79517,78],[0.31522,51.79516,77.9],[0.31589,51.79477,77.4],[0.31599,51.79469,77.2],[0.31616,51.79455,77],[0.31631,51.79439,76.8],[0.31644,51.79423,76.8],[0.31646,51.7942,76.8],[0.31654,51.79407,76.9],[0.31662,51.79395,77.2],[0.31672,51.79382,77.4],[0.3168,51.79374,77.5],[0.31688,51.79366,77.6],[0.31696,51.79359,77.7],[0.317,51.79355,77.7],[0.31702,51.79353,77.8],[0.31723,51.7934,77.9],[0.31741,51.79328,78.1],[0.31757,51.79316,78.5],[0.31772,51.79305,78.9],[0.3178,51.79295,79.3],[0.31789,51.79283,79.7],[0.3179,51.79278,79.8],[0.31792,51.79271,80],[0.31794,51.79258,80.3],[0.31796,51.79248,80.6],[0.31799,51.79233,80.8],[0.31803,51.79225,80.9],[0.31806,51.79219,81],[0.31809,51.79214,81.1],[0.31815,51.79205,81.3],[0.31819,51.79202,81.4],[0.31821,51.79201,81.4],[0.31826,51.79197,81.5],[0.31832,51.79195,81.6],[0.31836,51.79193,81.7],[0.31846,51.79191,81.6],[0.31857,51.79189,81.4],[0.31859,51.79189,81.4],[0.31866,51.79189,81.3],[0.31873,51.7919,81.2],[0.31888,51.79193,81],[0.31917,51.79199,80.6],[0.31925,51.79201,80.5],[0.31956,51.7921,80],[0.31968,51.79212,79.8],[0.31992,51.79216,79.5],[0.31996,51.79217,79.4],[0.32025,51.7922,78.9],[0.32054,51.79223,78.2],[0.32065,51.79225,78],[0.32103,51.79232,77],[0.3212,51.79234,76.6],[0.32138,51.79237,76.1],[0.32156,51.79237,75.7],[0.32178,51.79236,75.3],[0.32207,51.79234,74.9],[0.32243,51.79232,74.3],[0.32265,51.79232,74],[0.32283,51.79231,73.7],[0.32304,51.79231,73.3],[0.32331,51.79232,72.8],[0.32359,51.79232,72.8],[0.32402,51.79239,72.9],[0.32445,51.79248,72.6],[0.32503,51.79255,71.9],[0.3252,51.79256,71.9],[0.32529,51.79256,71.9],[0.32546,51.79256,71.9],[0.32558,51.79256,71.9],[0.32569,51.79255,71.9],[0.32617,51.79248,71.6],[0.32654,51.79245,71.1],[0.3269,51.79245,70.9],[0.32729,51.79246,71],[0.32756,51.79246,70.9],[0.32805,51.79246,70.3],[0.32845,51.79245,70],[0.32847,51.79244,70],[0.32857,51.79243,70],[0.32868,51.79241,70],[0.32878,51.79237,69.9],[0.32891,51.79232,69.9],[0.32898,51.79228,69.8],[0.32922,51.79217,69.5],[0.32933,51.79212,69.3],[0.32946,51.79207,69],[0.32955,51.79205,68.8],[0.32964,51.79201,68.5],[0.32972,51.79199,68.3],[0.32998,51.79191,67.6],[0.33044,51.79176,66.2],[0.33112,51.79158,64.5],[0.33158,51.79149,63.6],[0.33186,51.79143,63.2],[0.33196,51.79141,63],[0.3325,51.79137,62],[0.33277,51.79135,61.2],[0.33277,51.79135,61.2],[0.33281,51.79136,61.1],[0.33308,51.79144,60.4],[0.33318,51.79154,60.2],[0.33352,51.7919,59.5],[0.33359,51.79198,59.3],[0.33368,51.79205,59.1],[0.33382,51.79217,58.8],[0.33429,51.79249,57.7],[0.33456,51.79274,57.3],[0.3347,51.79292,57.2],[0.33479,51.79304,57.2],[0.33517,51.79352,57],[0.33531,51.79373,57.1],[0.33542,51.7939,57.2],[0.33549,51.79401,57.2],[0.33561,51.79424,57.4],[0.3357,51.79441,57.7],[0.33575,51.79451,57.9],[0.33585,51.79476,58.4],[0.33589,51.79485,58.6],[0.33592,51.79493,58.7],[0.33598,51.79511,59],[0.33598,51.79513,59],[0.33619,51.79563,59.3],[0.3363,51.7958,59.4],[0.3364,51.79595,59.6],[0.33641,51.79597,59.7],[0.33651,51.79608,59.8],[0.33661,51.79617,59.9],[0.33671,51.79622,59.8],[0.3368,51.79627,59.7],[0.33695,51.79632,59.5],[0.33711,51.79638,59.2],[0.33722,51.79641,59.1],[0.33735,51.79644,58.8],[0.33766,51.7965,58.2],[0.33791,51.79653,57.7],[0.33814,51.79655,57.2],[0.33833,51.79658,56.8],[0.33853,51.79661,56.9],[0.33877,51.79669,57],[0.33891,51.79675,56.9],[0.33903,51.79681,56.9],[0.33913,51.79687,56.8],[0.33925,51.79693,56.6],[0.3395,51.79709,56.1],[0.33974,51.79725,55.6],[0.33996,51.79746,55.1],[0.34005,51.79752,55],[0.34014,51.79757,55.1],[0.3402,51.79759,55.1],[0.34025,51.79761,55.1],[0.34028,51.79761,55.1],[0.34037,51.79762,55.1],[0.34063,51.79762,55.1],[0.34071,51.79762,55.1],[0.34092,51.79761,55.2],[0.34109,51.79761,55.4],[0.34134,51.79761,55.4],[0.34152,51.79762,55.5],[0.34168,51.79763,55.6],[0.3418,51.79766,55.6],[0.34189,51.79774,55.7],[0.34207,51.79796,55.9],[0.34235,51.79824,55.9],[0.34239,51.79828,55.9],[0.34261,51.79852,56.7],[0.34294,51.79891,57.7],[0.34297,51.79894,57.8],[0.34342,51.79947,57],[0.34349,51.79954,56.8],[0.34362,51.7997,56.4],[0.34349,51.79954,56.8],[0.34342,51.79947,57],[0.34297,51.79894,57.8],[0.34294,51.79891,57.7],[0.34261,51.79852,56.7],[0.34239,51.79828,55.9],[0.34235,51.79824,55.9],[0.34207,51.79796,55.9],[0.34189,51.79774,56],[0.3418,51.79766,56],[0.3418,51.79766,56],[0.34189,51.79774,56],[0.34207,51.79796,55.9],[0.34235,51.79824,55.9],[0.34239,51.79828,55.9],[0.34261,51.79852,56.7],[0.34294,51.79891,57.7],[0.34297,51.79894,57.8],[0.34342,51.79947,57],[0.34349,51.79954,56.8],[0.34362,51.7997,56.4],[0.34376,51.79986,56],[0.34376,51.79987,56],[0.34405,51.80004,55.9],[0.34451,51.80018,57],[0.3452,51.80041,58.5],[0.34564,51.80053,58.6],[0.34581,51.80059,58.7],[0.34593,51.80064,58.8],[0.34601,51.80069,58.9],[0.34613,51.80076,58.9],[0.34619,51.80082,59],[0.34625,51.80088,59.1],[0.34633,51.80098,59.4],[0.34643,51.8012,60],[0.34647,51.80134,60.4],[0.34653,51.80151,60.8],[0.34658,51.80163,61],[0.34664,51.80177,61.5],[0.34679,51.80212,63.2],[0.34691,51.80233,64.2],[0.34694,51.80238,64.4],[0.34703,51.8025,65],[0.34706,51.80254,65.1],[0.34709,51.80258,65.3],[0.34724,51.80278,66],[0.34726,51.80281,66.1],[0.3473,51.80291,66.5],[0.34733,51.80301,66.8],[0.34736,51.80329,67.8],[0.34736,51.80349,68.8],[0.34736,51.80367,69.6],[0.34737,51.80391,70.8],[0.34737,51.80395,71],[0.34735,51.80413,71.8],[0.34735,51.80416,72],[0.34729,51.80443,72.2],[0.34728,51.80448,72.3],[0.34722,51.80466,72.4],[0.34721,51.80469,72.4],[0.34716,51.80484,72.5],[0.34707,51.80507,72.6],[0.34703,51.80519,72.8],[0.34701,51.80523,72.9],[0.34695,51.80536,73.1],[0.34689,51.80551,73.3],[0.34685,51.80567,73.7],[0.34686,51.80584,74],[0.34693,51.806,74.1],[0.34697,51.80607,74.1],[0.34713,51.80613,74.2],[0.34763,51.8063,74.6],[0.34809,51.80641,75.2],[0.34818,51.80644,75.3],[0.34822,51.80645,75.4],[0.34889,51.80665,76],[0.34913,51.80674,76.1],[0.34916,51.80675,76.1],[0.34923,51.80679,76.1],[0.34924,51.80679,76.1],[0.34929,51.80683,76.2],[0.34938,51.8069,76.3],[0.34943,51.80697,76.4],[0.34943,51.80698,76.4],[0.34945,51.80703,76.4],[0.34948,51.8071,76.5],[0.34949,51.80717,76.6],[0.34947,51.80736,76.8],[0.34943,51.80749,77],[0.34942,51.80751,77],[0.3494,51.80756,77],[0.34936,51.80764,77],[0.34935,51.80765,77],[0.34933,51.80768,77],[0.3493,51.80773,77],[0.3492,51.8079,77],[0.34915,51.80799,77],[0.34915,51.80803,77],[0.34915,51.80808,77],[0.34917,51.80813,77],[0.34923,51.80819,77.1],[0.34927,51.80821,77.1],[0.34932,51.80823,77.2],[0.34939,51.80825,77.2],[0.34946,51.80826,77.3],[0.34965,51.80829,77.5],[0.34984,51.80832,77.8],[0.35111,51.80843,78.1],[0.35132,51.80845,78.3],[0.35224,51.80852,78.9],[0.35265,51.80857,79.1],[0.35408,51.80872,79.9],[0.35432,51.80872,80],[0.35459,51.80871,80.2],[0.35508,51.80869,80.4],[0.35535,51.80867,80.2],[0.35557,51.80866,80.1],[0.35535,51.80867,80.2],[0.35508,51.80869,80.4],[0.35459,51.80871,80.2],[0.35459,51.80871,80.2],[0.3545,51.80895,80.6],[0.3545,51.80895,80.6],[0.35439,51.8089,80.4],[0.35432,51.80886,80.3],[0.35429,51.80884,80.3],[0.35422,51.8088,80.1],[0.35408,51.80872,79.9],[0.35408,51.80872,79.9],[0.35432,51.80872,80],[0.35459,51.80871,80.2],[0.35508,51.80869,80.4],[0.35535,51.80867,80.2],[0.35557,51.80866,80.1],[0.35585,51.80866,80],[0.35595,51.80865,79.9],[0.35614,51.80863,79.6],[0.35681,51.80855,79],[0.35766,51.80848,78.8],[0.35787,51.80847,78.8],[0.35809,51.80845,78.8],[0.35862,51.80841,78.9],[0.35906,51.80832,79],[0.35928,51.80828,79],[0.35964,51.8082,79.3],[0.36011,51.80812,79.7],[0.36054,51.80809,79.7],[0.36063,51.80808,79.7],[0.36069,51.80808,79.7],[0.36079,51.80808,79.7],[0.36105,51.80809,79.7],[0.36131,51.80811,79.7],[0.36163,51.80815,79.8],[0.36221,51.80821,79.9],[0.3626,51.80823,80],[0.36271,51.80823,80.1],[0.36291,51.80823,80.3],[0.36317,51.80821,80.5],[0.36356,51.80818,80.6],[0.36384,51.80815,80.6],[0.36456,51.8081,80.2],[0.36557,51.80799,80],[0.36561,51.80799,80],[0.36612,51.80795,80.3],[0.36614,51.80795,80.4],[0.36645,51.80796,80.7],[0.36672,51.80799,81],[0.36692,51.80801,81.2],[0.36763,51.80812,82],[0.36847,51.80822,83.7],[0.36871,51.80825,83.8],[0.36903,51.80829,83.9],[0.36943,51.80838,84],[0.37037,51.80859,84.1],[0.37039,51.8086,84.1],[0.37091,51.80867,84.5],[0.37093,51.80868,84.6],[0.37122,51.80871,85.1],[0.37165,51.80877,86],[0.37196,51.80881,86.1],[0.37255,51.80887,86.3],[0.37293,51.80893,86.6],[0.37331,51.80898,86.8],[0.37356,51.80898,87],[0.37385,51.80895,87.4],[0.37428,51.80884,87.8],[0.37433,51.80883,87.9],[0.37508,51.80856,88.5],[0.37516,51.80854,88.5],[0.37571,51.80838,88.1],[0.37618,51.80823,88.2],[0.3763,51.8082,88.2],[0.3764,51.80818,88.3],[0.37664,51.80813,88.5],[0.3768,51.8081,88.3],[0.37685,51.80809,88.3],[0.37699,51.80808,88.1],[0.37714,51.80807,88],[0.37718,51.80806,87.9],[0.37736,51.80805,87.8],[0.37757,51.80804,87.6],[0.37776,51.80805,87.3],[0.37796,51.80805,87.1],[0.37832,51.80808,86.7],[0.3785,51.80809,86.6],[0.37887,51.8081,86.3],[0.37906,51.8081,86.1],[0.37955,51.80807,85.5],[0.37973,51.80805,85.3],[0.38003,51.80802,85],[0.38023,51.80799,85],[0.38032,51.80798,85],[0.38043,51.80796,85],[0.38059,51.80793,85],[0.3806,51.80792,85],[0.38073,51.80789,85],[0.38096,51.80782,84.9],[0.38203,51.80751,85],[0.38295,51.80722,85.5],[0.38329,51.80715,85.6],[0.38404,51.80705,85.5],[0.38437,51.80704,85.4],[0.38454,51.80703,85.4],[0.38501,51.80707,85.5],[0.38552,51.80712,85.8],[0.3859,51.8071,86],[0.3863,51.80705,86],[0.38655,51.80698,86.2],[0.38662,51.80694,86.3],[0.38663,51.80694,86.3],[0.3867,51.8069,86.4],[0.38676,51.80685,86.6],[0.38681,51.8068,86.7],[0.38682,51.80679,86.7],[0.38685,51.80674,86.8],[0.38687,51.80668,87],[0.38685,51.80648,87],[0.3866,51.80605,86.9],[0.38656,51.80594,86.9],[0.38647,51.8056,86.6],[0.38643,51.8054,86.3],[0.38641,51.80523,86.2],[0.38638,51.80502,86],[0.3864,51.80492,85.8],[0.38643,51.80487,85.6],[0.38646,51.80481,85.5],[0.38658,51.80471,85.3],[0.38673,51.80463,85.1],[0.3872,51.80441,84.6],[0.38752,51.80423,84.2],[0.38811,51.80366,84.1],[0.38811,51.80366,84.1],[0.38837,51.80362,84.3],[0.38881,51.80375,84.5],[0.38921,51.80381,84.6],[0.39027,51.80391,84.7],[0.39054,51.80394,84.7],[0.39142,51.80402,84.2],[0.39171,51.80405,84],[0.39178,51.80406,84],[0.39188,51.80406,84],[0.39207,51.80407,83.9],[0.39249,51.80409,83.9],[0.39287,51.8041,83.9],[0.3933,51.80407,83.8],[0.39381,51.80404,83.2],[0.394,51.80403,83],[0.39402,51.80402,83],[0.39442,51.80398,82.2],[0.39551,51.80391,81],[0.39641,51.80385,80.3],[0.39729,51.80379,79.6],[0.39773,51.80374,79.2],[0.39777,51.80373,79.2],[0.39812,51.80366,78.9],[0.39816,51.80365,78.8],[0.39913,51.8034,78.9],[0.39992,51.80323,78.1],[0.40006,51.8032,78],[0.40031,51.80317,78.1],[0.40055,51.80315,78.1],[0.40118,51.80311,78.7],[0.40137,51.8031,78.9],[0.40139,51.8031,78.9],[0.40161,51.80309,79.2],[0.40219,51.80304,79.4],[0.40225,51.80303,79.4],[0.40281,51.80297,79.4],[0.4029,51.80295,79.5],[0.40307,51.80291,79.5],[0.40311,51.80289,79.5],[0.40367,51.80267,79.4],[0.4037,51.80266,79.4],[0.4039,51.80259,79.2],[0.40391,51.80259,79.2],[0.40417,51.80253,79],[0.4043,51.8025,78.8],[0.40451,51.80246,78.5],[0.40465,51.80244,78.3],[0.40495,51.80239,77.9],[0.40523,51.80237,77.8],[0.4053,51.80236,77.8],[0.40571,51.80235,77.8],[0.40604,51.80237,77.6],[0.40617,51.80238,77.5],[0.40645,51.80241,77.2],[0.40703,51.80249,77],[0.40722,51.80251,77],[0.40775,51.80258,76.9],[0.40789,51.80259,76.8],[0.40823,51.80264,76.7],[0.40915,51.80276,77],[0.40917,51.80276,77.1],[0.40926,51.80277,77.1],[0.40985,51.80282,77.7],[0.40999,51.80282,77.8],[0.41027,51.80283,77.6],[0.41046,51.80285,77.4],[0.41049,51.80285,77.4],[0.41066,51.80288,77.2],[0.41079,51.80293,77],[0.41091,51.803,76.8],[0.41095,51.80303,76.7],[0.41101,51.80307,76.6],[0.41113,51.80318,76.3],[0.41114,51.80319,76.3],[0.41123,51.80324,76.2],[0.41132,51.8033,76.1],[0.41138,51.80335,76],[0.41177,51.80356,75.3],[0.41198,51.80366,74.8],[0.41219,51.80378,74.3],[0.4124,51.80391,73.7],[0.41268,51.80411,72.9],[0.41289,51.80431,72.1],[0.41293,51.80438,71.8],[0.41317,51.80459,70.8],[0.41339,51.80471,70],[0.4136,51.8048,69.6],[0.41365,51.80481,69.6],[0.41392,51.80486,69.4],[0.41402,51.80489,69.3],[0.41444,51.80497,68.7],[0.41455,51.80501,68.5],[0.41465,51.80504,68.3],[0.41474,51.80509,68],[0.41501,51.80525,67.1],[0.41514,51.80533,66.6],[0.41533,51.80539,66.2],[0.41545,51.80541,66],[0.41555,51.80541,65.9],[0.41579,51.80538,65.7],[0.41617,51.80532,65.4],[0.41636,51.80529,65.3],[0.41646,51.80528,65.2],[0.41675,51.80525,65],[0.41692,51.80524,64.7],[0.41693,51.80524,64.7],[0.41712,51.80524,64.4],[0.41728,51.80525,64.1],[0.4175,51.80529,63.7],[0.41761,51.80531,63.5],[0.41787,51.80536,63.1],[0.41806,51.8054,62.8],[0.41833,51.80546,62.6],[0.41833,51.80547,62.6],[0.41845,51.8055,62.5],[0.41858,51.80556,62.5],[0.41868,51.8056,62.5],[0.41879,51.80568,62.6],[0.41892,51.80576,62.8],[0.41899,51.80581,62.9],[0.41935,51.80608,63.7],[0.41936,51.80608,63.7],[0.41953,51.80618,64],[0.4197,51.80621,64.2],[0.41981,51.80623,64.3],[0.41985,51.80623,64.3],[0.4199,51.80622,64.3],[0.41996,51.80621,64.3],[0.42002,51.8062,64.3],[0.4201,51.80618,64.2],[0.42029,51.80613,64.1],[0.42055,51.80606,63.8],[0.42063,51.80603,63.7],[0.42072,51.80601,63.6],[0.42108,51.80591,63.2],[0.42139,51.80582,62.9],[0.42183,51.80573,62.4],[0.42198,51.80571,62.3],[0.42211,51.80569,62.2],[0.42218,51.80568,62.2],[0.42227,51.80567,62.2],[0.42241,51.80566,62.1],[0.42276,51.80565,62.5],[0.42285,51.80564,62.6],[0.42326,51.80564,63.2],[0.42334,51.80564,63.3],[0.42341,51.80565,63.5],[0.42345,51.80566,63.5],[0.42351,51.80567,63.7],[0.42359,51.80571,63.9],[0.4236,51.80571,63.9],[0.42366,51.80575,64.1],[0.42371,51.8058,64.4],[0.42372,51.80584,64.5],[0.42374,51.80597,64.9],[0.42374,51.80605,65.1],[0.42373,51.80623,65.7],[0.42373,51.80625,65.7],[0.42373,51.80628,65.8],[0.42372,51.80641,66.2],[0.42372,51.80646,66.4],[0.42374,51.80665,66.9],[0.4238,51.80684,67],[0.42388,51.80697,67],[0.42398,51.8071,67],[0.42398,51.8071,67],[0.4241,51.80712,67],[0.42429,51.80716,67.1],[0.42461,51.80716,67.3],[0.42487,51.80716,67.5],[0.42529,51.80715,67.7],[0.42574,51.80711,67.9],[0.42576,51.80711,68],[0.42614,51.80704,68],[0.42623,51.80701,68.1],[0.42634,51.80698,68.2],[0.42654,51.80692,68.3],[0.42661,51.80689,68.4],[0.42678,51.8068,68.5],[0.42689,51.80675,68.5],[0.42701,51.80669,68.5],[0.42708,51.80666,68.5],[0.42724,51.80658,68.2],[0.42744,51.80648,67.8],[0.42773,51.80639,67.4],[0.42799,51.80631,67],[0.42848,51.80617,66.2],[0.42902,51.80596,65.2],[0.42924,51.80586,64.8],[0.42952,51.80572,64.1],[0.4299,51.80554,63.5],[0.42993,51.80552,63.5],[0.43012,51.80544,63.3],[0.43016,51.80542,63.3],[0.43021,51.8054,63.3],[0.43034,51.80535,63.2],[0.43044,51.80533,63.1],[0.43067,51.80529,62.8],[0.4307,51.80529,62.8],[0.43085,51.80529,62.6],[0.43106,51.80531,62.1],[0.43161,51.80535,60.7],[0.43185,51.80536,60.6],[0.43214,51.80537,60.6],[0.43216,51.80537,60.6],[0.43243,51.80535,60.6],[0.43244,51.80535,60.6],[0.43253,51.80534,60.6],[0.43263,51.80532,60.6],[0.43271,51.8053,60.6],[0.43276,51.80528,60.6],[0.43295,51.8052,60.5],[0.43342,51.80499,60],[0.43365,51.80488,59.9],[0.43379,51.80481,59.8],[0.43388,51.80477,59.7],[0.43412,51.80468,59.6],[0.43413,51.80467,59.6],[0.43428,51.80462,59.6],[0.4344,51.8046,59.7],[0.43445,51.80459,59.7],[0.43468,51.80457,59.8],[0.4347,51.80457,59.8],[0.43547,51.80455,60.2],[0.43555,51.80455,60.3],[0.43643,51.80452,61.1],[0.43677,51.80449,61.4],[0.43696,51.80447,61.4],[0.43717,51.80443,61.3],[0.4372,51.80442,61.3],[0.43735,51.80439,61.3],[0.43756,51.80432,61.1],[0.43795,51.8042,60.5],[0.43859,51.80399,59.8],[0.43795,51.8042,60.5],[0.43756,51.80432,61.1],[0.43735,51.80439,61.3],[0.4372,51.80442,61.3],[0.43717,51.80443,61.3],[0.43696,51.80447,61.4],[0.43677,51.80449,61.4],[0.43643,51.80452,61.1],[0.43643,51.80452,61.1],[0.43677,51.80449,61.4],[0.43696,51.80447,61.4],[0.43717,51.80443,61.3],[0.4372,51.80442,61.3],[0.43735,51.80439,61.3],[0.43756,51.80432,61.1],[0.43795,51.8042,60.5],[0.43859,51.80399,59.8],[0.43895,51.80387,59.6],[0.43935,51.80377,59.4],[0.43953,51.80374,59.3],[0.43981,51.80369,59],[0.43992,51.80367,58.9],[0.44032,51.80362,58.7],[0.44066,51.80357,58.6],[0.44094,51.80353,58.3],[0.44119,51.80349,57.9],[0.44156,51.80342,57.3],[0.44177,51.80337,57.1],[0.44205,51.80331,57],[0.44232,51.80325,56.9],[0.4426,51.80319,56.8],[0.44268,51.80317,56.8],[0.44451,51.80265,54.4],[0.44471,51.80259,53.8],[0.44497,51.80251,53.1],[0.44524,51.80244,52.9],[0.44606,51.8022,52],[0.44617,51.80217,51.8],[0.44631,51.80214,51.6],[0.44651,51.80213,51.3],[0.44659,51.80213,51.2],[0.44678,51.80213,51],[0.44688,51.80213,51],[0.44734,51.80213,50.7],[0.44789,51.80215,50.3],[0.44804,51.80215,50.2],[0.44833,51.80216,50],[0.44892,51.80217,50],[0.449,51.80217,50],[0.44925,51.80219,50.1],[0.45013,51.80222,51.2],[0.45041,51.80224,51.5],[0.45042,51.80224,51.5],[0.45126,51.80226,52.9],[0.45129,51.80226,52.9],[0.45175,51.80224,53.6],[0.45214,51.80219,53.1],[0.45215,51.80218,53],[0.45243,51.80215,52.7],[0.45281,51.8021,52],[0.45396,51.80202,50.7],[0.45416,51.80201,50.6],[0.45416,51.80201,50.6],[0.45474,51.80205,49.9],[0.45496,51.80207,49.6],[0.45496,51.80207,49.6],[0.45508,51.8021,49.5],[0.45539,51.80217,49.4],[0.45545,51.80218,49.4],[0.45572,51.80222,49.3],[0.45572,51.80222,49.3],[0.45572,51.80222,49.3],[0.45585,51.80224,49.2],[0.4563,51.8023,48.7],[0.4565,51.80233,48.3],[0.45659,51.80234,48.2],[0.45687,51.80238,47.5],[0.4569,51.80239,47.4],[0.45736,51.80246,46.3],[0.45743,51.80248,46.2],[0.45772,51.80255,45.6],[0.45798,51.8026,45.2],[0.45894,51.80283,43.1],[0.45904,51.80285,42.9],[0.45916,51.80288,42.6],[0.45969,51.80298,41.6],[0.45971,51.80299,41.6],[0.45994,51.80304,41.1],[0.45999,51.80305,41],[0.46012,51.80309,40.8],[0.46029,51.80315,40.5],[0.4605,51.80324,40.2],[0.46063,51.80334,40],[0.46066,51.80338,40.1],[0.46083,51.80352,40.4],[0.4609,51.80358,40.5],[0.46082,51.80374,41],[0.46064,51.80406,41.7],[0.46048,51.80437,41.6],[0.46036,51.80457,41.3],[0.46029,51.8047,41.1],[0.46027,51.80474,41.1],[0.46017,51.80491,40.9],[0.46007,51.80508,40.7],[0.46,51.8052,40.5],[0.45994,51.80529,40.5],[0.45974,51.80557,40.5],[0.45964,51.80569,40.6],[0.45951,51.80579,40.8],[0.45928,51.80594,41],[0.45884,51.80614,40.8],[0.4586,51.80623,40.7],[0.45787,51.80653,40.5],[0.45771,51.8066,40.6],[0.45768,51.80661,40.7],[0.45736,51.80679,41.3],[0.45729,51.80683,41.5],[0.45695,51.80703,42.3],[0.45652,51.80734,43.4],[0.45649,51.80736,43.5],[0.45612,51.80759,44.1],[0.45577,51.80778,44.5],[0.45573,51.8078,44.6],[0.4555,51.80791,45],[0.45531,51.80799,45.4],[0.45526,51.80801,45.6],[0.45524,51.80802,45.6],[0.45494,51.80819,46.3],[0.45473,51.80835,46.6],[0.45467,51.8084,46.6],[0.45467,51.8084,46.6],[0.45438,51.80867,46.4],[0.45424,51.80887,45.9],[0.45417,51.80899,45.6],[0.45404,51.8093,45.2],[0.45404,51.80932,45.2],[0.45397,51.80955,45.2],[0.45396,51.8098,45.2],[0.45397,51.81038,45.6],[0.45403,51.81055,45.7],[0.45404,51.81058,45.7],[0.45413,51.81075,45.9],[0.45425,51.81089,45.8],[0.45452,51.8112,44.9],[0.45454,51.81123,44.9],[0.45461,51.81131,44.6],[0.45466,51.81136,44.4],[0.45469,51.81138,44.3],[0.45471,51.8114,44.2],[0.45498,51.81164,43.1],[0.45518,51.81179,42.9],[0.45521,51.81181,42.9],[0.45537,51.81193,42.7],[0.45554,51.81211,42.5],[0.45556,51.81213,42.5],[0.45564,51.81226,42.4],[0.45569,51.81246,42.3],[0.45573,51.8126,42.5],[0.45574,51.81263,42.5],[0.45586,51.81303,43.2],[0.45597,51.81315,43.2],[0.45598,51.81316,43.2],[0.45603,51.81321,43.2],[0.45619,51.81339,43.1],[0.45619,51.81339,43.1],[0.45614,51.81341,43.3],[0.4561,51.81344,43.4],[0.45608,51.81347,43.4],[0.45606,51.8135,43.5],[0.45605,51.81353,43.5],[0.45606,51.81356,43.5],[0.45607,51.81358,43.4],[0.4561,51.81361,43.4],[0.45602,51.81366,43.6],[0.45593,51.81373,43.8],[0.45587,51.8138,43.9],[0.45553,51.81423,44.8],[0.4554,51.8144,45.2],[0.45497,51.81494,46.1],[0.4544,51.81569,48.4],[0.45438,51.81572,48.5],[0.45438,51.81572,48.5],[0.45419,51.81598,49.1],[0.45415,51.81602,49.3],[0.454,51.81618,49.8],[0.45361,51.8166,51.3],[0.45357,51.81664,51.4],[0.4534,51.81679,51.4],[0.45313,51.81702,51.2],[0.45246,51.81748,52.2],[0.4523,51.81758,52.6],[0.45206,51.81772,53.2],[0.45182,51.81784,53.7],[0.45178,51.81786,53.8],[0.45159,51.81795,54.1],[0.45157,51.81796,54.1],[0.45132,51.81808,54.3],[0.45087,51.81826,55],[0.4508,51.81829,55.1],[0.45063,51.81835,55.5],[0.45022,51.81851,56.3],[0.44988,51.81864,56.8],[0.44965,51.81872,57.2],[0.44893,51.81897,58.5],[0.44843,51.81915,59.8],[0.44812,51.81926,60.3],[0.44784,51.81936,60.7],[0.44735,51.81951,61.6],[0.44707,51.8196,62],[0.44696,51.81964,62.2],[0.44627,51.81987,63.8],[0.44627,51.81987,63.8],[0.44637,51.82003,63.7],[0.44638,51.82007,63.7],[0.44637,51.8201,63.7],[0.44634,51.82013,63.8],[0.44625,51.82019,64],[0.44586,51.82046,64.9],[0.44566,51.82061,65.2],[0.44551,51.82069,65.4],[0.44539,51.82076,65.5],[0.44509,51.8209,65.9],[0.44462,51.82116,66.5],[0.44453,51.8212,66.6],[0.44419,51.8214,67],[0.44415,51.82144,67],[0.44414,51.82146,67],[0.44413,51.82148,67],[0.44412,51.82151,67],[0.44412,51.82153,67],[0.44412,51.82157,67],[0.44412,51.8216,67],[0.44412,51.82163,67],[0.44413,51.82164,67],[0.44413,51.82167,67],[0.44414,51.82169,66.9],[0.44416,51.82171,66.9],[0.4442,51.82178,66.7],[0.44422,51.82181,66.6],[0.44434,51.82196,66.1],[0.44435,51.82197,66.1],[0.44443,51.82206,65.7],[0.44444,51.82208,65.7],[0.44444,51.82208,65.7],[0.44448,51.82213,65.5],[0.4445,51.82216,65.4],[0.44455,51.82223,65.2],[0.44474,51.82261,64.3],[0.44476,51.82264,64.3],[0.44486,51.82281,64.2],[0.44497,51.82298,64],[0.4451,51.8232,63.9],[0.44535,51.82354,63.1],[0.44538,51.82357,63],[0.44544,51.82362,62.8],[0.44544,51.82363,62.8],[0.4455,51.82369,62.5],[0.44574,51.8239,61.8],[0.44611,51.82421,60.6],[0.44642,51.82443,59.7],[0.44653,51.82451,59.3],[0.44658,51.82455,59.2],[0.44661,51.82457,59.1],[0.44668,51.82463,58.9],[0.44672,51.82467,58.7],[0.44677,51.82472,58.4],[0.44698,51.82493,57.4],[0.44726,51.82518,56.2],[0.44756,51.82543,55.3],[0.448,51.82585,54.4],[0.4484,51.82621,53],[0.44847,51.82627,52.7],[0.4485,51.82629,52.6],[0.44863,51.82642,52],[0.44883,51.82659,51],[0.44892,51.8267,50.4],[0.44897,51.82677,50],[0.44901,51.82683,49.6],[0.44905,51.82688,49.3],[0.44922,51.82715,47.6],[0.44944,51.82757,45.1],[0.44945,51.82758,45.1],[0.44952,51.82774,44.4],[0.44956,51.82784,44],[0.44964,51.82802,43.3],[0.44965,51.82806,43.2],[0.44967,51.82811,43],[0.44967,51.82814,43],[0.44967,51.82818,42.8],[0.44966,51.82824,42.7],[0.44965,51.82829,42.5],[0.44964,51.82829,42.6],[0.44961,51.82841,42.2],[0.44956,51.82853,41.8],[0.4495,51.82865,41.5],[0.44947,51.82872,41.2],[0.44947,51.82872,41.2],[0.44945,51.82877,41.1],[0.44943,51.8289,40.6],[0.44943,51.82895,40.5],[0.44943,51.82899,40.3],[0.44945,51.8291,39.9],[0.44946,51.82935,39.6],[0.44949,51.8296,39.6],[0.4495,51.82971,39.6],[0.44951,51.82984,39.6],[0.4495,51.82993,39.6],[0.44947,51.83005,39.9],[0.44941,51.83015,40.4],[0.44935,51.83023,40.9],[0.4493,51.83031,41.3],[0.44916,51.83051,42.5],[0.44909,51.83061,43],[0.44902,51.8307,43.4],[0.44888,51.83088,44.2],[0.44885,51.83091,44.4],[0.44873,51.83107,45.1],[0.4486,51.83127,46.1],[0.44847,51.83151,47.2],[0.44847,51.83152,47.3],[0.4484,51.83167,48],[0.44838,51.83172,48.3],[0.44829,51.83191,49.4],[0.44822,51.83203,50],[0.44818,51.8321,50.4],[0.44805,51.8323,51.5],[0.44792,51.8325,52.5],[0.44789,51.83257,52.7],[0.44787,51.83263,52.9],[0.44785,51.83275,53.3],[0.44784,51.8328,53.5],[0.44784,51.83289,53.8],[0.44784,51.83294,54],[0.44787,51.83308,54.5],[0.44787,51.83311,54.6],[0.4479,51.83319,55],[0.44791,51.83321,55],[0.44797,51.8334,55.8],[0.44806,51.83369,56.8],[0.44808,51.83378,57.1],[0.4481,51.83384,57.4],[0.4481,51.83388,57.5],[0.4481,51.83393,57.7],[0.4481,51.83397,57.8],[0.44809,51.83403,58],[0.44806,51.8342,58.4],[0.44802,51.83439,58.9],[0.448,51.83446,59],[0.448,51.8345,59.2],[0.448,51.83452,59.2],[0.448,51.83474,59.9],[0.448,51.83492,60.4],[0.448,51.83499,60.6],[0.44797,51.83509,60.8],[0.44797,51.8351,60.9],[0.44795,51.83515,61],[0.44795,51.83517,61.1],[0.44791,51.83525,61.2],[0.44774,51.83554,61.8],[0.44759,51.83577,62.1],[0.44743,51.83608,62.5],[0.44738,51.83619,62.8],[0.44736,51.83629,63],[0.44736,51.83639,63.3],[0.44736,51.83642,63.4],[0.44736,51.83649,63.5],[0.44737,51.83659,63.8],[0.44738,51.83665,64],[0.44739,51.83692,65.2],[0.44738,51.83699,65.6],[0.44735,51.83705,65.8],[0.44735,51.83705,65.8],[0.4473,51.83716,66.4],[0.44725,51.83724,66.8],[0.44723,51.83726,66.8],[0.44716,51.83736,67.3],[0.4471,51.83744,67.7],[0.44709,51.83745,67.8],[0.44698,51.83757,68.1],[0.44694,51.8376,68.1],[0.44674,51.83776,68.3],[0.44639,51.83799,68.5],[0.44634,51.83803,68.5],[0.44617,51.83814,68.6],[0.44592,51.8383,68.9],[0.44561,51.83852,69.7],[0.44549,51.8386,70],[0.44539,51.83867,70.2],[0.44517,51.83882,70.8],[0.44479,51.83909,71.7],[0.44447,51.83933,72.1],[0.44407,51.83963,72.6],[0.44393,51.83974,72.7],[0.44391,51.83975,72.7],[0.44373,51.8399,72.9],[0.44355,51.84003,73],[0.44355,51.84004,73],[0.44339,51.84017,73.2],[0.44324,51.84031,73.4],[0.44319,51.84037,73.5],[0.44314,51.84042,73.6],[0.44307,51.84053,73.8],[0.44298,51.84066,74.1],[0.44297,51.84067,74.2],[0.44288,51.84083,74.5],[0.44283,51.84091,74.7],[0.44274,51.84108,75.1],[0.44268,51.84119,75.3],[0.44261,51.84132,75.5],[0.4426,51.84134,75.6],[0.44249,51.84153,75.8],[0.44247,51.84156,75.9],[0.44239,51.84168,76],[0.4423,51.84181,76],[0.44228,51.84184,76],[0.44216,51.84201,76],[0.44211,51.84209,76],[0.44189,51.84238,76],[0.44181,51.8425,76],[0.44179,51.84252,76],[0.44175,51.84258,75.8],[0.44157,51.84285,75.1],[0.4415,51.84296,74.9],[0.44143,51.84305,74.8],[0.44135,51.84316,74.6],[0.44124,51.8433,74.6],[0.44121,51.84332,74.6],[0.44106,51.84348,74.4],[0.44098,51.84356,74.3],[0.44092,51.84363,74.2],[0.44074,51.84382,73.9],[0.44058,51.84401,73.6],[0.4405,51.84413,73.5],[0.44047,51.84418,73.4],[0.4404,51.84429,73.3],[0.44037,51.84436,73.2],[0.44035,51.84445,73.1],[0.44034,51.84449,73],[0.4403,51.84468,72.8],[0.44029,51.84477,72.7],[0.44029,51.84477,72.7],[0.44027,51.84499,72.4],[0.44023,51.84542,72.1],[0.44018,51.84579,71.8],[0.44017,51.84589,71.7],[0.44015,51.84617,71.5],[0.44014,51.84625,71.4],[0.44014,51.84627,71.4],[0.44012,51.84643,71.2],[0.44012,51.84651,71.2],[0.4401,51.8466,71.1],[0.4401,51.84663,71],[0.44008,51.84679,71.1],[0.44007,51.8468,71.2],[0.44005,51.84695,71.3],[0.44003,51.84702,71.4],[0.44,51.84709,71.5],[0.43998,51.84715,71.6],[0.43991,51.84733,71.8],[0.43988,51.84741,71.9],[0.43983,51.84751,72],[0.43976,51.84767,71.9],[0.4397,51.84784,71.9],[0.43969,51.84786,71.8],[0.43969,51.84789,71.8],[0.43969,51.84795,71.8],[0.4397,51.848,71.8],[0.4397,51.84803,71.8],[0.43972,51.84806,71.8],[0.43974,51.84809,71.8],[0.43977,51.84812,71.8],[0.43984,51.8482,71.8],[0.43997,51.84838,72],[0.43999,51.84843,72],[0.44002,51.84854,72],[0.44004,51.84867,72],[0.44006,51.84878,72],[0.44006,51.84894,71.9],[0.44005,51.84918,71.9],[0.44002,51.84927,72],[0.44,51.84933,72],[0.43989,51.8495,71.9],[0.43968,51.84982,71.6],[0.4396,51.84994,71.5],[0.43957,51.84999,71.5],[0.43945,51.85016,71.3],[0.43938,51.85022,71.3],[0.43933,51.85026,71.2],[0.4393,51.85028,71.2],[0.43922,51.85031,71.1],[0.43916,51.85033,71],[0.43903,51.85037,70.9],[0.43884,51.85043,70.8],[0.43871,51.85047,70.8],[0.43865,51.8505,70.8],[0.4386,51.85053,70.8],[0.43856,51.85056,70.8],[0.43852,51.85059,70.8],[0.4385,51.85061,70.8],[0.43846,51.85064,70.8],[0.43842,51.85068,70.8],[0.43838,51.85073,70.9],[0.43816,51.85094,71.1],[0.43791,51.85119,71.6],[0.43771,51.8514,72.1],[0.43762,51.85149,72.4],[0.43744,51.85167,73],[0.43735,51.85175,73.1],[0.43717,51.85193,73.3],[0.43682,51.85225,73.7],[0.43677,51.85229,73.7],[0.43668,51.85235,73.8],[0.43668,51.85235,73.8],[0.43654,51.85245,73.8],[0.43615,51.85273,73.4],[0.43596,51.85289,73.5],[0.43583,51.85301,73.6],[0.43572,51.85311,73.7],[0.43557,51.85329,73.9],[0.43544,51.85346,74.2],[0.43513,51.85382,74.6],[0.43492,51.85409,74.7],[0.43477,51.85431,74.9],[0.43455,51.8548,75.8],[0.4345,51.85491,75.9],[0.43439,51.85512,75.9],[0.43428,51.85532,75.7],[0.43425,51.85536,75.7],[0.43422,51.85542,75.7],[0.43417,51.85549,75.6],[0.43412,51.85556,75.6],[0.4339,51.85583,75.7],[0.43363,51.85616,75.7],[0.4335,51.85633,75.8],[0.43343,51.85643,75.8],[0.43329,51.8566,75.8],[0.43329,51.8566,75.8],[0.43337,51.8566,76],[0.43373,51.85667,76.5],[0.43393,51.85671,76.7],[0.4341,51.85675,76.9],[0.43445,51.85683,77.3],[0.43475,51.8569,77.7],[0.43503,51.85696,78],[0.43517,51.85697,78],[0.43529,51.85699,78],[0.43542,51.857,78],[0.43543,51.857,78],[0.43569,51.85703,78],[0.43586,51.85705,78],[0.43627,51.8571,78.3],[0.43633,51.8571,78.3],[0.43667,51.85716,78.6],[0.43682,51.85718,78.7],[0.43701,51.8572,78.8],[0.43738,51.85724,79],[0.43766,51.85727,79.2],[0.4377,51.85727,79.2],[0.43793,51.8573,79.5],[0.438,51.8573,79.6],[0.43809,51.85731,79.7],[0.43852,51.85736,80],[0.43899,51.85741,79.9],[0.43927,51.85743,79.8],[0.43938,51.85745,79.7],[0.43952,51.85746,79.5],[0.43966,51.85747,79.4],[0.43982,51.85747,79.2],[0.44025,51.85746,79],[0.44058,51.85747,79],[0.44074,51.85748,79],[0.44088,51.8575,79],[0.44106,51.85753,79],[0.44129,51.85758,79.1],[0.44154,51.85766,79.2],[0.44164,51.85769,79.2],[0.44164,51.85769,79.2],[0.44173,51.85771,79.2],[0.44187,51.85776,79.1],[0.44199,51.8578,79],[0.44226,51.85789,78.8],[0.44257,51.85801,78.5],[0.44266,51.85805,78.5],[0.44273,51.85807,78.4],[0.44279,51.8581,78.4],[0.44284,51.85813,78.3],[0.44295,51.85821,78.3],[0.44302,51.85827,78.3],[0.44315,51.8584,78.1],[0.44329,51.85854,77.8],[0.44341,51.85865,77.5],[0.44353,51.85875,77.3],[0.44356,51.85876,77.2],[0.44361,51.85879,77.1],[0.44372,51.85884,76.9],[0.44381,51.85888,76.8],[0.44389,51.85891,76.6],[0.44399,51.85894,76.5],[0.44415,51.85897,76.3],[0.44428,51.859,76],[0.4444,51.85902,75.8],[0.44456,51.85904,75.6],[0.4448,51.85908,75.3],[0.445,51.85913,75],[0.44517,51.85917,74.8],[0.44533,51.85922,74.5],[0.44547,51.85928,74.2],[0.44563,51.85936,74],[0.44578,51.85945,73.7],[0.44594,51.85954,73.4],[0.44609,51.85963,73.2],[0.44619,51.85969,73.1],[0.44647,51.85987,72.9],[0.44673,51.86002,72.8],[0.4469,51.8601,72.3],[0.44705,51.86018,71.8],[0.44708,51.86019,71.8],[0.4471,51.8602,71.7],[0.44732,51.86029,71.3],[0.44784,51.86051,70.4],[0.4482,51.86067,70],[0.44826,51.8607,69.9],[0.44849,51.86081,70],[0.44877,51.86095,70.1],[0.44885,51.86099,70.1],[0.44909,51.86111,70],[0.44922,51.86118,69.9],[0.44971,51.86146,69.3],[0.44986,51.86156,69.2],[0.45002,51.86165,69],[0.45011,51.8617,69.1],[0.45045,51.86187,69.5],[0.4506,51.86194,69.7],[0.45075,51.862,69.8],[0.45078,51.86202,69.8],[0.45113,51.86216,70.5],[0.45133,51.86223,70.9],[0.4515,51.86229,71.3],[0.45151,51.86229,71.3],[0.45191,51.86239,72],[0.45219,51.86245,72.5],[0.45256,51.86252,73.1],[0.45256,51.86252,73.1],[0.45277,51.86268,73.3],[0.45301,51.86288,73.6],[0.45307,51.86294,73.7],[0.45323,51.86313,73.9],[0.45326,51.86316,73.9],[0.45332,51.86319,74],[0.45332,51.86319,74],[0.4533,51.86325,74],[0.45329,51.86333,73.9],[0.4533,51.86349,74],[0.45331,51.86355,74],[0.45334,51.86369,74],[0.45336,51.86373,74],[0.45344,51.86398,74],[0.45347,51.8641,74],[0.45348,51.86419,74],[0.45348,51.86426,74.1],[0.45348,51.86431,74.2],[0.45345,51.86444,74.3],[0.45341,51.86457,74.5],[0.45333,51.86478,74.7],[0.45333,51.86479,74.7],[0.45333,51.86479,74.7],[0.45329,51.86489,74.8],[0.45328,51.86496,74.8],[0.45327,51.86502,74.8],[0.45326,51.86507,74.7],[0.45327,51.86513,74.5],[0.4533,51.86524,74.4],[0.45333,51.86535,74.2],[0.45339,51.86547,73.9],[0.45341,51.86552,73.8],[0.4536,51.86577,73.2],[0.45376,51.86606,73.1],[0.45412,51.86662,73.9],[0.4542,51.86677,74.2],[0.45424,51.86683,74.4],[0.45427,51.86691,74.5],[0.4543,51.86698,74.6],[0.45431,51.86701,74.7],[0.45435,51.86712,74.9],[0.45435,51.86713,74.9],[0.45436,51.86726,75],[0.45437,51.8673,75.1],[0.45438,51.86765,75.4],[0.45438,51.8677,75.5],[0.45437,51.86784,75.7],[0.45436,51.86807,75.9],[0.45436,51.86809,75.9],[0.45435,51.86817,76],[0.45435,51.86818,76],[0.45436,51.86825,76],[0.45436,51.86826,76],[0.45436,51.86828,76.1],[0.45436,51.86829,76.1],[0.45437,51.86831,76.1],[0.45439,51.86833,76.1],[0.45442,51.86837,76.2],[0.45446,51.86841,76.2],[0.45454,51.86848,76.1],[0.4546,51.86852,76.1],[0.45461,51.86853,76.1],[0.45491,51.86865,76.1],[0.45505,51.86871,76.1],[0.45515,51.86875,76],[0.45539,51.86886,75.7],[0.45547,51.86889,75.7],[0.45562,51.86897,75.5],[0.45586,51.86908,75.2],[0.45594,51.86911,75.1],[0.456,51.86914,75.1],[0.45633,51.86928,75],[0.4565,51.86935,75],[0.45657,51.86938,75],[0.45697,51.86957,75.4],[0.45713,51.86965,75.6],[0.4572,51.8697,75.6],[0.45729,51.86975,75.7],[0.45737,51.86981,75.8],[0.45745,51.86988,75.9],[0.45751,51.86994,76],[0.45761,51.87004,76.2],[0.45767,51.87013,76.4],[0.45774,51.87024,76.6],[0.45779,51.87037,76.8],[0.45779,51.87038,76.8],[0.45782,51.87047,76.9],[0.45784,51.87055,77.1],[0.45786,51.87076,77.3],[0.45784,51.87101,77.4],[0.4578,51.87136,77.4],[0.45779,51.87148,77.3],[0.45779,51.87149,77.3],[0.45779,51.87156,77.3],[0.45779,51.87164,77.3],[0.45781,51.8717,77.3],[0.45781,51.8717,77.3],[0.45781,51.87174,77.3],[0.45783,51.87181,77.2],[0.45786,51.87191,77.1],[0.4579,51.872,77.1],[0.45795,51.87209,77],[0.45802,51.87222,77],[0.45812,51.87238,76.9],[0.45816,51.87244,76.9],[0.4582,51.87253,76.9],[0.45825,51.87268,77.3],[0.45836,51.87294,78.1],[0.45839,51.87302,78.3],[0.45842,51.87307,78.4],[0.45847,51.87313,78.6],[0.45852,51.8732,78.7],[0.45866,51.87338,79.1],[0.45881,51.87354,79.4],[0.45883,51.87356,79.4],[0.45894,51.87365,79.5],[0.4592,51.87385,79.6],[0.45929,51.87392,79.6],[0.45947,51.87406,79.6],[0.45956,51.87413,79.5],[0.45994,51.87446,79.4],[0.46013,51.87466,79.6],[0.46052,51.87524,79.8],[0.46071,51.87567,79.3],[0.461,51.87631,78.8],[0.46106,51.87646,78.7],[0.46108,51.87648,78.7],[0.46129,51.87684,77.9],[0.46152,51.87715,76.9],[0.46154,51.87717,76.9],[0.46184,51.87747,75.9],[0.46194,51.87754,75.6],[0.46203,51.87759,75.5],[0.46205,51.8776,75.4],[0.46218,51.87766,75.2],[0.46229,51.87771,75],[0.46247,51.87776,74.7],[0.46273,51.87779,74.4],[0.46281,51.87779,74.3],[0.46302,51.87779,74],[0.4631,51.87778,73.9],[0.46317,51.87777,73.9],[0.46329,51.87775,73.8],[0.46352,51.87771,73.7],[0.46455,51.87739,73.6],[0.46501,51.87725,73],[0.46531,51.87712,73.5],[0.46556,51.87703,74.1],[0.46605,51.87683,75.5],[0.46654,51.87664,77.5],[0.46679,51.87654,77.6],[0.46777,51.87616,76.5],[0.46781,51.87614,76.5],[0.46801,51.87606,76.6],[0.46826,51.87596,76.8],[0.46841,51.8759,76.7],[0.46944,51.87543,74.7],[0.46967,51.87533,74.5],[0.46991,51.87522,74.5],[0.47014,51.87511,74.6],[0.47038,51.87501,74.5],[0.47061,51.8749,74.4],[0.47067,51.87488,74.3],[0.47085,51.8748,74.2],[0.47119,51.87465,74],[0.4715,51.87451,73.8],[0.47179,51.87437,73.8],[0.47185,51.87435,73.8],[0.47217,51.87423,73.9],[0.47217,51.87423,73.9],[0.47218,51.87426,73.9],[0.47219,51.87427,73.9],[0.4722,51.87428,73.9],[0.47221,51.87429,73.9],[0.47222,51.8743,73.8],[0.47223,51.8743,73.8],[0.47226,51.87431,73.8],[0.47243,51.87448,73.6],[0.47247,51.87455,73.5],[0.47264,51.87483,73],[0.47275,51.875,72.8],[0.47281,51.87506,72.7],[0.47293,51.87522,72.4],[0.47294,51.87523,72.4],[0.47298,51.87527,72.3],[0.47309,51.87538,72.2],[0.47314,51.87542,72.1],[0.4732,51.87548,72.1],[0.47335,51.87559,72],[0.47345,51.87566,72],[0.47351,51.8757,72],[0.47352,51.8757,72],[0.47373,51.8758,72],[0.47374,51.87581,72],[0.47386,51.87586,72],[0.47391,51.87587,72],[0.47399,51.8759,71.9],[0.47402,51.87591,71.9],[0.4747,51.87613,71.5],[0.47507,51.8763,71.6],[0.47515,51.87634,71.6],[0.4752,51.87637,71.6],[0.47537,51.87653,71.8],[0.47543,51.87659,71.9],[0.47543,51.87659,71.9],[0.47529,51.87664,72],[0.47461,51.87691,71.7],[0.47376,51.87725,71.7],[0.47371,51.87727,71.7],[0.47355,51.87734,71.8],[0.47355,51.87734,71.8],[0.47347,51.87737,71.8],[0.47311,51.87751,71.7],[0.47298,51.87756,71.6],[0.47256,51.87773,71.3],[0.47224,51.87782,71.5],[0.4717,51.87798,72.1],[0.47115,51.87808,72.1],[0.47059,51.87817,72],[0.46967,51.87834,72],[0.46956,51.87836,72],[0.46928,51.87842,72.2],[0.46881,51.87851,72.4],[0.46839,51.87858,72.6],[0.46813,51.87861,72.7],[0.46798,51.87862,72.8],[0.46772,51.87864,72.9],[0.46722,51.87867,73.1],[0.46676,51.8787,73.1],[0.46671,51.87871,73.1],[0.46651,51.87872,73.2],[0.46642,51.87873,73.2],[0.46562,51.87882,73.4],[0.465,51.87891,73.3],[0.46489,51.87892,73.3],[0.46393,51.87905,73.9],[0.4633,51.87912,74],[0.46302,51.87915,74.4],[0.46221,51.87925,75],[0.4613,51.87935,74.8],[0.46051,51.87945,74.7],[0.45958,51.87957,74.5],[0.45901,51.87965,74.3],[0.45873,51.87968,74.2],[0.45853,51.87971,74],[0.45772,51.87981,74.8],[0.45717,51.87987,75.5],[0.45666,51.87991,76],[0.45628,51.87993,76],[0.45614,51.87993,76.1],[0.45578,51.87992,76.1],[0.4555,51.87991,76.1],[0.45504,51.87987,76.2],[0.45476,51.87984,76.5],[0.45463,51.87982,76.7],[0.45397,51.87972,77.5],[0.45367,51.87967,77.8],[0.45317,51.87959,77.9],[0.45229,51.87942,77.7],[0.45192,51.87935,77.8],[0.45172,51.87932,77.8],[0.45151,51.87928,78],[0.45041,51.87911,79.5],[0.44968,51.87899,80.1],[0.4491,51.87891,80.3],[0.44903,51.8789,80.3],[0.44829,51.87879,80.5],[0.44776,51.87871,80.5],[0.44766,51.87869,80.6],[0.4472,51.87862,80.7],[0.44712,51.87861,80.7],[0.44697,51.87858,80.7],[0.44631,51.8785,81.2],[0.44627,51.87849,81.3],[0.44569,51.87844,82],[0.44545,51.87842,82.4],[0.44501,51.87837,82.9],[0.44454,51.87834,82.4],[0.44425,51.87832,82.1],[0.44396,51.8783,82],[0.44367,51.87827,81.9],[0.44363,51.87827,81.9],[0.44314,51.87823,81.6],[0.44223,51.87815,80.7],[0.44126,51.87808,80.1],[0.4404,51.87801,79.6],[0.4402,51.878,79.6],[0.43991,51.87797,79.6],[0.43978,51.87796,79.6],[0.43962,51.87795,79.5],[0.43947,51.87794,79.5],[0.43876,51.87786,79.4],[0.43819,51.87781,79.2],[0.43629,51.87761,77.1],[0.43594,51.87758,76.3],[0.43507,51.87748,74.2],[0.43483,51.87746,73.7],[0.43483,51.87746,73.7],[0.43479,51.87745,73.6],[0.43449,51.87742,72.9],[0.4342,51.87739,72.2],[0.43351,51.87732,70.6],[0.43307,51.87727,69.4],[0.43281,51.87724,68.6],[0.43278,51.87724,68.5],[0.43274,51.87723,68.4],[0.43215,51.87717,67],[0.43192,51.87715,66.4],[0.43145,51.87709,65.5],[0.4306,51.87698,63.4],[0.43047,51.87696,63],[0.42937,51.87682,58.6],[0.42897,51.87677,56.8],[0.42869,51.87673,55.7],[0.42851,51.87671,54.9],[0.42811,51.87667,53.5],[0.42782,51.87664,52.7],[0.42754,51.87662,52],[0.42679,51.87656,50.9],[0.42667,51.87655,50.7],[0.42553,51.87647,51.2],[0.42493,51.87644,51.7],[0.42488,51.87643,51.9],[0.42427,51.87639,53.7],[0.42397,51.87638,54.5],[0.42369,51.87636,55.2],[0.42353,51.87635,55.7],[0.42301,51.87631,57.1],[0.42256,51.87629,58.2],[0.42171,51.87626,59.4],[0.42165,51.87626,59.5],[0.42116,51.87626,60.4],[0.42039,51.87626,61.5],[0.4197,51.87625,62.7],[0.41962,51.87624,63],[0.41932,51.87623,63.7],[0.41923,51.87623,63.9],[0.41903,51.87622,64.3],[0.41835,51.87618,65.3],[0.41832,51.87617,65.4],[0.4177,51.87613,66.3],[0.41701,51.87607,67],[0.41625,51.87599,68.1],[0.41611,51.87598,68.4],[0.41583,51.87595,68.9],[0.4154,51.87591,69],[0.41467,51.87584,69.8],[0.41419,51.87579,71.2],[0.4141,51.87579,71.4],[0.41381,51.87576,72.1],[0.41332,51.87572,73.3],[0.41295,51.87569,74.6],[0.41266,51.87567,75.7],[0.41263,51.87566,75.8],[0.41192,51.87561,78],[0.41129,51.87554,79.8],[0.41122,51.87553,80],[0.41085,51.8755,81.1],[0.41035,51.87545,82.2],[0.4103,51.87545,82.4],[0.41006,51.87542,82.9],[0.41,51.87541,83],[0.40932,51.87535,84.1],[0.4092,51.87534,84.3],[0.40891,51.87531,84.7],[0.40863,51.87528,85],[0.40802,51.87523,85.7],[0.40776,51.87521,85.9],[0.40772,51.87521,86],[0.40724,51.87517,86.5],[0.40628,51.87511,86.5],[0.40602,51.8751,86.2],[0.40569,51.87507,86],[0.40502,51.87504,86],[0.40447,51.87499,86.6],[0.40382,51.87492,86.9],[0.40369,51.87491,86.9],[0.40305,51.87486,87.1],[0.40225,51.87479,87.5],[0.40211,51.87478,87.5],[0.4012,51.87473,87.2],[0.40096,51.87471,87],[0.40067,51.87469,87],[0.40004,51.87465,87],[0.39922,51.8746,87.5],[0.39912,51.87459,87.5],[0.39864,51.87456,87.5],[0.39675,51.87444,88.9],[0.39613,51.87441,88.7],[0.39537,51.87435,88.4],[0.39458,51.8743,88.7],[0.39446,51.87429,88.8],[0.39359,51.87423,89],[0.39285,51.87419,89],[0.3928,51.87418,89],[0.39256,51.87417,89],[0.39192,51.87414,88.9],[0.3914,51.8741,88.5],[0.39123,51.87409,88.3],[0.39111,51.87408,88.1],[0.39065,51.87406,87.6],[0.39016,51.87403,87],[0.38967,51.874,86],[0.3894,51.87399,85.3],[0.38939,51.87399,85.3],[0.38849,51.87394,83.7],[0.38688,51.87386,81.8],[0.38675,51.87386,81.7],[0.38592,51.87382,80.8],[0.38547,51.87379,80.3],[0.38475,51.87374,78.8],[0.38446,51.87371,78],[0.38432,51.8737,77.6],[0.38403,51.87368,76.8],[0.38379,51.87367,76.1],[0.38374,51.87366,75.9],[0.3833,51.87362,74.6],[0.38316,51.87361,74.2],[0.38273,51.87357,72.8],[0.3823,51.87355,71.6],[0.38207,51.87353,70.9],[0.38205,51.87353,70.9],[0.38201,51.87353,70.8],[0.38154,51.87351,69.4],[0.38143,51.8735,68.9],[0.38105,51.87346,67.4],[0.38058,51.87343,65.8],[0.38005,51.87337,64.3],[0.37972,51.87333,63.6],[0.3797,51.87332,63.6],[0.37958,51.8733,63.3],[0.37942,51.87328,63],[0.37924,51.87325,62.7],[0.37889,51.8732,62],[0.37862,51.87315,61.5],[0.37831,51.8731,60.8],[0.3781,51.87305,60.1],[0.37785,51.873,59.2],[0.37765,51.87296,58.6],[0.37738,51.87289,57.7],[0.37702,51.87277,56.5],[0.37681,51.8727,55.9],[0.37681,51.8727,55.9],[0.3767,51.87266,55.6],[0.3765,51.87258,55.1],[0.37636,51.87251,54.7],[0.37636,51.87251,54.7],[0.37618,51.87263,54.9],[0.37593,51.87282,55.3],[0.37582,51.87288,55.4],[0.37578,51.8729,55.4],[0.3755,51.87294,55.6],[0.37527,51.87297,55.7],[0.37514,51.87298,55.7],[0.37498,51.87298,55.7],[0.37475,51.87296,55.4],[0.37443,51.87294,54.9],[0.37434,51.87293,54.8],[0.37419,51.87291,54.5],[0.37402,51.87289,54.2],[0.37387,51.87286,53.9],[0.37378,51.87283,53.7],[0.3737,51.87281,53.6],[0.37343,51.87272,52.9],[0.37342,51.87271,52.9],[0.37293,51.87252,52.1],[0.37293,51.87252,52.1],[0.37265,51.8724,52.2],[0.37254,51.87236,52.3],[0.37244,51.87232,52.4],[0.3724,51.87231,52.5],[0.37217,51.87222,52.8],[0.37168,51.87205,54.1],[0.37139,51.87195,54.9],[0.37118,51.87187,55.5],[0.37095,51.87178,56.2],[0.37093,51.87178,56.2],[0.3709,51.87176,56.4],[0.37052,51.87162,57.9],[0.37045,51.8716,58.2],[0.37006,51.87146,59.6],[0.36969,51.87131,61],[0.36946,51.87122,61.9],[0.36944,51.87121,62],[0.3694,51.8712,62.1],[0.3692,51.87111,62.9],[0.36885,51.87095,64.3],[0.3686,51.87083,65.4],[0.3686,51.87083,65.4],[0.36838,51.87073,66.3],[0.36823,51.87067,66.8],[0.36772,51.87042,68.6],[0.36739,51.87032,69.4],[0.36704,51.87021,70.2],[0.36684,51.87014,70.6],[0.36656,51.87003,71.2],[0.36633,51.86996,71.8],[0.3662,51.86993,72],[0.36607,51.86991,72.3],[0.36597,51.86989,72.5],[0.36594,51.86988,72.6],[0.3658,51.86987,72.9],[0.3658,51.86987,72.9],[0.3658,51.86986,72.9],[0.3658,51.86985,72.9],[0.3658,51.86984,72.9],[0.36579,51.86983,72.9],[0.36579,51.86982,72.9],[0.36578,51.86982,72.9],[0.36577,51.86982,72.9],[0.36577,51.86981,72.9],[0.36576,51.86981,72.9],[0.36575,51.86981,72.9],[0.36575,51.8698,72.9],[0.36574,51.8698,73],[0.36573,51.8698,73],[0.36572,51.8698,73],[0.36571,51.8698,73],[0.3657,51.8698,73],[0.36569,51.8698,73.1],[0.3657,51.86963,72.8],[0.36571,51.86958,72.7],[0.36571,51.86958,72.7],[0.36572,51.86951,72.6],[0.36574,51.86942,72.5],[0.36578,51.86928,72.2],[0.3658,51.86922,72.1],[0.36589,51.86908,71.5],[0.36609,51.86882,69.8],[0.36644,51.86844,67.7],[0.36667,51.86819,66.1],[0.36696,51.86788,63.9],[0.36721,51.86762,62.1],[0.36734,51.86752,61.3],[0.36747,51.86742,60.7],[0.36749,51.8674,60.7],[0.36767,51.86728,59.9],[0.36785,51.86717,59.1],[0.36809,51.86702,58.3],[0.36854,51.86677,57.2],[0.36872,51.86666,57],[0.36916,51.86642,58.5],[0.36949,51.86621,59.4],[0.36968,51.86609,59.8],[0.37004,51.86581,60.9],[0.37033,51.86558,60.5],[0.37045,51.86545,60.4],[0.37045,51.86545,60.4],[0.37046,51.86545,60.4],[0.37047,51.86545,60.3],[0.37047,51.86546,60.3],[0.37048,51.86546,60.3],[0.37049,51.86546,60.3],[0.3705,51.86546,60.2],[0.37051,51.86546,60.2],[0.37051,51.86545,60.2],[0.37052,51.86545,60.2],[0.37053,51.86545,60.2],[0.37054,51.86544,60.2],[0.37055,51.86544,60.2],[0.37055,51.86543,60.2],[0.37056,51.86543,60.1],[0.37056,51.86542,60.2],[0.37056,51.86541,60.2],[0.37056,51.8654,60.2],[0.37055,51.8654,60.2],[0.37055,51.86539,60.2],[0.37054,51.86538,60.2],[0.37053,51.86538,60.3],[0.37053,51.86537,60.3],[0.37052,51.86537,60.3],[0.37051,51.86537,60.3],[0.3705,51.86537,60.4],[0.37049,51.86537,60.4],[0.37048,51.86537,60.4],[0.37047,51.86537,60.4],[0.37046,51.86537,60.5],[0.37045,51.86537,60.5],[0.37045,51.86538,60.5],[0.37044,51.86538,60.5],[0.37039,51.86533,60.7],[0.37023,51.8652,61.2],[0.37015,51.86513,61.5],[0.37005,51.86505,61.8],[0.37002,51.86503,61.9],[0.37002,51.86503,61.9],[0.36982,51.86487,62.7],[0.36968,51.8648,63.2],[0.3695,51.8647,63.9],[0.36935,51.8646,64.5],[0.36922,51.8645,65.1],[0.36921,51.86449,65.1],[0.36908,51.86436,65.7],[0.36882,51.86413,66.4],[0.36872,51.86406,66.5],[0.36864,51.86402,66.6],[0.36854,51.86399,66.7],[0.3684,51.86395,66.9],[0.36805,51.86391,67.6],[0.36802,51.8639,67.6],[0.36769,51.86387,68.3],[0.3675,51.86385,68.6],[0.36715,51.86379,69.2],[0.36703,51.86375,69.3],[0.36704,51.86374,69.3],[0.36704,51.86373,69.3],[0.36705,51.86373,69.3],[0.36705,51.86372,69.3],[0.36706,51.86371,69.2],[0.36706,51.8637,69.2],[0.36706,51.86369,69.2],[0.36706,51.86368,69.2],[0.36706,51.86367,69.1],[0.36706,51.86366,69.1],[0.36705,51.86365,69.1],[0.36704,51.86364,69.1],[0.36703,51.86363,69.1],[0.36702,51.86362,69.1],[0.36701,51.86362,69.1],[0.367,51.86361,69.1],[0.36699,51.86361,69.1],[0.36698,51.86361,69.2],[0.36696,51.8636,69.2],[0.36695,51.8636,69.2],[0.36694,51.8636,69.2],[0.36692,51.8636,69.2],[0.36691,51.8636,69.3],[0.3669,51.8636,69.3],[0.36689,51.8636,69.3],[0.36688,51.8636,69.3],[0.36686,51.8636,69.3],[0.36685,51.86361,69.4],[0.36684,51.86361,69.4],[0.36683,51.86361,69.4],[0.36682,51.86362,69.4],[0.36681,51.86362,69.5],[0.3668,51.86363,69.5],[0.36679,51.86363,69.5],[0.36679,51.86364,69.5],[0.36678,51.86365,69.6],[0.36677,51.86366,69.6],[0.36677,51.86367,69.6],[0.36676,51.86368,69.7],[0.36676,51.8637,69.7],[0.36671,51.86369,69.8],[0.36666,51.8637,69.9],[0.36662,51.8637,69.9],[0.36657,51.86371,70],[0.36647,51.86373,70.2],[0.36641,51.86374,70.3],[0.36636,51.86374,70.3],[0.36628,51.86374,70.4],[0.36621,51.86374,70.5],[0.36608,51.86373,70.7],[0.36563,51.86369,71],[0.36562,51.86369,71],[0.36533,51.86366,71.2],[0.36524,51.86366,71.2],[0.36498,51.86364,71.4],[0.3648,51.86363,71.6],[0.36475,51.86362,71.6],[0.36443,51.86361,72],[0.36417,51.8636,72.3],[0.36413,51.8636,72.3],[0.36399,51.86358,72.4],[0.3639,51.86357,72.5],[0.36388,51.86357,72.5],[0.36375,51.86355,72.6],[0.36359,51.86353,72.8],[0.36347,51.8635,72.9],[0.3634,51.86349,72.9],[0.36324,51.86345,73.2],[0.36308,51.86341,73.6],[0.36291,51.86336,74],[0.36283,51.86333,74.2],[0.36277,51.86331,74.2],[0.36263,51.86326,74.2],[0.3625,51.86321,74.3],[0.36237,51.86315,74.2],[0.36224,51.86309,74.1],[0.36188,51.86292,73.8],[0.3618,51.86288,73.8],[0.36178,51.86287,73.7],[0.36172,51.86284,73.7],[0.36137,51.86267,73.7],[0.36099,51.86249,73.6],[0.36058,51.86228,73.6],[0.36047,51.86222,73.5],[0.36029,51.86213,73.5],[0.36011,51.86206,73.6],[0.35993,51.86199,73.8],[0.35987,51.86198,74],[0.35987,51.86198,74],[0.35987,51.86197,73.9],[0.35962,51.86189,74.4],[0.35961,51.86189,74.5],[0.35951,51.86187,74.7],[0.35935,51.86184,75.2],[0.35925,51.86183,75.5],[0.35915,51.86183,75.8],[0.35904,51.86184,76.1],[0.35876,51.86188,77],[0.35861,51.8619,77.5],[0.35848,51.86193,77.9],[0.35838,51.86195,78.2],[0.3582,51.86198,78.6],[0.35811,51.862,78.8],[0.35792,51.86202,79],[0.35764,51.86205,79.3],[0.35734,51.86207,79.5],[0.35729,51.86208,79.5],[0.35705,51.86209,79.5],[0.35702,51.86209,79.5],[0.35684,51.86209,79.5],[0.35663,51.86209,79.6],[0.35613,51.86202,79.9],[0.35573,51.86196,80.1],[0.35562,51.86195,80.2],[0.35516,51.8619,80.4],[0.35491,51.86187,80.7],[0.35415,51.86178,82.3],[0.35402,51.86175,82.6],[0.35378,51.86171,83],[0.35374,51.8617,83.1],[0.35344,51.86164,83.7],[0.35319,51.86158,83.9],[0.35303,51.86152,83.9],[0.3529,51.86145,83.9],[0.35276,51.86136,83.7],[0.35264,51.86128,83.5],[0.35257,51.86121,83.3],[0.3525,51.86116,83.2],[0.35233,51.86098,82.6],[0.35217,51.86074,81.9],[0.35197,51.86044,81.5],[0.35194,51.8604,81.5],[0.35184,51.86028,81.3],[0.35181,51.86024,81.3],[0.35175,51.86018,81.2],[0.35165,51.86009,81.1],[0.35156,51.86001,81.1],[0.35146,51.85994,81.2],[0.35132,51.85987,81.4],[0.35124,51.85984,81.5],[0.35116,51.85981,81.6],[0.35099,51.85975,81.8],[0.35074,51.85966,82.1],[0.35057,51.8596,82.3],[0.35024,51.85948,82.7],[0.35013,51.85944,82.8],[0.34989,51.85932,83.2],[0.34975,51.85923,83.3],[0.34967,51.85917,83.4],[0.34957,51.85908,83.8],[0.34946,51.85895,84.4],[0.34942,51.85891,84.6],[0.34932,51.8588,85.1],[0.34909,51.85852,86.3],[0.34904,51.85846,86.5],[0.34881,51.85821,87.3],[0.34877,51.85816,87.4],[0.3485,51.85785,88.2],[0.34824,51.85752,89],[0.34814,51.8574,89.1],[0.34811,51.85736,89.2],[0.34796,51.85718,89.4],[0.34778,51.85699,89.6],[0.34769,51.85689,89.7],[0.34759,51.85678,89.9],[0.34728,51.85645,90],[0.34725,51.85642,90],[0.3471,51.85627,90],[0.347,51.85618,90],[0.34662,51.8558,90],[0.34627,51.85537,89.7],[0.34624,51.85533,89.7],[0.346,51.855,89.2],[0.34587,51.85484,88.9],[0.34584,51.8548,88.8],[0.34561,51.85451,88.3],[0.34523,51.85408,87.9],[0.34467,51.85348,87.2],[0.34465,51.85346,87.2],[0.34415,51.85291,86.5],[0.34368,51.85243,86],[0.34325,51.85194,86.1],[0.3429,51.85157,86.4],[0.3427,51.85134,86.4],[0.34249,51.85108,86.3],[0.34226,51.85076,86.1],[0.34195,51.85045,85.7],[0.3419,51.85039,85.7],[0.34157,51.85004,85],[0.34138,51.84983,84.2],[0.34123,51.84964,83.6],[0.34117,51.84955,83.4],[0.34078,51.84909,83],[0.34058,51.84887,82.8],[0.34041,51.84868,82.6],[0.34037,51.84864,82.6],[0.34002,51.84823,81.8],[0.33993,51.84813,81.6],[0.33947,51.84759,80.9],[0.33895,51.84699,81.3],[0.33892,51.84696,81.3],[0.33879,51.8468,81.5],[0.33844,51.84634,81.1],[0.33793,51.84577,79.8],[0.33786,51.8457,79.7],[0.33739,51.84513,78.3],[0.33725,51.84497,78],[0.3366,51.84417,76.9],[0.33637,51.84391,76.6],[0.33602,51.84357,76.6],[0.33575,51.8433,77],[0.33572,51.84327,77],[0.33561,51.84314,77],[0.33547,51.84299,77],[0.33545,51.84296,77],[0.33519,51.84269,77],[0.33518,51.84268,77],[0.33504,51.84252,77],[0.3349,51.84236,77],[0.33476,51.8422,77.1],[0.33462,51.84204,77.1],[0.33442,51.84181,77.1],[0.334,51.84132,78.2],[0.33368,51.84093,79.7],[0.33355,51.84077,80.2],[0.3335,51.8407,80.3],[0.33343,51.8406,80.6],[0.33314,51.84022,81.2],[0.33305,51.84012,81.4],[0.33292,51.83996,81.6],[0.33278,51.8398,82],[0.3324,51.83945,83],[0.33238,51.83942,83.1],[0.33227,51.83933,83.4],[0.33215,51.8392,83.9],[0.3321,51.83916,84],[0.33186,51.83889,84.6],[0.33175,51.83877,84.9],[0.33174,51.83875,85],[0.33172,51.83873,85],[0.3314,51.83834,85.7],[0.33119,51.83809,86.1],[0.33118,51.83809,86],[0.3311,51.83799,86.3],[0.33104,51.83793,86.5],[0.33071,51.83752,87.9],[0.33066,51.83745,87.9],[0.33064,51.83743,87.9],[0.3305,51.83727,87.7],[0.33005,51.83673,87.1],[0.32995,51.83661,87.1],[0.32983,51.83646,87.3],[0.32968,51.83628,87.5],[0.32948,51.83604,87.9],[0.32896,51.83544,88.3],[0.32854,51.83497,89],[0.32844,51.83486,89.2],[0.32813,51.83447,89.2],[0.32803,51.83436,89.1],[0.32799,51.83433,89.1],[0.3276,51.83386,88.2],[0.32759,51.83385,88.1],[0.32745,51.83369,88],[0.32717,51.83338,88],[0.32694,51.8331,88.3],[0.32669,51.83275,88.7],[0.32659,51.83261,88.8],[0.32646,51.83245,88.8],[0.32641,51.8324,88.7],[0.32618,51.83218,88.6],[0.32597,51.83198,88.7],[0.32591,51.83192,88.7],[0.32572,51.83173,88.9],[0.32559,51.83159,88.9],[0.32544,51.83141,88.8],[0.32516,51.83109,88.9],[0.32508,51.83099,88.9],[0.32503,51.83093,89],[0.3247,51.83053,88.3],[0.32453,51.83033,87.8],[0.32436,51.83013,87.4],[0.32403,51.82974,87],[0.32395,51.82965,87],[0.32347,51.82905,86.6],[0.32317,51.82869,85.3],[0.32297,51.82844,84.7],[0.32254,51.82791,83.9],[0.32235,51.82766,83.4],[0.32227,51.82758,83.2],[0.32204,51.82732,82.6],[0.32187,51.82713,82.1],[0.32173,51.82698,81.8],[0.32152,51.82675,81.4],[0.32126,51.82647,80.8],[0.3212,51.82639,80.6],[0.32102,51.82619,80.1],[0.32055,51.82562,78.7],[0.32049,51.82556,78.6],[0.3202,51.82524,77.8],[0.32019,51.82523,77.8],[0.31995,51.82495,77],[0.31985,51.82484,77],[0.31983,51.82481,77],[0.3193,51.82426,76.9],[0.31921,51.82417,76.9],[0.31921,51.82417,76.9],[0.31917,51.82413,76.9],[0.31854,51.82349,76.3],[0.31825,51.82321,75.8],[0.3181,51.82305,75.7],[0.31787,51.82278,75.6],[0.31736,51.82214,75.3],[0.31704,51.82177,74.8],[0.3169,51.82161,74.5],[0.31565,51.82019,71.5],[0.31537,51.81988,70.9],[0.31523,51.81972,70.9],[0.3151,51.81956,70.9],[0.31501,51.81946,71],[0.3146,51.81905,72.2],[0.31447,51.81895,72.6],[0.31393,51.81855,74],[0.31365,51.81831,74.6],[0.31334,51.81792,75],[0.31307,51.8176,75.3],[0.31294,51.81743,75.5],[0.31287,51.81734,75.6],[0.3124,51.8167,76.1],[0.31214,51.81641,76.3],[0.31204,51.81631,76.4],[0.31187,51.81616,76.6],[0.31158,51.81589,77.1],[0.31135,51.81558,77],[0.311,51.81498,76],[0.31093,51.81488,76],[0.31042,51.81423,76],[0.31029,51.81407,75.9],[0.31016,51.81391,75.7],[0.31003,51.81374,75.5],[0.30976,51.81343,75.4],[0.30958,51.81325,75.6],[0.30929,51.813,76.2],[0.30927,51.81299,76.2],[0.30918,51.81291,76.5],[0.30889,51.81267,77.1],[0.30866,51.81248,77.6],[0.3086,51.81242,77.7],[0.30831,51.81215,78],[0.3081,51.81188,78.1],[0.30801,51.81175,78.3],[0.30792,51.81163,78.5],[0.30777,51.81143,78.6],[0.30764,51.81127,78.8],[0.3073,51.81084,79.2],[0.30706,51.81045,79.1],[0.30667,51.80979,78.7],[0.30658,51.80966,78.5],[0.30652,51.80954,78.3],[0.30648,51.80945,78.1],[0.30646,51.80938,78],[0.30644,51.80927,77.9],[0.30644,51.80907,77.6],[0.30647,51.80885,77.5],[0.3065,51.80867,77.3],[0.30657,51.80842,77.1],[0.30662,51.80823,77.1],[0.30668,51.80802,77.4],[0.3068,51.80758,77.8],[0.30685,51.80736,77.6],[0.30692,51.80707,77.3],[0.30708,51.80642,77],[0.30716,51.80615,77],[0.30717,51.80611,77],[0.3072,51.80604,77],[0.30727,51.80583,77],[0.30741,51.80558,76.7],[0.30758,51.8053,76.4],[0.30778,51.80498,76.3],[0.30779,51.80496,76.4],[0.30791,51.80479,76.6],[0.308,51.80467,76.8],[0.30807,51.80455,77.1],[0.30821,51.80428,77.6],[0.30836,51.80391,77.4],[0.30848,51.8036,76.6],[0.3086,51.80324,75.9],[0.3086,51.80323,75.9],[0.30865,51.80306,75.8],[0.30866,51.80304,75.8],[0.30875,51.80276,75.7],[0.30884,51.80246,75.6],[0.30889,51.80221,75.4],[0.30889,51.80215,75.4],[0.30897,51.80124,74],[0.30902,51.80087,73.1],[0.3091,51.80056,72.3],[0.30915,51.80036,71.9],[0.30919,51.80025,71.6],[0.30926,51.80007,71.3],[0.30927,51.80003,71.2],[0.30937,51.79983,71.4],[0.3096,51.79945,72.2],[0.30967,51.79934,72.4],[0.30967,51.79934,72.4],[0.30958,51.79933,72.3],[0.30958,51.79933,72.3],[0.30948,51.79932,72.2],[0.30945,51.79932,72.2],[0.30941,51.79933,72.1],[0.3094,51.79933,72.1],[0.30934,51.79934,72],[0.3093,51.79936,71.9],[0.30923,51.79941,71.8],[0.30909,51.79961,71.4],[0.30905,51.79966,71.4],[0.30899,51.79974,71.2],[0.30898,51.79977,71.2],[0.30897,51.7998,71.2],[0.30895,51.79985,71.1],[0.30896,51.79988,71.1],[0.30899,51.79992,71.1],[0.30903,51.79994,71.1],[0.3091,51.79996,71],[0.30917,51.79999,71],[0.30927,51.80003,71.2],[0.30927,51.80003,71.2],[0.30937,51.79983,71.4],[0.3096,51.79945,72.2],[0.30967,51.79934,72.4],[0.30982,51.79912,72.9],[0.30999,51.79889,73.6],[0.31025,51.79852,74.6],[0.31031,51.79844,74.7],[0.31042,51.79829,75],[0.31065,51.79799,75],[0.31082,51.79773,75],[0.31101,51.79745,75.2],[0.31123,51.79713,75.5],[0.31124,51.79711,75.5],[0.31131,51.797,75.6],[0.31141,51.79687,75.7],[0.31149,51.79675,75.8],[0.31153,51.79669,75.8],[0.31155,51.79666,75.9],[0.31156,51.79663,75.8],[0.31156,51.7966,75.8],[0.31156,51.79655,75.7],[0.31155,51.7965,75.7],[0.31152,51.79642,75.5],[0.31151,51.7964,75.5],[0.31123,51.79619,74.9],[0.31123,51.79619,74.9],[0.31124,51.79619,74.9],[0.31124,51.79618,74.9],[0.31125,51.79618,74.9],[0.31125,51.79617,74.9],[0.31125,51.79616,74.9],[0.31125,51.79615,74.9],[0.31125,51.79614,74.9],[0.31124,51.79614,74.9],[0.31123,51.79613,74.8],[0.31122,51.79613,74.8],[0.31119,51.79613,74.8],[0.31117,51.79613,74.8],[0.31116,51.79613,74.7],[0.31115,51.79613,74.7],[0.31114,51.79614,74.7],[0.31113,51.79614,74.7],[0.31113,51.79615,74.7],[0.31113,51.79616,74.7],[0.31113,51.79618,74.8],[0.31098,51.79623,74.7],[0.31095,51.79624,74.6],[0.31047,51.79629,74.5],[0.31026,51.79629,74.5],[0.31021,51.79629,74.5],[0.30982,51.79625,74.3],[0.30929,51.79618,73.6],[0.30923,51.79617,73.5],[0.3087,51.79608,73.1],[0.30827,51.796,73],[0.30771,51.79587,73],[0.30752,51.79583,73],[0.30747,51.79582,73],[0.3073,51.79579,72.9],[0.30707,51.79574,72.9],[0.30703,51.79573,72.9],[0.30701,51.79573,72.9],[0.30616,51.79557,72.3],[0.30559,51.79545,72],[0.30541,51.7954,72],[0.30521,51.79532,72],[0.30497,51.7952,72],[0.30485,51.79514,72],[0.30472,51.79509,72],[0.30469,51.79508,72],[0.30454,51.79503,72],[0.30451,51.79502,72],[0.30443,51.795,72],[0.30439,51.79499,72],[0.30431,51.79497,72],[0.30415,51.79494,71.9],[0.304,51.79492,71.9],[0.30369,51.79487,71.8],[0.30367,51.79487,71.8],[0.30345,51.79485,71.8],[0.30316,51.79485,71.4],[0.30294,51.79485,71],[0.30279,51.79484,70.6],[0.30253,51.7948,70.1],[0.30232,51.79476,69.7],[0.3021,51.79471,69.4],[0.30197,51.79469,69.2],[0.30154,51.7946,68.6],[0.30151,51.79459,68.5],[0.3011,51.7945,67.4],[0.30084,51.79445,66.7],[0.30025,51.79433,65.4],[0.29982,51.79423,64.5],[0.29972,51.7942,64.3],[0.29959,51.79417,64],[0.2995,51.79414,63.8],[0.29946,51.79412,63.7],[0.29933,51.79406,63.4],[0.29921,51.79396,63.1],[0.29918,51.79394,63],[0.2989,51.79369,62.7],[0.29864,51.79344,62.4],[0.29848,51.7933,62.1],[0.29836,51.79322,61.8],[0.29825,51.79316,61.4],[0.29777,51.79295,60],[0.29761,51.79288,59.6],[0.29744,51.79282,59.4],[0.29729,51.79275,59.2],[0.2968,51.79255,59],[0.29669,51.7925,59],[0.29635,51.79238,59.5],[0.29619,51.79229,59.8],[0.29571,51.79209,60.6],[0.29554,51.79201,60.9],[0.29547,51.79199,61],[0.29512,51.79187,61.6],[0.29468,51.79177,62.3],[0.29441,51.79171,62.7],[0.29411,51.79168,63],[0.29404,51.79167,63],[0.29382,51.79166,63],[0.29364,51.79166,63],[0.29307,51.79168,63.3],[0.29307,51.79168,63.3],[0.29303,51.79154,63.2],[0.293,51.79145,63.1],[0.29285,51.79111,62.9],[0.29276,51.79088,62.7],[0.29273,51.79073,62.5],[0.29269,51.79057,62.1],[0.29269,51.79055,62.1],[0.29266,51.79025,61.4],[0.29266,51.79003,60.9],[0.29266,51.79001,60.8],[0.29267,51.78987,61],[0.29271,51.78972,61.1],[0.29276,51.78959,61.2],[0.29282,51.78948,61.2],[0.2929,51.78928,61.4],[0.29293,51.78913,61.6],[0.29296,51.78904,61.9],[0.293,51.78876,62.9],[0.29301,51.78865,63.2],[0.29303,51.78846,63.9],[0.29303,51.78842,64.1],[0.29302,51.78834,64.4],[0.29301,51.78824,64.5],[0.29299,51.78815,64.7],[0.29296,51.78805,64.8],[0.2929,51.78797,64.9],[0.29276,51.78774,65.1],[0.29275,51.78772,65.1],[0.29267,51.78756,65.2],[0.29266,51.78749,65.2],[0.29266,51.78749,65.2],[0.29265,51.78743,65.1],[0.29263,51.78701,64.4],[0.29262,51.78683,64.1],[0.29262,51.78671,63.9],[0.29259,51.78632,63.5],[0.29258,51.7863,63.5],[0.29257,51.78612,63.3],[0.29257,51.78609,63.2],[0.29258,51.78591,63],[0.29262,51.78576,62.7],[0.29272,51.78538,61.6],[0.29283,51.78505,60.7],[0.29286,51.78494,60.6],[0.29286,51.78493,60.7],[0.29289,51.78467,60.9],[0.29286,51.78439,61.3],[0.29278,51.78411,61.6],[0.29274,51.78391,61.4],[0.29274,51.7839,61.4],[0.29273,51.78387,61.4],[0.29272,51.78383,61.3],[0.29272,51.78374,61.2],[0.29271,51.7837,61.2],[0.29271,51.78356,61],[0.29271,51.78338,60.8],[0.29271,51.78333,60.7],[0.29271,51.78318,60.6],[0.2927,51.78315,60.5],[0.29269,51.78289,60.2],[0.29269,51.78284,60.2],[0.29268,51.78268,60],[0.29268,51.78266,60],[0.29268,51.78261,59.9],[0.29266,51.78248,59.8],[0.29265,51.78241,59.9],[0.2926,51.7823,60.1],[0.29258,51.78226,60.2],[0.29255,51.7822,60.3],[0.2924,51.78198,60.6],[0.29225,51.78175,60.9],[0.2922,51.78166,61],[0.29217,51.78159,61.1],[0.29216,51.78156,61.1],[0.29213,51.78146,61.2],[0.29213,51.78145,61.3],[0.29213,51.78141,61.3],[0.29212,51.78136,61.4],[0.29212,51.78128,61.5],[0.29212,51.78121,61.5],[0.29211,51.78098,61.8],[0.29211,51.78092,61.9],[0.2921,51.78066,62.1],[0.29208,51.78056,62.2],[0.29203,51.78021,62.4],[0.29203,51.7802,62.4],[0.29202,51.78015,62.5],[0.29199,51.78003,62.6],[0.29199,51.78002,62.6],[0.29197,51.77998,62.7],[0.29193,51.77983,62.8],[0.29179,51.77948,63.4],[0.29174,51.77932,63.7],[0.29165,51.77905,64],[0.29163,51.77892,64.1],[0.2916,51.77879,64.2],[0.29159,51.77874,64.2],[0.29156,51.77861,64.3],[0.29156,51.77857,64.3],[0.29152,51.77849,64.4],[0.29148,51.77843,64.4],[0.29143,51.77838,64.6],[0.29133,51.7783,64.9],[0.29102,51.77817,65.9],[0.29082,51.7781,66.6],[0.29073,51.77806,66.8],[0.29017,51.77783,68],[0.29,51.77773,68.4],[0.2899,51.77763,68.8],[0.28983,51.77751,69.2],[0.28982,51.77749,69.2],[0.28981,51.77744,69.3],[0.2898,51.77743,69.3],[0.28977,51.7773,69.4],[0.28972,51.77695,69.8],[0.28965,51.77678,69.9],[0.28955,51.77662,69.8],[0.28944,51.77648,69.3],[0.28942,51.77646,69.2],[0.28929,51.77633,68.7],[0.28922,51.77626,68.5],[0.28911,51.77618,68.3],[0.28903,51.7761,68.1],[0.28895,51.77603,67.9],[0.28879,51.77589,67.6],[0.28878,51.77588,67.6],[0.28869,51.77579,67.4],[0.28848,51.77561,66.8],[0.28809,51.77532,65.8],[0.28788,51.77515,65.3],[0.28771,51.775,64.7],[0.28756,51.77485,64.6],[0.28745,51.77471,64.3],[0.28729,51.77444,63.7],[0.28726,51.77437,63.6],[0.28717,51.7742,63.1],[0.28716,51.77418,63],[0.2871,51.77403,62.8],[0.28702,51.77385,62.6],[0.28697,51.7737,62.4],[0.28684,51.77338,62.1],[0.28684,51.77337,62],[0.28683,51.77334,62],[0.28667,51.77293,63],[0.28663,51.77284,63.2],[0.28657,51.77267,63.7],[0.28652,51.77254,64.1],[0.28637,51.77206,65.4],[0.28632,51.77191,65.8],[0.28622,51.77173,66.4],[0.28605,51.77139,67.4],[0.28602,51.77127,67.7],[0.28597,51.77109,68.2],[0.28595,51.77104,68.4],[0.28592,51.77074,68.9],[0.28591,51.77071,68.9],[0.28593,51.77056,68.9],[0.28596,51.77045,68.9],[0.28603,51.77034,68.9],[0.28614,51.77023,68.9],[0.28623,51.77013,68.9],[0.28636,51.77002,69],[0.28648,51.7699,68.9],[0.28652,51.76979,68.7],[0.28652,51.76975,68.6],[0.28652,51.76969,68.6],[0.28648,51.76957,68.4],[0.28639,51.76942,68.1],[0.2863,51.7693,67.8],[0.28614,51.76912,67.1],[0.28594,51.76894,66],[0.28585,51.76886,65.5],[0.28577,51.76879,65.2],[0.28559,51.76865,64.5],[0.28532,51.76855,64],[0.28514,51.76848,63.7],[0.28483,51.76839,63.5],[0.28453,51.76832,63.6],[0.28426,51.76825,64.1],[0.2841,51.76821,64.4],[0.28374,51.76816,64.9],[0.28354,51.76812,65.3],[0.28343,51.76809,65.5],[0.28338,51.76807,65.6],[0.28318,51.76797,66.1],[0.28298,51.76779,66.7],[0.28285,51.7675,67.6],[0.28284,51.76748,67.6],[0.28271,51.76727,68],[0.28259,51.76709,68.3],[0.28244,51.7669,68.8],[0.2824,51.76685,69],[0.28228,51.76675,69.4],[0.28207,51.76663,70],[0.28205,51.76662,70],[0.2819,51.76654,70.2],[0.28178,51.76648,70.3],[0.28156,51.76639,70.5],[0.28129,51.7663,70.8],[0.28095,51.76622,71.2],[0.28045,51.76613,71.7],[0.28037,51.76612,71.7],[0.2799,51.76603,72],[0.27967,51.76597,72.1],[0.27963,51.76595,72.1],[0.2795,51.7659,72],[0.27942,51.76586,72],[0.27939,51.76585,72],[0.27931,51.7658,71.8],[0.2792,51.76571,71.4],[0.27913,51.76565,71.1],[0.27906,51.76556,70.7],[0.27895,51.76535,69.8],[0.27885,51.76507,68.7],[0.27876,51.76471,68.7],[0.27875,51.76468,68.7],[0.27867,51.76432,69.1],[0.27865,51.76422,69.2],[0.2786,51.76397,69.7],[0.27857,51.76379,70.1],[0.27851,51.76345,70.8],[0.27848,51.76325,71.3],[0.27847,51.76316,71.6],[0.27845,51.76307,71.9],[0.27842,51.76295,72.3],[0.2784,51.7629,72.5],[0.27834,51.76273,73.2],[0.27833,51.76272,73.2],[0.27824,51.76255,73.9],[0.27813,51.76239,74.5],[0.27803,51.76224,75],[0.27782,51.76188,76.1],[0.27778,51.76181,76.3],[0.27774,51.76171,76.6],[0.27767,51.76157,76.8],[0.27759,51.76138,76.9],[0.2775,51.76123,77],[0.27741,51.76096,77],[0.27736,51.76076,76.9],[0.27729,51.76046,76.6],[0.27724,51.76012,76.1],[0.27723,51.76005,76.1],[0.2772,51.75978,76.5],[0.2772,51.75976,76.5],[0.27721,51.75949,77],[0.27721,51.75941,77.2],[0.27722,51.75868,76.9],[0.27724,51.75819,76.3],[0.27728,51.75786,76.1],[0.27729,51.75779,76.1],[0.27732,51.75761,76],[0.27734,51.75743,76],[0.27734,51.75741,76],[0.2774,51.75696,76.1],[0.27741,51.75672,76.1],[0.27739,51.75651,76],[0.27737,51.75635,75.8],[0.27735,51.75625,75.8],[0.27733,51.75617,75.7],[0.27726,51.75584,75.6],[0.27723,51.75564,74.8],[0.27722,51.7556,74.6],[0.27721,51.75546,74],[0.27712,51.75474,71.4],[0.27712,51.75473,71.4],[0.27709,51.75449,70.8],[0.27708,51.75438,70.5],[0.27707,51.75426,70.2],[0.27702,51.75407,69.8],[0.277,51.75403,69.8],[0.27694,51.75388,69.5],[0.27686,51.75368,69.3],[0.27678,51.75346,69],[0.27674,51.75333,68.9],[0.27669,51.75315,67.9],[0.27666,51.75306,67.3],[0.2766,51.7528,65.7],[0.2766,51.75279,65.7],[0.27659,51.7527,65.2],[0.27661,51.75262,64.7],[0.27661,51.75259,64.5],[0.27666,51.75248,63.9],[0.27668,51.75244,63.8],[0.2767,51.75241,63.7],[0.27682,51.7523,63.5],[0.27683,51.75229,63.4],[0.27692,51.75222,63.3],[0.27703,51.75216,63.2],[0.27709,51.75212,63.1],[0.27727,51.75205,63.1],[0.27749,51.75197,63.1],[0.27772,51.75187,63],[0.27775,51.75186,63],[0.27784,51.75182,63],[0.27795,51.75174,62.8],[0.27796,51.75174,62.8],[0.27806,51.75166,62.6],[0.27815,51.75157,62.4],[0.27821,51.7515,62.3],[0.27826,51.75143,62.1],[0.27837,51.75124,61.5],[0.27843,51.75108,60.9],[0.27845,51.75102,60.7],[0.27847,51.75094,60.4],[0.27851,51.75077,59.8],[0.27853,51.75055,59.1],[0.27853,51.75051,58.9],[0.27854,51.75037,58.5],[0.27855,51.75023,58],[0.27855,51.75019,57.9],[0.27856,51.74997,57.2],[0.27855,51.74983,56.7],[0.27854,51.74979,56.6],[0.27854,51.74972,56.3],[0.27852,51.74965,56.1],[0.27849,51.74952,55.6],[0.27846,51.74933,54.9],[0.27845,51.74932,54.8],[0.27836,51.74911,54],[0.27831,51.74899,53.8],[0.27826,51.74889,53.8],[0.27824,51.74882,53.7],[0.27818,51.74864,53.7],[0.27813,51.74837,53.5],[0.27812,51.74831,53.5],[0.27808,51.74804,53.5],[0.27807,51.74795,53.5],[0.27803,51.74775,53.5],[0.27797,51.74748,53.4],[0.27796,51.74727,53.4],[0.27796,51.7471,53.4],[0.27797,51.74696,53.4],[0.27802,51.74677,53.4],[0.27807,51.74664,53.3],[0.27814,51.7465,52.8],[0.27823,51.74629,52.2],[0.27825,51.74625,52.1],[0.27827,51.74619,51.9],[0.2783,51.74608,51.6],[0.27835,51.74583,51],[0.27834,51.74563,50.8],[0.27831,51.74536,50.5],[0.27826,51.74523,50.4],[0.27821,51.74507,50.2],[0.27821,51.74507,50.2],[0.27815,51.74506,50.3],[0.27809,51.74505,50.4],[0.27804,51.74501,50.4],[0.27796,51.74493,50.4],[0.27787,51.74482,50.5],[0.27779,51.74469,50.5],[0.27774,51.74457,50.6],[0.27774,51.74457,50.6],[0.27772,51.74451,50.6],[0.27771,51.74445,50.6],[0.27771,51.74435,50.6],[0.27771,51.74435,50.6],[0.27765,51.74428,50.7],[0.27729,51.74388,51.3],[0.27728,51.74386,51.3],[0.27693,51.74347,51.7],[0.27659,51.74309,51.5],[0.27645,51.74293,51.3],[0.27644,51.74292,51.3],[0.27639,51.74287,51.2],[0.27614,51.74258,50.8],[0.27605,51.74246,50.7],[0.27604,51.74244,50.8],[0.27603,51.74243,50.8],[0.27602,51.74242,50.8],[0.27591,51.74229,50.9],[0.27578,51.74209,51.1],[0.27569,51.74194,51.2],[0.27557,51.74172,51.3],[0.27545,51.74148,51.1],[0.27542,51.74143,51.1],[0.27542,51.74142,51.1],[0.27529,51.74117,50.8],[0.27512,51.74093,50.8],[0.275,51.74078,50.9],[0.27498,51.74075,50.9],[0.27478,51.74051,50.3],[0.27473,51.74046,50.2],[0.27472,51.74044,50.2],[0.27458,51.74029,49.8],[0.27434,51.74005,49.3],[0.27415,51.73991,49.1],[0.27394,51.73978,49.3],[0.27367,51.73964,49.4],[0.27362,51.73961,49.5],[0.27349,51.73955,49.5],[0.27339,51.7395,49.6],[0.27317,51.73939,50.1],[0.2727,51.73918,51.5],[0.27248,51.73913,52],[0.2723,51.7391,52.3],[0.27204,51.73908,52.6],[0.27165,51.73906,53.2],[0.27122,51.73907,53.7],[0.2712,51.73907,53.7],[0.27098,51.73908,54],[0.2707,51.73909,54.3],[0.27043,51.73909,54.7],[0.27017,51.73908,55],[0.27008,51.73908,55.1],[0.27004,51.73907,55.2],[0.26992,51.73906,55.4],[0.26966,51.73902,55.8],[0.26949,51.73899,56],[0.26927,51.73893,56.4],[0.26908,51.73888,56.8],[0.26895,51.73884,57],[0.26882,51.7388,57.3],[0.2685,51.73867,58],[0.26803,51.73848,59],[0.26774,51.73834,59.7],[0.26764,51.7383,59.9],[0.26761,51.73828,59.9],[0.26735,51.73815,60.2],[0.26719,51.73805,60.3],[0.26697,51.73793,60.5],[0.26689,51.73788,60.5],[0.26678,51.73781,60.6],[0.26658,51.73767,61],[0.26643,51.73754,61.5],[0.26639,51.7375,61.7],[0.26622,51.73734,62.1],[0.26603,51.73715,62.5],[0.26597,51.73708,62.7],[0.26596,51.73707,62.7],[0.26587,51.73698,62.9],[0.26579,51.73688,63.1],[0.26568,51.73677,63.2],[0.26567,51.73676,63.2],[0.26544,51.73649,62.8],[0.26529,51.73629,62.3],[0.26527,51.73626,62.2],[0.26517,51.7361,61.8],[0.26507,51.73593,61.3],[0.26504,51.73589,61.2],[0.26498,51.73576,60.9],[0.26496,51.73571,60.9],[0.26488,51.73553,60.8],[0.26483,51.73541,60.7],[0.26477,51.73527,60.6],[0.26467,51.73506,60.5],[0.26461,51.73493,60.5],[0.26445,51.73463,60.8],[0.26424,51.73433,61.6],[0.26406,51.73409,62.4],[0.26384,51.73385,63.5],[0.26383,51.73384,63.6],[0.26365,51.73367,64.4],[0.26343,51.73348,65.4],[0.26329,51.73336,66],[0.2629,51.73311,66.8],[0.26272,51.73301,67.1],[0.2625,51.73289,67.5],[0.26239,51.73284,67.6],[0.26227,51.73278,67.8],[0.26204,51.73267,68.2],[0.2619,51.73261,68.5],[0.26139,51.7324,69.3],[0.261359,51.73239,69.3],[0.26107,51.73228,69.6],[0.26083,51.73218,70],[0.260579,51.73208,70.2],[0.260529,51.73206,70.2],[0.259969,51.73182,70.8],[0.259249,51.73149,70],[0.259,51.73132,70],[0.25874,51.73114,70.1],[0.25857,51.73099,70.4],[0.25844,51.73084,70.9],[0.25837,51.73072,70.8],[0.25834,51.73065,70.8],[0.25827,51.73046,70.5],[0.258249,51.73041,70.4],[0.25824,51.73037,70.3],[0.25813,51.73005,69.8],[0.257969,51.72973,69.1],[0.25776,51.7294,68.4],[0.25754,51.72909,67.9],[0.257469,51.72902,67.8],[0.25722,51.72874,67.8],[0.25688,51.72836,68.5],[0.25654,51.72796,68.4],[0.25634,51.7277,67.8],[0.256249,51.72758,67.6],[0.25617,51.72747,67.4],[0.2559,51.72701,68.2],[0.255699,51.72663,69],[0.25568,51.7266,69.1],[0.25533,51.72608,69.3],[0.255199,51.72588,69.2],[0.25502,51.72559,68.7],[0.25491,51.72545,68.4],[0.25478,51.72529,68],[0.25462,51.72513,67.6],[0.25446,51.72491,67.1],[0.25422,51.7246,66],[0.254029,51.72433,65.4],[0.25385,51.72405,64.6],[0.25372,51.72384,63.8],[0.25363,51.72372,63.4],[0.253479,51.72357,62.9],[0.25341,51.72352,62.7],[0.2533,51.72342,62.3],[0.25329,51.72338,62.1],[0.25329,51.72331,61.9],[0.25328,51.7233,61.9],[0.25327,51.72318,61.7],[0.25327,51.72313,61.7],[0.25328,51.72312,61.7],[0.25328,51.72311,61.7],[0.25328,51.7231,61.7],[0.25328,51.72309,61.6],[0.25328,51.72308,61.6],[0.25328,51.72307,61.6],[0.25328,51.72306,61.6],[0.25328,51.72305,61.6],[0.25327,51.72305,61.6],[0.25327,51.72304,61.6],[0.253259,51.72303,61.5],[0.253249,51.72302,61.5],[0.253249,51.72301,61.5],[0.25324,51.72301,61.5],[0.25323,51.723,61.5],[0.25322,51.723,61.5],[0.25322,51.72299,61.5],[0.25321,51.72299,61.4],[0.253199,51.72299,61.4],[0.25319,51.72298,61.4],[0.25317,51.72297,61.4],[0.25316,51.72297,61.4],[0.25315,51.72297,61.3],[0.253139,51.72297,61.3],[0.25313,51.72297,61.3],[0.25312,51.72297,61.3],[0.25311,51.72297,61.3],[0.2531,51.72297,61.3],[0.253089,51.72297,61.3],[0.25308,51.72297,61.3],[0.25307,51.72298,61.3],[0.25306,51.72298,61.2],[0.25305,51.72298,61.2],[0.25288,51.72294,61],[0.252749,51.7229,60.8],[0.25272,51.7229,60.7],[0.252589,51.72283,60.5],[0.25254,51.7228,60.4],[0.25249,51.72277,60.3],[0.252369,51.72264,60],[0.25228,51.72254,59.8],[0.25221,51.72241,59.4],[0.25211,51.72227,58.8],[0.25199,51.72215,58.4],[0.25194,51.7221,58.2],[0.251859,51.72202,57.9],[0.251759,51.72194,57.7],[0.25171,51.72189,57.6],[0.25166,51.72185,57.4],[0.25158,51.72176,57.3],[0.25146,51.72161,57.2],[0.25139,51.72144,57.2],[0.25134,51.72125,57.2],[0.25133,51.72124,57.2],[0.25133,51.72122,57.2],[0.25128,51.72105,57.1],[0.25123,51.72087,57],[0.25117,51.72072,57.2],[0.251139,51.72064,57.3],[0.25099,51.72032,58],[0.25095,51.72024,58.2],[0.25091,51.72017,58.4],[0.25084,51.72005,58.9],[0.250699,51.71986,59.2],[0.25063,51.71979,59.2],[0.250529,51.71969,59.4],[0.25034,51.71951,59.6],[0.250139,51.71932,59.8],[0.24969,51.71891,60.3],[0.24967,51.71889,60.3],[0.24946,51.71873,60.5],[0.24923,51.71854,60.8],[0.24882,51.71818,61.3],[0.24848,51.71792,61.9],[0.24844,51.71789,62],[0.24838,51.71785,62.1],[0.24823,51.71776,62.2],[0.24791,51.71762,62.1],[0.24771,51.71754,62.1],[0.24756,51.71747,62.1],[0.24751,51.71745,62.1],[0.24715,51.71724,62.4],[0.24682,51.71702,63],[0.24664,51.71689,63.4],[0.24652,51.71678,63.5],[0.24649,51.71675,63.6],[0.24648,51.71674,63.6],[0.24638,51.71662,63.7],[0.24623,51.71641,63.6],[0.24622,51.71639,63.6],[0.24605,51.71613,63.7],[0.24591,51.71589,63.9],[0.24572,51.71566,64.4],[0.24539,51.71527,65.4],[0.24534,51.71516,65.6],[0.24531,51.71508,65.8],[0.24527,51.71498,66],[0.24524,51.71483,65.9],[0.24523,51.71478,65.9],[0.2452,51.7147,65.9],[0.24511,51.71446,65.9],[0.24505,51.71423,65.9],[0.245,51.71402,65.8],[0.24496,51.71383,65.6],[0.24495,51.71352,65.2],[0.24495,51.71342,65.1],[0.24495,51.71323,65],[0.24495,51.71309,65],[0.24495,51.71303,65],[0.24505,51.71288,65],[0.24505,51.71288,65],[0.24511,51.71287,64.9],[0.24514,51.71286,64.9],[0.24517,51.71286,64.9],[0.2452,51.71285,64.9],[0.24522,51.71284,64.9],[0.24524,51.71282,64.9],[0.24527,51.71281,64.9],[0.24529,51.7128,64.9],[0.24531,51.71277,64.9],[0.24533,51.71275,64.9],[0.24534,51.71273,64.9],[0.24535,51.71271,64.9],[0.24536,51.71268,64.9],[0.24536,51.71266,64.9],[0.24536,51.71263,64.9],[0.24536,51.71261,64.9],[0.24535,51.71259,65],[0.24534,51.71256,65],[0.24532,51.71254,65],[0.24531,51.71252,65],[0.24528,51.7125,65],[0.24526,51.71249,65],[0.24524,51.71247,65],[0.24521,51.71246,65],[0.24518,51.71244,64.9],[0.24515,51.71244,64.9],[0.24512,51.71243,64.9],[0.24509,51.71242,64.9],[0.24506,51.71242,64.9],[0.24503,51.71242,64.9],[0.24499,51.71242,64.9],[0.24496,51.71242,64.9],[0.24493,51.71242,64.8],[0.2449,51.71243,64.8],[0.24485,51.71244,64.7],[0.24483,51.71245,64.7],[0.2448,51.71246,64.7],[0.24477,51.71247,64.7],[0.24475,51.71249,64.7],[0.24473,51.7125,64.7],[0.24471,51.71252,64.7],[0.2447,51.71254,64.7],[0.24428,51.71266,64.3],[0.2441,51.71268,64.2],[0.24381,51.71271,64.3],[0.24345,51.71274,64.3],[0.24338,51.71275,64.3],[0.24308,51.71277,64.1],[0.24263,51.7128,63.8],[0.24229,51.71282,63.6],[0.24222,51.71282,63.6],[0.24217,51.71282,63.5],[0.24177,51.71283,63.3],[0.24087,51.71285,61.3],[0.24047,51.71286,60.7],[0.23962,51.71288,59],[0.23889,51.71289,57.4],[0.2386,51.7129,56.9],[0.23779,51.71292,54.9],[0.23739,51.71293,53.8],[0.23716,51.71293,53.2],[0.23692,51.71294,52.6],[0.23659,51.71296,51.8],[0.23645,51.71298,51.5],[0.23635,51.71298,51.2],[0.2363,51.71299,51.1],[0.2361,51.71302,50.6],[0.23588,51.71306,50.1],[0.2358,51.71307,49.9],[0.2357,51.7131,49.7],[0.23536,51.71318,48.9],[0.23513,51.71323,48.3],[0.23501,51.71325,48],[0.23488,51.71327,47.7],[0.23487,51.71327,47.7],[0.23477,51.71328,47.4],[0.23473,51.71328,47.4],[0.23464,51.71329,47.1],[0.23452,51.7133,46.8],[0.23444,51.7133,46.7],[0.2344,51.7133,46.6],[0.2343,51.7133,46.3],[0.23419,51.7133,46.1],[0.23386,51.71329,45.6],[0.23338,51.71328,45.6],[0.2331,51.71328,45.6],[0.2329,51.71329,45.6],[0.23276,51.71331,45.7],[0.23259,51.71334,45.9],[0.23241,51.71337,46.1],[0.23224,51.71342,46.3],[0.23211,51.71346,46.5],[0.23195,51.71352,46.7],[0.23179,51.71359,46.9],[0.23162,51.71367,47],[0.23129,51.71385,47],[0.23119,51.7139,47],[0.23109,51.71394,47],[0.23092,51.714,47],[0.23058,51.71412,47],[0.23056,51.71412,47],[0.23053,51.71413,47],[0.22955,51.71444,47.2],[0.229,51.7146,47.6],[0.22897,51.71461,47.6],[0.22882,51.71465,47.7],[0.2287,51.71469,47.7],[0.22845,51.71477,47.9],[0.22832,51.71481,48],[0.22806,51.71493,48.3],[0.22788,51.71503,48.6],[0.22777,51.7151,48.7],[0.22774,51.71512,48.8],[0.22765,51.7152,48.9],[0.22757,51.71529,48.9],[0.22749,51.71538,49],[0.22744,51.71548,49],[0.22739,51.71561,49],[0.22734,51.71578,49],[0.22728,51.71614,49.6],[0.22726,51.71628,49.9],[0.22723,51.71644,50.2],[0.22721,51.71656,50.4],[0.22718,51.71667,50.6],[0.22714,51.71678,50.4],[0.22711,51.71686,50.3],[0.22705,51.71697,50.1],[0.22704,51.71698,50.1],[0.227,51.71705,49.9],[0.22694,51.71714,49.8],[0.22685,51.71723,49.5],[0.22676,51.71731,49.3],[0.22658,51.71743,49.3],[0.22637,51.71758,49.8],[0.22619,51.7177,50.2],[0.22605,51.7178,50.6],[0.22594,51.71786,50.8],[0.22579,51.71795,51],[0.22568,51.71801,51.1],[0.22552,51.71809,51.1],[0.22538,51.71816,51.1],[0.22523,51.71823,51.1],[0.22509,51.71828,51.1],[0.22497,51.71834,51],[0.22476,51.71842,51],[0.22456,51.7185,51],[0.22403,51.7187,51.5],[0.22396,51.71873,51.6],[0.2238,51.7188,51.8],[0.22367,51.71887,52],[0.22361,51.7189,52.1],[0.22349,51.71898,52.4],[0.2234,51.71904,52.6],[0.22328,51.71914,52.9],[0.22326,51.71915,52.9],[0.22318,51.71922,52.8],[0.22312,51.71928,52.7],[0.22296,51.71943,52.6],[0.22295,51.71945,52.5],[0.22277,51.71963,52.3],[0.22264,51.71975,52.2],[0.22252,51.71985,52],[0.22241,51.71993,51.9],[0.22229,51.72,51.7],[0.22214,51.72007,51.8],[0.22204,51.72011,51.8],[0.22179,51.72021,51.9],[0.2217,51.72025,51.9],[0.22155,51.72031,52],[0.2215,51.72033,52],[0.22075,51.72061,52.2],[0.22054,51.72069,52.5],[0.22042,51.72074,52.7],[0.22031,51.72077,52.8],[0.22017,51.72081,52.9],[0.2201,51.72083,53],[0.21999,51.72085,53],[0.21973,51.72088,53],[0.21948,51.7209,53],[0.21913,51.72091,52.9],[0.21904,51.72092,52.9],[0.21839,51.72092,52.8],[0.21828,51.72093,52.7],[0.21785,51.72093,52.3],[0.21712,51.72093,52],[0.21681,51.72094,52],[0.21668,51.72094,52],[0.21652,51.72095,52.2],[0.21639,51.72095,52.4],[0.21622,51.72095,52.7],[0.21616,51.72095,52.8],[0.21593,51.72096,53.2],[0.21559,51.72097,53.7],[0.21552,51.72098,53.8],[0.21544,51.72098,53.9],[0.21499,51.721,54.6],[0.21465,51.72102,54.9],[0.21457,51.72103,55],[0.2144,51.72104,55.1],[0.21437,51.72104,55.1],[0.21391,51.72108,55.3],[0.21344,51.72113,55.4],[0.21342,51.72113,55.4],[0.21305,51.72119,55.5],[0.21272,51.72126,55.5],[0.21238,51.72134,55.4],[0.21205,51.72142,55.3],[0.21204,51.72142,55.3],[0.21155,51.72154,55.3],[0.21151,51.72155,55.3],[0.21132,51.7216,55.5],[0.21124,51.72162,55.6],[0.21123,51.72162,55.6],[0.21087,51.72171,55.9],[0.2107,51.72175,55.9],[0.21058,51.72178,55.9],[0.21037,51.72186,55.8],[0.21023,51.72191,55.7],[0.20992,51.72205,55.6],[0.20979,51.72211,55.7],[0.20973,51.72214,55.8],[0.20964,51.72219,55.8],[0.20936,51.72234,56],[0.20911,51.72247,56.1],[0.20884,51.7226,56.6],[0.20881,51.72261,56.7],[0.2087,51.72266,56.9],[0.2086,51.7227,57.2],[0.20825,51.72282,57.9],[0.20782,51.72295,59],[0.20774,51.72298,59.2],[0.20738,51.72309,59.9],[0.20731,51.72311,60],[0.20709,51.72318,60.3],[0.20679,51.72328,60.8],[0.20657,51.72335,61.2],[0.20626,51.72347,61.9],[0.20599,51.72358,62.6],[0.20595,51.72359,62.7],[0.20577,51.72367,63.3],[0.20564,51.72373,63.8],[0.20555,51.72377,64.1],[0.20532,51.72386,64.9],[0.20505,51.72397,66],[0.20472,51.72409,67],[0.20426,51.72424,68],[0.20324,51.72457,70.6],[0.20266,51.72476,72.5],[0.20219,51.72491,73.9],[0.20173,51.72505,75],[0.20144,51.72514,75.7],[0.20125,51.72519,76.1],[0.20105,51.72524,76.5],[0.20082,51.72529,77],[0.20076,51.7253,77.1],[0.20049,51.72533,77.4],[0.20033,51.72534,77.5],[0.20006,51.72535,77.7],[0.19989,51.72535,77.7],[0.19966,51.72535,77.7],[0.19931,51.72534,77.8],[0.19906,51.72533,77.7],[0.19902,51.72533,77.7],[0.19837,51.72531,77.4],[0.19734,51.72527,77.8],[0.19672,51.72526,78.3],[0.19638,51.72525,78.1],[0.19617,51.72524,77.8],[0.196,51.72521,77.7],[0.19583,51.72518,77.6],[0.19567,51.72513,77.5],[0.19558,51.7251,77.5],[0.19553,51.72509,77.5],[0.19533,51.72501,77.4],[0.19522,51.72497,77.3],[0.19491,51.72483,77.1],[0.19451,51.72465,77.8],[0.19434,51.72459,78.2],[0.19418,51.72453,78.5],[0.19413,51.72451,78.6],[0.19404,51.72448,78.8],[0.1939,51.72445,79],[0.19386,51.72444,79],[0.19375,51.72441,79.2],[0.19357,51.72438,79.5],[0.1934,51.72435,79.7],[0.19323,51.72433,79.8],[0.19291,51.7243,79.8],[0.19264,51.72428,79.9],[0.19229,51.72425,79.9],[0.19209,51.72424,79.9],[0.19148,51.72419,80.2],[0.19121,51.72417,80.5],[0.19022,51.72409,81.9],[0.18997,51.72407,82.1],[0.18981,51.72406,81.9],[0.18962,51.72406,81.7],[0.18941,51.72408,81.5],[0.18912,51.7241,81.2],[0.18897,51.72412,81.1],[0.18897,51.72412,81.1],[0.18885,51.72413,81.1],[0.18863,51.72414,81.1],[0.18857,51.72415,81],[0.18835,51.72415,81],[0.18823,51.72415,80.9],[0.18806,51.72415,80.7],[0.18792,51.72415,80.5],[0.18777,51.72414,80.4],[0.18753,51.72413,80.1],[0.18716,51.72411,79.7],[0.1867,51.7241,79.1],[0.18647,51.72409,79.3],[0.18591,51.72406,80],[0.18589,51.72406,80.1],[0.1856,51.72405,80.4],[0.18522,51.72404,80.8],[0.18502,51.72403,81],[0.18476,51.72402,81.6],[0.18386,51.72399,83.7],[0.18357,51.72398,84.4],[0.18343,51.72398,84.8],[0.18304,51.72398,85.7],[0.18272,51.72399,86.5],[0.18254,51.72399,86.9],[0.18209,51.72399,87.5],[0.18198,51.72398,87.6],[0.18184,51.72396,87.8],[0.18175,51.72396,87.9],[0.18135,51.72394,88.9],[0.18133,51.72393,88.9],[0.18132,51.72392,89],[0.18131,51.72391,89],[0.18129,51.72391,89],[0.18128,51.7239,89.1],[0.18126,51.7239,89.1],[0.18125,51.72389,89.2],[0.18123,51.72389,89.2],[0.1811,51.72374,89.7],[0.18087,51.72355,90.6],[0.18073,51.72343,91.1],[0.18037,51.72315,92.1],[0.18016,51.72296,92.6],[0.17984,51.72261,93.2],[0.17975,51.72248,93.3],[0.1797,51.72242,93.5],[0.17948,51.72214,94.3],[0.17947,51.72212,94.4],[0.17945,51.7221,94.5],[0.17907,51.72161,96],[0.17883,51.72132,96],[0.17865,51.72114,96],[0.17855,51.72105,96],[0.17836,51.72087,96],[0.17833,51.72085,96],[0.17816,51.72071,95.5],[0.17798,51.72055,94.9],[0.17792,51.72051,94.7],[0.17789,51.72048,94.6],[0.17729,51.71998,92.8],[0.17703,51.71977,92.7],[0.17702,51.71976,92.7],[0.17702,51.71976,92.7],[0.17682,51.71961,92.7],[0.17665,51.71951,92.6],[0.17649,51.71943,92.3],[0.17622,51.71933,91.8],[0.17589,51.71924,91.1],[0.17561,51.71919,90.7],[0.17542,51.71916,90.5],[0.17533,51.71915,90.4],[0.17505,51.71912,90],[0.17479,51.71909,89.4],[0.1743,51.719,88.1],[0.17402,51.71894,87.6],[0.17367,51.71885,87],[0.1735,51.7188,86.8],[0.17222,51.71848,84.9],[0.17149,51.71829,84],[0.1712,51.71822,83.8],[0.17084,51.71813,83.5],[0.16987,51.71788,82.2],[0.16987,51.71787,82.2],[0.16987,51.71786,82.1],[0.16986,51.71785,82.1],[0.16985,51.71785,82.1],[0.16984,51.71785,82.1],[0.16983,51.71785,82.1],[0.16982,51.71785,82],[0.16981,51.71786,82.1],[0.16977,51.71786,82],[0.16882,51.71761,80.4],[0.16857,51.71755,80.2],[0.16832,51.71747,80],[0.16828,51.71745,79.9],[0.16816,51.71736,79.8],[0.16809,51.7173,79.7],[0.16794,51.71707,79.5],[0.16777,51.71675,79.3],[0.16768,51.71664,79.2],[0.16764,51.7166,79.2],[0.16748,51.71647,79.2],[0.16747,51.71647,79.2],[0.16723,51.71632,79.4],[0.16723,51.71632,79.4],[0.16705,51.71621,79.5],[0.16696,51.71613,79.6],[0.1669,51.71606,79.7],[0.16683,51.71598,79.8],[0.16675,51.71584,80],[0.16658,51.71552,80.1],[0.1663,51.71517,80.8],[0.16614,51.71501,81.3],[0.16593,51.71482,81.8],[0.16557,51.71455,82.1],[0.16544,51.71447,82.2],[0.16496,51.71417,82.1],[0.16424,51.7138,82.9],[0.16384,51.7136,83.1],[0.16372,51.71354,83.1],[0.16341,51.71338,83.1],[0.16328,51.71332,83.1],[0.16318,51.71327,83.4],[0.16306,51.71321,83.8],[0.16262,51.71301,84.8],[0.16225,51.71291,85.3],[0.16225,51.7129,85.3],[0.16226,51.7129,85.3],[0.16226,51.71289,85.3],[0.16225,51.71288,85.3],[0.16224,51.71287,85.3],[0.16223,51.71287,85.3],[0.16221,51.71286,85.3],[0.16217,51.71285,85.3],[0.16214,51.71285,85.4],[0.16211,51.71285,85.4],[0.1621,51.71285,85.4],[0.16209,51.71285,85.4],[0.16208,51.71286,85.4],[0.16207,51.71286,85.4],[0.16207,51.71287,85.5],[0.16197,51.71285,85.5],[0.16161,51.7128,85.8],[0.16137,51.71276,86],[0.16006,51.71258,87.1],[0.15982,51.71255,87.3],[0.15948,51.71251,87.7],[0.15928,51.7125,87.9],[0.15906,51.7125,88.1],[0.15866,51.7125,88.6],[0.15796,51.71258,90.2],[0.15737,51.71266,91.9],[0.15643,51.71278,94.1],[0.15641,51.71279,94.2],[0.15599,51.71289,95.2],[0.15591,51.7129,95.3],[0.15558,51.71295,95.8],[0.15528,51.71296,96.2],[0.15474,51.71296,96.5],[0.15358,51.71291,96.5],[0.15355,51.71291,96.5],[0.15281,51.71287,96.9],[0.1525,51.71285,97.2],[0.15189,51.71283,97.2],[0.15177,51.71283,97.2],[0.15176,51.71283,97.2],[0.15112,51.71284,96.5],[0.15039,51.71288,96.1],[0.15033,51.71289,96.1],[0.14995,51.71292,96.1],[0.14903,51.71298,97],[0.14859,51.71299,97.5],[0.1483,51.71299,97.8],[0.14828,51.71299,97.8],[0.14753,51.71298,97.7],[0.14677,51.71295,97.8],[0.14627,51.71292,98],[0.1462,51.71291,98],[0.14571,51.71288,98.2],[0.14541,51.71284,98.4],[0.14507,51.71281,98.6],[0.14484,51.71278,98.6],[0.14456,51.71275,98.5],[0.14427,51.71272,98.5],[0.14415,51.7127,98.5],[0.14347,51.71262,98.6],[0.14277,51.71253,100.2],[0.14264,51.7125,100.7],[0.14244,51.71245,101.2],[0.14214,51.71236,101.9],[0.1415,51.71213,103.1],[0.14055,51.71172,104.8],[0.1404,51.71165,105.2],[0.14018,51.71155,106.3],[0.14016,51.71154,106.4],[0.13945,51.71123,109.2],[0.13922,51.71113,109.9],[0.13896,51.71101,110.5],[0.13876,51.71093,110.8],[0.13874,51.71092,110.8],[0.13851,51.71082,111],[0.1384,51.71077,111.2],[0.1384,51.71077,111.2],[0.13835,51.71075,111.2],[0.13779,51.71058,110.8],[0.13749,51.7105,110.4],[0.13747,51.7105,110.4],[0.1372,51.71043,110.1],[0.13568,51.71006,107.8],[0.1356,51.71003,107.7],[0.13558,51.71003,107.7],[0.13532,51.70996,107.5],[0.13398,51.70961,105.5],[0.13325,51.70941,104.5],[0.13245,51.70911,106.1],[0.13238,51.70909,106.2],[0.13177,51.70884,106.8],[0.13147,51.70873,107.5],[0.13095,51.70852,109.3],[0.13059,51.70838,110.2],[0.130207,51.70823,110.7],[0.129957,51.70814,111.1],[0.129317,51.70794,112.6],[0.12895,51.70785,113.3],[0.128288,51.70767,114.1],[0.12817,51.70764,114.4],[0.12752,51.70745,115.8],[0.12692,51.70729,116.9],[0.12651,51.70717,117],[0.126347,51.70713,116.7],[0.125568,51.70692,115.6],[0.12511,51.70679,115.3],[0.12431,51.70657,116.4],[0.1237,51.7064,117.3],[0.12306,51.70621,117.9],[0.12217,51.70595,118.7],[0.12174,51.70584,118.9],[0.12167,51.70582,118.9],[0.12099,51.70564,116.2],[0.11963,51.70527,113.9],[0.1194,51.70521,113.8],[0.11932,51.7052,113.7],[0.11928,51.70519,113.7],[0.11921,51.70519,113.6],[0.11916,51.70519,113.5],[0.11911,51.7052,113.5],[0.11905,51.70521,113.4],[0.11905,51.70521,113.4],[0.11899,51.70513,113.5],[0.11889,51.70503,113.6],[0.11875,51.70488,113.5],[0.1187,51.70482,113.4],[0.11854,51.70465,113.2],[0.11836,51.70445,113],[0.11825,51.70435,112.8],[0.11815,51.70425,112.6],[0.11783,51.70389,111.5],[0.11743,51.70346,110],[0.11735,51.70337,109.7],[0.11715,51.70317,108.5],[0.11715,51.70317,108.5],[0.11689,51.70291,106.9],[0.11654,51.70258,105],[0.11649,51.70251,104.6],[0.11611,51.70221,104.6],[0.11582,51.70198,104.9],[0.11562,51.70185,105.2],[0.11561,51.70184,105.3],[0.11502,51.70149,106.9],[0.11468,51.70129,107.2],[0.11441,51.70113,107.6],[0.11436,51.70109,107.8],[0.11403,51.70094,108.3],[0.11401,51.70093,108.4],[0.11366,51.70072,109.1],[0.11348,51.70061,109],[0.11296,51.70024,108.7],[0.11289,51.70019,108.8],[0.11248,51.69989,109],[0.11238,51.69982,109],[0.11221,51.69969,109],[0.11165,51.69925,109],[0.11159,51.6992,109],[0.11123,51.69889,109.2],[0.11106,51.69874,109.4],[0.11072,51.69844,109.9],[0.11063,51.69836,110],[0.11063,51.69835,110],[0.11064,51.69835,110],[0.11064,51.69834,110],[0.11065,51.69834,110],[0.11065,51.69833,110],[0.11065,51.69832,110],[0.11064,51.69832,110],[0.11064,51.69831,110],[0.11063,51.69831,110],[0.11062,51.69831,110],[0.11062,51.6983,110],[0.11061,51.6983,110],[0.1103,51.69804,109.6],[0.11031,51.69804,109.6],[0.11031,51.69803,109.6],[0.11031,51.69802,109.6],[0.11032,51.69802,109.6],[0.11032,51.69801,109.6],[0.11032,51.698,109.6],[0.11032,51.69799,109.6],[0.11031,51.69799,109.6],[0.11031,51.69798,109.6],[0.11031,51.69797,109.6],[0.1103,51.69797,109.6],[0.11029,51.69796,109.6],[0.11028,51.69796,109.6],[0.11027,51.69795,109.5],[0.11026,51.69795,109.5],[0.11025,51.69795,109.5],[0.11024,51.69795,109.5],[0.11023,51.69795,109.5],[0.11022,51.69795,109.5],[0.11015,51.6979,109.5],[0.11001,51.69781,109.4],[0.10968,51.69759,108.6],[0.10956,51.6975,108.5],[0.10949,51.69745,108.3],[0.10911,51.69724,108],[0.10904,51.69719,107.9],[0.10894,51.69715,107.8],[0.1088,51.69709,107.8],[0.10859,51.69698,107.7],[0.10851,51.69694,107.7],[0.10837,51.69688,107.8],[0.10829,51.69685,107.7],[0.10806,51.69674,107.6],[0.10778,51.69662,107.4],[0.10744,51.69647,107.5],[0.1071,51.69634,107.8],[0.10693,51.69625,108],[0.10665,51.69613,108.3],[0.10629,51.69598,108.6],[0.10623,51.69596,108.7],[0.10612,51.69591,108.8],[0.10522,51.69554,109],[0.10454,51.69521,109.3],[0.10434,51.69512,109.6],[0.1043,51.69509,109.7],[0.10372,51.69474,110.3],[0.10288,51.69425,111.4],[0.10276,51.69419,111.7],[0.10265,51.69414,111.7],[0.10254,51.69409,111.6],[0.10204,51.69388,110.8],[0.10176,51.69377,110.5],[0.10136,51.69362,110.1],[0.10136,51.69362,110.1],[0.10126,51.69359,110.1],[0.10034,51.69328,110.4],[0.10034,51.69327,110.3],[0.10033,51.69327,110.3],[0.10033,51.69326,110.3],[0.10033,51.69325,110.3],[0.10032,51.69325,110.3],[0.10032,51.69324,110.2],[0.10031,51.69324,110.3],[0.10031,51.69323,110.2],[0.1003,51.69323,110.2],[0.10029,51.69322,110.2],[0.10028,51.69322,110.2],[0.10028,51.69321,110.2],[0.10027,51.69321,110.2],[0.10026,51.69321,110.2],[0.10025,51.69321,110.2],[0.10025,51.6932,110.2],[0.10024,51.6932,110.2],[0.10023,51.6932,110.2],[0.10022,51.6932,110.2],[0.10021,51.6932,110.2],[0.1002,51.6932,110.2],[0.10019,51.6932,110.3],[0.10018,51.6932,110.3],[0.10017,51.6932,110.3],[0.10016,51.6932,110.3],[0.10015,51.69321,110.3],[0.10014,51.69321,110.4],[0.10013,51.69321,110.4],[0.09919,51.69286,110.8],[0.09874,51.69271,111.3],[0.09839,51.69258,111.9],[0.09764,51.69233,112.8],[0.09637,51.6919,113.3],[0.09605,51.69179,113],[0.0959,51.69173,112.9],[0.09571,51.69166,112.9],[0.09399,51.69105,112],[0.09368,51.69095,111.9],[0.09362,51.69093,111.9],[0.09284,51.69059,111.7],[0.09273,51.69054,111.6],[0.09213,51.69028,111.5],[0.09193,51.69017,111.7],[0.09156,51.69,111.9],[0.09132,51.68989,112.1],[0.09123,51.68985,112.2],[0.09123,51.68984,112.2],[0.09094,51.68971,112.5],[0.09069,51.6896,112.9],[0.09031,51.68943,113.7],[0.09021,51.68939,113.9],[0.09005,51.6893,114.4],[0.08909,51.68887,114.4],[0.08881,51.68875,114.8],[0.08863,51.68867,115.1],[0.08825,51.68849,115.8],[0.08817,51.68846,115.7],[0.0877,51.68824,115.1],[0.08766,51.68822,115],[0.08755,51.68817,114.9],[0.08727,51.68804,115],[0.08684,51.68786,115.6],[0.08679,51.68784,115.7],[0.08613,51.68757,115.6],[0.08558,51.68735,115.2],[0.08524,51.68722,115.3],[0.08513,51.68718,115.4],[0.08458,51.68697,115.4],[0.08451,51.68694,115.4],[0.0843,51.68687,115.1],[0.08406,51.68678,114.8],[0.08401,51.68677,114.7],[0.084,51.68677,114.7],[0.08365,51.68666,114.2],[0.08306,51.68646,115.6],[0.08306,51.68646,115.6],[0.08272,51.68634,117.3],[0.08225,51.68619,119.1],[0.08221,51.68618,119.3],[0.08221,51.68617,119.4],[0.08217,51.68616,119.5],[0.08168,51.68596,121.6],[0.08119,51.68573,122.2],[0.08102,51.68566,122],[0.08079,51.68555,122],[0.08059,51.68546,122.1],[0.08056,51.68545,122.1],[0.08055,51.68544,122.1],[0.08039,51.68537,122.1],[0.08032,51.68534,122.2],[0.08009,51.68524,122.2],[0.08008,51.68524,122.2],[0.07985,51.68514,122.4],[0.07984,51.68514,122.4],[0.07937,51.68494,122.4],[0.07916,51.68485,122.4],[0.07888,51.68473,122.4],[0.07768,51.68423,123.1],[0.07745,51.68413,123.1],[0.07728,51.68404,123.5],[0.07722,51.68401,123.6],[0.07662,51.68369,124.7],[0.07646,51.68361,124.9],[0.0761,51.68342,125.1],[0.0758,51.68327,125],[0.07557,51.68314,124.9],[0.07494,51.68283,124.6],[0.07431,51.68249,124.2],[0.07361,51.68202,123.7],[0.07299,51.68152,124.5],[0.07279,51.68134,124.8],[0.07278,51.68133,124.8],[0.07218,51.68079,124.8],[0.07194,51.68061,124.2],[0.07148,51.6803,123.4],[0.07107,51.68006,123.6],[0.07089,51.67995,123.7],[0.07084,51.67992,123.7],[0.07043,51.67968,123.3],[0.0696,51.67921,122.1],[0.06873,51.67878,121.1],[0.0686,51.67872,120.9],[0.06848,51.67866,120.8],[0.06824,51.67856,120.7],[0.068,51.67846,120.7],[0.06753,51.67825,121],[0.06735,51.67817,121.1],[0.06703,51.67803,121.4],[0.06673,51.67788,121.4],[0.0665,51.67776,121.1],[0.06639,51.6777,120.9],[0.06637,51.67769,120.9],[0.0662,51.6776,120.6],[0.06608,51.67751,120.3],[0.06555,51.67719,119.6],[0.06518,51.67693,119.3],[0.065,51.67681,119.2],[0.06478,51.67667,118.7],[0.06463,51.67656,118.6],[0.06447,51.67645,118.3],[0.064227,51.67629,117.7],[0.06365,51.6759,115.9],[0.063297,51.67565,115.9],[0.06279,51.67528,117.4],[0.06279,51.67528,117.4],[0.06281,51.67526,117.5],[0.06283,51.67524,117.6],[0.06285,51.67521,117.7],[0.06286,51.67519,117.8],[0.062867,51.67517,117.9],[0.062867,51.67514,118],[0.062867,51.67511,118.1],[0.06286,51.67509,118.1],[0.06286,51.67506,118.2],[0.06285,51.67503,118.3],[0.06283,51.67501,118.4],[0.062798,51.67498,118.4],[0.06277,51.67496,118.4],[0.06274,51.67495,118.4],[0.062728,51.67494,118.5],[0.0627,51.67493,118.5],[0.06268,51.67493,118.4],[0.062659,51.67492,118.4],[0.06263,51.67492,118.4],[0.062617,51.67492,118.4],[0.06257,51.67492,118.4],[0.06253,51.67492,118.3],[0.06249,51.67492,118.3],[0.06245,51.67493,118.2],[0.06241,51.67494,118.1],[0.06237,51.67496,118],[0.06234,51.67498,117.9],[0.06208,51.67483,118.2],[0.0618,51.67464,118.8],[0.06176,51.67462,118.9],[0.06143,51.67439,119.8],[0.06119,51.67424,120.2],[0.061,51.67411,120.2],[0.06095,51.67408,120.1],[0.06078,51.67397,120],[0.06064,51.67387,120],[0.06051,51.67378,120],[0.06038,51.67369,120],[0.06021,51.67358,120],[0.06013,51.67353,120],[0.06,51.67344,120],[0.05994,51.6734,119.9],[0.05934,51.67299,118.2],[0.05902,51.67276,117.6],[0.05896,51.67272,117.5],[0.05846,51.67238,116.9],[0.05827,51.67224,116.6],[0.05819,51.67219,116.5],[0.05797,51.67204,116.3],[0.05785,51.67196,116.1],[0.05757,51.67177,116],[0.05752,51.67174,116],[0.05752,51.67174,116],[0.05746,51.6717,116],[0.05726,51.67156,115.7],[0.05699,51.67139,115.3],[0.05669,51.67116,114.8],[0.05612,51.67078,111.9],[0.05593,51.67065,110.9],[0.05576,51.67053,110],[0.0555,51.67036,108.9],[0.05543,51.67031,108.6],[0.05444,51.66964,103.5],[0.05409,51.6694,101.6],[0.05406,51.66938,101.5],[0.05397,51.66932,101],[0.05378,51.66918,100.1],[0.05351,51.66899,99.8],[0.05341,51.66893,99.7],[0.0534,51.66891,99.7],[0.0533,51.66885,99.8],[0.0532,51.66878,100.2],[0.05293,51.66859,101],[0.05276,51.66848,101.5],[0.05264,51.6684,101.7],[0.05255,51.66833,101.9],[0.05208,51.66801,102.1],[0.05174,51.66777,102.8],[0.05144,51.66757,103.3],[0.0506,51.66699,102.8],[0.0505,51.66693,102.6],[0.05024,51.66674,102.2],[0.04914,51.66599,103.2],[0.049,51.6659,103.1],[0.04884,51.66579,103.1],[0.04881,51.66577,103.1],[0.04863,51.66564,103.2],[0.04825,51.66537,103.7],[0.04821,51.66534,103.7],[0.04818,51.66533,103.8],[0.04798,51.6652,104.2],[0.04797,51.6652,104.2],[0.04757,51.66494,105.1],[0.04755,51.66493,105.1],[0.0472,51.66471,106.1],[0.04719,51.6647,106.1],[0.04672,51.66437,107.4],[0.04641,51.66413,108.6],[0.04617,51.66391,108.7],[0.04608,51.66382,108.7],[0.04602,51.66376,108.7],[0.04588,51.6636,108.6],[0.04585,51.66356,108.5],[0.04575,51.66346,108.4],[0.04574,51.66344,108.4],[0.04547,51.66312,107],[0.04535,51.66298,106.2],[0.04533,51.66297,106.2],[0.0453,51.66293,105.9],[0.04506,51.66265,104.1],[0.04505,51.66264,104],[0.04487,51.66244,103],[0.04479,51.66234,102.6],[0.04466,51.6622,102.1],[0.04464,51.66218,102],[0.04447,51.66199,101.2],[0.04417,51.66165,99.9],[0.04404,51.66149,99.9],[0.0439,51.66133,100],[0.04364,51.66102,100.5],[0.0435,51.66086,101],[0.04341,51.66074,101.4],[0.04327,51.66056,101.9],[0.04324,51.66053,101.9],[0.04319,51.66047,102],[0.04316,51.66042,102],[0.04314,51.6604,102.1],[0.04267,51.65977,100.4],[0.0422,51.65913,95.2],[0.04172,51.65848,94.2],[0.04143,51.6581,94.9],[0.04135,51.65799,95.1],[0.04128,51.6579,95.2],[0.04121,51.6578,95.3],[0.04093,51.65744,94.6],[0.04086,51.65734,93.7],[0.04078,51.65725,92.9],[0.04071,51.65716,92.1],[0.04065,51.65708,91.5],[0.04041,51.65677,88.9],[0.04034,51.65667,88],[0.04021,51.6565,86.9],[0.0398,51.65597,84.3],[0.03974,51.65589,84],[0.03972,51.65572,84],[0.03974,51.6557,84.1],[0.03975,51.65568,84.1],[0.03976,51.65566,84.1],[0.03977,51.65564,84.2],[0.03977,51.65562,84.2],[0.03978,51.6556,84.3],[0.03978,51.65558,84.4],[0.03977,51.65557,84.4],[0.03977,51.65555,84.5],[0.03976,51.65553,84.6],[0.03975,51.65551,84.6],[0.03974,51.6555,84.7],[0.03974,51.65549,84.7],[0.03974,51.65548,84.8],[0.03973,51.65547,84.8],[0.03972,51.65546,84.9],[0.03971,51.65545,84.9],[0.0397,51.65544,85],[0.03969,51.65543,85],[0.03965,51.65541,85.2],[0.03963,51.6554,85.2],[0.0396,51.65539,85.3],[0.03958,51.65538,85.4],[0.03955,51.65538,85.4],[0.03952,51.65537,85.5],[0.0395,51.65537,85.5],[0.03947,51.65537,85.6],[0.03944,51.65537,85.6],[0.03941,51.65537,85.7],[0.0394,51.65532,85.8],[0.03939,51.65531,85.9],[0.03924,51.65516,86.5],[0.03923,51.65515,86.6],[0.03914,51.65496,87],[0.03904,51.65477,86.8],[0.03893,51.65454,86.4],[0.03878,51.65415,85.4],[0.03877,51.65412,85.2],[0.03871,51.65394,83.9],[0.0387,51.65392,83.8],[0.03867,51.65381,83],[0.03852,51.65339,79.8],[0.03851,51.65337,79.7],[0.0385,51.65334,79.4],[0.03846,51.65321,78.8],[0.03843,51.65313,78.5],[0.03838,51.65301,77.9],[0.03836,51.65295,77.7],[0.03831,51.65281,77.1],[0.03824,51.65261,76.3],[0.03819,51.65247,75.6],[0.03806,51.65211,73.3],[0.03805,51.6521,73.3],[0.03799,51.65192,72.1],[0.03793,51.65177,71.1],[0.03787,51.65161,70.2],[0.03782,51.65148,69.6],[0.03772,51.65118,68.1],[0.03767,51.65106,67.4],[0.03763,51.65095,66.9],[0.0376,51.65089,66.5],[0.0376,51.65088,66.5],[0.03758,51.65084,66.2],[0.03755,51.65075,65.8],[0.03751,51.65065,65.4],[0.03732,51.65013,62.9],[0.03728,51.65001,62.2],[0.03723,51.64989,61.8],[0.03716,51.64968,61.2],[0.0371,51.64953,60.7],[0.03705,51.64938,60.3],[0.03704,51.64935,60.2],[0.03698,51.64916,59.7],[0.0369,51.64896,58.9],[0.03676,51.64857,57.2],[0.03673,51.6485,56.8],[0.03658,51.64808,56.4],[0.03654,51.64801,56.5],[0.03647,51.64782,56.9],[0.03646,51.64777,56.9],[0.03637,51.64753,57.3],[0.03628,51.64734,57.3],[0.03625,51.64727,57.2],[0.03621,51.64715,57.1],[0.03618,51.64706,57],[0.03617,51.64699,56.9],[0.03614,51.6469,56.7],[0.03607,51.64672,56.4],[0.03603,51.64658,56.1],[0.03596,51.64639,55.5],[0.03589,51.6462,55],[0.03575,51.64583,53.9],[0.03572,51.64573,53.8],[0.03561,51.64545,53.6],[0.03555,51.64526,53.4],[0.03542,51.64492,53],[0.03536,51.64476,52.9],[0.03528,51.64455,52.8],[0.0352,51.64431,52.9],[0.03519,51.64428,52.9],[0.03507,51.644,53.6],[0.03495,51.6437,54.6],[0.03494,51.64367,54.7],[0.03494,51.64366,54.8],[0.03473,51.64308,56.8],[0.03465,51.64289,57.6],[0.03465,51.64288,57.7],[0.03465,51.64287,57.7],[0.03463,51.64282,57.9],[0.03455,51.64258,59],[0.03445,51.64232,59.6],[0.03442,51.64224,59.8],[0.0344,51.64217,59.9],[0.03426,51.64182,60.7],[0.03417,51.64154,61.5],[0.03408,51.64126,62.4],[0.03402,51.64107,63],[0.03399,51.64096,63.3],[0.03392,51.64069,64.3],[0.03391,51.64063,64.6],[0.03385,51.64038,65.6],[0.03379,51.64004,66.9],[0.03378,51.64001,67],[0.03375,51.63982,66.5],[0.03374,51.63976,66.3],[0.03368,51.63947,65.3],[0.03361,51.63912,64.4],[0.03359,51.63905,64.5],[0.03356,51.63885,64.9],[0.03341,51.63827,66],[0.03328,51.6378,65.8],[0.03319,51.63754,65.6],[0.03312,51.63732,65.1],[0.03302,51.63701,64.1],[0.033,51.63696,63.9],[0.03288,51.6366,62.8],[0.03284,51.6365,62.5],[0.03275,51.63623,61.7],[0.032668,51.63599,60.9],[0.03259,51.63574,60.8],[0.03243,51.63526,62.6],[0.03239,51.63516,63.1],[0.0323,51.63488,64.3],[0.03223,51.63468,65.1],[0.03219,51.63455,65.6],[0.03211,51.63432,66.4],[0.032079,51.63422,66.8],[0.03203,51.63409,67.3],[0.032009,51.63402,67.6],[0.03198,51.63394,67.9],[0.03189,51.63368,69],[0.03184,51.63352,69.7],[0.031808,51.63342,70.1],[0.03179,51.63336,70.3],[0.03161,51.63292,70.8],[0.03161,51.63286,70.9],[0.03155,51.63268,71],[0.03144,51.63238,70.6],[0.03139,51.63224,69.9],[0.03139,51.63221,69.9],[0.03129,51.63194,68.5],[0.03121,51.63171,67.4],[0.03114,51.63151,67.1],[0.03111,51.6314,67.2],[0.03096,51.63098,67.3],[0.03089,51.63076,67.4],[0.03082,51.63057,67.6],[0.03068,51.63018,68],[0.03064,51.63007,68.1],[0.03061,51.62998,68.3],[0.03058,51.62989,68.4],[0.03046,51.62953,69.1],[0.03031,51.62912,69.6],[0.03028,51.62902,69.7],[0.03027,51.62898,69.7],[0.03025,51.62892,69.8],[0.0302,51.62877,69.9],[0.03017,51.62869,70],[0.03008,51.62841,70.2],[0.03006,51.62834,70.3],[0.03,51.62817,70.4],[0.02995,51.62804,70.5],[0.02991,51.62791,70.7],[0.02981,51.6276,71.1],[0.02974,51.62742,71],[0.02959,51.62697,70.2],[0.0294,51.62641,70.3],[0.02938,51.62635,70.4],[0.02927,51.62602,71.5],[0.02918,51.62577,72.2],[0.02915,51.62567,72.3],[0.02908,51.62545,72.6],[0.02902,51.62525,72.9],[0.02898,51.62513,73],[0.02896,51.62506,73.1],[0.02893,51.62496,73.3],[0.02891,51.62488,73.4],[0.02891,51.62487,73.4],[0.02885,51.62465,73.9],[0.0288,51.62451,74.1],[0.02877,51.62441,74.3],[0.02872,51.62423,74.7],[0.02869,51.62412,75.1],[0.02866,51.62402,75.4],[0.02862,51.62387,76],[0.02859,51.62378,76.3],[0.02855,51.62364,76.9],[0.02849,51.62343,77.7],[0.02843,51.62323,78.3],[0.02838,51.62304,78.7],[0.02832,51.62283,79.2],[0.0283,51.62275,79.3],[0.02826,51.62264,79.4],[0.02823,51.62251,79.6],[0.0282,51.62242,79.6],[0.02812,51.62213,79.5],[0.02807,51.62197,79.5],[0.02801,51.62175,79.5],[0.02796,51.62157,79],[0.02792,51.62145,78.3],[0.02791,51.62139,78],[0.02788,51.62129,77.4],[0.02786,51.62122,77.1],[0.02784,51.62117,76.8],[0.02781,51.62107,76.2],[0.02778,51.62094,75.6],[0.02778,51.62092,75.5],[0.02778,51.62089,75.3],[0.02779,51.62086,75.1],[0.02779,51.62083,75],[0.0278,51.62072,74.4],[0.0278,51.62062,73.9],[0.0278,51.62061,73.8],[0.02779,51.62057,73.6],[0.02778,51.62051,73.3],[0.02778,51.62046,73.1],[0.02769,51.62024,72],[0.02768,51.62023,71.9],[0.02765,51.62015,71.6],[0.02761,51.62007,71.2],[0.02756,51.61994,70.7],[0.02748,51.61976,70.2],[0.02743,51.61964,69.9],[0.0274,51.61956,69.7],[0.02737,51.61951,69.6],[0.02725,51.61926,69.2],[0.02722,51.61921,69.1],[0.02718,51.61914,69.1],[0.0271,51.61897,69.2],[0.02701,51.6188,69.3],[0.02688,51.61855,69.5],[0.0268,51.61839,69.6],[0.02673,51.61826,69.9],[0.02665,51.61812,70.3],[0.02649,51.61781,70.9],[0.02638,51.61759,71.5],[0.02634,51.61752,71.7],[0.02625,51.61737,72.2],[0.0261,51.61709,72.9],[0.02597,51.61685,73.5],[0.02592,51.61675,73.7],[0.02578,51.61647,74.1],[0.02567,51.61625,74.2],[0.0256,51.61607,74.3],[0.02558,51.61603,74.3],[0.02549,51.61581,74.4],[0.02543,51.61568,74.6],[0.02531,51.6154,75],[0.02516,51.61502,75.6],[0.02515,51.61499,75.6],[0.02509,51.61484,75.6],[0.02502,51.61467,75.6],[0.02497,51.61454,75.5],[0.02489,51.61448,75.4],[0.02486,51.61441,75.3],[0.02483,51.61434,75.3],[0.02478,51.61422,75.1],[0.02477,51.61419,75],[0.0247,51.61404,74.3],[0.02466,51.61397,73.9],[0.02462,51.61388,73.4],[0.02455,51.61375,72.8],[0.02448,51.61364,72.4],[0.02419,51.61318,71.7],[0.02413,51.61308,71.8],[0.024,51.61285,71.8],[0.02401,51.61285,71.8],[0.02401,51.61284,71.8],[0.02402,51.61284,71.8],[0.02403,51.61284,71.7],[0.02403,51.61283,71.7],[0.02404,51.61283,71.7],[0.02404,51.61282,71.7],[0.02404,51.61281,71.7],[0.02404,51.6128,71.7],[0.02404,51.61279,71.7],[0.02403,51.61279,71.7],[0.02403,51.61278,71.7],[0.02402,51.61278,71.7],[0.02401,51.61278,71.7],[0.02401,51.61277,71.7],[0.024,51.61277,71.7],[0.02399,51.61277,71.7],[0.02398,51.61277,71.8],[0.02397,51.61277,71.8],[0.02396,51.61277,71.8],[0.02395,51.61277,71.8],[0.02377,51.61249,71.9],[0.02369,51.61236,71.7],[0.02361,51.61224,71.5],[0.02356,51.61215,71.3],[0.02352,51.6121,71.2],[0.02343,51.61196,70.9],[0.02337,51.61186,70.6],[0.02326,51.61171,70.1],[0.02319,51.61161,69.6],[0.02315,51.61155,69.4],[0.02309,51.61147,69.1],[0.02308,51.61145,69.1],[0.0229,51.61122,68.4],[0.02278,51.61108,68.2],[0.02237,51.61057,67.5],[0.02228,51.61046,67.2],[0.02226,51.61043,67.2],[0.0222,51.61035,67],[0.02208,51.6102,66.6],[0.02194,51.61001,66],[0.02164,51.6096,66],[0.02157,51.60951,65.9],[0.02152,51.60943,65.8],[0.02146,51.60934,65.8],[0.02138,51.60922,65.7],[0.02131,51.60913,65.5],[0.02126,51.60906,65.4],[0.02114,51.60887,65.3],[0.02107,51.60876,65.4],[0.02107,51.60876,65.4],[0.020485,51.608002,66.2],[0.020485,51.608002,66.2],[0.019938,51.607345,66.2],[0.01958,51.606922,64.4],[0.01958,51.606922,64.4],[0.019307,51.606717,64],[0.019307,51.606717,64],[0.019081,51.606546,63.4],[0.019081,51.606546,63.4],[0.018904,51.606321,62.5],[0.018904,51.606321,62.5],[0.018561,51.605909,61],[0.018561,51.605909,61],[0.018207,51.605471,62.5],[0.018207,51.605471,62.5],[0.01796,51.605126,63.7],[0.01796,51.605126,63.7],[0.017901,51.604975,64],[0.017901,51.604975,64],[0.017697,51.604826,64.2],[0.017697,51.604826,64.2],[0.017483,51.604615,64.5],[0.01743,51.60459,64.5],[0.01736,51.60451,64.6],[0.0173,51.60443,64.7],[0.01727,51.60438,64.7],[0.01724,51.60435,64.8],[0.01709,51.60418,65],[0.01688,51.60394,64.7],[0.01672,51.60377,64.5],[0.01657,51.60361,64.5],[0.01644,51.60346,64.7],[0.01633,51.60334,64.8],[0.016,51.60296,64.6],[0.01504,51.60188,67.6],[0.01459,51.60138,67.8],[0.01433,51.6011,67.4],[0.01421,51.60096,67.3],[0.01413,51.60088,67.2],[0.01402,51.60076,67.3],[0.01387,51.60059,67.6],[0.01383,51.60055,67.7],[0.01368,51.60036,68.2],[0.01355,51.60021,68.5],[0.01344,51.60009,68.8],[0.01332,51.59995,69],[0.01331,51.59993,69],[0.0132,51.59981,69],[0.01294,51.59946,68.7],[0.01276,51.59922,68.4],[0.01273,51.59916,68.3],[0.01268,51.5991,68.3],[0.01257,51.5989,68.4],[0.01251,51.5988,68.4],[0.01243,51.59865,68.7],[0.01238,51.59856,68.8],[0.01232,51.59845,69],[0.01199,51.59779,68.3],[0.01185,51.59751,67.8],[0.01171,51.59724,66.7],[0.0117,51.59722,66.6],[0.01161,51.59705,65.8],[0.01158,51.59698,65.4],[0.01158,51.59698,65.4],[0.0115,51.59681,64.5],[0.01155,51.59669,64],[0.01159,51.59662,63.5],[0.01164,51.59653,62.7],[0.01168,51.59646,62],[0.01173,51.59638,61.3],[0.01174,51.59632,60.7],[0.01175,51.59624,60],[0.01187,51.59603,58.3],[0.012,51.59582,56.8],[0.012,51.59576,56.8],[0.01201,51.59571,56.8],[0.01204,51.59566,56.8],[0.01207,51.5956,56.8],[0.01208,51.59556,56.8],[0.01209,51.59551,56.8],[0.01209,51.59547,56.8],[0.01207,51.59543,56.8],[0.01205,51.5954,56.8],[0.01203,51.59537,56.8],[0.012,51.59534,56.8],[0.01197,51.59532,56.8],[0.01187,51.59525,56.8],[0.01183,51.59522,56.8],[0.01179,51.5952,56.8],[0.01145,51.59506,56.9],[0.01112,51.59493,57.2],[0.01106,51.59488,57.3],[0.01098,51.59484,57.4],[0.0109,51.59481,57.5],[0.01085,51.59478,57.5],[0.01075,51.59475,57.6],[0.01065,51.59469,57.7],[0.01059,51.59465,57.7],[0.01057,51.59463,57.7],[0.01053,51.59461,57.8],[0.0105,51.59457,57.8],[0.01045,51.59449,57.9],[0.01026,51.59415,58.3],[0.01026,51.59415,58.3],[0.01011,51.59413,58],[0.00991,51.59408,57.7],[0.00981,51.59405,57.5],[0.00973,51.59404,57.4],[0.0097,51.59404,57.3],[0.00964,51.59404,57.3],[0.00956,51.59405,57.2],[0.00912,51.59398,56.5],[0.0087,51.59391,56],[0.0085,51.59389,55.8],[0.00795,51.59379,55.1],[0.00767,51.59374,54.7],[0.00748,51.59371,54.5],[0.00739,51.59369,54.4],[0.00708,51.59364,54.4],[0.00683,51.59359,54.3],[0.00655,51.59354,54],[0.00648,51.59353,53.8],[0.00618,51.59347,53.1],[0.00591,51.59342,52.4],[0.00568,51.59337,51.9],[0.00546,51.59333,51.5],[0.00517,51.59328,51.1],[0.00512,51.59327,51],[0.00492,51.59323,50.6],[0.00475,51.5932,50.1],[0.00474,51.5932,50.1],[0.00449,51.59315,49.3],[0.004028,51.59307,48.1],[0.0038,51.59304,47.6],[0.00379,51.59303,47.5],[0.00348,51.59299,46.9],[0.00311,51.59294,45.7],[0.00311,51.59294,45.7],[0.00293,51.59291,45],[0.0024,51.59285,43.1],[0.00183,51.59278,41.2],[0.00162,51.59275,40.4],[0.00133,51.59272,39.3],[0.00123,51.5927,38.9],[0.00101,51.59268,38.1],[0.00074,51.59264,37],[0.00067,51.59264,36.8],[0.00063,51.59263,36.6],[0.0006,51.59263,36.5],[0.00054,51.59263,36.3],[0.00046,51.59262,36],[0.00042,51.59262,35.9],[0.0003,51.59261,35.4],[0.0002,51.5926,35.1],[0.00006,51.59259,34.5],[0.00003,51.59258,34.4],[-0.00007,51.59255,34],[-0.00015,51.59253,34],[-0.00027,51.59252,34],[-0.00034,51.59251,34],[-0.00055,51.59249,31],[-0.00067,51.59247,31],[-0.00083,51.59245,30.6],[-0.00106,51.59242,30.1],[-0.00112,51.59242,30],[-0.00136,51.59239,29.5],[-0.00141,51.59238,29.4],[-0.00154,51.59237,29.1],[-0.00157,51.59237,29],[-0.00162,51.59237,28.9],[-0.00171,51.59239,28.7],[-0.00175,51.59238,28.6],[-0.00183,51.59236,28.5],[-0.00199,51.59233,28.1],[-0.00245,51.59226,27.1],[-0.00257,51.59224,26.9],[-0.00273,51.59221,26.8],[-0.00277,51.5922,26.8],[-0.00291,51.59218,26.7],[-0.00305,51.59215,26.6],[-0.00325,51.5921,26.5],[-0.00338,51.59206,26.5],[-0.0034,51.59206,26.5],[-0.00347,51.59204,26.5],[-0.00352,51.59203,26.5],[-0.00362,51.59201,26.4],[-0.00369,51.59197,26.5],[-0.00378,51.59192,26.5],[-0.00391,51.59189,26.5],[-0.004,51.59186,26.6],[-0.00411,51.59183,26.6],[-0.00415,51.59182,26.6],[-0.00427,51.59179,26.7],[-0.00444,51.59174,26.8],[-0.00444,51.59174,26.8],[-0.00459,51.5917,26.9],[-0.0046,51.5917,26.9],[-0.0046,51.5917,26.9],[-0.0048,51.59164,27.1],[-0.00485,51.59162,27.2],[-0.00485,51.59162,27.2],[-0.00507,51.59157,27.3],[-0.00518,51.59155,27.3],[-0.00531,51.59152,27.3],[-0.00546,51.5915,27.3],[-0.00564,51.59147,27.3],[-0.0058,51.59145,27.3],[-0.00583,51.59145,27.3],[-0.00585,51.59145,27.3],[-0.00588,51.59145,27.3],[-0.00592,51.59144,27.3],[-0.00597,51.59144,27.2],[-0.00609,51.59142,27.3],[-0.00616,51.59141,27.3],[-0.00639,51.59134,27.6],[-0.0066,51.5913,27.7],[-0.00673,51.59128,27.7],[-0.00691,51.59124,27.9],[-0.00708,51.5912,28.1],[-0.00726,51.59117,28.2],[-0.00752,51.59109,28.5],[-0.00775,51.59102,28.9],[-0.007889,51.59097,29.2],[-0.00805,51.59092,29.5],[-0.00814,51.59088,29.7],[-0.00826,51.59083,30],[-0.00836,51.59078,30.1],[-0.00849,51.59074,29.8],[-0.00851,51.59073,29.8],[-0.00864,51.59069,29.6],[-0.00874,51.59064,29.5],[-0.00898,51.59056,29.1],[-0.00917,51.59052,28.7],[-0.00952,51.59045,28.1],[-0.00982,51.59039,27.5],[-0.01016,51.59032,27],[-0.01083,51.59019,26.3],[-0.01101,51.59016,26.4],[-0.01122,51.59014,26.4],[-0.01135,51.59012,26.5],[-0.01153,51.59009,26.6],[-0.01167,51.59007,26.7],[-0.01209,51.59002,26.9],[-0.01236,51.58998,27.2],[-0.01259,51.58997,27.3],[-0.01295,51.58995,27.4],[-0.01324,51.58993,27.6],[-0.0133,51.58993,27.6],[-0.0147,51.58984,26.8],[-0.01485,51.58986,26.5],[-0.01528,51.58985,26.8],[-0.01541,51.58986,26.9],[-0.01567,51.58988,27.1],[-0.01573,51.58989,27],[-0.016219,51.58997,26.8],[-0.01666,51.59005,26.7],[-0.01685,51.59008,26.1],[-0.01701,51.5901,25.6],[-0.01711,51.59012,25.3],[-0.01737,51.59017,24.5],[-0.01808,51.59033,22.3],[-0.01837,51.5904,21.5],[-0.01847,51.59043,21.4],[-0.01888,51.59051,20.8],[-0.01932,51.59064,19.9],[-0.01977,51.59076,19.4],[-0.01996,51.5908,19.2],[-0.02003,51.59081,19.1],[-0.02008,51.59081,19],[-0.02014,51.59082,18.9],[-0.0202,51.59083,18.8],[-0.02028,51.59084,18.7],[-0.02034,51.59085,18.6],[-0.0204,51.59085,18.5],[-0.02041,51.59085,18.5],[-0.02048,51.59085,18.4],[-0.02056,51.59085,18.3],[-0.02063,51.59084,18.2],[-0.0207,51.59084,18.2],[-0.02084,51.59083,18],[-0.02101,51.5908,18.2],[-0.02117,51.59078,18.2],[-0.02126,51.59076,18.3],[-0.02132,51.59075,18.3],[-0.0214,51.59074,18.4],[-0.02148,51.59073,18.4],[-0.02164,51.5907,18.5],[-0.02188,51.59065,18.7],[-0.02197,51.59063,18.8],[-0.022,51.59062,18.9],[-0.02234,51.59054,19.3],[-0.02245,51.59051,19.5],[-0.02268,51.59044,19.9],[-0.0229,51.59038,20.2],[-0.02298,51.59036,20.3],[-0.02306,51.59034,20.4],[-0.02312,51.59033,20.4],[-0.0232,51.59031,20.5],[-0.02329,51.5903,20.6],[-0.02338,51.59028,20.6],[-0.02357,51.59025,20.6],[-0.02452,51.59011,20.6],[-0.0255,51.58998,22.3],[-0.02596,51.58993,23.5],[-0.02611,51.58991,23.8],[-0.0262,51.5899,24.1],[-0.02647,51.58988,24.7],[-0.02655,51.58987,24.9],[-0.02662,51.58985,25.1],[-0.02677,51.58984,25],[-0.02692,51.58982,24.7],[-0.02702,51.5898,24.6],[-0.0272,51.58978,24.3],[-0.02725,51.58977,24.3],[-0.02738,51.58974,24.1],[-0.02748,51.58972,24],[-0.02765,51.5897,24],[-0.02783,51.58968,23.9],[-0.02794,51.58966,23.9],[-0.02806,51.58965,23.9],[-0.02837,51.58961,23.8],[-0.0285,51.58959,23.7],[-0.02859,51.58958,23.6],[-0.02868,51.58957,23.4],[-0.02881,51.58954,23.3],[-0.02888,51.58953,23.2],[-0.02894,51.58952,23.2],[-0.02899,51.5895,23.1],[-0.02909,51.58948,23],[-0.0293,51.58942,22.9],[-0.0294,51.5894,22.8],[-0.02952,51.58936,22.7],[-0.02989,51.58923,22.2],[-0.02992,51.58922,22.1],[-0.03001,51.58918,22],[-0.0301,51.58914,21.9],[-0.03011,51.58914,21.9],[-0.03022,51.58909,21.8],[-0.03031,51.58904,21.7],[-0.03036,51.58901,21.7],[-0.03041,51.58898,21.6],[-0.03045,51.58896,21.6],[-0.03049,51.58895,21.5],[-0.03061,51.5889,21.4],[-0.03081,51.58884,21],[-0.03126,51.58871,20.5],[-0.0323,51.5884,18.5],[-0.0328,51.58825,17.6],[-0.03298,51.58819,17.4],[-0.03314,51.58814,17.2],[-0.03324,51.5881,17.1],[-0.0334,51.58805,17],[-0.03346,51.58803,17],[-0.03352,51.58802,16.9],[-0.03365,51.58799,16.9],[-0.0338,51.58796,16.9],[-0.03398,51.58792,17],[-0.03403,51.58792,17],[-0.03418,51.5879,17],[-0.03425,51.58789,17.1],[-0.03447,51.58785,17.2],[-0.03474,51.58782,17.2],[-0.03528,51.58775,17.1],[-0.03582,51.58768,16.6],[-0.03598,51.58766,16.6],[-0.03625,51.58763,16.7],[-0.03645,51.58761,16.7],[-0.03675,51.58759,16.8],[-0.03691,51.58757,16.8],[-0.03715,51.58755,16.8],[-0.03738,51.58753,16.9],[-0.0375,51.58752,16.9],[-0.03772,51.5875,17],[-0.03783,51.58749,17],[-0.038,51.58747,16.9],[-0.03809,51.58746,16.9],[-0.03825,51.58745,16.9],[-0.03849,51.58743,16.5],[-0.03874,51.58739,15.8],[-0.03881,51.58739,15.7],[-0.03914,51.58735,14.9],[-0.03921,51.58734,14.8],[-0.03941,51.58732,14.6],[-0.03974,51.58729,14.2],[-0.03995,51.58727,14],[-0.04023,51.58725,13.4],[-0.04056,51.58722,12.7],[-0.04118,51.58717,11.4],[-0.04138,51.58713,11.1],[-0.04149,51.58712,10.9],[-0.04257,51.58699,8.9],[-0.04273,51.58696,8.7],[-0.04313,51.58691,8.2],[-0.04364,51.58685,8],[-0.04404,51.58681,8],[-0.04444,51.58677,8],[-0.0447,51.58674,8],[-0.0451,51.58672,7.9],[-0.04514,51.58672,7.9],[-0.04527,51.5867,7.9],[-0.04555,51.58668,7.9],[-0.0456,51.58668,7.9],[-0.04599,51.58664,7.8],[-0.04609,51.58663,7.8],[-0.04627,51.58661,7.8],[-0.04659,51.58658,7.8],[-0.04659,51.58658,7.8],[-0.04687,51.58655,8.1],[-0.04708,51.58653,8.5],[-0.04792,51.58644,9.3],[-0.04796,51.58644,9.3],[-0.04821,51.58642,9.4],[-0.04912,51.58633,9.4],[-0.04964,51.58627,10],[-0.04993,51.58625,10.4],[-0.05032,51.58621,10.1],[-0.05062,51.58618,9.6],[-0.05073,51.58617,9.4],[-0.05082,51.58617,9.2],[-0.05091,51.58617,9.1],[-0.05099,51.58617,9],[-0.05108,51.58617,8.8],[-0.0511,51.58617,8.8],[-0.05115,51.58618,8.7],[-0.05123,51.58619,8.6],[-0.05132,51.5862,8.5],[-0.05143,51.58622,8.3],[-0.05156,51.58624,8.1],[-0.05169,51.58628,8],[-0.05173,51.58629,8.1],[-0.05185,51.58634,8.3],[-0.05187,51.58635,8.3],[-0.05197,51.58639,8.5],[-0.05208,51.58644,8.7],[-0.05216,51.58649,8.9],[-0.05243,51.58661,9.5],[-0.05255,51.58666,9.7],[-0.05271,51.58674,10.1],[-0.05285,51.5868,10.2],[-0.05289,51.58682,10.2],[-0.05316,51.58693,10],[-0.05321,51.58695,9.9],[-0.05341,51.58702,9.8],[-0.05353,51.58706,9.7],[-0.05355,51.58707,9.7],[-0.05363,51.5871,9.7],[-0.05368,51.58712,9.7],[-0.05458,51.58733,9.2],[-0.05488,51.5874,9.1],[-0.05546,51.58754,8.5],[-0.05553,51.58756,8.5],[-0.05579,51.58763,8.6],[-0.05597,51.58768,8.7],[-0.05605,51.5877,8.7],[-0.05619,51.58773,8.8],[-0.05631,51.58776,8.8],[-0.05643,51.58778,8.9],[-0.05644,51.58778,8.9],[-0.05654,51.5878,8.9],[-0.05663,51.58782,9],[-0.05669,51.58782,9],[-0.05678,51.58784,9.2],[-0.05682,51.58785,9.2],[-0.05699,51.58787,9.5],[-0.0571,51.58788,9.7],[-0.05739,51.58792,10.2],[-0.05744,51.58792,10.4],[-0.05774,51.58794,10.8],[-0.05798,51.58795,11.1],[-0.05805,51.58796,11.2],[-0.05837,51.58798,11.5],[-0.05858,51.58798,11.3],[-0.05871,51.58798,11.1],[-0.05873,51.58798,11.1],[-0.05888,51.58798,10.9],[-0.05902,51.58798,10.8],[-0.05914,51.58798,10.6],[-0.05919,51.58798,10.6],[-0.05933,51.58797,10.6],[-0.05945,51.58797,10.6],[-0.05966,51.58797,10.5],[-0.05967,51.58797,10.5],[-0.05973,51.58798,10.5],[-0.05994,51.58798,10.5],[-0.06012,51.58798,10.5],[-0.0604,51.58799,10.4],[-0.06098,51.58801,10.4],[-0.06105,51.58801,10.4],[-0.06109,51.58801,10.4],[-0.06123,51.58801,10.4],[-0.06179,51.58802,10.4],[-0.06196,51.58804,10.5],[-0.06212,51.58805,10.5],[-0.06228,51.58808,10.6],[-0.06229,51.58808,10.6],[-0.06242,51.58811,10.7],[-0.06252,51.58813,10.8],[-0.06259,51.58816,10.8],[-0.06259,51.58816,10.8],[-0.06288,51.58818,10.7],[-0.06296,51.58818,10.7],[-0.06301,51.58817,10.7],[-0.06317,51.58816,10.6],[-0.06331,51.58812,10.5],[-0.063478,51.58798,10],[-0.06357,51.58773,9.6],[-0.063589,51.58765,9.5],[-0.06365,51.58739,9.4],[-0.06368,51.58729,9.5],[-0.06372,51.58713,9.7],[-0.063728,51.58705,9.7],[-0.06375,51.58693,9.8],[-0.06379,51.58664,10.1],[-0.06381,51.58652,10],[-0.06383,51.58634,10],[-0.063839,51.5862,9.9],[-0.06385,51.58612,9.8],[-0.06388,51.58597,9.8],[-0.0639,51.58586,9.7],[-0.06393,51.58564,9.7],[-0.06397,51.58542,9.8],[-0.064019,51.58511,9.8],[-0.06403,51.58506,9.8],[-0.06404,51.58502,9.8],[-0.06406,51.58499,9.9],[-0.0641,51.58495,9.9],[-0.06414,51.58492,10],[-0.06419,51.5849,10],[-0.06425,51.58488,10],[-0.06431,51.58487,10],[-0.06439,51.58486,10],[-0.0645,51.58485,9.9],[-0.06465,51.58484,9.9],[-0.06496,51.58481,9.8],[-0.06506,51.58481,9.9],[-0.06531,51.58479,10.2],[-0.06586,51.58475,11],[-0.06595,51.58473,11],[-0.06613,51.58471,11.1],[-0.06634,51.58468,11.2],[-0.06662,51.58464,11.4],[-0.06681,51.58461,11.6],[-0.06696,51.58459,11.8],[-0.06722,51.58454,12.2],[-0.06733,51.58452,12.4],[-0.06743,51.58451,12.5],[-0.06751,51.58449,12.6],[-0.06764,51.58447,12.7],[-0.0677,51.58446,12.7],[-0.06788,51.58443,12.8],[-0.06791,51.58443,12.8],[-0.06802,51.58441,12.9],[-0.06817,51.58438,12.9],[-0.06827,51.58436,13],[-0.06841,51.58432,12.9],[-0.06856,51.58429,12.8],[-0.06877,51.58424,12.5],[-0.0689,51.58421,12.4],[-0.06901,51.58418,12.2],[-0.06909,51.58415,12.1],[-0.06924,51.58412,11.9],[-0.06935,51.5841,11.8],[-0.06944,51.58408,11.7],[-0.06956,51.58407,11.6],[-0.06968,51.58406,11.5],[-0.06978,51.58405,11.4],[-0.06985,51.58403,11.3],[-0.07002,51.58404,11.2],[-0.07032,51.58405,11.9],[-0.07065,51.58405,12.7],[-0.0709,51.58406,13.2],[-0.07106,51.58406,13.4],[-0.07128,51.58407,13.7],[-0.07142,51.58407,13.8],[-0.07148,51.58407,13.9],[-0.07148,51.58407,13.9],[-0.07152,51.58405,14],[-0.07154,51.58404,14],[-0.07156,51.58404,14],[-0.07159,51.58403,14.1],[-0.07182,51.58401,14],[-0.07187,51.58401,13.9],[-0.07189,51.584,13.9],[-0.07203,51.58399,13.8],[-0.0722,51.58396,13.6],[-0.0722,51.58396,13.6],[-0.07229,51.58392,13.5],[-0.07236,51.5839,13.5],[-0.07242,51.58388,13.4],[-0.0725,51.58388,13.3],[-0.07252,51.58388,13.3],[-0.07254,51.58389,13.3],[-0.07257,51.58389,13.3],[-0.07259,51.58389,13.3],[-0.07268,51.58391,13.2],[-0.07278,51.58392,13.1],[-0.07305,51.58395,12.8],[-0.07338,51.58399,12.5],[-0.0735,51.58401,12.5],[-0.07395,51.58405,12.8],[-0.07435,51.5841,13],[-0.07478,51.58414,13],[-0.07489,51.58416,13],[-0.07511,51.58419,13.1],[-0.07523,51.58421,13.2],[-0.07531,51.58423,13.3],[-0.07539,51.58424,13.4],[-0.0754,51.58425,13.4],[-0.07547,51.58426,13.5],[-0.07554,51.58429,13.5],[-0.07555,51.58429,13.5],[-0.07573,51.58434,13.7],[-0.07594,51.58442,13.7],[-0.07613,51.58448,13.6],[-0.07712,51.5848,13.8],[-0.07726,51.58485,13.9],[-0.0775,51.58493,14.1],[-0.07763,51.58497,14.2],[-0.07798,51.58508,14.6],[-0.07807,51.58511,14.7],[-0.07821,51.58515,14.9],[-0.07826,51.58517,14.9],[-0.07831,51.58518,15],[-0.0784,51.58519,15.1],[-0.07847,51.58519,15.2],[-0.07857,51.5852,15.3],[-0.07869,51.5852,15.4],[-0.07896,51.58521,15.8],[-0.07912,51.58521,15.9],[-0.07968,51.58522,16],[-0.07981,51.58522,16],[-0.07989,51.58522,16],[-0.08057,51.58523,15.5],[-0.08123,51.58524,15.3],[-0.08144,51.58524,15.3],[-0.08152,51.58525,15.3],[-0.08196,51.58528,15.2],[-0.08219,51.5853,15.1],[-0.08238,51.58532,15.1],[-0.08249,51.58534,15],[-0.08267,51.58536,14.9],[-0.0827,51.58537,14.9],[-0.08284,51.58539,14.8],[-0.08297,51.58541,14.7],[-0.08309,51.58543,14.6],[-0.08319,51.58545,14.6],[-0.08356,51.58552,14.3],[-0.08418,51.58567,14],[-0.08495,51.58587,14.2],[-0.08513,51.58591,14.7],[-0.08514,51.58592,14.7],[-0.0854,51.58598,15.6],[-0.08557,51.58602,16.1],[-0.08562,51.58603,16.3],[-0.08583,51.58608,16.9],[-0.086,51.58611,17.3],[-0.0862,51.58615,17.9],[-0.08636,51.58618,18.2],[-0.08666,51.58623,18.9],[-0.08671,51.58624,19],[-0.08672,51.58624,19],[-0.08673,51.58624,19],[-0.08673,51.58623,19],[-0.08674,51.58623,19],[-0.08675,51.58623,19],[-0.08675,51.58622,19],[-0.08676,51.58622,19],[-0.08677,51.58622,19],[-0.08678,51.58622,19],[-0.08679,51.58622,19],[-0.08679,51.58623,19],[-0.0868,51.58623,19],[-0.08681,51.58623,19],[-0.08682,51.58624,19.1],[-0.08683,51.58624,19.1],[-0.08683,51.58625,19.1],[-0.08683,51.58626,19.1],[-0.08691,51.58627,19.2],[-0.08696,51.58627,19.2],[-0.08699,51.58628,19.3],[-0.08702,51.58628,19.3],[-0.08705,51.58628,19.3],[-0.08712,51.58629,19.4],[-0.08732,51.58632,19.6],[-0.08766,51.58637,19.9],[-0.08769,51.58637,19.9],[-0.0881,51.58644,20.2],[-0.08823,51.58646,20.3],[-0.08832,51.58647,20.3],[-0.08841,51.58647,20.2],[-0.08862,51.58646,20.1],[-0.0891,51.58639,19.7],[-0.08929,51.58636,19.7],[-0.08928,51.58636,19.7],[-0.08928,51.58635,19.7],[-0.08927,51.58634,19.7],[-0.08927,51.58633,19.6],[-0.08928,51.58633,19.7],[-0.08928,51.58632,19.6],[-0.08929,51.58632,19.6],[-0.08929,51.58631,19.6],[-0.0893,51.58631,19.6],[-0.08931,51.58631,19.6],[-0.08931,51.5863,19.6],[-0.08932,51.5863,19.6],[-0.08933,51.5863,19.6],[-0.08934,51.5863,19.7],[-0.08935,51.5863,19.7],[-0.08935,51.58631,19.7],[-0.08936,51.58631,19.7],[-0.08937,51.58631,19.7],[-0.08937,51.58632,19.7],[-0.08938,51.58632,19.7],[-0.08938,51.58633,19.7],[-0.08938,51.58634,19.7],[-0.08956,51.58633,19.8],[-0.08966,51.58632,19.8],[-0.08992,51.58629,20],[-0.09017,51.58626,19.9],[-0.09041,51.58623,19.7],[-0.09086,51.58617,19.4],[-0.09103,51.58615,19.4],[-0.09178,51.58608,19.4],[-0.09239,51.58608,20.2],[-0.09252,51.58608,20.3],[-0.09264,51.58608,20.3],[-0.09277,51.58607,20.3],[-0.09309,51.58606,20.3],[-0.09355,51.58605,20.1],[-0.09365,51.58604,20.1],[-0.09371,51.58604,20],[-0.09373,51.58604,20],[-0.09378,51.58604,20],[-0.09385,51.58604,19.9],[-0.09391,51.58604,19.9],[-0.09396,51.58605,19.9],[-0.09401,51.58605,19.9],[-0.09408,51.58606,19.9],[-0.09419,51.58608,19.9],[-0.09428,51.58609,20],[-0.09434,51.5861,20],[-0.09441,51.58612,20.1],[-0.09451,51.58615,20.3],[-0.09457,51.58617,20.4],[-0.09462,51.58618,20.5],[-0.09475,51.58623,20.8],[-0.09563,51.58654,22.5],[-0.09587,51.58661,22.8],[-0.09596,51.58664,22.9],[-0.09602,51.58665,22.9],[-0.09603,51.58666,23],[-0.09611,51.58668,23],[-0.0962,51.5867,23],[-0.09624,51.58672,23],[-0.09628,51.58673,23],[-0.09639,51.58676,23],[-0.09663,51.58683,23],[-0.09704,51.58693,22.8],[-0.09726,51.58699,22.8],[-0.09726,51.58699,22.8],[-0.098937,51.587583,24.7],[-0.098937,51.587583,24.7],[-0.100303,51.588127,24.9],[-0.101669,51.588672,26.4],[-0.10166,51.58868,26.3],[-0.10171,51.58871,26.2],[-0.10195,51.58884,25.8],[-0.10198,51.58886,25.8],[-0.102,51.58887,25.8],[-0.1021,51.58892,25.8],[-0.1021,51.58892,25.8],[-0.10221,51.58909,25.5],[-0.10247,51.58948,24.4],[-0.10254,51.58959,24],[-0.10261,51.58969,23.6],[-0.10267,51.58978,23.4],[-0.10271,51.58984,23.3],[-0.10276,51.58992,23.1],[-0.10278,51.58994,23.1],[-0.10285,51.59001,23],[-0.10301,51.59016,22.7],[-0.10311,51.59025,22.8],[-0.10317,51.59032,22.9],[-0.10332,51.59036,23],[-0.10332,51.59036,23],[-0.10349,51.59028,22.8],[-0.10392,51.59011,22.3],[-0.10395,51.59011,22.3],[-0.10402,51.5901,22.2],[-0.10416,51.59009,22],[-0.10467,51.58998,22.1],[-0.10565,51.58975,23.1],[-0.1062,51.58966,23.4],[-0.10667,51.58958,23.5],[-0.10706,51.58953,24],[-0.10772,51.58943,24.7],[-0.10812,51.58936,24.8],[-0.10824,51.58933,24.8],[-0.1083,51.58932,24.8],[-0.10839,51.5893,24.9],[-0.10849,51.58927,24.9],[-0.10864,51.58924,24.9],[-0.10943,51.58905,25.3],[-0.10956,51.58902,25.4],[-0.10963,51.58901,25.4],[-0.10967,51.589,25.4],[-0.1098,51.58894,25.5],[-0.10982,51.58893,25.6],[-0.10992,51.5889,25.6],[-0.10995,51.5889,25.6],[-0.11005,51.58887,25.8],[-0.11021,51.58883,26.2],[-0.11038,51.58881,26.5],[-0.11044,51.5888,26.6],[-0.11045,51.5888,26.7],[-0.1107,51.58877,27.2],[-0.11078,51.58876,27.4],[-0.11086,51.58875,27.5],[-0.11097,51.58873,27.7],[-0.11114,51.5887,27.9],[-0.11116,51.5887,27.9],[-0.11136,51.58864,28.3],[-0.11164,51.58855,28.9],[-0.11166,51.58854,29],[-0.11186,51.58848,29.8],[-0.11197,51.58847,30.2],[-0.11229,51.58835,31.4],[-0.11261,51.58824,32.9],[-0.11282,51.58817,33.7],[-0.11302,51.5881,34.6],[-0.11317,51.58805,35.2],[-0.11317,51.58805,35.2],[-0.11304,51.58789,36.3],[-0.11292,51.58773,37.4],[-0.11287,51.58766,37.7],[-0.11239,51.58704,38.4],[-0.11235,51.58699,38.4],[-0.11229,51.58691,38.4],[-0.11225,51.58665,38.7],[-0.11225,51.5866,38.7],[-0.11226,51.5864,38.8],[-0.11226,51.58638,38.9],[-0.11227,51.58632,38.9],[-0.11229,51.58626,39],[-0.11229,51.58623,39],[-0.11231,51.58614,39.1],[-0.11232,51.58612,39.2],[-0.11234,51.58607,39.2],[-0.11235,51.58607,39.3],[-0.11236,51.58603,39.3],[-0.11238,51.586,39.4],[-0.11242,51.58591,39.6],[-0.11251,51.58582,40],[-0.11258,51.58576,40.2],[-0.11261,51.58575,40.3],[-0.11266,51.58572,40.4],[-0.11273,51.58568,40.6],[-0.11279,51.58565,40.7],[-0.11287,51.58562,40.9],[-0.11295,51.5856,41.1],[-0.113,51.58559,41.2],[-0.11306,51.58557,41.3],[-0.11315,51.58556,41.6],[-0.11323,51.58554,41.8],[-0.11333,51.58553,42],[-0.11339,51.58552,42.2],[-0.1137,51.5855,43.2],[-0.11371,51.5855,43.3],[-0.11383,51.58549,43.7],[-0.1139,51.58548,43.9],[-0.11396,51.58548,44.1],[-0.11401,51.58547,44.3],[-0.11406,51.58546,44.5],[-0.11414,51.58545,44.8],[-0.11423,51.58544,45.1],[-0.11425,51.58543,45.2],[-0.11443,51.58539,45.7],[-0.11453,51.58537,46],[-0.11459,51.58534,46.3],[-0.11464,51.58532,46.5],[-0.11472,51.58528,46.9],[-0.11478,51.58525,47.2],[-0.11486,51.58521,47.6],[-0.11499,51.58514,48.3],[-0.11503,51.58511,48.5],[-0.11525,51.58497,49.3],[-0.11538,51.5849,49.5],[-0.11539,51.58489,49.5],[-0.11551,51.58483,49.6],[-0.11554,51.58481,49.6],[-0.11556,51.58478,49.7],[-0.11561,51.58473,49.7],[-0.11565,51.58469,49.8],[-0.11569,51.58464,49.8],[-0.11581,51.58447,50],[-0.11585,51.58443,50],[-0.1159,51.58437,50],[-0.11598,51.58429,50],[-0.11612,51.58412,49.9],[-0.11614,51.58409,49.8],[-0.11616,51.58407,49.7],[-0.11619,51.58405,49.6],[-0.11627,51.58397,49.4],[-0.11633,51.58391,49.3],[-0.11651,51.58373,48.9],[-0.1166,51.58364,48.7],[-0.11672,51.58354,48.6],[-0.11686,51.58343,48.5],[-0.11708,51.58326,48.3],[-0.1171,51.58324,48.2],[-0.11721,51.58317,48.2],[-0.11731,51.58311,48.2],[-0.1174,51.58306,48.2],[-0.11759,51.58297,48.3],[-0.11767,51.58294,48.4],[-0.11778,51.5829,48.5],[-0.11804,51.5828,48.8],[-0.11819,51.58274,49],[-0.11842,51.58266,48.9],[-0.11884,51.5825,47.2],[-0.11886,51.5825,47.1],[-0.11903,51.58244,46.4],[-0.11903,51.58243,46.4],[-0.11902,51.58243,46.4],[-0.11901,51.58242,46.4],[-0.11901,51.58241,46.4],[-0.119,51.58241,46.4],[-0.119,51.5824,46.4],[-0.119,51.58239,46.4],[-0.119,51.58238,46.4],[-0.11901,51.58238,46.3],[-0.11901,51.58237,46.3],[-0.11901,51.58236,46.3],[-0.11902,51.58236,46.3],[-0.11903,51.58235,46.2],[-0.11904,51.58235,46.2],[-0.11904,51.58234,46.2],[-0.11905,51.58234,46.1],[-0.11906,51.58234,46.1],[-0.11907,51.58234,46.1],[-0.11908,51.58234,46.1],[-0.11909,51.58234,46],[-0.1191,51.58234,46],[-0.11911,51.58234,46],[-0.11912,51.58234,45.9],[-0.11913,51.58234,45.9],[-0.11914,51.58234,45.9],[-0.11915,51.58234,45.9],[-0.11915,51.58235,45.9],[-0.11916,51.58235,45.8],[-0.11917,51.58235,45.8],[-0.11917,51.58236,45.8],[-0.11918,51.58236,45.8],[-0.11918,51.58237,45.8],[-0.11919,51.58237,45.8],[-0.11919,51.58238,45.8],[-0.11947,51.58227,45.2],[-0.1197,51.58219,44.8],[-0.11986,51.58212,44.6],[-0.11999,51.58207,44.5],[-0.12005,51.58205,44.5],[-0.12015,51.58201,44.4],[-0.12029,51.58196,44.3],[-0.12032,51.58195,44.3],[-0.1205,51.58188,44.1],[-0.12065,51.58182,44],[-0.12073,51.58179,44],[-0.12077,51.58177,44],[-0.12085,51.58174,43.9],[-0.12093,51.58171,43.9],[-0.12105,51.58166,44],[-0.12119,51.5816,44.1],[-0.12123,51.58158,44.2],[-0.12128,51.58156,44.2],[-0.12137,51.58151,44.3],[-0.12142,51.58149,44.4],[-0.12148,51.58145,44.5],[-0.12149,51.58145,44.5],[-0.12152,51.58143,44.5],[-0.12154,51.58142,44.5],[-0.1216,51.58138,44.7],[-0.12161,51.58137,44.7],[-0.1217,51.58131,44.9],[-0.12186,51.58119,45.4],[-0.12186,51.58118,45.4],[-0.12208,51.58101,46.1],[-0.1221,51.58099,46.1],[-0.12232,51.58082,46.8],[-0.12239,51.58077,46.9],[-0.12276,51.58047,47.6],[-0.12295,51.58032,47.9],[-0.12303,51.58026,48.1],[-0.12307,51.58022,48.2],[-0.12323,51.58008,48.7],[-0.12325,51.58006,48.8],[-0.12333,51.57999,49],[-0.1234,51.57991,49.1],[-0.12356,51.57972,49.4],[-0.12364,51.57961,49.6],[-0.12365,51.57958,49.6],[-0.12367,51.57954,49.7],[-0.1237,51.57948,49.8],[-0.12373,51.57942,49.9],[-0.12374,51.57938,50],[-0.12375,51.57933,50.1],[-0.12377,51.57924,50.3],[-0.12378,51.57921,50.4],[-0.12379,51.57918,50.4],[-0.12379,51.57913,50.5],[-0.12379,51.57909,50.6],[-0.12381,51.57893,50.8],[-0.12384,51.57876,51],[-0.12384,51.57874,51],[-0.12385,51.57871,51.1],[-0.12386,51.57868,51.1],[-0.12387,51.57865,51.2],[-0.12389,51.57848,51.4],[-0.12394,51.57841,51.6],[-0.12398,51.57834,51.8],[-0.12402,51.57827,52.1],[-0.12404,51.57824,52.3],[-0.12406,51.57822,52.4],[-0.12409,51.57819,52.6],[-0.1242,51.57809,53.2],[-0.12433,51.57797,53.8],[-0.12438,51.57794,54],[-0.12443,51.57789,54.3],[-0.12454,51.5778,54.8],[-0.12463,51.5777,55.5],[-0.12468,51.57765,55.8],[-0.12481,51.57752,56.7],[-0.12488,51.57746,57.3],[-0.12493,51.5774,58],[-0.12519,51.57715,60.8],[-0.12525,51.57708,61.5],[-0.125319,51.577,62.3],[-0.12541,51.5769,63.3],[-0.12544,51.57687,63.5],[-0.12556,51.57674,64.7],[-0.125707,51.5766,65.4],[-0.12576,51.57654,65.7],[-0.12581,51.57649,65.9],[-0.1259,51.57638,66.4],[-0.126,51.57627,67],[-0.12606,51.57619,67.4],[-0.126068,51.57617,67.6],[-0.126237,51.57595,68.9],[-0.12639,51.57572,70.1],[-0.126429,51.57567,70.4],[-0.12647,51.57559,70.7],[-0.12651,51.57553,71],[-0.126568,51.57541,71.5],[-0.12681,51.57496,73],[-0.12689,51.57482,72.6],[-0.12691,51.57478,72.5],[-0.12694,51.57474,72.4],[-0.12695,51.57472,72.4],[-0.12698,51.57466,72.2],[-0.127039,51.57455,72],[-0.127067,51.57448,71.8],[-0.127097,51.57442,71.7],[-0.127097,51.57442,71.7],[-0.12717,51.5744,71.6],[-0.12722,51.57439,71.7],[-0.12725,51.57438,71.8],[-0.12731,51.57434,71.8],[-0.127487,51.57423,72.1],[-0.127539,51.57421,72.2],[-0.12764,51.57417,72.3],[-0.128067,51.57409,73.1],[-0.128288,51.57405,73.5],[-0.12856,51.574,74.5],[-0.12883,51.57396,75.8],[-0.12914,51.5739,77.2],[-0.12922,51.57388,77.6],[-0.12924,51.57388,77.7],[-0.12931,51.57387,78],[-0.12938,51.57386,78.3],[-0.12981,51.57381,80.2],[-0.12994,51.57379,80.8],[-0.13005,51.57377,81.2],[-0.13019,51.57376,81.5],[-0.130317,51.57374,81.8],[-0.13049,51.57372,82.1],[-0.13075,51.57368,82.8],[-0.13083,51.57367,83],[-0.13099,51.57365,83.4],[-0.131037,51.57364,83.6],[-0.13114,51.57362,83.9],[-0.13121,51.57361,84.1],[-0.13129,51.57359,84.3],[-0.1313,51.57359,84.3],[-0.13139,51.57356,84.6],[-0.13171,51.57346,85.8],[-0.13182,51.57343,86.1],[-0.13189,51.5734,86.3],[-0.13219,51.57331,87.2],[-0.13249,51.57323,87.9],[-0.13264,51.57319,88],[-0.13281,51.57314,88.1],[-0.13292,51.57311,88.2],[-0.13301,51.57307,88.3],[-0.13306,51.57305,88.3],[-0.13311,51.57303,88.4],[-0.1334,51.5729,88.5],[-0.13349,51.57286,88.5],[-0.13356,51.57282,88.5],[-0.13369,51.57275,88.6],[-0.13371,51.57274,88.7],[-0.13379,51.5727,88.8],[-0.13384,51.57267,88.9],[-0.13397,51.5726,89.3],[-0.1342,51.57248,90.1],[-0.13429,51.57242,90.3],[-0.13436,51.57238,90.5],[-0.13462,51.57225,91.3],[-0.13467,51.57222,91.4],[-0.13482,51.57214,91.9],[-0.13491,51.57209,92.2],[-0.1351,51.57199,92.9],[-0.13515,51.57196,93.1],[-0.13521,51.57193,93.3],[-0.13526,51.5719,93.5],[-0.13535,51.57187,93.9],[-0.13542,51.57184,94.3],[-0.13568,51.57174,95.8],[-0.13584,51.57168,96.9],[-0.13595,51.57165,97.4],[-0.13598,51.57164,97.5],[-0.13604,51.57161,97.6],[-0.13606,51.5716,97.6],[-0.13615,51.57156,97.8],[-0.13627,51.5715,98.1],[-0.13636,51.57144,98.2],[-0.13655,51.57136,98.5],[-0.13668,51.5713,98.6],[-0.13673,51.57128,98.5],[-0.1368,51.57126,98.2],[-0.13687,51.57123,98],[-0.13693,51.57121,97.8],[-0.13707,51.57115,97.3],[-0.13727,51.57108,96.7],[-0.13737,51.57105,96.5],[-0.13741,51.57104,96.4],[-0.13754,51.57099,96.2],[-0.13756,51.57098,96.2],[-0.13761,51.57096,96.1],[-0.13767,51.57094,96.1],[-0.13776,51.5709,96],[-0.13781,51.57087,96],[-0.13787,51.57083,96],[-0.13795,51.57079,96.1],[-0.13797,51.57077,96.2],[-0.13801,51.57075,96.3],[-0.13805,51.57073,96.4],[-0.1381,51.57071,96.5],[-0.13815,51.57069,96.6],[-0.13825,51.57065,96.8],[-0.13826,51.57065,96.8],[-0.13832,51.57063,97],[-0.13835,51.57061,97.1],[-0.13837,51.57061,97.1],[-0.13845,51.57058,97.4],[-0.13858,51.57052,97.8],[-0.13868,51.57048,98.1],[-0.13874,51.57044,97.9],[-0.13886,51.57036,99.1],[-0.13889,51.57034,99.3],[-0.13898,51.57029,99.8],[-0.13918,51.57018,100.8],[-0.13932,51.5701,101.6],[-0.13935,51.57009,101.7],[-0.1394,51.57006,102],[-0.13955,51.56998,102.7],[-0.13959,51.56996,102.7],[-0.13966,51.56992,102.7],[-0.13985,51.56982,102.8],[-0.14004,51.56971,102.7],[-0.1402,51.56965,102.6],[-0.14039,51.56956,102.5],[-0.14044,51.56954,102.5],[-0.14053,51.56951,102.5],[-0.14054,51.56951,102.6],[-0.14065,51.56947,102.6],[-0.14074,51.56944,102.7],[-0.14083,51.56942,102.8],[-0.1409,51.5694,102.9],[-0.14096,51.56939,103],[-0.14103,51.56937,103.1],[-0.14114,51.56935,103.3],[-0.14124,51.56933,103.5],[-0.14137,51.56931,103.9],[-0.14177,51.56926,104.9],[-0.14196,51.56921,105.3],[-0.14199,51.5692,105.4],[-0.14203,51.56918,105.4],[-0.14206,51.56916,105.4],[-0.1421,51.56915,105.4],[-0.1421,51.56915,105.4],[-0.14224,51.56919,106.2],[-0.14224,51.56919,106.2],[-0.14239,51.56905,105.4],[-0.14239,51.56904,105.3],[-0.1424,51.56903,105.2],[-0.14241,51.56901,105],[-0.14243,51.56899,104.9],[-0.14243,51.56897,104.7],[-0.14243,51.56895,104.5],[-0.14242,51.56893,104.2],[-0.14241,51.56891,104],[-0.14241,51.56889,103.8],[-0.1424,51.56888,103.6],[-0.14239,51.56886,103.4],[-0.14229,51.56878,102.3],[-0.14217,51.56868,101],[-0.14213,51.56864,100.5],[-0.14207,51.56859,99.9],[-0.14202,51.56852,99.2],[-0.14194,51.56841,98],[-0.14185,51.56821,95.6],[-0.14178,51.56806,93.6],[-0.14172,51.56792,91.6],[-0.14167,51.5678,90],[-0.14162,51.56767,88.2],[-0.14156,51.56752,86.1],[-0.14151,51.56742,85.4],[-0.14149,51.56732,84.9],[-0.14147,51.56723,84.5],[-0.14146,51.56718,84.2],[-0.14145,51.56711,83.9],[-0.14143,51.56702,83.4],[-0.14141,51.56688,82.7],[-0.14141,51.56685,82.6],[-0.14139,51.56671,81.9],[-0.14138,51.5667,81.8],[-0.14136,51.56653,80.6],[-0.14135,51.56649,80.3],[-0.14134,51.56641,79.8],[-0.14131,51.56621,78.3],[-0.14131,51.56619,78.1],[-0.14129,51.56609,77.4],[-0.14125,51.56593,76.2],[-0.14124,51.5659,76],[-0.14123,51.56586,75.7],[-0.1412,51.56574,74.9],[-0.14119,51.5657,74.7],[-0.14118,51.56564,74.4],[-0.14114,51.56551,73.6],[-0.14111,51.56544,73.1],[-0.14108,51.56538,72.7],[-0.14108,51.56534,72.5],[-0.14102,51.56524,71.8],[-0.14098,51.56518,71.4],[-0.14098,51.56517,71.3],[-0.14091,51.56504,70.4],[-0.14083,51.56492,69.7],[-0.14073,51.56472,68.8],[-0.14069,51.56464,68.4],[-0.14066,51.56457,68.1],[-0.14064,51.56452,67.9],[-0.14062,51.56447,67.7],[-0.14061,51.56442,67.6],[-0.14062,51.56437,67.4],[-0.14062,51.56433,67.3],[-0.14063,51.56427,67.1],[-0.14064,51.56421,66.9],[-0.14066,51.56413,66.9],[-0.14067,51.56408,67.1],[-0.14071,51.56392,67.6],[-0.14074,51.56384,67.8],[-0.14075,51.56375,68],[-0.14076,51.56368,68.2],[-0.14076,51.56363,68.4],[-0.14076,51.56359,68.5],[-0.14075,51.56353,68.7],[-0.14074,51.56342,69],[-0.14073,51.5634,69.1],[-0.14069,51.56331,69.4],[-0.14065,51.56318,69.8],[-0.14062,51.56312,70],[-0.1406,51.56303,70.3],[-0.14058,51.56293,70.6],[-0.14055,51.56278,71],[-0.14055,51.56273,71.1],[-0.14054,51.56267,71.3],[-0.14054,51.56263,71.4],[-0.14055,51.56258,71.5],[-0.14055,51.56256,71.5],[-0.14055,51.56254,71.6],[-0.14061,51.56228,70.5],[-0.14062,51.56225,70.4],[-0.14063,51.56219,70.1],[-0.14066,51.56211,69.7],[-0.14067,51.56207,69.5],[-0.14068,51.56205,69.5],[-0.1407,51.56201,69.3],[-0.14072,51.56196,69.1],[-0.14075,51.5619,68.8],[-0.14081,51.56182,68.5],[-0.14083,51.56178,68.4],[-0.14086,51.56172,68.2],[-0.14089,51.56166,68],[-0.14092,51.5616,67.8],[-0.14095,51.56154,67.7],[-0.14097,51.56146,67.5],[-0.14099,51.56137,67.3],[-0.141,51.56122,66.9],[-0.14101,51.5612,66.9],[-0.14103,51.5609,66.2],[-0.14103,51.56075,65.7],[-0.14103,51.56071,65.6],[-0.14103,51.56061,65.3],[-0.14103,51.56059,65.2],[-0.14103,51.56055,65.1],[-0.14101,51.56046,64.8],[-0.141,51.56043,64.6],[-0.14099,51.56039,64.5],[-0.14097,51.56034,64.3],[-0.14094,51.56028,64.1],[-0.14094,51.56027,64.1],[-0.14091,51.56023,63.9],[-0.14088,51.56018,63.7],[-0.14084,51.56014,63.5],[-0.14076,51.56005,63.1],[-0.14057,51.55987,62.5],[-0.14056,51.55987,62.5],[-0.14051,51.55982,62.3],[-0.14048,51.55978,62.2],[-0.14046,51.55975,62.1],[-0.14039,51.55967,61.9],[-0.14027,51.5595,61.3],[-0.14022,51.55942,61.1],[-0.14002,51.55912,59.7],[-0.13977,51.55875,55.5],[-0.13957,51.55847,52.5],[-0.13954,51.55842,52],[-0.13942,51.55825,50.9],[-0.13927,51.55802,50.4],[-0.1392,51.55793,50.2],[-0.13898,51.5576,49.5],[-0.13896,51.55758,49.5],[-0.13862,51.55714,48.1],[-0.1384,51.55687,47.3],[-0.1384,51.55687,47.3],[-0.1386,51.5566,47.5],[-0.13868,51.55649,47.8],[-0.13901,51.55603,48.7],[-0.13919,51.55579,49.1],[-0.13927,51.55568,49.3],[-0.1393,51.55565,49.4],[-0.13943,51.55548,49.6],[-0.1395,51.55537,49.7],[-0.13968,51.55513,49.6],[-0.1398,51.55496,49.5],[-0.13995,51.55477,49.1],[-0.14014,51.5545,48.7],[-0.14023,51.55437,48.5],[-0.14036,51.5542,48.2],[-0.14042,51.55413,47.9],[-0.14046,51.55408,47.7],[-0.14048,51.55405,47.6],[-0.14055,51.55394,47.2],[-0.14063,51.55382,46.8],[-0.14066,51.55376,46.5],[-0.1407,51.5537,46.3],[-0.14076,51.55355,45.8],[-0.14079,51.55347,45.5],[-0.14082,51.55338,45.2],[-0.14087,51.55324,44.8],[-0.1409,51.55314,44.5],[-0.14094,51.55297,44.2],[-0.14098,51.55275,43.9],[-0.141,51.55258,43.7],[-0.14102,51.55246,43.4],[-0.14106,51.55218,42.4],[-0.1411,51.55194,41.6],[-0.1411,51.55193,41.5],[-0.1411,51.55168,40.7],[-0.1411,51.55168,40.7],[-0.14098,51.55154,40.2],[-0.14095,51.5515,40.1],[-0.14092,51.55146,39.9],[-0.14083,51.55134,39.4],[-0.1408,51.55131,39.3],[-0.14078,51.55128,39.2],[-0.14072,51.55122,38.9],[-0.14069,51.55116,38.9],[-0.14068,51.55113,38.9],[-0.14067,51.5511,38.9],[-0.14066,51.55102,38.9],[-0.14066,51.55099,38.9],[-0.14066,51.55094,38.9],[-0.14066,51.55088,38.9],[-0.14068,51.55077,38.9],[-0.14068,51.55075,38.9],[-0.14069,51.55061,38.9],[-0.1407,51.55057,38.9],[-0.1407,51.55055,39],[-0.14071,51.55047,39],[-0.14072,51.5504,39],[-0.14081,51.54989,39.1],[-0.14086,51.54969,39.4],[-0.14088,51.54958,39.5],[-0.1409,51.54944,39.7],[-0.14093,51.54932,39.8],[-0.14096,51.54919,40],[-0.141,51.54904,39.8],[-0.14102,51.54897,39.8],[-0.14104,51.54887,39.6],[-0.14107,51.54885,39.6],[-0.14112,51.54861,39.3],[-0.14115,51.54848,39.2],[-0.14118,51.54837,39],[-0.14119,51.54834,39],[-0.14122,51.5482,38.4],[-0.14124,51.54809,38],[-0.14126,51.54803,37.7],[-0.14136,51.54778,36.6],[-0.14144,51.54761,35.8],[-0.14156,51.54734,35.1],[-0.14156,51.54728,35.1],[-0.14158,51.54718,35.1],[-0.14163,51.54698,35],[-0.14166,51.54688,35],[-0.14169,51.54678,34.9],[-0.1417,51.54671,34.9],[-0.14171,51.54668,34.9],[-0.14173,51.54663,34.8],[-0.14176,51.54652,34.8],[-0.14176,51.54634,34.8],[-0.14176,51.54624,34.8],[-0.14176,51.54622,34.8],[-0.14176,51.54616,34.8],[-0.14176,51.54614,34.8],[-0.14173,51.54596,34.8],[-0.14172,51.54588,34.9],[-0.14171,51.5458,34.8],[-0.14171,51.54578,34.7],[-0.14168,51.54571,34.5],[-0.14161,51.54551,33.8],[-0.14156,51.54548,33.7],[-0.14155,51.54546,33.7],[-0.14154,51.54545,33.6],[-0.14153,51.54542,33.5],[-0.14152,51.5454,33.4],[-0.14152,51.54539,33.4],[-0.1415,51.54536,33.3],[-0.14147,51.54519,32.7],[-0.14146,51.54514,32.5],[-0.14146,51.5451,32.4],[-0.14146,51.5451,32.4],[-0.14158,51.5451,32.4],[-0.14159,51.54513,32.5],[-0.1416,51.54517,32.6],[-0.1416,51.54517,32.6],[-0.141612,51.54367,32.6],[-0.141612,51.54367,32.6],[-0.141895,51.542424,28.2],[-0.142179,51.541178,28.8],[-0.142179,51.541178,28.8],[-0.142329,51.540127,30.6],[-0.142479,51.539077,32.1],[-0.142479,51.539077,32.1],[-0.141611,51.538055,32.6],[-0.140742,51.537034,30.8],[-0.139874,51.536012,31.1],[-0.139874,51.536012,31.1],[-0.138931,51.534981,28.5],[-0.138931,51.534981,28.5],[-0.139307,51.533744,31.8],[-0.13924,51.53374,31.6],[-0.13924,51.53367,31.8],[-0.13923,51.53351,32],[-0.13926,51.53317,31.3],[-0.13928,51.53287,29.5],[-0.13929,51.53282,29.2],[-0.1393,51.53266,28.2],[-0.13925,51.53263,27.9],[-0.13922,51.5326,27.7],[-0.13921,51.53257,27.5],[-0.1392,51.53256,27.4],[-0.13918,51.53255,27.3],[-0.13917,51.53254,27.2],[-0.13913,51.53252,27.1],[-0.13901,51.53247,26.8],[-0.13901,51.53247,26.8],[-0.13903,51.53246,26.8],[-0.13905,51.53244,26.7],[-0.13907,51.53243,26.7],[-0.13909,51.53242,26.7],[-0.13911,51.5324,26.7],[-0.13912,51.53236,26.6],[-0.13912,51.53235,26.6],[-0.13913,51.53232,26.5],[-0.13912,51.5322,26.3],[-0.13906,51.532,25.8],[-0.13905,51.53194,25.7],[-0.13901,51.53182,25.5],[-0.1389,51.53151,25.7],[-0.13889,51.53149,25.7],[-0.13887,51.53145,25.7],[-0.13883,51.53133,25.8],[-0.13876,51.53116,25.9],[-0.13872,51.53104,26],[-0.13865,51.53075,26.3],[-0.13865,51.53073,26.4],[-0.13861,51.53045,26.9],[-0.13861,51.53042,27],[-0.13859,51.52998,28.1],[-0.13859,51.52966,29.4],[-0.13857,51.52926,31],[-0.13857,51.52911,31.3],[-0.13857,51.529,30.9],[-0.13857,51.52893,30.7],[-0.13857,51.5289,30.7],[-0.13857,51.52887,30.6],[-0.13857,51.52885,30.5],[-0.13857,51.52884,30.5],[-0.13858,51.52883,30.4],[-0.13859,51.52883,30.4],[-0.13859,51.52882,30.4],[-0.13862,51.5288,30.3],[-0.13862,51.52879,30.3],[-0.13862,51.52871,30],[-0.13863,51.52855,29.6],[-0.13862,51.52813,29],[-0.13862,51.52802,29],[-0.13862,51.52788,29],[-0.13862,51.52773,29],[-0.13862,51.52719,30.2],[-0.13862,51.52689,31.4],[-0.13861,51.5265,32.6],[-0.13861,51.52634,32.9],[-0.1386,51.52611,33.2],[-0.13859,51.52592,33.5],[-0.13859,51.52592,33.5],[-0.13855,51.52586,33.5],[-0.13851,51.52581,33.5],[-0.13837,51.52561,33.6],[-0.13836,51.52559,33.7],[-0.13828,51.52547,33.8],[-0.1382,51.52537,34],[-0.13811,51.52523,34.1],[-0.13811,51.52523,34.1],[-0.13801,51.52511,34.2],[-0.13791,51.52499,34.3],[-0.13787,51.52489,34.4],[-0.13787,51.52475,34.6],[-0.13785,51.52469,34.7],[-0.13779,51.52458,34.8],[-0.13777,51.52454,34.9],[-0.13777,51.52454,34.9],[-0.13772,51.52444,35.1],[-0.13768,51.52437,35.2],[-0.13762,51.52428,35.5],[-0.13751,51.52413,35.9],[-0.13745,51.52403,35.9],[-0.13736,51.52391,36],[-0.13734,51.52388,36],[-0.13724,51.52372,35.9],[-0.13692,51.52335,35.7],[-0.13691,51.52333,35.7],[-0.13664,51.52302,36.4],[-0.13644,51.5228,36.6],[-0.1363,51.52264,36.8],[-0.13613,51.52247,37.1],[-0.13609,51.52243,37.2],[-0.13598,51.52232,37.4],[-0.13585,51.5222,37.7],[-0.13574,51.52209,38],[-0.13559,51.52193,38.5],[-0.13539,51.52171,38.9],[-0.1353,51.52161,38.9],[-0.13517,51.52146,38.6],[-0.13516,51.52146,38.6],[-0.13502,51.52129,38.1],[-0.13499,51.52125,38],[-0.13493,51.52119,37.8],[-0.13483,51.52108,37.4],[-0.13477,51.52101,37.2],[-0.1347,51.52095,37],[-0.13459,51.52084,36.5],[-0.13439,51.52065,36.4],[-0.13432,51.52059,36.4],[-0.13431,51.52057,36.4],[-0.13401,51.52032,36.7],[-0.13382,51.52013,37.1],[-0.13367,51.51998,37.5],[-0.13364,51.51996,37.5],[-0.13352,51.51984,37.4],[-0.13346,51.51978,37.3],[-0.13344,51.51975,37.3],[-0.1334,51.51972,37.2],[-0.13322,51.51954,36.9],[-0.13309,51.51943,36.6],[-0.13303,51.51936,36.5],[-0.13299,51.51932,36.4],[-0.13292,51.51926,36.2],[-0.13288,51.51922,36.1],[-0.13266,51.519,36],[-0.13254,51.51888,36],[-0.13244,51.51877,36.1],[-0.13229,51.51863,36.3],[-0.13223,51.51856,36.3],[-0.13183,51.51815,37.6],[-0.13152,51.51783,39.5],[-0.13137,51.51767,40.3],[-0.13136,51.51767,40.3],[-0.13133,51.51764,40.4],[-0.13113,51.51743,40.7],[-0.131067,51.51738,40.4],[-0.13091,51.51722,39.7],[-0.13078,51.51709,39],[-0.130677,51.51698,38.5],[-0.13063,51.51691,38.3],[-0.13056,51.51681,37.9],[-0.130508,51.51674,37.7],[-0.13045,51.51665,37.4],[-0.130427,51.5166,37.4],[-0.13042,51.51658,37.4],[-0.13041,51.51656,37.4],[-0.13038,51.51649,37.3],[-0.13036,51.51642,37.2],[-0.13031,51.51618,36.9],[-0.13027,51.51596,36.4],[-0.130259,51.51593,36.3],[-0.13024,51.51585,36.2],[-0.13023,51.51581,36.1],[-0.13022,51.51579,36.1],[-0.13017,51.51559,35.7],[-0.1301,51.5154,35.2],[-0.1301,51.5154,35.2],[-0.130067,51.51533,35],[-0.12995,51.51506,34.2],[-0.129927,51.51501,34.1],[-0.12989,51.51491,34.1],[-0.12987,51.51487,34.2],[-0.12972,51.51452,34.3],[-0.12962,51.51422,34.5],[-0.129537,51.51403,34.6],[-0.12952,51.51399,34.6],[-0.12948,51.51388,34.6],[-0.129398,51.51375,34.7],[-0.129287,51.51355,34.9],[-0.12924,51.51344,34.9],[-0.12914,51.51326,34.9],[-0.12905,51.51312,34.9],[-0.12894,51.51293,34.8],[-0.12887,51.5128,34.7],[-0.12875,51.51262,34.6],[-0.12856,51.51229,34],[-0.12856,51.51228,34],[-0.12851,51.5122,33.8],[-0.12851,51.51219,33.8],[-0.12848,51.51214,33.7],[-0.12845,51.51203,33.6],[-0.12841,51.512,33.5],[-0.12839,51.51196,33.4],[-0.12838,51.51191,33.3],[-0.12842,51.51185,33.2],[-0.12841,51.51178,33],[-0.12841,51.51175,32.9],[-0.128399,51.51171,32.8],[-0.12839,51.51169,32.8],[-0.12839,51.51164,32.7],[-0.12839,51.51159,32.6],[-0.12839,51.5115,32.4],[-0.12839,51.51149,32.3],[-0.128399,51.51134,31.8],[-0.128399,51.51128,31.6],[-0.12841,51.51125,31.5],[-0.12841,51.51119,31.3],[-0.12841,51.51119,31.3],[-0.12842,51.51097,30.6],[-0.12841,51.51093,30.4],[-0.12841,51.51072,29.9],[-0.128399,51.51058,29.7],[-0.12838,51.51051,29.6],[-0.12837,51.51045,29.5],[-0.12833,51.51033,29.4],[-0.12831,51.51027,29.3],[-0.128288,51.51023,29.3],[-0.12824,51.51016,29.3],[-0.12817,51.51008,29.3],[-0.12812,51.51,29.3],[-0.12802,51.50987,29],[-0.12797,51.50982,28.9],[-0.12792,51.50977,28.8],[-0.12788,51.50974,28.7],[-0.127847,51.50972,28.7],[-0.12777,51.50967,28.5],[-0.12776,51.50967,28.5],[-0.12763,51.50962,28.2],[-0.12756,51.5096,28.1],[-0.127487,51.50957,27.9],[-0.12745,51.50955,27.8],[-0.1274,51.50953,27.6],[-0.12736,51.5095,27.4],[-0.12731,51.50943,26.9],[-0.1273,51.50941,26.7],[-0.127289,51.50938,26.5],[-0.12728,51.50936,26.4],[-0.12727,51.50934,26.2],[-0.12725,51.50929,25.9],[-0.127237,51.50928,25.8],[-0.127237,51.50927,25.7],[-0.127237,51.50924,25.5],[-0.12725,51.50917,25.1],[-0.12723,51.50909,24.7],[-0.12722,51.50898,24.3],[-0.127237,51.50882,23.8],[-0.127207,51.50872,23.4],[-0.127207,51.50871,23.4],[-0.1272,51.50866,23.2],[-0.12717,51.50858,23],[-0.12717,51.50858,23],[-0.12717,51.50855,22.9],[-0.12717,51.50847,22.6],[-0.12716,51.50841,22.5],[-0.12716,51.5084,22.4],[-0.12719,51.50829,22.2],[-0.12717,51.50824,22.5],[-0.12714,51.50814,22.9],[-0.12714,51.50813,23],[-0.12713,51.5081,23.1],[-0.12709,51.50806,23.5],[-0.12709,51.50805,23.5],[-0.127067,51.50803,23.7],[-0.12706,51.50801,23.8],[-0.12705,51.50798,24],[-0.12705,51.50797,24],[-0.127039,51.50792,24.2],[-0.12702,51.50782,24.8],[-0.12702,51.50778,24.9],[-0.12703,51.50776,24.9],[-0.12703,51.50775,25],[-0.127039,51.5077,25.1],[-0.12715,51.50756,24.7],[-0.12717,51.50753,24.7],[-0.127178,51.50752,24.6],[-0.1272,51.50751,24.5],[-0.12722,51.5075,24.4],[-0.127237,51.5075,24.2],[-0.1273,51.50749,23.6],[-0.1273,51.50749,23.6],[-0.1273,51.50748,23.6],[-0.127289,51.50748,23.7],[-0.127289,51.50747,23.6],[-0.12728,51.50747,23.7],[-0.12728,51.50746,23.6],[-0.12728,51.50744,23.5],[-0.12728,51.50743,23.5],[-0.12728,51.50741,23.4],[-0.127289,51.50739,23.2],[-0.127289,51.50738,23.1],[-0.1273,51.50736,22.9],[-0.12731,51.50734,22.8],[-0.127317,51.50733,22.6],[-0.12733,51.50732,22.5],[-0.12734,51.50731,22.4],[-0.127347,51.5073,22.3],[-0.12736,51.50729,22.2],[-0.12738,51.50728,22],[-0.12739,51.50727,21.9],[-0.12741,51.50727,21.8],[-0.12742,51.50726,21.6],[-0.12745,51.50724,21.4],[-0.127487,51.50723,21.1],[-0.12752,51.50722,20.9],[-0.12755,51.50721,20.7],[-0.12756,51.50721,20.7],[-0.12759,51.5072,20.5],[-0.12762,51.5072,20.4],[-0.12766,51.50719,20.2],[-0.12769,51.50719,20],[-0.127707,51.50719,19.9],[-0.12773,51.50719,19.8],[-0.12775,51.50719,19.8],[-0.12777,51.50719,19.7],[-0.12784,51.50715,19.3],[-0.12787,51.50713,19.2],[-0.128,51.50706,18.7],[-0.128067,51.50702,18.5],[-0.12813,51.50698,18.4],[-0.128207,51.50694,18.3],[-0.12828,51.50689,18.3],[-0.12833,51.50686,18.3],[-0.12839,51.50684,18.5],[-0.12845,51.50681,18.8],[-0.1285,51.50678,19],[-0.12861,51.50674,19.5],[-0.12861,51.50674,19.5],[-0.1287,51.50671,19.9],[-0.12872,51.5067,20],[-0.128788,51.50668,20.3],[-0.12887,51.50666,20.6],[-0.128957,51.50665,20.9],[-0.12901,51.50663,21.2],[-0.129067,51.50661,21.3],[-0.1293,51.50651,21.2],[-0.12948,51.50643,20.9],[-0.12977,51.50631,20.1],[-0.130067,51.50619,18.8],[-0.13044,51.50604,17.4],[-0.13083,51.50586,16.2],[-0.13099,51.5058,16.2],[-0.13118,51.50572,16.3],[-0.13136,51.50564,16.3],[-0.13147,51.5056,16.3],[-0.13187,51.50544,16.7],[-0.13342,51.50484,20.5],[-0.1342,51.5045,16.2],[-0.1344,51.50442,15.2],[-0.13474,51.50427,13.4],[-0.1353,51.50402,11.6],[-0.13577,51.50383,11.7],[-0.136,51.50374,11.8],[-0.13662,51.50348,12.2],[-0.13776,51.50302,14.8],[-0.13846,51.50272,15.2]]},"properties":{"name":"Route C"}},{"type":"Feature","geometry":{"type":"LineString","coordinates":[[-0.2829,51.44931,42.3],[-0.28355,51.44908,43.7],[-0.28378,51.44901,44.4],[-0.28418,51.44892,45.6],[-0.28431,51.4489,46],[-0.28438,51.44888,46.3],[-0.28469,51.44883,47.3],[-0.28499,51.4488,48.3],[-0.28521,51.44878,48.5],[-0.2855,51.44877,48.7],[-0.28608,51.44875,49],[-0.28637,51.44875,49],[-0.28638,51.44874,49.1],[-0.28705,51.44873,49.4],[-0.28721,51.44873,49.5],[-0.28736,51.44873,49.6],[-0.28763,51.44873,49.7],[-0.28778,51.44874,49.6],[-0.28788,51.44874,49.6],[-0.28826,51.44876,49.4],[-0.28846,51.44877,49.5],[-0.28868,51.44879,49.6],[-0.28893,51.44881,49.7],[-0.28899,51.44881,49.8],[-0.28906,51.44882,49.8],[-0.28924,51.44884,49.8],[-0.28935,51.44884,49.9],[-0.28951,51.44886,49.8],[-0.28963,51.44887,49.8],[-0.28999,51.44891,49.8],[-0.29027,51.44894,50.5],[-0.29077,51.44901,51.7],[-0.29086,51.44902,51.9],[-0.29105,51.44905,52.2],[-0.2912,51.44907,52.5],[-0.29133,51.44909,52.7],[-0.2915,51.44911,52.9],[-0.29182,51.44916,53.4],[-0.29189,51.44917,53.5],[-0.29211,51.44921,54],[-0.29217,51.44922,54.1],[-0.2923,51.44925,54.4],[-0.29244,51.44927,54.7],[-0.2928,51.44934,55.2],[-0.293,51.44938,55.3],[-0.29327,51.44943,55.6],[-0.29339,51.44946,55.5],[-0.29348,51.44947,55.2],[-0.29437,51.44966,52.4],[-0.29464,51.44972,51.7],[-0.29475,51.44974,51.4],[-0.29492,51.44977,51],[-0.29506,51.44979,50.6],[-0.29513,51.44979,50.5],[-0.29513,51.44979,50.5],[-0.29532,51.44978,50.1],[-0.29532,51.44978,50.1],[-0.29532,51.44977,50.1],[-0.29533,51.44977,50.1],[-0.29533,51.44976,50.1],[-0.29534,51.44976,50.1],[-0.29535,51.44976,50.1],[-0.29537,51.4496,50.4],[-0.2953,51.44943,51],[-0.29527,51.44937,51.2],[-0.29526,51.44936,51.3],[-0.29504,51.44898,53.2],[-0.2949,51.44872,54.1],[-0.29489,51.44869,54.2],[-0.29485,51.44859,54.4],[-0.29482,51.44847,54.7],[-0.29478,51.44828,55],[-0.29476,51.44812,55.1],[-0.29475,51.44807,55.1],[-0.29475,51.44804,55.1],[-0.29474,51.44793,55.2],[-0.29474,51.44787,55.2],[-0.29473,51.44777,55.2],[-0.29468,51.44715,56],[-0.29467,51.44709,56.1],[-0.29464,51.44685,56.5],[-0.29461,51.44671,56.9],[-0.29458,51.44659,57],[-0.29458,51.44657,56.9],[-0.29452,51.44641,57],[-0.29444,51.44625,57],[-0.29429,51.44596,57],[-0.29419,51.44579,57],[-0.29407,51.44553,57.5],[-0.29387,51.44511,58.5],[-0.29376,51.44493,58.7],[-0.29365,51.44477,58.4],[-0.29321,51.44414,57.1],[-0.29309,51.44394,56.7],[-0.29303,51.44385,56.5],[-0.29295,51.44363,55.9],[-0.29292,51.44352,55.6],[-0.29287,51.44326,54.8],[-0.29277,51.44279,53.5],[-0.29277,51.44279,53.5],[-0.29297,51.44273,53.1],[-0.29322,51.44267,52.7],[-0.29334,51.44263,52.5],[-0.29334,51.44263,52.5],[-0.29331,51.44247,52],[-0.29326,51.44233,52.1],[-0.29319,51.44218,52],[-0.29312,51.44206,52],[-0.29305,51.44197,51.9],[-0.2929,51.44186,51.7],[-0.2927,51.44174,51.4],[-0.29262,51.44166,51.1],[-0.29259,51.44162,50.9],[-0.29257,51.44147,50.4],[-0.29256,51.44147,50.3],[-0.29254,51.4414,50.1],[-0.29252,51.44137,49.9],[-0.29229,51.44116,49.2],[-0.29224,51.44111,49.1],[-0.29221,51.44105,48.9],[-0.29218,51.44095,48.7],[-0.29218,51.44086,48.5],[-0.29217,51.44079,48.1],[-0.29215,51.4407,47.6],[-0.29214,51.44068,47.5],[-0.29209,51.44058,47],[-0.29206,51.44047,46.4],[-0.29205,51.44038,45.9],[-0.29203,51.44029,45.4],[-0.29199,51.44021,45],[-0.29197,51.44015,44.8],[-0.29196,51.44012,44.6],[-0.29192,51.43999,44],[-0.29189,51.43987,43.4],[-0.29187,51.4397,42.6],[-0.2919,51.43955,41.5],[-0.29188,51.43937,40.6],[-0.29191,51.4392,39.4],[-0.29189,51.43902,38.8],[-0.29187,51.4389,38.4],[-0.2918,51.43871,38.2],[-0.29169,51.43856,38.6],[-0.29167,51.43853,38.7],[-0.29159,51.43837,38.1],[-0.29152,51.4382,37.5],[-0.29146,51.43803,37],[-0.29137,51.43789,36.6],[-0.29135,51.43787,36.5],[-0.29129,51.43779,36.3],[-0.29126,51.4377,36.1],[-0.29122,51.43752,35.6],[-0.29117,51.43736,35],[-0.29116,51.43735,34.9],[-0.29111,51.43722,34.4],[-0.29103,51.43707,34],[-0.29093,51.43695,33.8],[-0.2908,51.43681,33.7],[-0.29067,51.43666,33.8],[-0.29052,51.43651,34.2],[-0.29043,51.43642,34.5],[-0.29033,51.43631,34.8],[-0.29017,51.43617,35.5],[-0.29009,51.43609,35.8],[-0.29008,51.43608,35.8],[-0.28999,51.43599,36.2],[-0.28987,51.43586,35.9],[-0.28977,51.43577,35.7],[-0.28966,51.43567,35.5],[-0.28955,51.43555,35.3],[-0.28941,51.43541,35.1],[-0.28929,51.43529,35.1],[-0.28909,51.4351,35],[-0.28902,51.43503,35],[-0.2889,51.43494,34.8],[-0.28885,51.43487,34.5],[-0.28884,51.43486,34.5],[-0.28877,51.43477,34.2],[-0.28866,51.43468,33.8],[-0.28862,51.43462,33.6],[-0.28856,51.43456,33.4],[-0.28855,51.43455,33.4],[-0.28848,51.43447,33.1],[-0.28841,51.43441,32.9],[-0.28834,51.43434,32.6],[-0.28818,51.43416,32.4],[-0.28809,51.43406,32.4],[-0.28804,51.43401,32.4],[-0.28797,51.43395,32.4],[-0.28791,51.43386,32.3],[-0.28786,51.43379,32.2],[-0.28785,51.43378,32.2],[-0.28779,51.43373,32.1],[-0.28771,51.43366,32],[-0.28766,51.43359,31.8],[-0.28762,51.43353,31.6],[-0.28754,51.43344,31.4],[-0.28746,51.43336,31.1],[-0.28743,51.43332,30.9],[-0.28732,51.43321,30.2],[-0.2873,51.43318,30],[-0.28723,51.4331,29.5],[-0.28715,51.433,28.9],[-0.28712,51.43294,28.6],[-0.28711,51.4329,28.4],[-0.28711,51.43289,28.3],[-0.28707,51.4328,27.8],[-0.28704,51.43271,27.3],[-0.28703,51.43264,26.9],[-0.28703,51.43256,26.5],[-0.28703,51.43255,26.4],[-0.28703,51.43247,26.3],[-0.28705,51.43239,26.5],[-0.28706,51.43237,26.6],[-0.28708,51.43234,26.7],[-0.28713,51.43228,26.8],[-0.28719,51.43223,26.9],[-0.28724,51.4322,27],[-0.28731,51.43217,26.9],[-0.28738,51.43214,27],[-0.28744,51.4321,27],[-0.2876,51.43202,27.3],[-0.28768,51.43192,27.7],[-0.28772,51.43185,28.1],[-0.28775,51.43181,28.3],[-0.28779,51.43177,28.5],[-0.28784,51.43173,28.7],[-0.2879,51.43169,28.9],[-0.28795,51.43164,29],[-0.28805,51.43156,29.2],[-0.28808,51.43152,29.2],[-0.28819,51.43141,29.4],[-0.28829,51.43129,29.5],[-0.28836,51.4312,29.4],[-0.28837,51.4312,29.3],[-0.28846,51.43112,28.6],[-0.28853,51.43103,28.2],[-0.28856,51.43098,28],[-0.28859,51.43093,27.8],[-0.28861,51.43088,27.6],[-0.28861,51.43081,27.6],[-0.28861,51.43074,27.5],[-0.28861,51.4307,27.4],[-0.2886,51.43064,27.4],[-0.28857,51.43051,27.3],[-0.28852,51.43038,27.5],[-0.28847,51.43027,27.6],[-0.28843,51.43008,27.5],[-0.28841,51.42999,27.4],[-0.28839,51.42991,27.5],[-0.28835,51.42973,27.6],[-0.28833,51.42964,27.6],[-0.2883,51.42953,27.6],[-0.28826,51.42942,27.8],[-0.28822,51.42929,27.9],[-0.28819,51.42918,28],[-0.28818,51.4291,27.9],[-0.28813,51.4289,27.8],[-0.28811,51.42882,27.8],[-0.28808,51.42864,27.6],[-0.28807,51.42857,27.5],[-0.28806,51.42852,27.4],[-0.28803,51.42842,27.4],[-0.288,51.42833,27.4],[-0.28789,51.42816,27.8],[-0.28784,51.42808,27.9],[-0.28776,51.42795,28.2],[-0.28769,51.42782,28.4],[-0.28764,51.42772,28.5],[-0.28764,51.42771,28.5],[-0.28761,51.42763,28.5],[-0.28758,51.42754,28.5],[-0.28756,51.42746,28.5],[-0.28752,51.42736,28.7],[-0.28751,51.42733,28.7],[-0.28746,51.42721,29],[-0.2874,51.42711,29.4],[-0.28737,51.42704,29.6],[-0.2873,51.42693,30.2],[-0.28724,51.42685,30.6],[-0.28718,51.42674,31.1],[-0.28709,51.42662,31.8],[-0.28703,51.42652,31.9],[-0.28696,51.42643,32.2],[-0.28679,51.42619,32.3],[-0.28677,51.42617,32.3],[-0.28668,51.42603,32.1],[-0.28665,51.42596,31.9],[-0.28659,51.42586,31.7],[-0.28656,51.4258,31.6],[-0.2865,51.4257,31.5],[-0.28649,51.42569,31.5],[-0.28644,51.42558,31.3],[-0.28642,51.42551,31.1],[-0.2864,51.42547,31],[-0.28638,51.42535,30.5],[-0.28633,51.42519,30],[-0.28626,51.42483,28.8],[-0.28626,51.4248,28.7],[-0.28625,51.42479,28.7],[-0.28623,51.42465,28.3],[-0.2862,51.42445,27.7],[-0.2862,51.42444,27.7],[-0.28616,51.42428,27.3],[-0.28612,51.42409,27.3],[-0.28611,51.42405,27.5],[-0.28606,51.42376,29],[-0.28605,51.42348,30.3],[-0.28605,51.42337,30.8],[-0.28605,51.42323,31],[-0.28606,51.42302,30.9],[-0.28606,51.42301,30.9],[-0.28609,51.42294,30.9],[-0.28611,51.42284,30.9],[-0.28615,51.42271,30.9],[-0.28617,51.42266,30.9],[-0.28622,51.42254,31],[-0.28629,51.42233,30.5],[-0.28635,51.42204,29.4],[-0.28639,51.42189,28.8],[-0.28641,51.42177,28.3],[-0.28643,51.42165,27.8],[-0.28648,51.42137,26.3],[-0.28649,51.42124,25.7],[-0.28649,51.42124,25.7],[-0.28638,51.42123,26.1],[-0.28638,51.42123,26.1],[-0.28639,51.42109,25.5],[-0.28641,51.42093,24.7],[-0.28642,51.42076,23.9],[-0.28643,51.42067,23.6],[-0.28642,51.4205,23],[-0.28642,51.42045,22.9],[-0.28641,51.42037,22.6],[-0.28638,51.42025,22.3],[-0.28632,51.42014,22],[-0.28631,51.42012,21.9],[-0.28613,51.41978,21.3],[-0.2861,51.41969,21.2],[-0.286,51.41951,21.1],[-0.28592,51.41935,21],[-0.28588,51.41926,21],[-0.28582,51.41915,21],[-0.28564,51.4188,21],[-0.28562,51.41875,21],[-0.2854,51.41834,21],[-0.2853,51.41816,21.4],[-0.28523,51.41802,21.7],[-0.28518,51.41794,21.9],[-0.28506,51.41767,22.6],[-0.28495,51.41744,23],[-0.28493,51.4174,23],[-0.28483,51.4172,22.8],[-0.28478,51.4171,22.7],[-0.28474,51.41703,22.6],[-0.28468,51.41691,22.5],[-0.28454,51.41665,22.1],[-0.28448,51.41652,21.9],[-0.28434,51.41625,21.6],[-0.28426,51.41614,21.5],[-0.28426,51.41614,21.5],[-0.28426,51.41614,21.5],[-0.2842,51.41609,21.5],[-0.28407,51.41603,21.8],[-0.28407,51.41603,21.8],[-0.28379,51.41614,23.1],[-0.28362,51.41623,23.9],[-0.28342,51.41634,24.9],[-0.28335,51.41638,25.3],[-0.28323,51.41645,25.9],[-0.28312,51.41652,26.4],[-0.28291,51.41664,27.5],[-0.28276,51.41674,28.3],[-0.28265,51.41682,29],[-0.2825,51.41691,29.9],[-0.28217,51.41711,31.8],[-0.28215,51.41713,31.9],[-0.28202,51.41721,32.7],[-0.28202,51.41721,32.7],[-0.28193,51.41711,32.6],[-0.28184,51.41698,32.5],[-0.28183,51.41696,32.5],[-0.2818,51.4169,32.4],[-0.28134,51.41639,32],[-0.2813,51.41634,31.9],[-0.28127,51.41629,31.8],[-0.28124,51.41626,31.8],[-0.28115,51.41613,31.6],[-0.28113,51.41608,31.4],[-0.2811,51.41602,31.3],[-0.28104,51.41589,30.9],[-0.28102,51.41586,30.9],[-0.28098,51.41575,30.8],[-0.28097,51.41572,30.8],[-0.28091,51.41557,30.9],[-0.28087,51.41547,31],[-0.28085,51.4154,31],[-0.28083,51.41532,31],[-0.2808,51.41522,31.1],[-0.28079,51.4152,31.1],[-0.28078,51.41517,31.1],[-0.28077,51.4151,31.1],[-0.28074,51.41494,31],[-0.28073,51.4148,30.6],[-0.28071,51.41465,30.2],[-0.2807,51.41447,29.7],[-0.28069,51.41436,29.4],[-0.28069,51.4143,29.2],[-0.28066,51.41405,28.4],[-0.28065,51.41387,27.9],[-0.28063,51.41356,26.9],[-0.28064,51.41336,26.3],[-0.28064,51.41325,26],[-0.28063,51.41315,25.8],[-0.28063,51.41304,25.5],[-0.28063,51.41304,25.5],[-0.28031,51.41305,25.9],[-0.28017,51.41305,26.1],[-0.28005,51.41305,26.3],[-0.27986,51.41305,26.3],[-0.27976,51.41305,26.3],[-0.27956,51.41305,26.3],[-0.27931,51.41306,26.3],[-0.27891,51.41306,26.3],[-0.27843,51.41307,26.4],[-0.27825,51.41306,26.2],[-0.27789,51.41305,25.8],[-0.27747,51.41305,25.3],[-0.27719,51.41305,24.8],[-0.27697,51.41305,24.5],[-0.2769,51.41305,24.4],[-0.27672,51.41305,24.1],[-0.27663,51.41305,24],[-0.27647,51.41306,24],[-0.27638,51.41306,24],[-0.27627,51.41308,24.1],[-0.27611,51.4131,24.2],[-0.27602,51.41311,24.2],[-0.27553,51.41319,24.7],[-0.27527,51.41323,25.1],[-0.27512,51.41325,25.4],[-0.27471,51.41331,25.9],[-0.2744,51.41336,26.1],[-0.27406,51.4134,26],[-0.27373,51.41345,25.7],[-0.27312,51.41353,25],[-0.27312,51.41353,25],[-0.27297,51.41355,24.9],[-0.27286,51.41357,24.9],[-0.27269,51.41359,24.8],[-0.2725,51.41361,24.7],[-0.27237,51.41363,24.6],[-0.27224,51.41364,24.4],[-0.27206,51.41365,24.2],[-0.27183,51.41366,24],[-0.27163,51.41367,23.8],[-0.27148,51.41368,23.8],[-0.27138,51.4137,23.9],[-0.27129,51.41371,23.9],[-0.27115,51.41373,24],[-0.27097,51.41376,24],[-0.27075,51.4138,24.1],[-0.27055,51.41385,24.3],[-0.27038,51.41389,24.5],[-0.27035,51.41389,24.5],[-0.27012,51.41395,24.9],[-0.27,51.41397,25.1],[-0.26993,51.41399,25.3],[-0.26971,51.41404,26],[-0.26961,51.41407,26.4],[-0.26954,51.41409,26.7],[-0.26952,51.4141,26.8],[-0.26947,51.41411,27],[-0.26942,51.41413,27.2],[-0.26937,51.41415,27.4],[-0.26931,51.41418,27.7],[-0.26908,51.41428,28.9],[-0.26902,51.41431,29.2],[-0.26883,51.4144,30.3],[-0.26846,51.41458,32.6],[-0.26837,51.41462,33.2],[-0.26809,51.41476,34.3],[-0.26792,51.41484,34.8],[-0.26772,51.41493,35.5],[-0.26746,51.41505,36.4],[-0.26724,51.41515,37.4],[-0.26668,51.41542,40.5],[-0.26637,51.41556,42.2],[-0.26621,51.41564,43],[-0.266,51.41574,44.1],[-0.2659,51.41579,44.6],[-0.26572,51.41587,45.4],[-0.26561,51.41593,45.9],[-0.26559,51.41594,46],[-0.26543,51.416,46.6],[-0.26523,51.41609,47.3],[-0.26507,51.41615,47.8],[-0.26466,51.41629,48.3],[-0.26455,51.41632,48.4],[-0.26425,51.41642,48.6],[-0.26407,51.41648,48.7],[-0.26389,51.41653,48.8],[-0.26371,51.41657,48.8],[-0.26367,51.41658,48.8],[-0.26346,51.41663,48.9],[-0.26331,51.41666,48.9],[-0.26318,51.41668,48.9],[-0.26307,51.41671,48.9],[-0.26298,51.41672,48.8],[-0.26277,51.41675,48.7],[-0.26262,51.41677,48.5],[-0.26247,51.41679,48.4],[-0.26232,51.4168,48],[-0.26222,51.41681,47.8],[-0.262129,51.41681,47.6],[-0.261969,51.41682,47.3],[-0.26185,51.41682,47],[-0.26172,51.41682,46.7],[-0.261639,51.41681,46.5],[-0.26155,51.41681,46.5],[-0.26149,51.4168,46.4],[-0.26132,51.41678,46.4],[-0.2612,51.41677,46.3],[-0.261079,51.41675,46.2],[-0.26093,51.41672,46.1],[-0.2607,51.41666,45.8],[-0.260689,51.41666,45.8],[-0.26048,51.41661,45.3],[-0.26038,51.41658,45],[-0.2602,51.41653,44.5],[-0.26005,51.41649,44],[-0.25979,51.41642,43.1],[-0.25961,51.41636,42.4],[-0.259469,51.41633,42],[-0.25943,51.41632,41.8],[-0.25937,51.4163,41.6],[-0.259309,51.41629,41.5],[-0.25924,51.41629,41.3],[-0.25916,51.41628,41.1],[-0.259019,51.41628,40.8],[-0.258909,51.41628,40.5],[-0.25862,51.41628,39.8],[-0.258469,51.41628,39.4],[-0.25812,51.41627,38.8],[-0.25782,51.41628,38.5],[-0.25782,51.41628,38.5],[-0.25776,51.41628,38.4],[-0.25743,51.41628,37.9],[-0.25716,51.41629,37.5],[-0.25688,51.41631,37.1],[-0.256589,51.41632,36.7],[-0.25645,51.41633,36.5],[-0.25618,51.41634,36.2],[-0.256139,51.41635,36.2],[-0.255919,51.41636,36],[-0.25574,51.41637,35.7],[-0.25563,51.41638,35.5],[-0.25551,51.41639,35.2],[-0.25539,51.41639,34.9],[-0.25534,51.41639,34.8],[-0.255249,51.41639,34.6],[-0.25516,51.41639,34.4],[-0.25494,51.41639,33.8],[-0.25483,51.41638,33.4],[-0.25473,51.41636,32.9],[-0.25462,51.41635,32.5],[-0.25455,51.41634,32.2],[-0.25428,51.41629,31.1],[-0.25421,51.41627,30.7],[-0.25388,51.41622,29.4],[-0.253699,51.41617,28.5],[-0.25332,51.4161,26.9],[-0.253249,51.41608,26.5],[-0.25307,51.41604,25.6],[-0.252859,51.416,24.7],[-0.25258,51.41599,23.5],[-0.2523,51.41593,22.1],[-0.25219,51.41591,21.6],[-0.25208,51.41588,21],[-0.25194,51.41585,20.3],[-0.25188,51.41583,20.1],[-0.25185,51.41582,20.1],[-0.25163,51.41575,19.6],[-0.25158,51.41573,19.5],[-0.25154,51.41572,19.4],[-0.2515,51.4157,19.3],[-0.2513,51.41564,18.9],[-0.251259,51.41563,18.8],[-0.25107,51.41557,18.4],[-0.25102,51.41555,18.3],[-0.251,51.41555,18.2],[-0.25094,51.41553,18.1],[-0.25077,51.41546,17.7],[-0.25063,51.41541,17.4],[-0.25051,51.41536,17.1],[-0.25039,51.41531,16.9],[-0.25028,51.41526,16.6],[-0.25027,51.41526,16.6],[-0.24996,51.41511,16.3],[-0.2497,51.41498,16.1],[-0.24963,51.41495,16],[-0.24956,51.41494,16],[-0.24955,51.41493,16],[-0.24942,51.41488,15.9],[-0.24905,51.41471,15.6],[-0.24877,51.41458,15.5],[-0.24861,51.4145,15.5],[-0.24842,51.41441,15.7],[-0.24813,51.41428,15.9],[-0.2479,51.41417,16],[-0.24764,51.41406,15.9],[-0.24717,51.41385,15.4],[-0.24716,51.41385,15.4],[-0.24715,51.41385,15.4],[-0.24715,51.41386,15.4],[-0.24714,51.41386,15.4],[-0.24713,51.41386,15.4],[-0.24712,51.41386,15.3],[-0.24712,51.41385,15.3],[-0.24711,51.41385,15.3],[-0.2471,51.41385,15.3],[-0.24709,51.41385,15.3],[-0.24709,51.41384,15.3],[-0.24708,51.41384,15.3],[-0.24707,51.41384,15.3],[-0.24707,51.41383,15.3],[-0.24706,51.41383,15.3],[-0.24706,51.41382,15.3],[-0.24705,51.41381,15.3],[-0.24705,51.4138,15.3],[-0.24702,51.41377,15.2],[-0.24699,51.41376,15.2],[-0.24697,51.41375,15.2],[-0.24696,51.41375,15.2],[-0.24686,51.41371,15.1],[-0.24678,51.41368,15.1],[-0.24655,51.4136,15],[-0.24644,51.41357,15.1],[-0.24629,51.41351,15.1],[-0.24609,51.41344,15.1],[-0.24604,51.41343,15.1],[-0.2455,51.41329,15],[-0.24545,51.41328,15],[-0.24528,51.41323,15],[-0.24513,51.41318,15],[-0.24499,51.41313,15],[-0.24483,51.41307,15],[-0.244,51.41276,14.9],[-0.24367,51.41263,14.5],[-0.2436,51.41262,14.4],[-0.24347,51.41258,14.2],[-0.24317,51.4125,14],[-0.24275,51.41238,14],[-0.24232,51.41227,14.1],[-0.24208,51.41219,14.2],[-0.24185,51.41211,14.4],[-0.24135,51.41191,14.8],[-0.24053,51.41159,15.2],[-0.24051,51.41158,15.2],[-0.23857,51.41084,15.7],[-0.23839,51.41077,15.9],[-0.23807,51.41066,15.8],[-0.23776,51.41056,15.7],[-0.23759,51.41051,15.6],[-0.23746,51.41047,15.6],[-0.23732,51.41043,15.5],[-0.23713,51.41038,15.5],[-0.23688,51.41031,15.4],[-0.2363,51.41017,15.2],[-0.23613,51.41014,15.2],[-0.23536,51.40997,15.5],[-0.23529,51.40995,15.6],[-0.23511,51.40991,15.8],[-0.23503,51.40989,15.8],[-0.23479,51.40984,15.8],[-0.23469,51.40982,15.8],[-0.23452,51.40982,15.8],[-0.23441,51.40981,15.8],[-0.23415,51.40976,15.7],[-0.23411,51.40972,15.7],[-0.23344,51.40961,15.9],[-0.23323,51.40957,16.1],[-0.23302,51.40954,16.2],[-0.23292,51.40952,16.3],[-0.23278,51.40949,16.4],[-0.2326,51.40947,16.6],[-0.23234,51.40945,16.9],[-0.23208,51.40944,17.2],[-0.23199,51.40944,17.3],[-0.23195,51.40944,17.3],[-0.23189,51.40944,17.4],[-0.23184,51.40944,17.5],[-0.23168,51.40944,17.7],[-0.23154,51.40944,17.7],[-0.23115,51.40946,17.6],[-0.23096,51.40946,17.6],[-0.23078,51.40946,17.6],[-0.2306,51.40947,17.5],[-0.23053,51.40947,17.4],[-0.2303,51.40948,17.2],[-0.23029,51.40948,17.2],[-0.23008,51.4095,17.1],[-0.22982,51.40952,17],[-0.22982,51.40952,17],[-0.2298,51.40956,17],[-0.2298,51.40958,17],[-0.2298,51.40961,17],[-0.22981,51.40963,17],[-0.22981,51.40965,17],[-0.22982,51.40967,17],[-0.22983,51.40969,17],[-0.22985,51.40972,17],[-0.2299,51.4098,17],[-0.22999,51.40996,17],[-0.23,51.40997,17],[-0.23005,51.41006,16.9],[-0.23007,51.41011,16.9],[-0.23009,51.41014,16.9],[-0.2301,51.41017,16.8],[-0.23011,51.41018,16.8],[-0.23011,51.4102,16.8],[-0.2301,51.41021,16.8],[-0.2301,51.41022,16.8],[-0.23009,51.41023,16.8],[-0.23009,51.41023,16.8],[-0.23007,51.41024,16.7],[-0.23006,51.41025,16.7],[-0.23004,51.41026,16.7],[-0.23,51.41027,16.7],[-0.22995,51.41028,16.7],[-0.22965,51.41035,16.6],[-0.22925,51.41045,16.5],[-0.22909,51.41048,16.5],[-0.22894,51.41052,16.5],[-0.22884,51.41054,16.6],[-0.22833,51.41067,17],[-0.22806,51.41074,17],[-0.22778,51.41081,17],[-0.2277,51.41083,17],[-0.22768,51.41084,17],[-0.22765,51.41085,17],[-0.22762,51.41086,17.1],[-0.22758,51.41087,17.1],[-0.22752,51.41088,17.1],[-0.22744,51.4109,17.2],[-0.22739,51.41091,17.3],[-0.22736,51.41091,17.3],[-0.22734,51.41092,17.4],[-0.2273,51.41091,17.4],[-0.2271,51.41096,17.7],[-0.227,51.41099,17.9],[-0.22658,51.41109,18.3],[-0.22592,51.41125,18.5],[-0.22586,51.41126,18.5],[-0.22582,51.41127,18.5],[-0.22577,51.41129,18.5],[-0.22573,51.41131,18.5],[-0.2255,51.41144,18.4],[-0.22524,51.4116,18.3],[-0.2248,51.41193,19.3],[-0.22467,51.41201,19.6],[-0.22453,51.4121,20.1],[-0.22441,51.41218,20.5],[-0.22428,51.41225,20.8],[-0.22403,51.4124,21.5],[-0.22379,51.41253,22],[-0.22364,51.41262,22.1],[-0.22339,51.41276,22],[-0.22326,51.41282,21.9],[-0.22318,51.41286,21.9],[-0.22298,51.41296,21.8],[-0.22284,51.41304,21.8],[-0.22275,51.41309,21.8],[-0.22256,51.4132,21.9],[-0.22229,51.41336,22.1],[-0.22228,51.41337,22.2],[-0.22167,51.41373,23],[-0.2214,51.41389,23],[-0.22121,51.414,23.1],[-0.2211,51.41407,23.1],[-0.22089,51.41419,23.2],[-0.2206,51.41437,23.2],[-0.22043,51.41448,23.2],[-0.22016,51.41466,23.2],[-0.21983,51.41487,23.4],[-0.21957,51.41504,23.7],[-0.21954,51.41506,23.7],[-0.21952,51.41507,23.8],[-0.2195,51.41509,23.8],[-0.21948,51.4151,23.9],[-0.21945,51.41512,23.9],[-0.21943,51.41513,23.9],[-0.21938,51.41516,24],[-0.21935,51.41519,24.1],[-0.2193,51.41522,24.2],[-0.21928,51.41523,24.2],[-0.21924,51.41525,24.3],[-0.21919,51.41529,24.4],[-0.21905,51.41538,24.6],[-0.2189,51.41546,24.7],[-0.21886,51.41548,24.7],[-0.21884,51.4155,24.8],[-0.21881,51.41551,24.8],[-0.21878,51.41553,24.8],[-0.21853,51.41566,24.8],[-0.21802,51.41595,25.3],[-0.21784,51.41606,25.6],[-0.21747,51.41629,26.1],[-0.21713,51.41652,26.5],[-0.21699,51.41662,26.6],[-0.21667,51.41682,26.6],[-0.2166,51.41686,26.6],[-0.21639,51.41699,26.7],[-0.21583,51.41726,26.4],[-0.21557,51.41738,26.1],[-0.21533,51.41751,25.8],[-0.21518,51.41758,25.8],[-0.21508,51.41763,25.8],[-0.21504,51.41765,25.8],[-0.21495,51.4177,25.9],[-0.2149,51.41773,26],[-0.21484,51.41776,26.1],[-0.21478,51.4178,26.2],[-0.21472,51.41784,26.4],[-0.21465,51.4179,26.5],[-0.21456,51.41797,26.7],[-0.21451,51.418,26.7],[-0.21447,51.41803,26.7],[-0.2144,51.41809,26.8],[-0.21433,51.41814,26.8],[-0.2142,51.41824,26.8],[-0.21416,51.41827,26.8],[-0.21412,51.4183,26.8],[-0.21409,51.41832,26.8],[-0.21404,51.41836,26.8],[-0.21393,51.41843,26.7],[-0.21381,51.4185,26.7],[-0.21375,51.41853,26.6],[-0.21365,51.41859,26.5],[-0.21349,51.41868,26.3],[-0.21324,51.41882,26.1],[-0.21298,51.41897,26.4],[-0.21247,51.41929,27.3],[-0.21221,51.41944,27.3],[-0.21203,51.41957,27.4],[-0.21197,51.4196,27.4],[-0.21191,51.41964,27.4],[-0.21185,51.41968,27.5],[-0.2118,51.41971,27.5],[-0.21173,51.41975,27.5],[-0.21165,51.41979,27.5],[-0.21158,51.41984,27.5],[-0.21152,51.41987,27.5],[-0.21133,51.41996,27.5],[-0.21115,51.42005,27.5],[-0.21109,51.42008,27.6],[-0.21102,51.42012,27.6],[-0.2109,51.42019,27.7],[-0.21085,51.42023,27.8],[-0.21079,51.42026,27.9],[-0.21075,51.42029,27.9],[-0.21068,51.42034,28],[-0.21064,51.42037,28.1],[-0.21064,51.42037,28.1],[-0.21056,51.42043,28.2],[-0.21048,51.42048,28.3],[-0.21041,51.42054,28.4],[-0.21042,51.42054,28.4],[-0.21042,51.42055,28.5],[-0.21043,51.42055,28.5],[-0.21043,51.42056,28.5],[-0.21044,51.42057,28.6],[-0.21044,51.42058,28.6],[-0.21044,51.42059,28.7],[-0.21043,51.4206,28.7],[-0.21043,51.42061,28.7],[-0.21042,51.42061,28.7],[-0.21042,51.42062,28.7],[-0.21041,51.42062,28.7],[-0.21041,51.42063,28.8],[-0.2104,51.42063,28.7],[-0.21039,51.42063,28.7],[-0.21038,51.42063,28.7],[-0.21038,51.42064,28.8],[-0.21037,51.42064,28.7],[-0.21035,51.42064,28.7],[-0.21034,51.42064,28.7],[-0.21033,51.42064,28.7],[-0.21032,51.42064,28.7],[-0.21031,51.42064,28.7],[-0.2103,51.42064,28.7],[-0.2103,51.42063,28.6],[-0.21017,51.42075,28.9],[-0.21006,51.42082,29],[-0.21,51.42087,29],[-0.20989,51.42095,29.1],[-0.20977,51.42103,29.2],[-0.20958,51.42116,29.4],[-0.20954,51.42118,29.4],[-0.20943,51.42125,29.5],[-0.20925,51.42136,29.6],[-0.2088,51.42164,29.5],[-0.20869,51.42171,29.4],[-0.20838,51.42188,29.1],[-0.20824,51.42196,28.9],[-0.20824,51.42196,28.9],[-0.20833,51.42205,29],[-0.20861,51.42226,29.3],[-0.20916,51.42261,30.1],[-0.20952,51.42281,30.8],[-0.20956,51.42282,30.9],[-0.20972,51.42291,31.2],[-0.20977,51.42294,31.3],[-0.20983,51.42297,31.4],[-0.20996,51.42304,31.6],[-0.21006,51.42312,32],[-0.2102,51.42321,32.9],[-0.21045,51.42334,34.7],[-0.21059,51.4234,35.7],[-0.21077,51.42349,37],[-0.21083,51.42352,37.4],[-0.21106,51.42362,38.7],[-0.21123,51.42369,39.6],[-0.21126,51.4237,39.7],[-0.21138,51.42375,40.3],[-0.21166,51.42386,41.6],[-0.21171,51.42387,41.9],[-0.21173,51.42388,42],[-0.21179,51.42389,42.3],[-0.21209,51.42398,43.8],[-0.21212,51.42399,44],[-0.21232,51.42403,45],[-0.21243,51.42405,45.5],[-0.2127,51.42411,46.9],[-0.21297,51.42418,48.3],[-0.21311,51.42419,49],[-0.21326,51.42421,49.8],[-0.21341,51.42423,50.5],[-0.21356,51.42425,51.1],[-0.2137,51.42426,51.6],[-0.21383,51.42425,52],[-0.21394,51.42425,52.4],[-0.21404,51.42424,52.7],[-0.21425,51.42422,53.3],[-0.21443,51.4242,53.7],[-0.21452,51.42419,53.9],[-0.2146,51.42419,54.1],[-0.21481,51.42417,54.6],[-0.215,51.42415,55],[-0.21515,51.42415,55.3],[-0.2152,51.42415,55.5],[-0.21523,51.42415,55.5],[-0.21526,51.42414,55.6],[-0.21528,51.42414,55.6],[-0.21531,51.42414,55.7],[-0.21534,51.42414,55.8],[-0.21536,51.42414,55.8],[-0.21539,51.42414,55.9],[-0.21542,51.42414,56],[-0.21545,51.42414,56],[-0.21549,51.42414,56.1],[-0.21552,51.42414,56.2],[-0.21555,51.42415,56.3],[-0.21559,51.42416,56.4],[-0.21562,51.42416,56.5],[-0.21565,51.42417,56.6],[-0.21568,51.42418,56.6],[-0.21569,51.42418,56.7],[-0.2157,51.42418,56.7],[-0.21571,51.42418,56.7],[-0.21572,51.42418,56.7],[-0.21573,51.42418,56.8],[-0.21574,51.42418,56.8],[-0.21575,51.42418,56.8],[-0.21575,51.42419,56.8],[-0.21576,51.42419,56.8],[-0.21577,51.42419,56.9],[-0.21578,51.4242,56.9],[-0.21579,51.4242,56.9],[-0.21579,51.42421,56.9],[-0.2158,51.42421,56.9],[-0.2158,51.42422,56.9],[-0.2158,51.42423,56.9],[-0.2158,51.42424,56.9],[-0.2158,51.42425,56.9],[-0.21594,51.42434,57.1],[-0.21598,51.42438,57.1],[-0.21606,51.42447,57.2],[-0.21618,51.42455,57.2],[-0.21635,51.42466,57.3],[-0.21646,51.42474,57.2],[-0.21661,51.42483,57.2],[-0.21674,51.42492,57.1],[-0.21692,51.42504,57],[-0.21702,51.42511,57],[-0.21708,51.42515,57],[-0.21716,51.4252,57],[-0.2172,51.42523,57],[-0.21725,51.42525,57],[-0.21729,51.42526,57],[-0.21748,51.42534,57],[-0.21748,51.42533,57],[-0.21749,51.42533,57],[-0.2175,51.42533,57],[-0.21751,51.42533,57],[-0.21751,51.42532,57],[-0.21752,51.42532,57],[-0.21753,51.42532,57],[-0.21754,51.42532,57],[-0.21755,51.42532,57],[-0.21756,51.42532,57],[-0.21757,51.42532,57],[-0.21757,51.42533,57],[-0.21758,51.42533,57],[-0.21759,51.42533,57],[-0.21772,51.42533,57],[-0.2179,51.42534,57],[-0.21799,51.42532,57],[-0.21811,51.4253,57],[-0.21812,51.4253,57],[-0.21817,51.4253,57],[-0.21821,51.42529,57],[-0.21826,51.42529,57],[-0.21831,51.42529,57],[-0.21835,51.42528,57],[-0.21844,51.4253,57.1],[-0.21852,51.42531,57.1],[-0.21872,51.42534,57.3],[-0.21898,51.42538,57.4],[-0.21916,51.42541,57.5],[-0.21923,51.42543,57.5],[-0.21936,51.42546,57.4],[-0.21937,51.42546,57.4],[-0.21963,51.4255,57.4],[-0.21981,51.42553,57.4],[-0.21991,51.42555,57.3],[-0.21996,51.42556,57.3],[-0.22005,51.42558,57.3],[-0.22014,51.4256,57.2],[-0.22023,51.42563,57.2],[-0.22024,51.42563,57.2],[-0.22029,51.42564,57.2],[-0.22034,51.42565,57.1],[-0.22037,51.42566,57.1],[-0.22041,51.42567,57.1],[-0.2205,51.42569,57.1],[-0.22066,51.42574,57],[-0.22073,51.42576,57],[-0.22092,51.42581,57],[-0.22109,51.42586,57],[-0.22116,51.42588,57.1],[-0.22131,51.42593,57.1],[-0.22145,51.42598,57.2],[-0.22178,51.42609,57.1],[-0.22187,51.42612,56.9],[-0.22207,51.4262,56.7],[-0.22216,51.42623,56.6],[-0.22225,51.42626,56.5],[-0.22242,51.42633,56.3],[-0.22252,51.42638,56.3],[-0.22257,51.4264,56.3],[-0.22261,51.42643,56.4],[-0.22268,51.42648,56.5],[-0.22271,51.42651,56.5],[-0.22273,51.42653,56.6],[-0.22277,51.42657,56.7],[-0.2228,51.42661,56.8],[-0.22283,51.42665,56.9],[-0.22286,51.42671,56.9],[-0.22291,51.4268,56.7],[-0.22302,51.42701,56.2],[-0.22308,51.4271,56],[-0.2231,51.42716,55.8],[-0.22323,51.4274,55.2],[-0.22334,51.42763,55.2],[-0.22346,51.4279,55.6],[-0.22349,51.42797,55.7],[-0.22351,51.42804,55.8],[-0.22354,51.4281,55.9],[-0.22355,51.42812,55.9],[-0.22357,51.4282,56.1],[-0.22358,51.42822,56.1],[-0.22359,51.42825,56.2],[-0.22367,51.42858,56.2],[-0.22375,51.42896,56.1],[-0.22383,51.42945,56.5],[-0.22384,51.42956,56.7],[-0.22392,51.43024,57.4],[-0.22392,51.43025,57.4],[-0.22397,51.43074,57.3],[-0.22397,51.43075,57.3],[-0.22403,51.43124,57.1],[-0.22403,51.43126,57.1],[-0.22411,51.43199,56.9],[-0.22421,51.4329,57.6],[-0.22433,51.4341,58],[-0.22435,51.43443,57.8],[-0.22436,51.43455,57.8],[-0.22438,51.43505,57.6],[-0.22441,51.43558,58.8],[-0.22443,51.43586,59.2],[-0.22444,51.43593,59],[-0.2245,51.43618,58.2],[-0.22451,51.43626,57.9],[-0.22461,51.43674,56.4],[-0.22461,51.4368,56.4],[-0.22461,51.43683,56.3],[-0.2246,51.43687,56.3],[-0.22459,51.43692,56.2],[-0.22457,51.43704,56],[-0.2245,51.43725,55.7],[-0.22447,51.43735,55.5],[-0.22444,51.43749,55.3],[-0.22443,51.43756,55.1],[-0.22442,51.43761,55],[-0.22442,51.4377,54.8],[-0.22448,51.43816,53.5],[-0.22449,51.43825,53.2],[-0.2245,51.43839,53.2],[-0.2245,51.43846,53.5],[-0.2245,51.43853,53.8],[-0.22449,51.43856,53.9],[-0.22449,51.43861,54.1],[-0.22442,51.43889,55.2],[-0.22425,51.43949,56.9],[-0.22405,51.4402,57.8],[-0.22401,51.44034,57.7],[-0.2239,51.44076,57.7],[-0.22367,51.44149,57.6],[-0.22365,51.44161,57.6],[-0.22354,51.44196,58.1],[-0.22344,51.44228,58.6],[-0.22338,51.44249,58.9],[-0.22336,51.44254,59],[-0.2233,51.44274,59.2],[-0.22328,51.44278,59.3],[-0.22324,51.44293,59.3],[-0.22316,51.44322,59.5],[-0.22308,51.44353,59.8],[-0.22293,51.44403,60.3],[-0.22283,51.44439,60.3],[-0.22265,51.44498,60.3],[-0.22264,51.44504,60.3],[-0.22258,51.44522,59.9],[-0.22252,51.44545,59.5],[-0.22244,51.44572,59.1],[-0.22236,51.44598,58.3],[-0.22235,51.44603,58.2],[-0.22231,51.44615,57.7],[-0.22226,51.44631,57.2],[-0.22222,51.44646,56.7],[-0.22215,51.44671,55.9],[-0.222163,51.447034,54.9],[-0.222289,51.447367,53.7],[-0.222448,51.447548,52.9],[-0.222633,51.447708,52.4],[-0.22295,51.447842,51.9],[-0.223288,51.447919,51.5],[-0.223466,51.448004,51.5],[-0.223531,51.448147,51.5],[-0.223286,51.448612,52],[-0.223209,51.44888,52.8],[-0.223209,51.44888,52.8],[-0.22237,51.45047,52],[-0.22222,51.45076,50.6],[-0.22221,51.45079,50.5],[-0.22193,51.45132,49.4],[-0.22192,51.45142,49.4],[-0.22182,51.45161,49.2],[-0.22149,51.45226,45.9],[-0.22138,51.45245,44.9],[-0.22136,51.45251,44.6],[-0.22131,51.45261,44.5],[-0.22124,51.4527,44.4],[-0.2212,51.45277,44.3],[-0.22117,51.45281,44.3],[-0.22108,51.45292,44.1],[-0.22106,51.45294,44.1],[-0.22097,51.45301,44.1],[-0.2209,51.4531,44],[-0.22073,51.45331,44],[-0.2206,51.45347,43.7],[-0.22053,51.45358,43.5],[-0.22042,51.45376,43.2],[-0.22038,51.4538,43.2],[-0.22024,51.45396,43],[-0.22016,51.4541,42.9],[-0.22009,51.45424,42.6],[-0.22005,51.45431,42.4],[-0.21997,51.45448,41.8],[-0.21978,51.45488,40.4],[-0.21974,51.45497,40.1],[-0.21969,51.45508,39.7],[-0.21958,51.45532,38.8],[-0.21953,51.45541,38.5],[-0.21945,51.45559,37.9],[-0.21941,51.45568,37.6],[-0.21936,51.45576,37.3],[-0.2193,51.45589,36.9],[-0.21915,51.45624,36],[-0.21911,51.45633,35.9],[-0.21908,51.45639,35.8],[-0.21896,51.45663,35.3],[-0.21886,51.45683,34.3],[-0.21877,51.45702,33.1],[-0.21871,51.45713,32.5],[-0.21861,51.45731,31.6],[-0.2183,51.45784,28.6],[-0.21824,51.45796,27.7],[-0.21816,51.45811,26.8],[-0.21799,51.45842,25.1],[-0.2179,51.45859,24.6],[-0.21785,51.4587,24.3],[-0.21776,51.45886,23.8],[-0.21775,51.45889,23.7],[-0.2177,51.459,23.4],[-0.21766,51.45907,23.2],[-0.21761,51.45917,22.9],[-0.21763,51.45922,22.7],[-0.21763,51.45924,22.7],[-0.21763,51.45926,22.6],[-0.21763,51.45927,22.6],[-0.21762,51.4593,22.6],[-0.21758,51.45942,22.3],[-0.21755,51.45955,22],[-0.21754,51.45961,21.9],[-0.21752,51.45971,21.7],[-0.21749,51.45982,21.4],[-0.21749,51.45983,21.4],[-0.21742,51.45988,21.2],[-0.21738,51.46002,20.8],[-0.21733,51.46018,20],[-0.2173,51.46028,19.5],[-0.21728,51.46032,19.3],[-0.2172,51.46056,18.2],[-0.21716,51.4607,17.6],[-0.21712,51.46083,17],[-0.21707,51.46095,16.6],[-0.21704,51.46104,16.3],[-0.21698,51.46113,15.9],[-0.21693,51.46122,15.6],[-0.21691,51.46126,15.5],[-0.21686,51.4614,15],[-0.21679,51.46158,14.3],[-0.21671,51.46171,14],[-0.21662,51.4619,14],[-0.21641,51.46231,13.8],[-0.21638,51.46236,13.7],[-0.21624,51.46262,13.6],[-0.21599,51.46304,13.8],[-0.21595,51.46311,13.9],[-0.21593,51.46315,13.9],[-0.21587,51.46325,13.9],[-0.2156,51.4637,13.6],[-0.21558,51.46374,13.5],[-0.21539,51.46406,13.4],[-0.21536,51.4641,13.4],[-0.21522,51.46429,12.8],[-0.21513,51.4644,12.3],[-0.21508,51.46448,12],[-0.21506,51.46451,11.8],[-0.21487,51.46474,11],[-0.21476,51.46487,10.7],[-0.21465,51.465,10.4],[-0.21458,51.46509,10.5],[-0.21457,51.4651,10.5],[-0.21449,51.46524,10.5],[-0.21444,51.46532,10.5],[-0.21435,51.4655,10.4],[-0.21429,51.4656,10.3],[-0.21428,51.46564,10.3],[-0.21427,51.46575,10.2],[-0.21424,51.46584,10.1],[-0.21422,51.4659,9.8],[-0.21416,51.46595,9.4],[-0.21408,51.46601,9.3],[-0.21396,51.46611,9.1],[-0.21392,51.46614,9.1],[-0.21381,51.46624,8.9],[-0.21373,51.46631,8.8],[-0.21364,51.46638,8.7],[-0.21339,51.46652,8.4],[-0.21307,51.46681,8],[-0.21301,51.46686,7.9],[-0.21289,51.46696,7.8],[-0.2123,51.46748,7],[-0.21219,51.46758,6.9],[-0.21207,51.46769,6.7],[-0.21201,51.46774,6.6],[-0.21194,51.4678,6.5],[-0.2118,51.46793,6.7],[-0.21171,51.468,6.9],[-0.21153,51.46816,7.1],[-0.21144,51.46824,7.2],[-0.21128,51.46836,7.5],[-0.21117,51.46845,7.7],[-0.21104,51.46856,7.8],[-0.21078,51.46877,8],[-0.21066,51.46887,7.9],[-0.21054,51.46897,7.8],[-0.21046,51.46906,7.7],[-0.21032,51.46921,7.4],[-0.21028,51.46925,7.3],[-0.21025,51.46928,7.3],[-0.21021,51.46932,7.2],[-0.21021,51.46932,7.2],[-0.21014,51.46931,7.1],[-0.2101,51.46931,7.1],[-0.21006,51.46931,7.1],[-0.21,51.46931,7],[-0.20993,51.46931,7],[-0.2098,51.46932,7],[-0.20976,51.46932,7.1],[-0.20958,51.46933,7.1],[-0.20946,51.46933,7.1],[-0.20938,51.46933,7.1],[-0.20933,51.46934,7.2],[-0.20929,51.46934,7.2],[-0.20923,51.46935,7.2],[-0.20918,51.46935,7.2],[-0.20912,51.46936,7.3],[-0.20904,51.46938,7.4],[-0.20895,51.46941,7.6],[-0.2089,51.46942,7.6],[-0.20886,51.46943,7.7],[-0.20883,51.46944,7.7],[-0.2088,51.46946,7.8],[-0.20876,51.46948,7.9],[-0.20873,51.46949,7.9],[-0.2087,51.46952,8],[-0.20865,51.46959,8.1],[-0.20856,51.46971,8.4],[-0.20846,51.46985,8.7],[-0.20837,51.46995,8.9],[-0.20835,51.46997,8.9],[-0.20806,51.47031,9],[-0.20802,51.47035,9],[-0.20798,51.47039,9],[-0.20795,51.47042,9],[-0.20791,51.47045,9],[-0.20787,51.47049,9],[-0.20783,51.47053,9],[-0.20777,51.47058,9],[-0.20767,51.47066,9],[-0.20762,51.4707,9],[-0.20759,51.47072,9],[-0.20753,51.47076,9],[-0.20748,51.47079,9],[-0.20741,51.47083,8.9],[-0.20741,51.47083,8.9],[-0.20743,51.47084,8.9],[-0.20746,51.47086,8.9],[-0.20743,51.47084,8.9],[-0.20741,51.47083,8.9],[-0.20741,51.47083,8.9],[-0.20735,51.47085,8.8],[-0.20726,51.4709,8.7],[-0.20715,51.47096,8.6],[-0.20694,51.47107,8.4],[-0.2068,51.47114,8.4],[-0.20674,51.47117,8.4],[-0.2066,51.47124,8.5],[-0.20653,51.47127,8.5],[-0.20648,51.47129,8.5],[-0.20642,51.47131,8.6],[-0.20633,51.47134,8.6],[-0.20625,51.47137,8.6],[-0.20619,51.47139,8.7],[-0.20618,51.47139,8.7],[-0.20604,51.47144,8.7],[-0.20585,51.47152,8.8],[-0.20583,51.47152,8.8],[-0.20572,51.47155,9],[-0.20566,51.47157,9.1],[-0.20544,51.47163,9.4],[-0.20537,51.47165,9.5],[-0.20491,51.47179,9.7],[-0.20446,51.47193,9.4],[-0.20434,51.47196,9.3],[-0.20416,51.472,9.2],[-0.2039,51.47205,9.1],[-0.20376,51.47209,9],[-0.2036,51.47212,8.9],[-0.20333,51.47215,8.8],[-0.20307,51.47219,8.5],[-0.20292,51.47221,8.4],[-0.20265,51.47225,8.1],[-0.2025,51.47227,8],[-0.20231,51.47231,7.9],[-0.20173,51.47242,7.8],[-0.20142,51.47247,7.9],[-0.20129,51.47249,8],[-0.20107,51.47253,8],[-0.20091,51.47256,8.1],[-0.20083,51.47258,8.1],[-0.20077,51.47259,8.1],[-0.20072,51.4726,8.1],[-0.20045,51.47268,8.3],[-0.20005,51.47273,8.5],[-0.19977,51.47275,8.5],[-0.19946,51.47277,8.4],[-0.19936,51.47278,8.4],[-0.19903,51.47281,8.1],[-0.19899,51.47282,8.1],[-0.19877,51.47284,7.7],[-0.19866,51.47285,7.6],[-0.1985,51.47288,7.3],[-0.19841,51.47291,7.1],[-0.19834,51.47294,7],[-0.19827,51.47296,7],[-0.19815,51.47301,7],[-0.19798,51.47308,7],[-0.1977,51.47323,7],[-0.19759,51.47328,7],[-0.19746,51.47336,7.1],[-0.19735,51.4734,7.3],[-0.19724,51.47347,7.5],[-0.19683,51.47369,8.2],[-0.19655,51.47385,8.6],[-0.19597,51.47416,9],[-0.19571,51.4743,8.7],[-0.19553,51.4744,8.5],[-0.19535,51.4745,8.3],[-0.19528,51.47453,8.2],[-0.19521,51.47457,8.1],[-0.19516,51.4746,8.1],[-0.19512,51.47462,8.1],[-0.19491,51.47483,8],[-0.19481,51.47493,8],[-0.19474,51.475,8],[-0.19451,51.47524,7.4],[-0.19441,51.47534,7.2],[-0.19434,51.4754,7],[-0.19425,51.47545,6.9],[-0.19411,51.47553,6.7],[-0.19407,51.47556,6.7],[-0.19391,51.47564,6.6],[-0.19379,51.4757,6.6],[-0.19365,51.47578,6.7],[-0.19353,51.47585,6.8],[-0.19345,51.4759,6.9],[-0.19337,51.47596,7.1],[-0.1933,51.476,7.2],[-0.19327,51.47603,7.2],[-0.19324,51.47605,7.2],[-0.19309,51.47615,7.3],[-0.19297,51.47625,7.3],[-0.19294,51.47627,7.3],[-0.19277,51.4764,7.2],[-0.19272,51.47644,7.2],[-0.19237,51.47668,6.7],[-0.19225,51.47677,6.4],[-0.19195,51.47696,6],[-0.19184,51.47702,6],[-0.19174,51.47707,6],[-0.19165,51.47712,6.1],[-0.19157,51.47716,6.2],[-0.19137,51.47727,6.4],[-0.19121,51.47737,6.7],[-0.19115,51.47741,6.8],[-0.19107,51.47746,6.9],[-0.19102,51.47748,7],[-0.19098,51.4775,7],[-0.19094,51.47752,7],[-0.19092,51.47752,7],[-0.1909,51.47753,7],[-0.19086,51.47754,7],[-0.19083,51.47755,7],[-0.1908,51.47755,7],[-0.19076,51.47755,6.9],[-0.1907,51.47755,6.8],[-0.19061,51.47755,6.7],[-0.19044,51.47756,6.6],[-0.19041,51.47757,6.5],[-0.19037,51.47758,6.5],[-0.19034,51.47759,6.5],[-0.19031,51.4776,6.4],[-0.19019,51.47764,6.4],[-0.19012,51.47769,6.3],[-0.19007,51.47772,6.3],[-0.19002,51.47774,6.3],[-0.18994,51.47779,6.4],[-0.18981,51.47788,6.6],[-0.18969,51.47795,6.7],[-0.18958,51.47802,6.8],[-0.18955,51.47803,6.8],[-0.18945,51.4781,6.9],[-0.18935,51.47816,7],[-0.18924,51.47822,7],[-0.18922,51.47824,7],[-0.18828,51.4788,7],[-0.18802,51.47896,7],[-0.18773,51.47913,7],[-0.18762,51.47919,7],[-0.18759,51.47922,7],[-0.18754,51.47925,7],[-0.18737,51.47935,7.2],[-0.18735,51.47936,7.2],[-0.18722,51.47944,7.3],[-0.18713,51.47949,7.4],[-0.18705,51.47954,7.5],[-0.18693,51.47962,7.6],[-0.18685,51.47967,7.7],[-0.18675,51.47973,7.8],[-0.1866,51.47982,8],[-0.18648,51.47989,8.2],[-0.18628,51.48001,8.4],[-0.18625,51.48002,8.5],[-0.18614,51.48008,8.6],[-0.18607,51.48012,8.6],[-0.18591,51.4802,8.7],[-0.18586,51.48022,8.7],[-0.18583,51.48024,8.7],[-0.18576,51.48027,8.8],[-0.18568,51.48031,8.8],[-0.18556,51.48036,8.9],[-0.18546,51.4804,9],[-0.1854,51.48042,9],[-0.18509,51.48055,9.2],[-0.18496,51.4806,9.3],[-0.18472,51.48068,9.1],[-0.18448,51.48077,9],[-0.1843,51.48083,9],[-0.18416,51.48088,8.9],[-0.18395,51.48096,8.7],[-0.18387,51.48099,8.6],[-0.18367,51.48106,8.5],[-0.18345,51.48114,8.4],[-0.1834,51.48116,8.4],[-0.183405,51.481159,8.4],[-0.183176,51.481142,8.5],[-0.182935,51.480866,8.5],[-0.182643,51.480667,8.7],[-0.182283,51.480494,9],[-0.181855,51.480284,9.4],[-0.181471,51.480123,9.6],[-0.180844,51.480081,10.3],[-0.180145,51.480099,12.1],[-0.179542,51.480178,12],[-0.178869,51.480253,11.2],[-0.178303,51.480318,10.6],[-0.177959,51.480397,10],[-0.177672,51.480513,9.7],[-0.177359,51.48071,9.5],[-0.177071,51.480924,8.5],[-0.17671,51.481175,7.4],[-0.1763,51.481466,7.8],[-0.176024,51.481652,8.2],[-0.17551,51.48179,7.6],[-0.17542,51.4818,7.5],[-0.17535,51.48181,7.4],[-0.17529,51.48182,7.3],[-0.17523,51.48182,7.2],[-0.17507,51.48184,7],[-0.17495,51.48185,6.9],[-0.17476,51.48188,7.2],[-0.17466,51.4819,7.4],[-0.17424,51.48198,8.1],[-0.17408,51.48201,8.3],[-0.17399,51.48203,8.5],[-0.17387,51.48209,8.9],[-0.17371,51.48213,9.2],[-0.17343,51.4822,9.8],[-0.17323,51.48224,10],[-0.17319,51.48225,10],[-0.17312,51.48225,9.9],[-0.17309,51.48225,9.9],[-0.17306,51.48225,9.9],[-0.17304,51.48225,9.9],[-0.17301,51.48224,9.8],[-0.17291,51.48226,9.8],[-0.17269,51.48232,10],[-0.17261,51.48234,10.1],[-0.17254,51.48235,10.1],[-0.17248,51.48237,10.2],[-0.17244,51.48238,10.3],[-0.17236,51.4824,10.4],[-0.1721,51.48246,10.7],[-0.1721,51.48246,10.7],[-0.17183,51.48252,11],[-0.17154,51.48258,10.5],[-0.17143,51.4826,10.1],[-0.17111,51.48267,9.2],[-0.17073,51.48274,8.3],[-0.1705,51.48279,7.8],[-0.17047,51.4828,7.8],[-0.17042,51.48283,7.8],[-0.17039,51.48284,7.8],[-0.17036,51.48285,7.8],[-0.17032,51.48285,7.7],[-0.17025,51.48286,7.6],[-0.17021,51.48286,7.5],[-0.17017,51.48285,7.3],[-0.16997,51.48289,7.3],[-0.16994,51.48289,7.3],[-0.16962,51.48295,8],[-0.16892,51.48306,9.6],[-0.16856,51.48311,10.4],[-0.1683,51.48315,10.9],[-0.16819,51.48319,11],[-0.16812,51.48321,11],[-0.16805,51.48323,11],[-0.16797,51.48326,11],[-0.16794,51.48327,11],[-0.1679,51.48329,11.1],[-0.16784,51.48332,11.1],[-0.1678,51.48335,11.1],[-0.16776,51.48337,11],[-0.16767,51.48342,10.8],[-0.16762,51.48345,10.7],[-0.16759,51.48347,10.6],[-0.16754,51.48349,10.5],[-0.16744,51.48353,10.3],[-0.16739,51.48354,10.2],[-0.16735,51.48354,10],[-0.16731,51.48355,10],[-0.16717,51.48355,9.5],[-0.16705,51.48354,9.1],[-0.16697,51.48354,8.9],[-0.16692,51.48353,8.7],[-0.16687,51.48353,8.6],[-0.16677,51.48351,8.2],[-0.16666,51.48349,7.7],[-0.16661,51.48348,7.6],[-0.16654,51.48347,7.5],[-0.16652,51.48347,7.5],[-0.16638,51.48346,7.3],[-0.16625,51.48345,7.1],[-0.16603,51.48346,7],[-0.16596,51.48346,6.9],[-0.16582,51.48348,6.9],[-0.1653,51.48355,6.4],[-0.16513,51.48357,6.2],[-0.16437,51.48367,6.8],[-0.16435,51.48368,6.9],[-0.16428,51.48369,7],[-0.16423,51.48372,7.2],[-0.1642,51.48373,7.3],[-0.16415,51.48374,7.4],[-0.16409,51.48375,7.5],[-0.16404,51.48375,7.5],[-0.16399,51.48376,7.6],[-0.16384,51.48377,7.7],[-0.1638,51.48377,7.7],[-0.16374,51.48376,7.6],[-0.16355,51.48378,7.8],[-0.1632,51.48382,8],[-0.16301,51.48385,8.1],[-0.16196,51.48399,8.2],[-0.1618,51.48401,8.2],[-0.16126,51.48408,8.9],[-0.16097,51.48412,9.5],[-0.16089,51.48413,9.7],[-0.16086,51.48413,9.7],[-0.16075,51.48414,9.9],[-0.16067,51.48416,10.1],[-0.16018,51.48422,10.8],[-0.1599,51.48426,10.8],[-0.15982,51.48427,10.6],[-0.15923,51.48435,9.1],[-0.15906,51.48438,8.6],[-0.15863,51.48443,7.5],[-0.15851,51.48445,7.3],[-0.15829,51.48447,6.9],[-0.15702,51.48464,6.8],[-0.15676,51.48468,6.6],[-0.15654,51.48471,6.6],[-0.15619,51.48475,6.8],[-0.15577,51.48482,7.1],[-0.15548,51.48487,7.4],[-0.15543,51.48488,7.4],[-0.15459,51.48503,6.9],[-0.15411,51.48512,5.9],[-0.15355,51.4852,5.2],[-0.15305,51.48528,5.5],[-0.15304,51.48528,5.5],[-0.15297,51.48529,5.5],[-0.15289,51.4853,5.6],[-0.15283,51.4853,5.7],[-0.15278,51.4853,5.7],[-0.15274,51.4853,5.7],[-0.15269,51.4853,5.7],[-0.15261,51.4853,5.8],[-0.15253,51.48531,5.8],[-0.15244,51.48532,5.9],[-0.15219,51.48536,6.3],[-0.1521,51.48538,6.5],[-0.15166,51.48545,7.2],[-0.1514,51.4855,7.6],[-0.15132,51.48552,7.7],[-0.15107,51.4856,8.3],[-0.15098,51.48562,8.5],[-0.15085,51.48566,8.8],[-0.1505,51.48574,9],[-0.15039,51.48576,9],[-0.15029,51.48578,9],[-0.15027,51.48579,9],[-0.15018,51.4858,9],[-0.15004,51.48582,9],[-0.14986,51.48583,8.6],[-0.14978,51.48583,8.5],[-0.14973,51.48583,8.3],[-0.14925,51.48576,6.9],[-0.14909,51.48575,6.5],[-0.14888,51.48573,6],[-0.14866,51.48573,5.5],[-0.14804,51.48573,4.8],[-0.14792,51.48573,4.8],[-0.14787,51.48573,4.8],[-0.14777,51.48574,4.8],[-0.14773,51.48574,4.8],[-0.14691,51.48575,5.4],[-0.14671,51.48576,5.7],[-0.14665,51.48576,5.8],[-0.1465,51.48577,6],[-0.14641,51.48577,6.1],[-0.14624,51.48577,6.2],[-0.14619,51.48577,6.3],[-0.14607,51.48576,6.4],[-0.14587,51.48574,6.5],[-0.14575,51.48573,6.6],[-0.14561,51.48571,6.6],[-0.14531,51.48569,6.8],[-0.14516,51.48568,6.9],[-0.14501,51.48567,7],[-0.14441,51.4856,7.1],[-0.14429,51.48559,7.1],[-0.14414,51.48557,7.1],[-0.14396,51.48555,7.1],[-0.14388,51.48554,7.1],[-0.14377,51.48552,7],[-0.14328,51.48545,6.8],[-0.14302,51.4854,6.6],[-0.14286,51.48537,6.4],[-0.14276,51.48536,6.4],[-0.14258,51.48534,6.4],[-0.14253,51.48533,6.4],[-0.14232,51.4853,6.4],[-0.14213,51.48526,6.3],[-0.14207,51.48525,6.3],[-0.1418,51.4852,6.3],[-0.14165,51.48517,6.2],[-0.14153,51.48514,6],[-0.14148,51.48514,6],[-0.14119,51.48509,5.6],[-0.14111,51.48508,5.5],[-0.141,51.48507,5.4],[-0.14087,51.48505,5.3],[-0.14055,51.485,5.3],[-0.14049,51.48499,5.4],[-0.14009,51.48493,5.6],[-0.14006,51.48493,5.7],[-0.13996,51.48492,5.8],[-0.13987,51.48492,6.1],[-0.13978,51.48492,6.4],[-0.1397,51.48492,6.7],[-0.13963,51.48492,6.9],[-0.13957,51.48492,7.1],[-0.1395,51.48492,7.3],[-0.13942,51.48493,7.7],[-0.13936,51.48493,7.9],[-0.13929,51.48493,8.1],[-0.13921,51.48494,8.4],[-0.13918,51.48494,8.5],[-0.13902,51.48496,9.2],[-0.13879,51.48499,10.3],[-0.13876,51.48499,10.4],[-0.13862,51.48501,11],[-0.13852,51.48503,11.3],[-0.13839,51.48506,11.7],[-0.13836,51.48506,11.8],[-0.13787,51.48515,9.9],[-0.1373,51.48525,8.2],[-0.13682,51.48532,7.3],[-0.13674,51.48534,7.3],[-0.13657,51.48537,7.4],[-0.13636,51.4854,7.8],[-0.13635,51.48541,7.9],[-0.1361,51.48545,8.4],[-0.13609,51.48545,8.4],[-0.13605,51.48546,8.5],[-0.13599,51.48547,8.6],[-0.13581,51.4855,9],[-0.13519,51.48561,9.8],[-0.13496,51.48565,9.9],[-0.13488,51.48566,9.8],[-0.13442,51.48575,9.2],[-0.13419,51.48579,8.8],[-0.13382,51.48586,7.9],[-0.13361,51.48589,7.4],[-0.13331,51.48595,6.8],[-0.133,51.486,6.7],[-0.13286,51.48606,6.9],[-0.13266,51.48611,6.9],[-0.13246,51.48616,6.8],[-0.1323,51.4862,6.6],[-0.13213,51.48625,6.4],[-0.13191,51.48633,6.1],[-0.13181,51.48636,6],[-0.1317,51.48641,5.9],[-0.13158,51.48645,5.8],[-0.13152,51.48649,5.9],[-0.1314,51.48654,5.8],[-0.13136,51.48656,5.8],[-0.13135,51.48657,5.9],[-0.13131,51.4866,5.9],[-0.13122,51.48666,5.9],[-0.1312,51.48668,6],[-0.13109,51.48677,6.4],[-0.13105,51.48682,6.7],[-0.13096,51.48692,7.5],[-0.13089,51.48705,8.6],[-0.13086,51.4871,9.1],[-0.13072,51.48735,12],[-0.13061,51.48755,13.9],[-0.13058,51.4876,13.9],[-0.1305,51.48774,13.7],[-0.13033,51.48797,13.3],[-0.1303,51.48801,13.2],[-0.130175,51.48811,13],[-0.13009,51.48819,12.7],[-0.12995,51.48833,12],[-0.12992,51.48836,11.8],[-0.12981,51.48848,11.4],[-0.129759,51.48853,11.2],[-0.12973,51.48856,11],[-0.129704,51.48858,11],[-0.12963,51.48865,10.6],[-0.129537,51.48873,10.2],[-0.129398,51.48881,9.7],[-0.129315,51.48886,9.4],[-0.129287,51.48887,9.3],[-0.12926,51.48889,9.2],[-0.12916,51.48895,8.8],[-0.12913,51.48897,8.6],[-0.12908,51.489,8.4],[-0.12895,51.48907,7.8],[-0.12887,51.48911,7.5],[-0.12881,51.48914,7.2],[-0.128705,51.48918,6.9],[-0.12862,51.48923,6.7],[-0.12849,51.48929,6.3],[-0.128427,51.48931,6.2],[-0.12836,51.48935,6.1],[-0.12828,51.48938,5.9],[-0.12813,51.48944,5.8],[-0.12775,51.48959,5.3],[-0.127734,51.48959,5.3],[-0.12766,51.48962,5.2],[-0.12756,51.48966,5.1],[-0.12753,51.48967,5],[-0.127428,51.48972,4.8],[-0.12736,51.48977,4.7],[-0.127317,51.48979,4.6],[-0.12728,51.48982,4.5],[-0.1272,51.48987,4.3],[-0.12716,51.48989,4.2],[-0.12713,51.48992,4.1],[-0.12711,51.48994,4.1],[-0.12706,51.48998,3.9],[-0.126956,51.49007,4.2],[-0.12684,51.49019,4.7],[-0.12661,51.49046,6.2],[-0.12656,51.49052,6.5],[-0.12647,51.49063,7],[-0.12631,51.49082,7.6],[-0.12625,51.4909,8.1],[-0.12616,51.49101,8.7],[-0.12612,51.49106,8.9],[-0.12608,51.49111,9],[-0.125929,51.49129,9.4],[-0.12573,51.49155,9.4],[-0.12562,51.49178,8.7],[-0.12561,51.49182,8.6],[-0.12558,51.49189,8.2],[-0.12556,51.49194,7.9],[-0.12539,51.49231,6],[-0.12539,51.49232,6],[-0.125346,51.49241,5.6],[-0.12533,51.49246,5.4],[-0.12522,51.49275,11.2],[-0.12522,51.49276,11.5],[-0.12517,51.4928,12.4],[-0.125124,51.49284,13.4],[-0.12512,51.49293,15.9],[-0.12512,51.49303,18.8],[-0.12511,51.49306,19.6],[-0.12511,51.49311,21],[-0.12512,51.49321,23.8],[-0.125124,51.49333,27.1],[-0.125124,51.49346,26.5],[-0.12514,51.4936,25.7],[-0.12516,51.4938,24.6],[-0.12516,51.49392,23.9],[-0.12517,51.49403,23.3],[-0.12518,51.4942,22.3],[-0.12519,51.49428,21.6],[-0.12519,51.49434,21.2],[-0.125235,51.4944,20.7],[-0.12526,51.49448,20.1],[-0.12529,51.49466,18.8],[-0.12531,51.49467,18.8],[-0.125319,51.49468,18.7],[-0.12533,51.49468,18.7],[-0.12534,51.49469,18.7],[-0.12534,51.4947,18.6],[-0.12536,51.49471,18.6],[-0.12537,51.49472,18.6],[-0.12537,51.49473,18.5],[-0.12537,51.49474,18.4],[-0.125374,51.49475,18.4],[-0.125374,51.49476,18.3],[-0.125374,51.49477,18.3],[-0.125374,51.49478,18.2],[-0.125374,51.49479,18.1],[-0.125374,51.4948,18.1],[-0.12537,51.49481,18],[-0.12536,51.49482,17.9],[-0.12536,51.49483,17.8],[-0.125346,51.49483,17.8],[-0.12534,51.49485,17.6],[-0.12533,51.49485,17.6],[-0.12533,51.49486,17.5],[-0.125319,51.49486,17.5],[-0.12531,51.49487,17.4],[-0.1253,51.49487,17.3],[-0.12529,51.49488,17.2],[-0.12528,51.49488,17.2],[-0.12525,51.49498,16.3],[-0.1252,51.49511,16.1],[-0.12517,51.49519,16],[-0.125235,51.49544,16.7],[-0.12528,51.49562,17.1],[-0.12534,51.49584,17.5],[-0.1254,51.49608,14.6],[-0.125514,51.49661,8.7],[-0.125568,51.4968,8.3],[-0.12562,51.49699,8.4],[-0.12562,51.49711,8.2],[-0.12562,51.49724,7.9],[-0.12564,51.49738,7.8],[-0.12567,51.49757,7.7],[-0.12569,51.49766,7.6],[-0.1257,51.49775,7.5],[-0.12573,51.49793,7.4],[-0.12573,51.49817,6.8],[-0.12573,51.49824,6.7],[-0.12573,51.49825,6.7],[-0.125735,51.49826,6.7],[-0.125735,51.49829,6.6],[-0.12576,51.49838,7.2],[-0.12578,51.49845,8.1],[-0.12586,51.4987,11],[-0.126068,51.49928,15.2],[-0.126198,51.499983,13.6],[-0.126126,51.500734,15.7],[-0.126124,51.50098,16.6],[-0.125245,51.500981,16.9],[-0.124276,51.500963,13.4],[-0.12426,51.50097,13.3],[-0.12415,51.50121,12.6],[-0.12411,51.50151,11.8],[-0.12408,51.50169,11.4],[-0.12406,51.50175,11.4],[-0.12401,51.50196,11.6],[-0.12395,51.50221,11.9],[-0.12388,51.50249,12.6],[-0.12386,51.50257,12.6],[-0.12381,51.50276,12.4],[-0.12372,51.50313,12.1],[-0.12372,51.50316,12],[-0.12369,51.50327,11.9],[-0.12362,51.50348,12.6],[-0.12353,51.5038,14.6],[-0.12342,51.50417,17],[-0.1233,51.50455,17.6],[-0.12327,51.50464,17.6],[-0.12321,51.50485,17.5],[-0.12317,51.50498,17.4],[-0.12313,51.50509,17.5],[-0.12311,51.50517,17.8],[-0.1231,51.5052,17.8],[-0.12309,51.50524,17.9],[-0.12304,51.5054,18.2],[-0.123,51.50551,18.4],[-0.12296,51.5056,18.4],[-0.12295,51.50563,18.4],[-0.12292,51.50571,18.4],[-0.12284,51.50587,18.1],[-0.1228,51.50593,17.6],[-0.1227,51.50608,16.5],[-0.1226,51.50626,15.3],[-0.12257,51.50631,14.9],[-0.12255,51.50634,14.6],[-0.1225,51.50643,14],[-0.12247,51.50648,13.6],[-0.12242,51.50655,12.9],[-0.12225,51.50678,11.1],[-0.12225,51.50678,11.1],[-0.12202,51.50709,9.3],[-0.12195,51.50718,8.8],[-0.12191,51.50723,8.5],[-0.12173,51.50746,7.5],[-0.12147,51.50774,9.6],[-0.1214,51.50784,10.7],[-0.12122,51.50805,12.8],[-0.12112,51.50816,13.9],[-0.12105,51.50822,14.4],[-0.12105,51.50823,14.5],[-0.12091,51.50836,15.5],[-0.1206,51.50864,16.4],[-0.12024,51.50891,15.7],[-0.12006,51.50903,14.9],[-0.11991,51.50914,14.5],[-0.11935,51.50944,16.2],[-0.11912,51.50955,16.3],[-0.11905,51.50959,16.4],[-0.11898,51.50962,16.3],[-0.11891,51.50965,16.2],[-0.11868,51.50975,15.8],[-0.11857,51.50979,15.5],[-0.11848,51.50982,15.3],[-0.11842,51.50984,15],[-0.1184,51.50985,15],[-0.11792,51.51001,16.1],[-0.11789,51.51001,16.1],[-0.1177,51.51005,16.6],[-0.1172,51.5102,17.6],[-0.11718,51.5102,17.6],[-0.11681,51.5103,17.8],[-0.11662,51.51035,17.9],[-0.1165,51.51038,17.9],[-0.11588,51.51053,17.9],[-0.1156,51.5106,17.8],[-0.11556,51.51059,17.6],[-0.11553,51.51058,17.4],[-0.1155,51.51058,17.4],[-0.11531,51.5106,17.1],[-0.1152,51.51062,16.9],[-0.11514,51.51064,16.9],[-0.11512,51.51065,17],[-0.1151,51.51066,17],[-0.11509,51.51068,17.1],[-0.11405,51.51083,16.7],[-0.11393,51.51085,16.6],[-0.11344,51.51091,16.1],[-0.11321,51.51094,16.1],[-0.11252,51.511,16],[-0.1124,51.51101,16.1],[-0.11218,51.51103,16.1],[-0.11202,51.51104,16.1],[-0.11175,51.51105,16],[-0.11137,51.51105,14.8],[-0.11128,51.51105,14.4],[-0.11073,51.51106,12.1],[-0.10989,51.51106,8.9],[-0.10918,51.51107,9.7],[-0.10904,51.51107,9.8],[-0.10904,51.51107,9.8],[-0.10902,51.51108,9.9],[-0.10899,51.51109,10],[-0.10894,51.5111,10.2],[-0.10889,51.5111,10.2],[-0.10814,51.51109,11.3],[-0.10799,51.51109,11.8],[-0.1075,51.51107,13],[-0.10744,51.51107,13.2],[-0.10714,51.51106,14.1],[-0.10685,51.51105,15],[-0.10669,51.51105,15.5],[-0.10628,51.51105,14.9],[-0.10623,51.51105,14.8],[-0.10571,51.51104,13.7],[-0.10565,51.51104,13.5],[-0.10542,51.51104,13],[-0.10533,51.51104,12.8],[-0.10495,51.51104,11.9],[-0.10484,51.51104,11.7],[-0.10456,51.51104,11.2],[-0.10448,51.51104,11],[-0.10413,51.51104,10.4],[-0.10408,51.51104,10.3],[-0.10384,51.51103,9.9],[-0.10355,51.51103,9.4],[-0.10321,51.51103,9.3],[-0.10311,51.51103,9.5],[-0.10301,51.51103,9.8],[-0.10285,51.51103,10.2],[-0.10268,51.51104,10.8],[-0.10258,51.51105,11.1],[-0.10249,51.51105,11.3],[-0.10238,51.51106,11.7],[-0.10222,51.51108,12.3],[-0.10211,51.51108,12.6],[-0.10181,51.51112,13.7],[-0.10159,51.51114,13.8],[-0.10146,51.51116,13.9],[-0.10108,51.51121,14.2],[-0.10089,51.51123,14.4],[-0.10073,51.51125,14.5],[-0.10053,51.51127,14.7],[-0.10027,51.51128,14.9],[-0.1,51.51128,15.1],[-0.09971,51.51128,15.3],[-0.09942,51.51127,15.5],[-0.09855,51.51125,16.2],[-0.09826,51.51125,16.5],[-0.09682,51.51121,17.6],[-0.09667,51.51121,17.7],[-0.09648,51.5112,17.9],[-0.09623,51.5112,18],[-0.09609,51.51119,18],[-0.09599,51.51119,18.1],[-0.09573,51.51118,18.1],[-0.09565,51.51118,18],[-0.09544,51.51117,17.9],[-0.09532,51.51118,18],[-0.0952,51.51117,17.9],[-0.09509,51.51117,17.8],[-0.09485,51.51115,18.1],[-0.09474,51.51114,18.3],[-0.0946,51.51112,18.5],[-0.09396,51.51104,19.9],[-0.09364,51.51099,20.6],[-0.09323,51.51093,21.4],[-0.09308,51.51089,21.2],[-0.09293,51.51087,21.2],[-0.09271,51.51083,21],[-0.09247,51.51078,20.7],[-0.09232,51.51076,20.5],[-0.09215,51.51072,20.3],[-0.09211,51.51072,20.3],[-0.092,51.5107,20.2],[-0.09173,51.51064,20.2],[-0.09164,51.51062,20.4],[-0.09151,51.5106,21.1],[-0.09121,51.51054,22.8],[-0.0911,51.51052,23.4],[-0.09099,51.51051,24],[-0.09052,51.51042,26.7],[-0.09025,51.51038,28.3],[-0.0901,51.51034,29.2],[-0.08989,51.5103,29.8],[-0.08968,51.51024,29.6],[-0.08957,51.51021,29.5],[-0.08933,51.51015,29.1],[-0.0887,51.50998,27.1],[-0.08853,51.50993,25.9],[-0.08847,51.50992,25.6],[-0.08842,51.50991,25.3],[-0.08838,51.5099,25.1],[-0.08826,51.50988,24.9],[-0.0879,51.50983,25.3],[-0.08743,51.50976,25.9],[-0.0873,51.50974,26.1],[-0.08695,51.50969,26.6],[-0.08681,51.50967,26.8],[-0.08639,51.50961,26.4],[-0.08627,51.50959,26.1],[-0.08572,51.50952,24.8],[-0.08481,51.50941,22.3],[-0.08462,51.50939,22],[-0.08439,51.50936,21.7],[-0.08385,51.50929,20.6],[-0.08325,51.50921,19.3],[-0.08282,51.50916,18.9],[-0.08261,51.50914,18.5],[-0.08244,51.50912,18.2],[-0.08226,51.5091,17.9],[-0.08218,51.5091,17.9],[-0.08208,51.50909,17.8],[-0.082,51.50909,17.8],[-0.08186,51.50909,17.9],[-0.08176,51.50909,17.9],[-0.08166,51.5091,18],[-0.08151,51.50912,18.2],[-0.08143,51.50913,18.2],[-0.08136,51.50914,18.3],[-0.08128,51.50915,18.3],[-0.08117,51.50918,18.5],[-0.08103,51.50921,18.7],[-0.08089,51.50925,19],[-0.08088,51.50926,19.1],[-0.08075,51.50931,19.4],[-0.0807,51.50932,19.5],[-0.08036,51.50946,20.6],[-0.08025,51.50952,21.1],[-0.08025,51.50952,21.1],[-0.08014,51.50957,21.5],[-0.08001,51.50962,21.9],[-0.07994,51.50963,22],[-0.07986,51.50964,22.1],[-0.07982,51.50965,22.2],[-0.07975,51.50965,22.2],[-0.07967,51.50965,22.2],[-0.07953,51.50963,22],[-0.07944,51.50962,21.9],[-0.07937,51.50962,21.9],[-0.07929,51.50961,21.8],[-0.07921,51.5096,21.7],[-0.07905,51.50959,21.6],[-0.07904,51.50959,21.6],[-0.0788,51.50957,21.4],[-0.07867,51.50956,21.2],[-0.07857,51.50955,21.1],[-0.07852,51.50955,21.1],[-0.07849,51.50954,21],[-0.07845,51.50954,21],[-0.07834,51.50951,20.7],[-0.07802,51.50945,18.9],[-0.07798,51.50944,18.7],[-0.07792,51.50944,18.5],[-0.07789,51.50944,18.4],[-0.07786,51.50944,18.2],[-0.07784,51.50944,18.2],[-0.07781,51.50944,18.1],[-0.07778,51.50944,18],[-0.07764,51.50945,17.6],[-0.07745,51.50946,17],[-0.07717,51.50948,16],[-0.07701,51.50949,15.5],[-0.07689,51.50949,15],[-0.07685,51.5095,14.9],[-0.07672,51.50951,14.5],[-0.07665,51.50951,14.3],[-0.07653,51.50952,14.5],[-0.07651,51.50952,14.5],[-0.07642,51.50953,14.6],[-0.0763,51.50954,14.8],[-0.07617,51.50955,15.1],[-0.07612,51.50955,15.2],[-0.07601,51.50958,15.5],[-0.0759,51.5096,15.8],[-0.0757,51.50965,16.3],[-0.07557,51.50968,16.8],[-0.07552,51.50971,17.2],[-0.0755,51.50973,17.5],[-0.07548,51.50974,17.6],[-0.07526,51.5098,18.7],[-0.07517,51.50983,19.3],[-0.07488,51.50991,20.9],[-0.07463,51.50997,22],[-0.07454,51.50998,22.3],[-0.07446,51.50997,22.2],[-0.07439,51.50996,22.2],[-0.07434,51.50994,22],[-0.07431,51.50993,21.9],[-0.0743,51.50992,21.8],[-0.07427,51.50991,21.7],[-0.07426,51.5099,21.6],[-0.0742,51.50987,21.2],[-0.07415,51.50983,20.8],[-0.07414,51.50983,20.8],[-0.07409,51.50979,20.4],[-0.07407,51.50978,20.3],[-0.07399,51.50969,19.3],[-0.07394,51.50964,18.8],[-0.07375,51.50946,16.9],[-0.07365,51.50933,15.4],[-0.07365,51.50933,15.4],[-0.07357,51.50925,14.5],[-0.07352,51.5092,14],[-0.07339,51.50909,13.7],[-0.07332,51.50902,13.7],[-0.07329,51.50898,13.7],[-0.07328,51.50895,13.7],[-0.07327,51.50893,13.7],[-0.0732,51.50889,13.8],[-0.07304,51.50883,14.1],[-0.07296,51.5088,14.2],[-0.07288,51.50878,14.4],[-0.0727,51.50872,14.7],[-0.07236,51.5086,14.9],[-0.07199,51.50847,14.7],[-0.07172,51.50839,14.5],[-0.07157,51.50836,14.2],[-0.07144,51.50834,14.1],[-0.0714,51.50833,14],[-0.07137,51.50833,14],[-0.07128,51.50832,14],[-0.07121,51.50832,14],[-0.07115,51.50832,14],[-0.07111,51.50832,14],[-0.07101,51.50833,14],[-0.07097,51.50834,14],[-0.0709,51.50835,14.1],[-0.07079,51.50837,14.3],[-0.07062,51.50839,14.5],[-0.0704,51.50843,14.8],[-0.07022,51.50845,14.9],[-0.07019,51.50845,14.9],[-0.06983,51.5085,15],[-0.06961,51.50855,15.1],[-0.06953,51.50858,15.2],[-0.06952,51.50859,15.2],[-0.06942,51.50857,15.2],[-0.06941,51.50857,15.2],[-0.06932,51.50859,15.3],[-0.0692,51.50861,15.3],[-0.06916,51.50862,15.3],[-0.0691,51.50864,15.4],[-0.06895,51.50868,15.5],[-0.06883,51.50871,15.6],[-0.06845,51.50883,16.1],[-0.06826,51.50889,16.2],[-0.06821,51.50891,16.1],[-0.06796,51.50898,15.8],[-0.06784,51.50902,15.6],[-0.0677,51.50906,15.3],[-0.0676,51.5091,15.2],[-0.06752,51.50913,15],[-0.06746,51.50914,14.8],[-0.06722,51.5092,14],[-0.06697,51.50927,13.3],[-0.06689,51.50928,13],[-0.06678,51.50931,12.7],[-0.06674,51.50931,12.6],[-0.0667,51.50932,12.5],[-0.06664,51.50933,12.4],[-0.06656,51.50934,12.5],[-0.06646,51.50935,12.6],[-0.06638,51.50935,12.7],[-0.0663,51.50936,12.8],[-0.0662,51.50936,12.9],[-0.06611,51.50936,13],[-0.06608,51.50936,13],[-0.06605,51.50936,13],[-0.06592,51.50936,13.2],[-0.06578,51.50935,13.3],[-0.06554,51.50933,13.7],[-0.06543,51.50933,13.9],[-0.06528,51.50933,14.1],[-0.065269,51.50932,14.2],[-0.06519,51.50932,14.3],[-0.064979,51.50932,14.6],[-0.06462,51.50931,14.7],[-0.06446,51.50931,14.8],[-0.06418,51.50931,14.8],[-0.063979,51.50931,15.1],[-0.06389,51.50932,15.2],[-0.06349,51.50933,15.8],[-0.063159,51.50933,15.5],[-0.06302,51.50932,15],[-0.06256,51.50934,13.6],[-0.06253,51.50934,13.5],[-0.06207,51.50935,11.7],[-0.06195,51.50936,11.3],[-0.06195,51.50936,11.3],[-0.06166,51.50936,10.2],[-0.06162,51.50936,10.2],[-0.06147,51.50936,10.4],[-0.06146,51.50936,10.4],[-0.06145,51.50936,10.4],[-0.06122,51.50938,10.8],[-0.06113,51.50938,10.9],[-0.06098,51.5094,11.2],[-0.06084,51.50941,11.5],[-0.06076,51.50942,11.7],[-0.06064,51.50943,12],[-0.06048,51.50944,12.3],[-0.0603,51.50946,12.8],[-0.06016,51.50948,13.2],[-0.05988,51.50951,13.6],[-0.05968,51.50952,13.5],[-0.05941,51.50955,13.5],[-0.05923,51.50957,13.5],[-0.05889,51.5096,13.1],[-0.0588,51.50961,13],[-0.05841,51.50964,12.5],[-0.05823,51.50966,12.5],[-0.05821,51.50966,12.5],[-0.05795,51.50969,12.5],[-0.05778,51.5097,12.4],[-0.05758,51.50972,12.4],[-0.05737,51.50973,12.2],[-0.05693,51.50973,11.7],[-0.05677,51.50972,11.4],[-0.05651,51.50972,11.2],[-0.05608,51.50969,10.7],[-0.05606,51.50968,10.6],[-0.05584,51.50967,10.4],[-0.0557,51.50965,10.2],[-0.05555,51.50964,10.1],[-0.05525,51.50963,9.8],[-0.05515,51.50963,9.8],[-0.05505,51.50963,9.7],[-0.05497,51.50963,9.7],[-0.05487,51.50963,9.7],[-0.05473,51.50963,9.8],[-0.0546,51.50964,9.9],[-0.05447,51.50964,10],[-0.05438,51.50964,10],[-0.0543,51.50964,10.1],[-0.05399,51.50965,10.4],[-0.05345,51.50968,11.1],[-0.05332,51.50968,11.2],[-0.05306,51.50969,11.5],[-0.05277,51.5097,11.7],[-0.05271,51.5097,11.8],[-0.05248,51.50971,12],[-0.05224,51.50972,12.2],[-0.05127,51.50975,12.5],[-0.05065,51.50977,12.1],[-0.05057,51.50977,11.9],[-0.05033,51.50978,11.7],[-0.04986,51.5098,11.2],[-0.04938,51.5098,10.8],[-0.04905,51.5098,10.5],[-0.04899,51.5098,10.4],[-0.04884,51.5098,10.3],[-0.04847,51.5098,9.9],[-0.04829,51.5098,9.9],[-0.04801,51.50979,10.2],[-0.04791,51.50979,10.4],[-0.04783,51.50983,10.7],[-0.04781,51.50984,10.8],[-0.04779,51.50984,10.8],[-0.04778,51.50984,10.8],[-0.04774,51.50985,10.9],[-0.04761,51.50985,11.1],[-0.0475,51.50986,11.3],[-0.04748,51.50986,11.4],[-0.04747,51.50986,11.4],[-0.04736,51.50984,11.4],[-0.04735,51.50984,11.4],[-0.04726,51.50985,11.6],[-0.04711,51.50988,12],[-0.047,51.50989,12.2],[-0.04683,51.50994,12.6],[-0.04682,51.50994,12.6],[-0.04674,51.50997,12.8],[-0.04668,51.50998,12.9],[-0.04662,51.51,12.9],[-0.04649,51.51003,12.9],[-0.04639,51.51007,12.8],[-0.04629,51.5101,12.5],[-0.04621,51.51012,12.4],[-0.04617,51.51014,12.3],[-0.04615,51.51014,12.3],[-0.04609,51.51018,12.1],[-0.04603,51.51019,12],[-0.04587,51.51023,11.7],[-0.0457,51.51026,11.4],[-0.0456,51.51027,11.2],[-0.0454,51.51032,10.8],[-0.04513,51.51033,10.7],[-0.0451,51.51033,10.7],[-0.04493,51.51035,10.6],[-0.04476,51.51036,10.5],[-0.04448,51.51036,10.4],[-0.04397,51.51039,10.2],[-0.04362,51.51041,10.7],[-0.04339,51.51043,10.9],[-0.04339,51.51043,10.9],[-0.041815,51.510647,10],[-0.041072,51.510705,9.8],[-0.040355,51.510804,9.4],[-0.039911,51.510934,9],[-0.039452,51.511117,8.5],[-0.038893,51.511366,8.1],[-0.038482,51.511539,7.9],[-0.038067,51.511682,7.6],[-0.037654,51.511772,7.5],[-0.037232,51.51183,7.6],[-0.036821,51.511849,7.7],[-0.036254,51.511826,7.9],[-0.03575,51.511768,8],[-0.035164,51.511638,8.1],[-0.034702,51.511505,6.5],[-0.034412,51.511369,6.7],[-0.034122,51.511231,7],[-0.033906,51.511079,7.2],[-0.033605,51.510826,7.4],[-0.033343,51.510559,6.7],[-0.033215,51.510335,6.5],[-0.033051,51.510063,6.1],[-0.032926,51.509886,6.1],[-0.03282,51.509708,6.2],[-0.032596,51.509394,6.5],[-0.032373,51.509057,6.6],[-0.032201,51.508865,6.7],[-0.032009,51.508714,6.6],[-0.031712,51.508466,6.3],[-0.031448,51.508297,9.8],[-0.031203,51.50812,9.1],[-0.03094,51.50796,9],[-0.030736,51.507875,8.9],[-0.030425,51.507788,8.6],[-0.030125,51.507731,8.6],[-0.029685,51.507692,8.4],[-0.029234,51.507707,8.2],[-0.028725,51.507752,8.2],[-0.028258,51.507863,5.9],[-0.027856,51.508025,6.1],[-0.027383,51.508239,6.4],[-0.026653,51.508585,6.9],[-0.026197,51.508789,7.2],[-0.025582,51.508938,6],[-0.025012,51.509007,6.2],[-0.024413,51.508988,6.3],[-0.024042,51.508904,6.4],[-0.023645,51.50882,6.5],[-0.022669,51.508599,6.9],[-0.021337,51.508332,9],[-0.02034,51.508081,8.9],[-0.019295,51.507799,7.5],[-0.01929,51.5078,7.5],[-0.01924,51.50778,7.4],[-0.01881,51.50769,6.7],[-0.01853,51.50764,6.3],[-0.01804,51.50756,6],[-0.01798,51.50755,6],[-0.01787,51.50753,6],[-0.0176,51.50749,6],[-0.01743,51.50747,6],[-0.01731,51.50745,6.1],[-0.01708,51.50743,6.3],[-0.01695,51.50741,6.4],[-0.01665,51.50737,6.5],[-0.01654,51.50736,6.5],[-0.01644,51.50736,6.6],[-0.01619,51.50735,6.7],[-0.0161,51.50734,6.7],[-0.01556,51.5073,6.7],[-0.01551,51.50729,6.8],[-0.01546,51.50729,6.8],[-0.01518,51.50727,6.8],[-0.01492,51.50726,6.8],[-0.01467,51.50725,6.8],[-0.01432,51.50724,6.7],[-0.01422,51.50724,6.6],[-0.01411,51.50724,6.6],[-0.01385,51.50724,6.5],[-0.01368,51.50724,6.4],[-0.01344,51.50724,6.4],[-0.01316,51.50724,6.2],[-0.01292,51.50725,6],[-0.01254,51.50726,5.6],[-0.01229,51.50727,5.2],[-0.01174,51.50732,4],[-0.01105,51.50737,4.4],[-0.01048,51.50741,4.9],[-0.0104,51.50742,4.9],[-0.00991,51.50746,5.1],[-0.00983,51.50747,4.9],[-0.00917,51.50753,4.6],[-0.0086,51.50758,4.5],[-0.00832,51.50761,4.4],[-0.00825,51.50761,4.3],[-0.00803,51.50763,4.3],[-0.00774,51.50766,4.2],[-0.00733,51.5077,4],[-0.00703,51.50773,3.9],[-0.00676,51.50775,3.9],[-0.00675,51.50775,3.9],[-0.00673,51.50776,3.9],[-0.00657,51.50778,4],[-0.00649,51.50779,4.1],[-0.00639,51.5078,4.1],[-0.00631,51.50781,4.2],[-0.00616,51.50784,4.2],[-0.00612,51.50784,4.3],[-0.00592,51.50788,4.4],[-0.0059,51.50789,4.4],[-0.00589,51.50789,4.4],[-0.00578,51.50791,4.6],[-0.00563,51.50795,4.8],[-0.00562,51.50795,4.8],[-0.00556,51.50797,4.9],[-0.00548,51.50799,5],[-0.0054,51.50801,5.1],[-0.00528,51.50806,5.3],[-0.00518,51.5081,5.5],[-0.00512,51.50813,5.6],[-0.00509,51.50814,5.7],[-0.00508,51.50814,5.7],[-0.00507,51.50815,5.7],[-0.00506,51.50815,5.7],[-0.00505,51.50816,5.7],[-0.00504,51.50817,5.8],[-0.00485,51.50825,5.9],[-0.00465,51.50835,6.2],[-0.00447,51.50844,7.5],[-0.00429,51.50855,8.9],[-0.00412,51.50865,10.1],[-0.00407,51.50868,10.4],[-0.004029,51.50871,10.8],[-0.00391,51.50879,11.5],[-0.00387,51.50881,11.7],[-0.00382,51.50885,12],[-0.00375,51.50891,12.6],[-0.00361,51.50903,13.5],[-0.00356,51.50908,13.9],[-0.00345,51.50918,14.4],[-0.00337,51.50926,13.8],[-0.00324,51.50938,13],[-0.00305,51.50955,11.9],[-0.00288,51.5097,11],[-0.00288,51.5097,11],[-0.00281,51.50981,10.4],[-0.00279,51.50984,10.3],[-0.00277,51.50987,10.1],[-0.00276,51.50988,10.1],[-0.00265,51.50996,9.5],[-0.00259,51.51001,9.2],[-0.0025,51.51009,8.9],[-0.00249,51.51009,8.9],[-0.00239,51.51017,8.6],[-0.00233,51.51021,8.4],[-0.00227,51.51026,8.2],[-0.00224,51.51028,8.1],[-0.00222,51.51029,8.1],[-0.00215,51.51033,7.9],[-0.00208,51.51037,7.8],[-0.00202,51.5104,7.6],[-0.00195,51.51043,7.5],[-0.00188,51.51046,7.4],[-0.0018,51.51049,7.2],[-0.00174,51.5105,7.1],[-0.00168,51.51052,7],[-0.00152,51.51056,7],[-0.00133,51.51061,7],[-0.00119,51.51063,7],[-0.00109,51.51064,7],[-0.00103,51.51065,7],[-0.001,51.51065,7],[-0.0009,51.51065,7],[-0.00083,51.51064,7],[-0.00079,51.51064,7],[-0.00074,51.51063,7],[-0.00043,51.51061,7],[-0.00031,51.51061,7],[-0.00025,51.5106,7],[-0.00019,51.51061,7],[-0.00016,51.51061,7],[-0.00014,51.51062,7],[-0.00011,51.51062,7],[-0.00007,51.51063,7],[0,51.51065,7.2],[0.00016,51.51074,7.1],[0.00016,51.51074,7.1],[0.00017,51.51076,7.1],[0.00017,51.51077,7.1],[0.00017,51.51079,7.1],[0.00018,51.51081,7],[0.00019,51.51083,7],[0.0002,51.51084,7],[0.00021,51.51086,6.9],[0.00022,51.51088,6.9],[0.00023,51.51089,6.8],[0.00024,51.5109,6.8],[0.00025,51.51092,6.8],[0.00032,51.51097,6.6],[0.00036,51.51099,6.5],[0.00038,51.511,6.5],[0.00041,51.51101,6.5],[0.00044,51.51102,6.4],[0.00049,51.51103,6.4],[0.00055,51.51105,6.3],[0.00062,51.51106,6.3],[0.00067,51.51107,6.2],[0.00073,51.51108,6.1],[0.00079,51.51109,6.1],[0.00084,51.5111,6],[0.00093,51.51111,5.8],[0.00096,51.51111,5.8],[0.00098,51.51111,5.8],[0.00099,51.51111,5.8],[0.00101,51.51111,5.7],[0.00102,51.5111,5.7],[0.00107,51.5111,5.7],[0.00112,51.51109,5.6],[0.00117,51.51108,5.6],[0.00122,51.51106,5.6],[0.00126,51.51104,5.6],[0.0013,51.51102,5.6],[0.00134,51.511,5.7],[0.00137,51.51098,5.7],[0.00139,51.51096,5.8],[0.00142,51.51093,5.9],[0.00145,51.51089,6],[0.00147,51.51085,6.2],[0.00149,51.51081,6.2],[0.00149,51.51078,6.3],[0.00151,51.51073,6.3],[0.00151,51.51073,6.3],[0.00156,51.51069,6.3],[0.00162,51.51064,6.3],[0.00168,51.51059,6.3],[0.00175,51.51053,6.3],[0.00177,51.51051,6.4],[0.0018,51.51049,6.4],[0.00184,51.51047,6.4],[0.00186,51.51046,6.4],[0.00189,51.51044,6.5],[0.00192,51.51043,6.5],[0.00196,51.51042,6.5],[0.00223,51.51035,6.7],[0.00232,51.51033,6.8],[0.00241,51.51031,6.9],[0.00249,51.5103,6.9],[0.00264,51.51026,7.2],[0.00273,51.51024,7.4],[0.0029,51.51019,7.9],[0.00315,51.51016,8.5],[0.00336,51.51014,8.9],[0.00378,51.51013,8.2],[0.00409,51.51013,7.7],[0.00443,51.51014,7],[0.00475,51.51016,6.9],[0.00501,51.51017,6.9],[0.0051,51.51018,6.9],[0.00524,51.51018,6.9],[0.00533,51.51019,6.9],[0.00549,51.5102,6.9],[0.00576,51.5102,6.9],[0.00618,51.51021,6.9],[0.0062,51.51021,6.9],[0.0064,51.5102,6.9],[0.00662,51.5102,6.8],[0.00681,51.51019,6.8],[0.00699,51.51018,6.8],[0.00701,51.51018,6.8],[0.0071,51.51018,6.8],[0.00719,51.51017,6.8],[0.00746,51.51015,6.8],[0.00768,51.51013,6.8],[0.007939,51.51011,6.8],[0.00796,51.51011,6.8],[0.00838,51.51006,6.8],[0.00862,51.51002,6.7],[0.00881,51.50998,6.7],[0.00892,51.50996,6.7],[0.00903,51.50994,6.7],[0.00927,51.50989,6.7],[0.00944,51.50985,6.7],[0.00945,51.50985,6.7],[0.00983,51.50975,6.7],[0.00998,51.5097,6.7],[0.01014,51.50965,6.7],[0.01042,51.50957,6.7],[0.01048,51.50955,6.7],[0.01069,51.50949,6.6],[0.01089,51.50943,6.6],[0.01108,51.50938,6.6],[0.01148,51.50926,6.6],[0.01189,51.5091,6.6],[0.01231,51.50882,6.6],[0.01243,51.50875,6.6],[0.01248,51.50869,6.6],[0.01248,51.50869,6.6],[0.01267,51.50866,6.2],[0.01276,51.50866,6],[0.01277,51.50866,6],[0.013,51.50868,5.5],[0.01321,51.50871,5.1],[0.01339,51.50875,5],[0.01355,51.5088,5],[0.01359,51.50882,4.9],[0.01361,51.50882,4.9],[0.01367,51.50884,4.9],[0.01373,51.50886,4.9],[0.01381,51.50888,4.9],[0.0139,51.5089,4.9],[0.01396,51.5089,4.8],[0.01401,51.5089,4.8],[0.01405,51.5089,4.8],[0.0141,51.50889,4.7],[0.01414,51.50888,4.7],[0.01418,51.50887,4.6],[0.0143,51.50882,4.6],[0.01438,51.50881,4.5],[0.01452,51.50883,4.5],[0.01467,51.50883,4.5],[0.01489,51.50882,4.4],[0.01491,51.50882,4.4],[0.01523,51.50879,4.5],[0.01544,51.50875,4.5],[0.01546,51.50875,4.5],[0.01563,51.50872,4.5],[0.01568,51.5087,4.6],[0.015789,51.50866,4.6],[0.01585,51.50864,4.6],[0.0159,51.50862,4.6],[0.01593,51.50861,4.6],[0.01599,51.50857,4.7],[0.01607,51.50853,4.7],[0.01614,51.50848,4.8],[0.01615,51.50848,4.8],[0.01625,51.5084,4.9],[0.01636,51.50834,5],[0.01636,51.50834,5],[0.01625,51.50824,4.8],[0.01617,51.50814,4.5],[0.01615,51.50813,4.5],[0.01614,51.50813,4.5],[0.016129,51.50812,4.5],[0.01611,51.50812,4.5],[0.0161,51.50812,4.5],[0.01609,51.50811,4.5],[0.01584,51.5081,4.4],[0.01582,51.50809,4.4],[0.01564,51.50808,4.3],[0.01555,51.50808,4.3],[0.015384,51.508084,4.3],[0.0151,51.508108,4.2],[0.014757,51.50808,4.1],[0.014457,51.508037,4],[0.014306,51.508035,4],[0.0142,51.50809,4],[0.01414,51.50816,4],[0.01405,51.50828,4],[0.01402,51.50832,3.9],[0.01399,51.50835,3.9],[0.01397,51.50838,3.9],[0.01394,51.50841,3.9],[0.01393,51.50844,3.9],[0.01393,51.50845,3.9],[0.01393,51.50847,3.9],[0.01376,51.50868,3.9],[0.01347,51.50903,3.8],[0.01327,51.50926,3.8],[0.01307,51.5095,3.8],[0.01279,51.50982,3.7],[0.01249,51.51018,3.6],[0.01231,51.5104,3.6],[0.01206,51.51069,3.6],[0.01198,51.5108,3.5],[0.01195,51.51084,3.5],[0.01193,51.51086,3.5],[0.01188,51.51088,3.5],[0.01187,51.51089,3.5],[0.01185,51.5109,3.5],[0.01182,51.51093,3.5],[0.01178,51.51097,3.5],[0.01167,51.51109,3.5],[0.01165,51.51111,3.5],[0.01151,51.51127,3.5],[0.01137,51.51143,3.1],[0.01131,51.5115,2.9],[0.01123,51.51158,2.7],[0.01103,51.51183,2.2],[0.01093,51.51194,2.1],[0.01086,51.51203,2],[0.01079,51.51211,2],[0.01068,51.51223,2],[0.01061,51.51231,2],[0.01051,51.51243,2],[0.01036,51.51262,2.2],[0.01031,51.51267,2.3],[0.01006,51.513,3.2],[0.00989,51.51319,3.7],[0.00965,51.51349,4],[0.00959,51.51356,4],[0.00956,51.51361,4],[0.0095,51.51368,4],[0.00946,51.51374,4],[0.00944,51.51376,4],[0.00944,51.51377,4],[0.00936,51.51387,4],[0.00932,51.51393,4],[0.00928,51.51398,4],[0.00901,51.5143,4],[0.00891,51.51441,3.9],[0.00883,51.51451,3.8],[0.0088,51.51455,3.8],[0.00865,51.51471,3.6],[0.00864,51.51472,3.6],[0.008563,51.51496,3.3],[0.008456,51.515304,3.5],[0.008238,51.515657,3.9],[0.008274,51.515801,4],[0.008754,51.516087,4],[0.00877,51.51609,4],[0.00918,51.51627,4],[0.0094,51.51637,3.8],[0.00949,51.51641,3.7],[0.00982,51.51656,3.3],[0.00989,51.51658,3.2],[0.01021,51.51673,2.9],[0.01029,51.51676,2.9],[0.0108,51.51699,2.6],[0.01088,51.51702,2.6],[0.01101,51.51708,2.7],[0.01139,51.51725,3],[0.01141,51.51726,3],[0.01195,51.5175,3],[0.01211,51.51757,3],[0.01268,51.51783,3.2],[0.01284,51.5179,3.4],[0.01308,51.518,3.7],[0.01324,51.51808,3.9],[0.01339,51.51815,3.9],[0.01349,51.51819,3.8],[0.01349,51.51819,3.8],[0.01336,51.5183,4],[0.01328,51.51836,3.9],[0.01315,51.51846,3.7],[0.01312,51.51848,3.6],[0.01293,51.51865,3.3],[0.01288,51.51869,3.3],[0.01283,51.51873,3.2],[0.01278,51.51878,3.2],[0.01272,51.51884,3.1],[0.01267,51.5189,3.1],[0.01262,51.51897,3],[0.01258,51.51903,3],[0.01254,51.51909,3],[0.01248,51.51916,3],[0.01219,51.51962,2.3],[0.01214,51.51969,2.1],[0.01211,51.51974,2],[0.0121,51.51978,1.9],[0.0121,51.5198,1.9],[0.0121,51.51987,1.8],[0.01213,51.52004,1.7],[0.01214,51.52006,1.7],[0.01224,51.52045,2.9],[0.0123,51.5207,3.6],[0.01236,51.5209,3.9],[0.01236,51.52093,3.9],[0.01236,51.52098,3.9],[0.01237,51.52103,3.8],[0.01237,51.52113,3.8],[0.01237,51.52126,3.6],[0.01236,51.52133,3.6],[0.01235,51.52147,3.5],[0.01235,51.5215,3.5],[0.01234,51.52171,3.4],[0.01235,51.52177,3.3],[0.01236,51.52182,3.3],[0.01235,51.52213,3.2],[0.01235,51.52227,3.1],[0.01232,51.52276,2.7],[0.01232,51.52278,2.7],[0.01231,51.52284,2.6],[0.01231,51.52302,2.4],[0.0123,51.52329,2.1],[0.0123,51.52338,2.1],[0.0123,51.52346,2.3],[0.0123,51.52347,2.3],[0.01231,51.52354,2.4],[0.01233,51.52363,2.6],[0.01234,51.52369,2.8],[0.01238,51.52377,3],[0.01243,51.52385,3.2],[0.01251,51.52397,3.5],[0.01255,51.52402,3.8],[0.01259,51.52407,4],[0.01267,51.52417,4.4],[0.01274,51.52424,4.3],[0.01289,51.52438,4],[0.01299,51.52446,3.9],[0.01303,51.52449,3.9],[0.01306,51.52452,3.8],[0.01313,51.52457,3.7],[0.01327,51.52467,3.5],[0.01339,51.52474,3.2],[0.01348,51.52479,3],[0.01366,51.52488,2.5],[0.01388,51.52498,2.1],[0.01405,51.52505,2.1],[0.01405,51.52505,2.1],[0.01415,51.52509,2.1],[0.01422,51.5251,2.1],[0.01429,51.52512,2.1],[0.01439,51.52513,2],[0.01479,51.52519,1.7],[0.01498,51.52522,1.5],[0.01582,51.52532,1.2],[0.01666,51.52543,1],[0.01712,51.52549,1.5],[0.01747,51.52554,2],[0.01783,51.52559,2.7],[0.01791,51.52561,2.9],[0.01794,51.52561,2.9],[0.01798,51.52562,3],[0.018,51.52563,3.1],[0.01802,51.52564,3.1],[0.01805,51.52563,3.2],[0.01809,51.52562,3.2],[0.01811,51.52562,3.3],[0.01818,51.52561,3.4],[0.01843,51.52558,3.7],[0.01857,51.52558,3.8],[0.019,51.52553,3.9],[0.01911,51.52552,4],[0.01918,51.52552,4],[0.01922,51.52551,4.1],[0.01926,51.5255,4.1],[0.01928,51.5255,4.1],[0.0193,51.52549,4.2],[0.01934,51.52548,4.2],[0.01936,51.52548,4.2],[0.01937,51.52549,4.2],[0.01939,51.52549,4.3],[0.0194,51.52549,4.3],[0.01942,51.52549,4.3],[0.01963,51.52548,4.6],[0.02022,51.52543,5],[0.02042,51.5254,5],[0.02066,51.52538,5],[0.02083,51.52537,5],[0.02097,51.52536,5.2],[0.02108,51.52534,5.3],[0.02119,51.52533,5.4],[0.02135,51.52531,5.6],[0.02174,51.52525,6],[0.02254,51.52513,6],[0.02264,51.52512,6],[0.02275,51.5251,6],[0.02295,51.52506,6],[0.02343,51.52495,6.5],[0.02346,51.52494,6.6],[0.02365,51.52489,7.5],[0.02374,51.52487,7.8],[0.02374,51.52487,7.8],[0.02376,51.52489,7.9],[0.02388,51.52503,8.6],[0.02396,51.52513,8.7],[0.02399,51.52518,8.8],[0.02403,51.52525,8.8],[0.02412,51.52545,8.7],[0.02421,51.52562,8.7],[0.02421,51.52565,8.6],[0.02422,51.52567,8.6],[0.02422,51.5257,8.5],[0.02423,51.52573,8.5],[0.02422,51.52576,8.4],[0.02422,51.52579,8.3],[0.02422,51.52582,8.2],[0.0242,51.52591,8.1],[0.0242,51.52593,8.1],[0.02419,51.52599,8.1],[0.02416,51.52612,8],[0.02414,51.52625,7.9],[0.02414,51.52627,7.9],[0.02413,51.52632,7.9],[0.02412,51.52638,7.9],[0.02409,51.52652,7.9],[0.02403,51.52683,7.9],[0.02403,51.52688,7.9],[0.02399,51.52707,7.9],[0.02396,51.52719,7.9],[0.02395,51.52722,7.9],[0.02394,51.52731,7.9],[0.02392,51.52737,8],[0.02391,51.52742,8],[0.02392,51.52747,8],[0.02393,51.5275,8],[0.02394,51.52753,8],[0.02394,51.52755,7.9],[0.02394,51.52757,7.9],[0.02395,51.5276,7.9],[0.02396,51.52764,7.8],[0.02398,51.52773,7.7],[0.02398,51.52774,7.7],[0.024,51.52782,7.6],[0.02401,51.52786,7.6],[0.02402,51.52791,7.5],[0.02403,51.52802,7.4],[0.02405,51.52814,7.2],[0.02406,51.52823,7.1],[0.02408,51.52839,7.1],[0.02412,51.52868,7.8],[0.02413,51.52874,8],[0.02414,51.52884,8.2],[0.02418,51.52903,8.7],[0.02419,51.52911,8.8],[0.02421,51.52918,8.9],[0.02423,51.52928,8.8],[0.02425,51.52939,8.7],[0.02426,51.52942,8.7],[0.02427,51.52948,8.6],[0.02427,51.52948,8.6],[0.02421,51.5295,8.6],[0.02416,51.52953,8.6],[0.0241,51.52955,8.5],[0.024,51.52959,8.4],[0.02384,51.52966,8.2],[0.02374,51.5297,8],[0.0237,51.52972,8],[0.02366,51.52973,7.9],[0.02345,51.52979,7.6],[0.02333,51.52982,7.4],[0.02305,51.52991,7.5],[0.02291,51.52996,7.6],[0.02286,51.52999,7.6],[0.02277,51.53002,7.7],[0.02263,51.53007,7.9],[0.02245,51.53012,8],[0.02192,51.5303,8],[0.02151,51.53045,7.9],[0.02132,51.53053,7.7],[0.02132,51.53053,7.7],[0.02141,51.53062,7.8],[0.02144,51.53066,7.8],[0.02147,51.53071,7.8],[0.02154,51.5308,7.9],[0.02155,51.53081,7.9],[0.02167,51.53101,7.8],[0.02167,51.53103,7.8],[0.02181,51.53129,7.6],[0.0219,51.53146,7.7],[0.02197,51.53158,7.8],[0.022,51.53163,7.8],[0.02201,51.53165,7.8],[0.02205,51.53172,7.8],[0.02206,51.53174,7.8],[0.02208,51.53178,7.8],[0.02209,51.53182,7.7],[0.02209,51.53186,7.7],[0.02209,51.5319,7.6],[0.02208,51.53195,7.5],[0.02208,51.53198,7.4],[0.02207,51.53203,7.3],[0.02205,51.53219,7.2],[0.02205,51.53221,7.2],[0.02204,51.53226,7.2],[0.02203,51.53236,7.1],[0.02203,51.53242,7.1],[0.02202,51.53245,7.1],[0.02202,51.5325,7],[0.02202,51.53257,7],[0.02202,51.5326,7],[0.02202,51.53262,7],[0.02203,51.53264,7],[0.02205,51.53266,7.1],[0.02206,51.53267,7.1],[0.02211,51.5327,7.2],[0.02211,51.5327,7.2],[0.02205,51.53275,7.4],[0.02202,51.53276,7.4],[0.02201,51.53277,7.4],[0.02201,51.53278,7.5],[0.022,51.5328,7.6],[0.022,51.53282,7.6],[0.02199,51.53289,7.9],[0.02198,51.53303,8.4],[0.02198,51.53311,8.8],[0.02198,51.5332,9.1],[0.02197,51.53334,9.7],[0.02196,51.53345,9.9],[0.02196,51.5335,10],[0.02195,51.53353,10.1],[0.02194,51.5336,10.3],[0.02192,51.53374,10.7],[0.02191,51.53382,10.9],[0.02186,51.53399,11.3],[0.02183,51.5341,11.6],[0.02181,51.53424,11.7],[0.02178,51.53434,11.5],[0.02175,51.53452,11.1],[0.02173,51.53457,11],[0.02172,51.53463,10.9],[0.02171,51.53475,10.6],[0.02171,51.5348,10.5],[0.0217,51.53491,10.2],[0.0217,51.53505,10.1],[0.02169,51.53516,10.4],[0.02169,51.53523,10.5],[0.02169,51.53538,10.9],[0.02169,51.53546,11.1],[0.02169,51.53546,11.1],[0.02194,51.53542,10.8],[0.02228,51.53538,10.6],[0.02228,51.53538,10.6],[0.02225,51.53558,10.9],[0.02221,51.5359,11.3],[0.02219,51.53603,11.3],[0.02217,51.53622,11.2],[0.02215,51.53635,11.2],[0.02213,51.53649,11.1],[0.0221,51.53673,11],[0.02209,51.53682,11],[0.02208,51.53687,11],[0.02214,51.53711,11],[0.02216,51.53719,11],[0.0222,51.53735,11],[0.02225,51.53753,11],[0.02226,51.5376,11.1],[0.02228,51.53767,11.2],[0.02229,51.53768,11.2],[0.02231,51.53772,11.3],[0.02233,51.53776,11.3],[0.02235,51.53781,11.4],[0.0224,51.53788,11.5],[0.02246,51.53797,11.6],[0.02249,51.53803,11.6],[0.02256,51.53813,11.7],[0.0226,51.53818,11.7],[0.02263,51.53825,11.7],[0.0227,51.53836,11.7],[0.02271,51.53836,11.7],[0.02277,51.53847,11.6],[0.0228,51.53853,11.6],[0.02281,51.53856,11.6],[0.02282,51.53859,11.5],[0.02283,51.53862,11.5],[0.02283,51.53865,11.5],[0.02283,51.53868,11.5],[0.02284,51.53872,11.5],[0.02283,51.53888,11.5],[0.02283,51.53898,11.4],[0.02282,51.53913,11.4],[0.02284,51.53928,11.4],[0.02286,51.53952,11.2],[0.02289,51.53975,11.1],[0.02288,51.53987,11.1],[0.02288,51.53992,11],[0.02287,51.54,11],[0.02287,51.54009,11.2],[0.02286,51.54018,11.3],[0.02286,51.54027,11.5],[0.02286,51.54037,11.6],[0.02287,51.54056,12],[0.02287,51.54074,12.3],[0.02288,51.54086,12.5],[0.02286,51.54092,12.4],[0.02287,51.54101,12.4],[0.02286,51.54115,12.4],[0.02285,51.54137,12.4],[0.02285,51.54154,12.4],[0.02285,51.54159,12.4],[0.02286,51.54163,12.4],[0.02287,51.54167,12.4],[0.02288,51.5417,12.4],[0.0229,51.54173,12.4],[0.02296,51.54176,12.5],[0.023,51.54178,12.5],[0.02304,51.5418,12.5],[0.02309,51.54182,12.6],[0.02316,51.54183,12.6],[0.02318,51.54183,12.7],[0.02327,51.54184,12.7],[0.02341,51.54186,12.8],[0.02363,51.54187,12.8],[0.02387,51.54189,12.7],[0.02421,51.54191,12.7],[0.02437,51.54192,12.5],[0.02446,51.54192,12.5],[0.02455,51.54192,12.4],[0.02465,51.54191,12.3],[0.0247,51.54191,12.3],[0.02534,51.54187,12.1],[0.0255,51.54187,12.1],[0.02565,51.54186,12.2],[0.02583,51.54187,12.2],[0.02591,51.54187,12.3],[0.02597,51.54187,12.3],[0.02602,51.54188,12.3],[0.02605,51.54188,12.3],[0.02611,51.54189,12.4],[0.02614,51.5419,12.4],[0.0262,51.54191,12.4],[0.02623,51.54193,12.5],[0.02624,51.54194,12.5],[0.02625,51.54196,12.5],[0.02626,51.54198,12.6],[0.02627,51.542,12.6],[0.02627,51.54202,12.6],[0.02628,51.54204,12.7],[0.02628,51.54208,12.8],[0.02628,51.5421,12.8],[0.02627,51.54223,13],[0.02626,51.54236,13.3],[0.02625,51.5424,13.3],[0.02625,51.54245,13.4],[0.02623,51.5426,13.2],[0.02622,51.54274,12.9],[0.02621,51.54284,12.6],[0.02619,51.54306,12.1],[0.02618,51.54314,11.9],[0.02617,51.54317,11.8],[0.02618,51.54327,11.6],[0.02618,51.54329,11.5],[0.02618,51.54347,11.5],[0.02617,51.54366,11.6],[0.02616,51.54369,11.7],[0.02616,51.54374,11.7],[0.02617,51.54384,11.8],[0.02617,51.54391,11.8],[0.02617,51.54413,12],[0.02617,51.54421,12.1],[0.02617,51.54424,12.1],[0.02613,51.54453,12.7],[0.02611,51.5447,13.1],[0.02609,51.5448,13.3],[0.02604,51.5451,13.6],[0.02599,51.54535,13.4],[0.02597,51.54545,13.3],[0.02596,51.54556,13.2],[0.02594,51.54574,13],[0.02593,51.54583,12.9],[0.02589,51.5461,13],[0.02587,51.5462,13],[0.02581,51.54631,13],[0.0258,51.54633,13],[0.02578,51.54638,13],[0.02575,51.54641,13],[0.02572,51.54643,13],[0.02568,51.54645,13],[0.02565,51.54647,13],[0.02557,51.54655,13],[0.02555,51.54659,13],[0.02553,51.54665,13],[0.02551,51.54672,13.1],[0.0255,51.54678,13.1],[0.02553,51.54682,13.2],[0.02549,51.54695,13.3],[0.02542,51.54718,13.6],[0.02537,51.54728,13.7],[0.02537,51.5473,13.8],[0.0253,51.54754,14],[0.02521,51.54783,13.6],[0.02498,51.54842,13],[0.02496,51.54847,13],[0.02489,51.54871,13],[0.02487,51.54886,13],[0.02486,51.54896,13],[0.02485,51.54903,13],[0.02483,51.54913,13],[0.02485,51.54925,13],[0.02486,51.54939,13],[0.02487,51.54949,13.1],[0.02488,51.54953,13.1],[0.02488,51.54957,13.1],[0.02489,51.54961,13.1],[0.02489,51.54966,13.1],[0.0249,51.54977,13.1],[0.02497,51.54999,13],[0.02501,51.55013,13],[0.02505,51.55026,13],[0.02507,51.55034,13],[0.02516,51.55082,13],[0.02517,51.55091,13],[0.02518,51.55097,13],[0.02519,51.55107,13],[0.0252,51.55122,13],[0.02521,51.55133,13],[0.02522,51.55147,13],[0.02523,51.55157,13],[0.02523,51.55165,13],[0.02524,51.55176,13.1],[0.02526,51.55188,13.3],[0.02528,51.55198,13.4],[0.02529,51.55199,13.4],[0.02531,51.55211,13.5],[0.02534,51.55226,13.7],[0.02535,51.55234,13.8],[0.02535,51.55239,13.9],[0.02535,51.5525,14],[0.02534,51.55257,14.2],[0.02533,51.55269,14.5],[0.02532,51.55282,14.8],[0.02531,51.55295,15.1],[0.0253,51.55312,15.5],[0.02528,51.55342,16],[0.02528,51.55352,16],[0.02529,51.55368,16],[0.0253,51.55387,16],[0.0253,51.55394,16],[0.0253,51.554,16],[0.0253,51.55413,16],[0.0253,51.55429,16.1],[0.0253,51.5545,16.4],[0.0253,51.55453,16.4],[0.02531,51.55506,17],[0.02531,51.55511,17],[0.02529,51.55561,17],[0.02529,51.55565,17],[0.02529,51.55572,17],[0.02529,51.55619,17.7],[0.0253,51.55658,18.5],[0.0253,51.55687,17.5],[0.0253,51.55704,16.6],[0.0253,51.55713,16.1],[0.0253,51.55713,16.1],[0.02522,51.55714,16],[0.02516,51.55715,16],[0.02512,51.55716,16],[0.02507,51.55717,15.9],[0.02497,51.55725,15.5],[0.02485,51.55735,14.9],[0.02472,51.55745,14.3],[0.0247,51.55747,14.2],[0.02454,51.55761,14.1],[0.02441,51.55773,14.2],[0.02439,51.55775,14.2],[0.02419,51.55788,14],[0.02409,51.55794,14],[0.02395,51.55806,13.8],[0.02362,51.5583,13.4],[0.02349,51.55845,13.4],[0.02328,51.55858,13.7],[0.02309,51.55876,14.6],[0.023,51.55883,15],[0.02293,51.55889,15.3],[0.02285,51.55895,15.6],[0.02255,51.55914,16.8],[0.02237,51.55927,17.6],[0.02171,51.55976,19.7],[0.0214,51.55999,20.3],[0.0212,51.56016,20.1],[0.02099,51.56034,19.7],[0.02044,51.56085,18],[0.0204,51.56088,18.1],[0.02037,51.56092,18.1],[0.02034,51.56098,18.2],[0.02033,51.56098,18.2],[0.02032,51.56099,18.2],[0.02029,51.561,18.2],[0.02025,51.56102,18.2],[0.02024,51.56102,18.2],[0.0202,51.56103,18.2],[0.02013,51.56106,18.3],[0.02012,51.56106,18.3],[0.0201,51.56106,18.3],[0.02008,51.56107,18.3],[0.02007,51.56107,18.3],[0.02004,51.56107,18.3],[0.02003,51.56107,18.3],[0.02,51.56107,18.3],[0.01999,51.56107,18.3],[0.01996,51.56107,18.3],[0.01985,51.56107,18.3],[0.01977,51.56107,18.3],[0.01975,51.56107,18.3],[0.01974,51.56108,18.3],[0.01973,51.56108,18.3],[0.01973,51.56108,18.3],[0.01972,51.56109,18.3],[0.01972,51.5611,18.3],[0.01971,51.56111,18.3],[0.01972,51.56113,18.3],[0.01973,51.5612,18.3],[0.01973,51.56122,18.3],[0.01973,51.56124,18.3],[0.01972,51.5613,18.3],[0.01972,51.56136,18.3],[0.01971,51.56169,18.3],[0.01971,51.56205,18.9],[0.01971,51.5621,19],[0.01973,51.56224,19.3],[0.01974,51.5624,19.5],[0.01975,51.5627,20.2],[0.01975,51.56273,20.3],[0.01974,51.56285,20.5],[0.01975,51.56305,21],[0.01975,51.56324,21.5],[0.01976,51.56337,21.7],[0.01976,51.56342,21.6],[0.01975,51.5636,21.3],[0.01974,51.56371,21.1],[0.01978,51.56409,20.6],[0.01979,51.56418,20.5],[0.01979,51.56432,20.7],[0.01979,51.56444,20.9],[0.01979,51.56461,21.2],[0.01979,51.56473,21.3],[0.01978,51.56486,21.5],[0.01976,51.56498,21.7],[0.01972,51.56512,22.1],[0.01971,51.56519,22.3],[0.01971,51.56531,22.8],[0.01973,51.56546,23.3],[0.01973,51.56551,23.5],[0.01972,51.56557,23.7],[0.01971,51.56562,23.9],[0.01967,51.56575,24.3],[0.01967,51.56584,24.6],[0.01968,51.56588,24.8],[0.01968,51.5659,24.9],[0.01968,51.56591,24.9],[0.01971,51.566,25.3],[0.01971,51.566,25.3],[0.01967,51.56602,25.3],[0.01967,51.56602,25.3],[0.01969,51.56605,25.4],[0.0197,51.56609,25.6],[0.0197,51.56615,25.8],[0.0197,51.56617,25.9],[0.01971,51.56619,25.9],[0.01974,51.56624,26.2],[0.01975,51.56625,26.2],[0.01975,51.56627,26.3],[0.01976,51.56629,26.4],[0.01975,51.56631,26.4],[0.01974,51.56633,26.5],[0.01972,51.56636,26.6],[0.01971,51.56637,26.6],[0.01971,51.56638,26.6],[0.0197,51.5664,26.7],[0.01968,51.56647,26.9],[0.01969,51.56657,27.3],[0.0197,51.56661,27.4],[0.0197,51.56662,27.5],[0.01973,51.56668,27.7],[0.01975,51.56674,27.9],[0.01976,51.56675,27.9],[0.0198,51.56682,28.1],[0.01981,51.56685,28.2],[0.01987,51.56693,28.5],[0.01993,51.567,28.7],[0.02,51.56709,29],[0.02002,51.56714,29.1],[0.02003,51.56721,29.3],[0.02004,51.56735,29.6],[0.02003,51.56742,29.8],[0.02003,51.56743,29.8],[0.02003,51.56749,30],[0.02005,51.56757,30.2],[0.02006,51.56758,30.2],[0.02011,51.56764,30.3],[0.02017,51.56771,30.5],[0.02022,51.5678,30.7],[0.02023,51.56785,30.8],[0.02024,51.56789,30.9],[0.02025,51.56792,31],[0.02028,51.56795,31.1],[0.0203,51.56797,31.1],[0.02032,51.56801,31.2],[0.02033,51.56803,31.3],[0.02033,51.56804,31.3],[0.02034,51.56807,31.4],[0.02035,51.5681,31.4],[0.02035,51.5681,31.4],[0.02033,51.56811,31.5],[0.02029,51.56812,31.5],[0.02026,51.56813,31.5],[0.02023,51.56815,31.6],[0.02017,51.56817,31.6],[0.02013,51.56818,31.6],[0.02001,51.56822,31.7],[0.01985,51.56826,31.6],[0.01974,51.56829,31.6],[0.01963,51.56831,31.5],[0.0195,51.56833,31.4],[0.01941,51.56833,31.3],[0.01932,51.5683,31.1],[0.01924,51.56827,30.9],[0.01914,51.56824,30.8],[0.01906,51.56824,30.8],[0.01898,51.56825,30.8],[0.01893,51.56826,30.8],[0.01893,51.56826,30.8],[0.0189,51.56827,30.8],[0.01882,51.5683,30.9],[0.01876,51.56833,31],[0.01875,51.56833,31],[0.01871,51.56836,31],[0.01867,51.56839,31.1],[0.01864,51.56842,31.1],[0.01863,51.56842,31.1],[0.01861,51.56846,31.1],[0.0186,51.56849,31.1],[0.0186,51.56853,31.2],[0.01861,51.56856,31.2],[0.01863,51.56866,31.3],[0.01864,51.56873,31.4],[0.01866,51.56878,31.4],[0.01867,51.56884,31.5],[0.01866,51.56888,31.5],[0.01865,51.56894,31.6],[0.01863,51.56899,31.6],[0.01858,51.5691,31.5],[0.01849,51.56927,31.6],[0.01839,51.5695,31.9],[0.01834,51.56958,32],[0.01831,51.56963,32.1],[0.0183,51.56968,32.2],[0.0183,51.56971,32.3],[0.01829,51.56972,32.3],[0.01823,51.5699,32.6],[0.01814,51.57016,32.6],[0.01797,51.57024,32.3],[0.01792,51.57025,32.2],[0.01786,51.57026,32.1],[0.01781,51.57027,32],[0.01775,51.57028,32],[0.01775,51.57028,32],[0.01775,51.57027,32],[0.01774,51.57025,32],[0.01772,51.57023,32],[0.0177,51.57021,32],[0.01766,51.5702,32],[0.0176,51.57017,31.9],[0.0175,51.57014,31.8],[0.0174,51.57011,31.8],[0.01733,51.5701,31.7],[0.01725,51.5701,31.6],[0.01718,51.57011,31.5],[0.01713,51.57011,31.5],[0.01709,51.57012,31.4],[0.01707,51.57013,31.4],[0.01704,51.57015,31.4],[0.01698,51.57019,31.3],[0.01687,51.57029,31.2],[0.01681,51.57032,31.1],[0.01676,51.57035,31.1],[0.01675,51.57035,31.1],[0.01669,51.57037,31],[0.01662,51.57039,31],[0.01656,51.57041,31.1],[0.01651,51.57044,31.1],[0.01648,51.57046,31.1],[0.01645,51.57048,31.1],[0.01643,51.5705,31.2],[0.01642,51.5705,31.2],[0.01639,51.57054,31.2],[0.01635,51.57058,31.3],[0.01631,51.57063,31.3],[0.016299,51.57065,31.3],[0.016289,51.57066,31.4],[0.01626,51.57071,31.4],[0.01624,51.57074,31.5],[0.016219,51.57077,31.5],[0.016209,51.57077,31.5],[0.0162,51.57078,31.5],[0.01618,51.57079,31.6],[0.01616,51.57079,31.6],[0.016129,51.57079,31.6],[0.01606,51.5708,31.7],[0.01598,51.5708,31.8],[0.01591,51.57081,31.9],[0.01586,51.57082,32],[0.01584,51.57083,32],[0.01584,51.57084,32],[0.01583,51.57084,32],[0.01582,51.57084,32],[0.01582,51.57085,32],[0.01567,51.57089,32],[0.01559,51.57089,32],[0.01557,51.5709,32],[0.01554,51.57091,32],[0.0155,51.57095,32],[0.01547,51.57097,32],[0.01546,51.57097,32],[0.01546,51.57098,32],[0.01546,51.57099,32],[0.01547,51.57099,32],[0.01551,51.57102,32],[0.01551,51.57103,32],[0.0155,51.57104,32],[0.01546,51.57107,32],[0.01546,51.57107,32],[0.0154,51.57112,32],[0.01539,51.57112,32],[0.01538,51.57113,32],[0.01538,51.57114,32],[0.01538,51.57115,32],[0.01539,51.57115,32],[0.0154,51.57116,32],[0.01554,51.57125,32],[0.01568,51.57136,32],[0.015689,51.57139,32],[0.015689,51.57141,32],[0.01573,51.57146,32],[0.01577,51.57151,32],[0.0158,51.57154,32],[0.01582,51.57155,31.9],[0.01583,51.57156,31.9],[0.01589,51.5716,31.8],[0.01603,51.57167,31.6],[0.01625,51.57179,31.2],[0.01631,51.57182,31.1],[0.01648,51.57191,30.9],[0.01648,51.57191,30.9],[0.01642,51.57199,30.9],[0.016379,51.57207,30.9],[0.01636,51.57212,30.8],[0.016289,51.57229,30.7],[0.01627,51.57234,30.7],[0.016219,51.57247,30.6],[0.01617,51.57259,30.6],[0.01615,51.57264,30.6],[0.01615,51.57267,30.5],[0.016129,51.57273,30.5],[0.016119,51.57279,30.5],[0.016119,51.57282,30.5],[0.01611,51.57299,30.5],[0.01611,51.573,30.4],[0.01611,51.57318,30.4],[0.0161,51.57329,30.4],[0.0161,51.57333,30.4],[0.01609,51.57336,30.4],[0.01608,51.57338,30.4],[0.01607,51.57342,30.4],[0.016049,51.57345,30.5],[0.01601,51.57348,30.5],[0.01599,51.5735,30.6],[0.01597,51.57352,30.6],[0.01592,51.57356,30.7],[0.015869,51.5736,30.8],[0.0158,51.57366,30.9],[0.015779,51.57367,30.9],[0.01575,51.57368,30.9],[0.01573,51.57369,30.9],[0.015709,51.57376,31],[0.01568,51.57383,31.2],[0.01567,51.57385,31.2],[0.01567,51.57385,31.2],[0.01554,51.5741,31.8],[0.01544,51.57425,32.3],[0.01538,51.57433,32.6],[0.01537,51.57436,32.7],[0.01535,51.57438,32.8],[0.01534,51.5744,32.8],[0.01533,51.57443,32.9],[0.01529,51.57451,33.2],[0.01526,51.57455,33.4],[0.0151,51.57471,34],[0.01509,51.57472,34],[0.01497,51.57484,34.4],[0.01483,51.57496,34.5],[0.01468,51.57511,34.5],[0.0146,51.57517,34.4],[0.01455,51.57522,34.4],[0.01438,51.57534,34.3],[0.01426,51.57545,34.3],[0.01413,51.57558,34.3],[0.0141,51.5756,34.4],[0.01382,51.5759,34.5],[0.01372,51.57602,34.1],[0.01367,51.57607,34],[0.01365,51.5761,33.9],[0.01353,51.57626,33.6],[0.01346,51.57636,33.4],[0.01339,51.57645,33.3],[0.0133,51.57656,33.1],[0.01322,51.57664,32.9],[0.0131,51.57674,32.7],[0.01297,51.57685,32.5],[0.01296,51.57686,32.4],[0.01285,51.57695,32.2],[0.01282,51.57698,32.2],[0.01274,51.57703,32],[0.01266,51.57709,31.8],[0.01255,51.57717,31.5],[0.01235,51.57728,31.1],[0.01189,51.57756,30.4],[0.01182,51.5776,30.3],[0.01167,51.57769,30.2],[0.01136,51.57785,31.1],[0.01118,51.57797,31.3],[0.01102,51.57805,31.5],[0.01093,51.57809,31.5],[0.01082,51.57815,31.4],[0.0107,51.57819,31.4],[0.01062,51.57822,31.3],[0.0105,51.57825,31.3],[0.01035,51.57829,31.2],[0.01022,51.57832,31.1],[0.01013,51.57836,31],[0.01007,51.57839,31],[0.01007,51.57839,31],[0.00993,51.57836,31.2],[0.00985,51.57835,31.4],[0.00981,51.57834,31.5],[0.00971,51.57833,31.7],[0.0096,51.57832,32],[0.00945,51.57832,32.4],[0.00926,51.57833,32.8],[0.00923,51.57833,32.9],[0.00911,51.57833,33.1],[0.00904,51.57834,33.1],[0.00887,51.57835,33.3],[0.00872,51.57835,33.5],[0.00859,51.57837,33.6],[0.00844,51.5784,33.7],[0.00829,51.57844,33.8],[0.00812,51.57848,33.9],[0.00793,51.57853,34],[0.00776,51.57858,34.1],[0.00766,51.57863,34.1],[0.00746,51.57872,34.1],[0.00735,51.57878,33.9],[0.00724,51.57884,33.8],[0.00713,51.5789,33.6],[0.00703,51.57897,33.5],[0.00694,51.57904,33.3],[0.00685,51.57909,33.2],[0.00673,51.57915,33],[0.00634,51.57928,33.7],[0.00625,51.57932,33.9],[0.0061,51.57937,34.2],[0.00595,51.57941,34.4],[0.00585,51.57943,34.6],[0.00574,51.57945,34.8],[0.00563,51.57945,34.8],[0.00546,51.57945,35],[0.00533,51.57945,35.1],[0.00524,51.57945,35.2],[0.00516,51.57944,35.2],[0.00514,51.57943,35.2],[0.00514,51.57943,35.2],[0.005,51.57949,35.4],[0.00472,51.5796,35.2],[0.00461,51.57975,35.4],[0.00452,51.5799,35.7],[0.00452,51.58011,36.2],[0.00459,51.58026,36.3],[0.00464,51.58033,36.3],[0.00468,51.5804,36.4],[0.00483,51.58052,36.3],[0.00501,51.58065,36],[0.00544,51.58086,36.1],[0.0057,51.58094,36.4],[0.00599,51.58103,36.7],[0.0063,51.58111,37],[0.00651,51.58115,37.1],[0.00651,51.58115,37.1],[0.00652,51.58136,37.9],[0.00653,51.58149,38.4],[0.00653,51.58155,38.6],[0.00652,51.58158,38.7],[0.00649,51.58168,39],[0.00646,51.58176,38.8],[0.00645,51.58183,38.6],[0.00644,51.58191,38.4],[0.00644,51.58197,38.3],[0.00645,51.58211,37.9],[0.00644,51.58232,37.4],[0.00643,51.5824,37.2],[0.00643,51.58242,37.2],[0.00642,51.58247,37.1],[0.00641,51.58249,37],[0.00639,51.58258,37],[0.00637,51.58264,37],[0.00633,51.58275,37],[0.00628,51.58289,37],[0.00624,51.58296,37],[0.00619,51.58304,37],[0.00614,51.58309,37],[0.00609,51.58315,37],[0.00603,51.58321,37],[0.006,51.58325,37],[0.00599,51.58328,37],[0.00599,51.58332,37],[0.00601,51.58336,37.1],[0.00603,51.5834,37.2],[0.00603,51.58341,37.3],[0.00609,51.58349,37.5],[0.00622,51.58366,38],[0.00622,51.58366,38],[0.0063,51.58362,37.8],[0.0064,51.58359,37.7],[0.0065,51.58357,37.6],[0.00659,51.58356,37.6],[0.00659,51.58356,37.6],[0.00661,51.58355,37.5],[0.00677,51.58353,37.6],[0.00694,51.58352,37.7],[0.00939,51.58345,38.6],[0.00951,51.58344,38.5],[0.01009,51.58343,38],[0.01098,51.58341,37.9],[0.0115,51.5834,37.3],[0.01178,51.58339,37.1],[0.01207,51.58338,37.1],[0.01236,51.58337,37.1],[0.01243,51.58337,37.1],[0.01272,51.58337,36.8],[0.01276,51.58336,36.8],[0.01354,51.58335,35.5],[0.01359,51.58334,35.4],[0.01406,51.58333,34.3],[0.01417,51.58333,34],[0.01468,51.58332,32.2],[0.01493,51.58331,31.3],[0.01508,51.58331,31],[0.01529,51.5833,30.8],[0.01547,51.5833,30.5],[0.0156,51.58329,30.4],[0.015869,51.58329,30],[0.01684,51.58327,28.3],[0.01762,51.58326,29.2],[0.01824,51.58324,29.8],[0.01844,51.58324,29.9],[0.01868,51.58324,29.9],[0.01932,51.58322,29.9],[0.01974,51.58322,29.5],[0.01991,51.58323,29.3],[0.01998,51.58324,29.2],[0.02014,51.58326,29.1],[0.02022,51.58326,29.1],[0.02022,51.58326,29.1],[0.02022,51.58316,29.3],[0.02022,51.58316,29.3],[0.02022,51.58316,29.3],[0.02022,51.58326,29.1],[0.02023,51.58335,29.1],[0.02024,51.5834,29.4],[0.02025,51.58344,29.6],[0.02026,51.58351,29.9],[0.02027,51.58356,30.2],[0.0203,51.58372,31],[0.02032,51.5838,31.4],[0.02034,51.58393,32],[0.02041,51.58417,33],[0.02043,51.58426,33],[0.02043,51.58426,33],[0.0205,51.58448,32.9],[0.02055,51.58461,32.9],[0.02056,51.58463,32.8],[0.02062,51.58479,32.9],[0.02073,51.58509,33],[0.02075,51.58516,33],[0.0208,51.58528,33],[0.0208,51.58528,33],[0.02086,51.58543,33],[0.0209,51.58553,33],[0.02096,51.58569,33],[0.021,51.5858,33],[0.02104,51.5859,33.1],[0.02109,51.58605,33.3],[0.02116,51.5863,33.6],[0.02122,51.58649,33.8],[0.02129,51.5868,34.2],[0.02132,51.58697,34.5],[0.02134,51.58706,34.7],[0.02135,51.58708,34.7],[0.02135,51.58712,34.8],[0.02137,51.58718,34.8],[0.02137,51.58719,34.9],[0.0214,51.58728,35],[0.02145,51.58748,35.2],[0.02152,51.58767,35.4],[0.02158,51.58784,35.5],[0.02177,51.58838,36.1],[0.02185,51.58861,36.3],[0.02186,51.58862,36.3],[0.02192,51.5888,36.6],[0.02193,51.58885,36.6],[0.02197,51.58896,36.8],[0.02199,51.58903,36.8],[0.02201,51.58911,36.9],[0.02203,51.58918,37],[0.02204,51.58925,37.1],[0.02205,51.58929,37.1],[0.02208,51.5894,37.1],[0.02212,51.58956,37.2],[0.02212,51.58958,37.2],[0.02214,51.58967,37.3],[0.02216,51.58979,37.3],[0.0222,51.58999,37.4],[0.02224,51.59019,37.8],[0.02224,51.59022,37.8],[0.02225,51.59024,37.9],[0.02225,51.59026,37.9],[0.0223,51.59051,38.5],[0.02235,51.59076,39],[0.02238,51.59095,39.6],[0.02244,51.59127,40.7],[0.02245,51.59132,40.8],[0.02245,51.59133,40.9],[0.02245,51.59135,41],[0.02246,51.59146,41.3],[0.02249,51.59175,42],[0.0225,51.59186,42],[0.02251,51.59193,42],[0.02249,51.59207,42],[0.02247,51.59236,42],[0.02246,51.59248,42],[0.02245,51.59256,42.2],[0.02245,51.59258,42.3],[0.02244,51.59261,42.3],[0.02244,51.59305,43.4],[0.02244,51.59328,43.9],[0.02243,51.59336,44.1],[0.02242,51.59343,44.2],[0.02241,51.59356,44.4],[0.0224,51.59365,44.5],[0.02239,51.5937,44.6],[0.02238,51.59382,44.8],[0.02236,51.59395,45],[0.0223,51.59434,45.7],[0.02229,51.59442,45.8],[0.02229,51.59445,45.8],[0.02225,51.59456,46.1],[0.02223,51.59463,46.2],[0.0222,51.5947,46.4],[0.0222,51.59473,46.4],[0.02217,51.59484,46.6],[0.02216,51.59491,46.7],[0.02213,51.59502,46.9],[0.02208,51.59516,46.8],[0.02206,51.59521,46.8],[0.02193,51.59554,46.7],[0.02188,51.59564,46.9],[0.02185,51.59572,47.1],[0.02181,51.59581,47.3],[0.02181,51.59582,47.3],[0.02175,51.59599,47.7],[0.0217,51.59612,48.1],[0.02167,51.5962,48.3],[0.02167,51.5962,48.3],[0.02166,51.59624,48.5],[0.02165,51.59626,48.6],[0.02161,51.59636,49],[0.02158,51.59646,49.4],[0.02157,51.59648,49.5],[0.02155,51.59656,49.9],[0.02149,51.59669,50.5],[0.02147,51.59674,50.6],[0.02139,51.59688,50.9],[0.02123,51.59725,51.7],[0.0211,51.59754,52.3],[0.0211,51.59755,52.3],[0.0211,51.59756,52.3],[0.02105,51.59766,52.4],[0.02098,51.59784,52.6],[0.02093,51.59796,52.7],[0.02092,51.59797,52.7],[0.0208,51.59824,53.1],[0.02074,51.59844,53.2],[0.02066,51.59866,53.3],[0.02062,51.59878,53.4],[0.02059,51.59884,53.4],[0.02059,51.59884,53.4],[0.02058,51.59887,53.4],[0.02058,51.59894,53.4],[0.02053,51.59905,53.4],[0.02048,51.59916,53.4],[0.02039,51.59934,53.2],[0.02035,51.59944,53.1],[0.02024,51.59966,52.9],[0.02014,51.59982,52.9],[0.0201,51.5999,52.9],[0.01999,51.60008,52.5],[0.01983,51.60035,51.5],[0.01982,51.60037,51.4],[0.01976,51.60048,51],[0.01956,51.60084,50.1],[0.01954,51.60087,50.3],[0.01947,51.60109,51.1],[0.01945,51.60113,51.2],[0.01938,51.60134,51.9],[0.01934,51.60153,52.4],[0.01934,51.60158,52.4],[0.01933,51.60162,52.5],[0.01933,51.60164,52.6],[0.01933,51.60164,52.6],[0.01933,51.60171,52.8],[0.01933,51.60172,52.8],[0.01932,51.60201,53.9],[0.01933,51.60209,54.1],[0.01932,51.60225,54.7],[0.01932,51.60239,55.2],[0.01931,51.60246,55.5],[0.01931,51.60248,55.6],[0.01929,51.60259,56],[0.01929,51.60264,56.2],[0.01928,51.60266,56.3],[0.01927,51.60268,56.4],[0.01924,51.60283,57],[0.01924,51.60284,57],[0.01918,51.60301,57.8],[0.01917,51.60305,58],[0.01912,51.60329,59],[0.0191,51.60336,59.2],[0.01907,51.60347,59.6],[0.01906,51.60355,59.8],[0.01902,51.60371,60.4],[0.01902,51.60373,60.5],[0.01896,51.60395,61.3],[0.0189,51.60414,62.2],[0.0189,51.60414,62.2],[0.018804,51.604654,62.5],[0.018804,51.604654,62.5],[0.018702,51.604999,62.7],[0.018702,51.604999,62.7],[0.018691,51.605423,61.6],[0.018691,51.605423,61.6],[0.018734,51.605825,60.5],[0.018734,51.605825,60.5],[0.018954,51.606213,62],[0.018954,51.606213,62],[0.019185,51.606524,63.3],[0.019351,51.606659,63.7],[0.019549,51.60678,63.9],[0.019549,51.60678,63.9],[0.019957,51.60717,65.4],[0.019957,51.60717,65.4],[0.020429,51.607753,65.9],[0.020429,51.607753,65.9],[0.020794,51.608309,66],[0.020794,51.608309,66],[0.020955,51.608486,65.6],[0.020955,51.608486,65.6],[0.021126,51.608509,65.3],[0.02112,51.60851,65.3],[0.02093,51.60856,65.6],[0.02093,51.60856,65.6],[0.02072,51.60827,66.1],[0.02072,51.60827,66.1],[0.02045,51.60834,66.9],[0.02025,51.6084,67.2],[0.02025,51.6084,67.2],[0.02045,51.60834,66.9],[0.02072,51.60827,66.1],[0.02072,51.60827,66.1],[0.02093,51.60856,65.6],[0.02104,51.60872,65.4],[0.02114,51.60887,65.3],[0.02126,51.60906,65.4],[0.02131,51.60913,65.5],[0.02138,51.60922,65.7],[0.02146,51.60934,65.8],[0.02152,51.60943,65.8],[0.02157,51.60951,65.9],[0.02164,51.6096,66],[0.02194,51.61001,66],[0.02208,51.6102,66.6],[0.0222,51.61035,67],[0.02226,51.61043,67.2],[0.02228,51.61046,67.2],[0.02237,51.61057,67.5],[0.02278,51.61108,68.2],[0.0229,51.61122,68.4],[0.02308,51.61145,69.1],[0.02309,51.61147,69.1],[0.02315,51.61155,69.4],[0.02319,51.61161,69.6],[0.02326,51.61171,70.1],[0.02337,51.61186,70.6],[0.02343,51.61196,70.9],[0.02352,51.6121,71.2],[0.02356,51.61215,71.3],[0.02361,51.61224,71.5],[0.02369,51.61236,71.7],[0.02377,51.61249,71.9],[0.02395,51.61277,71.8],[0.02394,51.61277,71.9],[0.02394,51.61278,71.9],[0.02393,51.61278,71.9],[0.02392,51.61278,71.9],[0.02392,51.61279,71.9],[0.02391,51.61279,72],[0.02391,51.6128,72],[0.02391,51.61281,72],[0.02391,51.61282,72],[0.02391,51.61283,72],[0.02392,51.61283,72],[0.02392,51.61284,72],[0.02393,51.61284,72],[0.02394,51.61284,72],[0.02394,51.61285,72],[0.02395,51.61285,71.9],[0.02396,51.61285,71.9],[0.02397,51.61285,71.9],[0.02398,51.61285,71.9],[0.02399,51.61285,71.8],[0.024,51.61285,71.8],[0.02413,51.61308,71.8],[0.02419,51.61318,71.7],[0.02448,51.61364,72.4],[0.02455,51.61375,72.8],[0.02462,51.61388,73.4],[0.02466,51.61397,73.9],[0.0247,51.61404,74.3],[0.02477,51.61419,75],[0.02478,51.61422,75.1],[0.02483,51.61434,75.3],[0.02486,51.61441,75.3],[0.02489,51.61448,75.4],[0.02488,51.61455,75.5],[0.02497,51.61482,75.8],[0.02508,51.61512,75.7],[0.02518,51.61533,75.3],[0.02524,51.61547,75],[0.02535,51.61573,74.7],[0.02553,51.61615,74.4],[0.02567,51.61647,74.2],[0.02571,51.61656,74.1],[0.02589,51.61691,73.6],[0.02601,51.61713,73],[0.02607,51.61724,72.7],[0.0261,51.61729,72.6],[0.02618,51.61745,72.2],[0.02623,51.61754,71.9],[0.02627,51.61761,71.7],[0.02647,51.61802,70.6],[0.02674,51.6186,70.1],[0.02699,51.619,69.6],[0.02717,51.61932,69.6],[0.02721,51.61938,69.6],[0.02729,51.61954,69.9],[0.02731,51.6196,70],[0.02732,51.61962,70],[0.02743,51.61987,70.6],[0.02753,51.62012,71.5],[0.02754,51.62014,71.6],[0.02756,51.62021,72],[0.02757,51.62027,72.2],[0.02763,51.62046,73.1],[0.02766,51.62055,73.6],[0.02768,51.62063,74],[0.02771,51.6207,74.3],[0.02771,51.6207,74.3],[0.0278,51.62072,74.4],[0.02797,51.6208,74.8],[0.02809,51.62087,75.2],[0.02819,51.62094,75.6],[0.02824,51.62097,75.8],[0.0283,51.62102,76.1],[0.02843,51.62114,76.7],[0.02859,51.62129,77.4],[0.02895,51.62162,79],[0.02897,51.62164,79.1],[0.02914,51.6218,79.2],[0.02928,51.62192,79.2],[0.02931,51.62195,79.2],[0.02941,51.62205,79.3],[0.02948,51.62211,79.4],[0.0297,51.62232,80],[0.0298,51.62241,80.4],[0.02985,51.62247,80.7],[0.02989,51.62252,80.9],[0.02994,51.62258,80.9],[0.02999,51.62266,81],[0.03016,51.62295,80.9],[0.03028,51.62317,80.9],[0.03034,51.62328,81],[0.03052,51.62356,80.6],[0.03063,51.62375,80.4],[0.03071,51.62386,80.3],[0.03079,51.62398,80.2],[0.03094,51.62421,80.3],[0.0311,51.62444,80.7],[0.03113,51.62449,80.9],[0.03123,51.62464,81.2],[0.031399,51.62488,81.9],[0.03143,51.62493,82.1],[0.03155,51.62509,82.4],[0.031759,51.62537,82.2],[0.03194,51.62563,81.7],[0.03196,51.62565,81.7],[0.032169,51.62593,81.5],[0.03229,51.6261,81.4],[0.032488,51.62632,81.4],[0.03262,51.62646,81.5],[0.03291,51.62685,82.2],[0.03291,51.62686,82.2],[0.0329,51.62686,82.2],[0.03289,51.62686,82.2],[0.03289,51.62687,82.2],[0.03288,51.62687,82.2],[0.03288,51.62688,82.2],[0.03288,51.62689,82.2],[0.03287,51.62689,82.2],[0.03288,51.62689,82.2],[0.03288,51.6269,82.2],[0.03288,51.62691,82.2],[0.03289,51.62691,82.2],[0.03289,51.62692,82.2],[0.0329,51.62692,82.3],[0.03291,51.62692,82.3],[0.03292,51.62692,82.3],[0.03293,51.62693,82.3],[0.03294,51.62693,82.4],[0.03294,51.62692,82.4],[0.03295,51.62692,82.4],[0.03296,51.62692,82.4],[0.03299,51.62696,82.5],[0.03299,51.62696,82.5],[0.03298,51.62696,82.5],[0.03297,51.62696,82.5],[0.03297,51.62697,82.5],[0.03296,51.62698,82.5],[0.03297,51.62699,82.5],[0.03297,51.627,82.5],[0.03298,51.62701,82.6],[0.03299,51.62702,82.6],[0.033,51.62702,82.6],[0.03301,51.62703,82.7],[0.03302,51.62703,82.7],[0.03303,51.62703,82.7],[0.03304,51.62703,82.7],[0.03305,51.62702,82.7],[0.03306,51.62702,82.8],[0.03307,51.62702,82.8],[0.03307,51.62701,82.8],[0.03308,51.62701,82.8],[0.03308,51.627,82.8],[0.03308,51.62699,82.8],[0.03308,51.62698,82.8],[0.03307,51.62698,82.7],[0.03307,51.62697,82.7],[0.03306,51.62697,82.7],[0.03306,51.62696,82.7],[0.03309,51.62696,82.8],[0.03312,51.62695,82.8],[0.03315,51.62695,82.9],[0.03319,51.62695,83],[0.03333,51.62695,83.3],[0.03364,51.62697,82.7],[0.03374,51.62698,82.5],[0.03382,51.62698,82.4],[0.03421,51.627,81.5],[0.03482,51.62703,79.7],[0.03555,51.62707,77.4],[0.0357,51.62707,76.9],[0.03652,51.62711,73.9],[0.03676,51.62713,73.1],[0.03716,51.62715,72.1],[0.03783,51.62718,70],[0.03788,51.62718,69.8],[0.03842,51.62721,67.8],[0.03851,51.62721,67.6],[0.03851,51.62722,67.6],[0.03852,51.62723,67.5],[0.03853,51.62723,67.5],[0.03853,51.62724,67.5],[0.03854,51.62724,67.4],[0.03855,51.62724,67.4],[0.03856,51.62724,67.4],[0.03857,51.62724,67.4],[0.03857,51.62723,67.4],[0.03858,51.62723,67.4],[0.03859,51.62723,67.4],[0.03859,51.62722,67.4],[0.03859,51.62721,67.4],[0.03865,51.62721,67.3],[0.03895,51.62721,66.6],[0.03903,51.62721,66.4],[0.03933,51.62722,65.5],[0.03944,51.62722,65.1],[0.03965,51.62722,64.5],[0.04004,51.6272,63.3],[0.04015,51.62719,62.9],[0.04025,51.62719,62.6],[0.04037,51.62719,62.2],[0.04044,51.62718,62],[0.04059,51.62718,61.4],[0.04077,51.62717,60.8],[0.04094,51.62716,60.2],[0.04111,51.62716,59.6],[0.04115,51.62715,59.5],[0.04118,51.62715,59.4],[0.0412,51.62715,59.4],[0.04192,51.62711,56.8],[0.04206,51.62711,56.2],[0.0421,51.6271,56.1],[0.04223,51.62709,55.6],[0.04236,51.62708,55.1],[0.0425,51.62706,54.6],[0.04268,51.62704,54],[0.04284,51.62701,53.5],[0.04299,51.62699,53.1],[0.04315,51.62697,52.6],[0.04319,51.62696,52.5],[0.04326,51.62695,52.3],[0.04336,51.62694,52],[0.04344,51.62694,51.7],[0.04355,51.62694,51.4],[0.04363,51.62694,51.2],[0.04375,51.62695,50.8],[0.04392,51.62696,50.3],[0.04493,51.62704,46.4],[0.04566,51.62709,43.6],[0.04591,51.62711,42.7],[0.04606,51.62712,42.1],[0.04612,51.62712,41.9],[0.04616,51.62712,41.7],[0.04621,51.62712,41.6],[0.047,51.62709,39.2],[0.04714,51.62709,38.8],[0.04724,51.62708,38.5],[0.04728,51.62708,38.4],[0.04731,51.62708,38.3],[0.04735,51.62708,38.2],[0.04767,51.6271,37.3],[0.04817,51.62714,35.5],[0.04875,51.62716,34.2],[0.04928,51.62718,33.4],[0.04962,51.62721,32.7],[0.0499,51.62724,32.3],[0.05066,51.62731,30.7],[0.05076,51.62732,30.5],[0.05085,51.62733,30.3],[0.05101,51.62734,29.8],[0.05117,51.62735,29.3],[0.05129,51.62735,28.9],[0.05148,51.62736,28.3],[0.05162,51.62736,27.8],[0.05176,51.62736,27.3],[0.05196,51.62736,26.6],[0.052,51.62736,26.5],[0.05248,51.62735,24.7],[0.05288,51.62734,22.9],[0.05289,51.62734,22.8],[0.05335,51.62733,20.8],[0.05374,51.62731,20.3],[0.05394,51.6273,20],[0.05411,51.6273,19.8],[0.0542,51.62729,19.7],[0.05442,51.62728,19.4],[0.05465,51.62727,19],[0.0548,51.62726,18.7],[0.05486,51.62726,18.6],[0.05518,51.62723,18.1],[0.05526,51.62723,18],[0.05541,51.62721,17.8],[0.05555,51.6272,17.6],[0.05585,51.62718,17.2],[0.05623,51.62715,16.7],[0.05628,51.62714,16.6],[0.05657,51.62712,16.2],[0.05678,51.6271,16],[0.05727,51.62707,16],[0.05767,51.62704,15.9],[0.05776,51.62704,15.9],[0.05796,51.62703,15.9],[0.05841,51.627,16.1],[0.05911,51.62696,17],[0.05925,51.62695,17.1],[0.05929,51.62695,17.2],[0.05936,51.62695,17.3],[0.05948,51.62693,17.5],[0.05963,51.62691,17.7],[0.05969,51.6269,17.8],[0.05999,51.62686,18.5],[0.06062,51.62676,20.2],[0.06081,51.62673,20.7],[0.06092,51.62672,21],[0.06109,51.62669,21.5],[0.06189,51.62657,23.8],[0.06202,51.62655,24.1],[0.0621,51.62654,24.2],[0.06228,51.62651,24.5],[0.0625,51.62648,24.9],[0.06271,51.62645,25.2],[0.0629,51.62642,25.4],[0.06311,51.62638,25.6],[0.06332,51.62634,25.8],[0.063548,51.62629,26],[0.06364,51.62628,26.1],[0.06376,51.62625,26.3],[0.06397,51.62619,26.5],[0.06413,51.62615,26.6],[0.06415,51.62615,26.6],[0.06433,51.62609,26.6],[0.06449,51.62604,26.6],[0.06457,51.62601,26.6],[0.06474,51.62596,26.7],[0.06481,51.62593,26.7],[0.065018,51.62585,26.8],[0.06504,51.62585,26.8],[0.06515,51.6258,27.2],[0.06524,51.62576,27.5],[0.065268,51.62575,27.5],[0.0653,51.62574,27.6],[0.06543,51.62568,28],[0.06566,51.62557,28.8],[0.06587,51.62546,29.5],[0.06601,51.62539,30],[0.06605,51.62537,30.1],[0.06624,51.62526,30.8],[0.06649,51.6251,32.1],[0.06658,51.62504,32.5],[0.06663,51.625,32.8],[0.06672,51.62494,33.3],[0.06682,51.62486,33.9],[0.06689,51.6248,34.2],[0.06709,51.62465,35.2],[0.06723,51.62453,35.8],[0.06723,51.62453,35.8],[0.06734,51.62443,36.2],[0.06741,51.62437,36.5],[0.0675,51.62428,36.9],[0.06777,51.624,37.7],[0.06791,51.62385,38.2],[0.06816,51.6236,39.1],[0.06836,51.62341,40],[0.06842,51.62335,40.2],[0.06849,51.62329,40.4],[0.06872,51.62306,41.3],[0.06888,51.62291,41.8],[0.06901,51.62278,42.3],[0.06915,51.62265,42.8],[0.0692,51.62261,43],[0.06924,51.62258,43.1],[0.06925,51.62257,43.1],[0.0693,51.62254,43.3],[0.06937,51.62248,43.5],[0.06952,51.62239,43.7],[0.06959,51.62235,43.7],[0.06972,51.62228,43.9],[0.06981,51.62223,44],[0.06999,51.62214,44.1],[0.07019,51.62206,43.9],[0.07036,51.62199,43.8],[0.07041,51.62197,43.7],[0.0707,51.62188,43.5],[0.07101,51.62179,43.3],[0.07129,51.62173,43.2],[0.07147,51.6217,43.1],[0.07153,51.62169,43.1],[0.0718,51.62165,42.9],[0.0721,51.62162,42.7],[0.07218,51.62162,42.7],[0.07238,51.6216,42.5],[0.07261,51.62159,42.3],[0.07264,51.62159,42.3],[0.07301,51.62157,41.8],[0.07331,51.62155,41.3],[0.07359,51.62153,41.2],[0.07382,51.62151,41.1],[0.07397,51.6215,41],[0.07414,51.62148,40.9],[0.07434,51.62146,41],[0.07439,51.62145,41],[0.07459,51.62143,41.1],[0.07479,51.62139,41.1],[0.07503,51.62135,41.1],[0.07526,51.6213,40.8],[0.07542,51.62125,40.5],[0.07574,51.62116,40],[0.07598,51.62109,39.4],[0.07612,51.62105,39],[0.07639,51.62096,38.1],[0.07669,51.62088,37.3],[0.07669,51.62088,37.3],[0.07669,51.62089,37.4],[0.0767,51.62089,37.4],[0.07671,51.6209,37.5],[0.07672,51.6209,37.5],[0.07673,51.6209,37.5],[0.07674,51.6209,37.5],[0.07674,51.62091,37.6],[0.07675,51.62091,37.6],[0.07675,51.6209,37.5],[0.07676,51.6209,37.5],[0.07677,51.6209,37.5],[0.07678,51.6209,37.5],[0.07679,51.6209,37.6],[0.07679,51.62089,37.5],[0.07695,51.62106,38.8],[0.07696,51.62107,38.9],[0.07707,51.62118,39.8],[0.07719,51.62129,40.7],[0.0772,51.62131,40.9],[0.07734,51.62144,42],[0.07736,51.62146,42.2],[0.0775,51.6216,43.5],[0.07762,51.62172,44.5],[0.07763,51.62173,44.6],[0.07772,51.62181,45.2],[0.07781,51.6219,45.8],[0.07789,51.62196,46.2],[0.07791,51.62198,46.3],[0.078,51.62207,46.8],[0.07825,51.6223,48.2],[0.07831,51.62234,48.4],[0.07847,51.62248,49.1],[0.07873,51.6227,50.3],[0.07885,51.6228,50.9],[0.07904,51.62296,52],[0.07909,51.62301,52.3],[0.07921,51.62311,53.1],[0.0796,51.62343,55.8],[0.07972,51.62354,56.6],[0.07978,51.62359,56.9],[0.07985,51.62365,57.3],[0.07989,51.62368,57.5],[0.08008,51.62384,58.2],[0.0802,51.62394,58.4],[0.08024,51.62399,58.5],[0.08047,51.62418,59.1],[0.0805,51.62421,59.2],[0.08053,51.62423,59.3],[0.08059,51.62428,59.5],[0.08067,51.62435,59.9],[0.08071,51.62438,60],[0.08086,51.6245,60.6],[0.08093,51.62455,60.8],[0.081,51.62459,60.9],[0.0811,51.62467,61.3],[0.08115,51.62471,61.5],[0.08123,51.62478,61.8],[0.08132,51.62484,62.1],[0.08146,51.62495,62.7],[0.08149,51.62498,62.9],[0.08168,51.62513,63.3],[0.08179,51.62522,63.5],[0.08193,51.62533,63.8],[0.08202,51.6254,64],[0.08209,51.62546,64.1],[0.08212,51.62548,64.2],[0.0823,51.62563,64.5],[0.0824,51.62571,64.7],[0.08249,51.62578,64.9],[0.08255,51.62583,65.1],[0.08258,51.62586,65.1],[0.08258,51.62586,65.1],[0.08257,51.62586,65.1],[0.08257,51.62587,65.1],[0.08257,51.62588,65.1],[0.08257,51.62589,65.1],[0.08257,51.6259,65.2],[0.08258,51.6259,65.2],[0.08258,51.62591,65.2],[0.08259,51.62591,65.2],[0.0826,51.62591,65.2],[0.0826,51.62592,65.2],[0.08261,51.62592,65.2],[0.08262,51.62592,65.2],[0.08263,51.62592,65.2],[0.08264,51.62592,65.3],[0.08265,51.62592,65.3],[0.08266,51.62592,65.3],[0.08266,51.62591,65.3],[0.08267,51.62591,65.3],[0.08268,51.6259,65.3],[0.08268,51.62589,65.3],[0.08268,51.62588,65.3],[0.08269,51.62588,65.3],[0.08268,51.62588,65.3],[0.08268,51.62587,65.3],[0.0827,51.62585,65.3],[0.08271,51.62584,65.3],[0.08273,51.62583,65.3],[0.08276,51.62582,65.3],[0.08279,51.62581,65.3],[0.08282,51.6258,65.3],[0.08287,51.62578,65.3],[0.08291,51.62576,65.3],[0.08295,51.62574,65.3],[0.08303,51.62569,65.3],[0.08329,51.62549,65.1],[0.08333,51.62546,65.1],[0.08344,51.62538,64.9],[0.08382,51.62507,64.2],[0.08388,51.62502,64],[0.08399,51.62492,63.6],[0.08409,51.62483,63.2],[0.08412,51.62481,63.1],[0.08437,51.62458,62],[0.08442,51.62453,61.7],[0.08447,51.62448,61.4],[0.08454,51.62441,61],[0.08459,51.62434,60.5],[0.08464,51.62428,60.1],[0.08469,51.62421,59.6],[0.08482,51.62403,58.5],[0.08489,51.62389,57.7],[0.08492,51.6238,57.3],[0.08494,51.62371,56.8],[0.08495,51.62356,56.1],[0.08495,51.62345,55.5],[0.08497,51.62331,54.8],[0.08501,51.62317,54],[0.08505,51.62306,53.3],[0.08511,51.62295,52.6],[0.08523,51.6228,51.6],[0.08535,51.62268,50.8],[0.08543,51.62262,50.3],[0.08552,51.62258,49.9],[0.08562,51.62254,49.5],[0.0857,51.62251,49.2],[0.08583,51.62248,48.9],[0.08594,51.62245,48.6],[0.086,51.62244,48.5],[0.08632,51.62237,48],[0.08656,51.62232,47.6],[0.0867,51.62229,47.5],[0.08682,51.62226,47.5],[0.08695,51.62223,47.5],[0.0871,51.62219,47.4],[0.08741,51.6221,47.5],[0.08772,51.62202,47.5],[0.08787,51.62198,47.5],[0.08789,51.62198,47.5],[0.08793,51.62197,47.5],[0.08799,51.62195,47.5],[0.08818,51.62191,47.6],[0.08833,51.62188,47.7],[0.08839,51.62185,47.8],[0.08848,51.62182,48],[0.08865,51.62175,48.3],[0.08872,51.62172,48.4],[0.08879,51.62168,48.5],[0.08889,51.62164,48.7],[0.08894,51.62161,48.8],[0.08906,51.62155,49],[0.08924,51.62146,49.4],[0.08933,51.62141,49.6],[0.08938,51.62139,49.7],[0.08983,51.62117,50.9],[0.08996,51.62111,51.3],[0.0903,51.62094,52.4],[0.09048,51.62086,53.1],[0.09048,51.62085,53.1],[0.09049,51.62085,53.1],[0.09064,51.62078,53.5],[0.09072,51.62075,53.6],[0.09073,51.62074,53.6],[0.09088,51.62067,54],[0.09094,51.62065,54.2],[0.09098,51.62063,54.3],[0.09166,51.62031,56.3],[0.09173,51.62028,56.3],[0.09205,51.62012,56.1],[0.09232,51.61998,56],[0.0924,51.61994,56],[0.09254,51.61987,56.1],[0.09257,51.61985,56.1],[0.09273,51.61976,56.4],[0.0929,51.61967,56.7],[0.09311,51.61954,57.1],[0.09318,51.6195,57.3],[0.09319,51.61949,57.3],[0.09341,51.61936,58],[0.09341,51.61935,58],[0.09342,51.61935,58],[0.09359,51.61924,58.5],[0.09381,51.61913,59.3],[0.09402,51.61905,60.2],[0.09417,51.61899,60.9],[0.09428,51.61895,61.5],[0.09429,51.61895,61.5],[0.09442,51.61892,62.2],[0.09451,51.61891,62.6],[0.09461,51.61889,63.1],[0.09472,51.61889,63.5],[0.0948,51.61889,63.9],[0.09489,51.6189,64.2],[0.09501,51.61892,64.5],[0.09515,51.61896,64.8],[0.09534,51.61901,65.2],[0.09562,51.61908,65.8],[0.09569,51.61909,65.9],[0.09576,51.61909,66.2],[0.09585,51.6191,66.5],[0.09589,51.61909,66.7],[0.09591,51.61909,66.7],[0.09597,51.61907,67.1],[0.09603,51.61905,67.4],[0.09608,51.61902,67.8],[0.09611,51.619,68],[0.09613,51.61898,68.2],[0.09622,51.61888,69.1],[0.09627,51.61884,69.5],[0.09653,51.61851,72.4],[0.09661,51.61842,73.3],[0.09666,51.61836,73.8],[0.09666,51.61835,73.9],[0.09669,51.61832,74.1],[0.09676,51.61825,74.7],[0.09697,51.61806,76.4],[0.09699,51.61804,76.6],[0.09699,51.61804,76.6],[0.09705,51.61808,76.6],[0.09708,51.6181,76.6],[0.0971,51.61812,76.6],[0.0971,51.61813,76.5],[0.0971,51.61815,76.4],[0.09709,51.61817,76.3],[0.09708,51.61819,76.2],[0.09705,51.6182,76],[0.09701,51.61823,75.7],[0.09698,51.61825,75.5],[0.09697,51.61827,75.4],[0.09696,51.61829,75.3],[0.09696,51.6183,75.2],[0.09696,51.61831,75.2],[0.09696,51.61833,75.1],[0.09697,51.61834,75],[0.09698,51.61836,75],[0.097,51.61838,74.9],[0.09702,51.61839,74.9],[0.09704,51.6184,74.9],[0.09707,51.61841,74.9],[0.09709,51.61842,75],[0.09712,51.61842,75.1],[0.09714,51.61843,75.1],[0.09717,51.61844,75.1],[0.09718,51.61846,75],[0.09719,51.61847,75],[0.0972,51.61848,74.9],[0.0972,51.6185,74.8],[0.09721,51.61851,74.8],[0.09722,51.61852,74.7],[0.09728,51.61855,74.7],[0.09732,51.61857,74.7],[0.09734,51.61858,74.7],[0.09736,51.61858,74.8],[0.09739,51.61858,74.9],[0.09741,51.61858,74.9],[0.09744,51.61858,75],[0.09746,51.61858,75.1],[0.09749,51.61857,75.3],[0.0976,51.61853,75.9],[0.0976,51.61853,75.9],[0.09749,51.61857,75.3],[0.09746,51.61858,75.1],[0.09744,51.61858,75],[0.09741,51.61858,74.9],[0.09739,51.61858,74.9],[0.09736,51.61858,74.8],[0.09734,51.61858,74.7],[0.09732,51.61857,74.7],[0.09728,51.61855,74.7],[0.09722,51.61852,74.7],[0.09721,51.61851,74.8],[0.0972,51.6185,74.8],[0.0972,51.61848,74.9],[0.09719,51.61847,75],[0.09718,51.61846,75],[0.09717,51.61844,75.1],[0.09714,51.61843,75.1],[0.09712,51.61842,75.1],[0.09709,51.61842,75],[0.09707,51.61841,74.9],[0.09704,51.6184,74.9],[0.09702,51.61839,74.9],[0.097,51.61838,74.9],[0.09698,51.61836,75],[0.09697,51.61834,75],[0.09696,51.61833,75.1],[0.09696,51.61831,75.2],[0.09696,51.6183,75.2],[0.09696,51.61829,75.3],[0.09697,51.61827,75.4],[0.09698,51.61825,75.5],[0.09701,51.61823,75.7],[0.09705,51.6182,76],[0.09708,51.61819,76.2],[0.09709,51.61817,76.3],[0.0971,51.61815,76.4],[0.0971,51.61813,76.5],[0.0971,51.61812,76.6],[0.09708,51.6181,76.6],[0.09705,51.61808,76.6],[0.09699,51.61804,76.6],[0.09699,51.61804,76.6],[0.09712,51.61793,77.6],[0.09752,51.61763,80.4],[0.0977,51.61749,81.8],[0.09774,51.61747,82],[0.09795,51.61731,83.3],[0.0982,51.61714,84.8],[0.09824,51.61711,85.1],[0.09833,51.61704,85.6],[0.09837,51.61701,85.8],[0.09843,51.61697,86],[0.09858,51.61687,86.4],[0.09882,51.61669,86.9],[0.09902,51.61655,85.8],[0.09933,51.61634,83.4],[0.09974,51.6163,82.7],[0.09974,51.6163,82.7],[0.09995,51.61636,83.3],[0.10026,51.61645,84.6],[0.10091,51.61662,86.6],[0.10131,51.61674,87.7],[0.10149,51.61679,87.9],[0.10162,51.61682,88.1],[0.10174,51.61686,88.2],[0.10205,51.61691,88.2],[0.10232,51.61697,88.1],[0.1029,51.61709,87.8],[0.10327,51.61716,87.5],[0.10334,51.61717,87.4],[0.10334,51.61717,87.4],[0.10334,51.61717,87.4],[0.10394,51.61727,87.3],[0.10419,51.61732,87.2],[0.10459,51.61739,86.6],[0.10515,51.61747,86],[0.10554,51.61753,86],[0.10601,51.61761,85.8],[0.10652,51.6177,85.2],[0.1071,51.61779,84.1],[0.10747,51.61785,83.5],[0.10754,51.61787,83.4],[0.10764,51.61789,83.2],[0.10797,51.61795,82.7],[0.10821,51.618,82.4],[0.10852,51.61806,82.2],[0.10856,51.61807,82.2],[0.10892,51.61815,82],[0.10906,51.61819,81.9],[0.10922,51.61823,81.8],[0.10924,51.61824,81.8],[0.11033,51.61857,80.5],[0.11045,51.61861,80.5],[0.11055,51.61864,80.5],[0.11139,51.61891,80.8],[0.11145,51.61893,80.8],[0.11171,51.61901,81],[0.11196,51.61909,81],[0.11228,51.6192,80.9],[0.11276,51.61935,80.8],[0.11286,51.61938,80.9],[0.11335,51.61954,81],[0.11349,51.61959,81.1],[0.1138,51.61969,81.2],[0.11393,51.61974,81.2],[0.11419,51.61981,81.3],[0.11421,51.61982,81.3],[0.11437,51.61987,81.4],[0.11453,51.61991,81.5],[0.11454,51.61992,81.5],[0.11464,51.61994,81.6],[0.11479,51.61997,81.8],[0.11507,51.62004,81.9],[0.11509,51.62004,81.9],[0.11529,51.62009,81.8],[0.11547,51.62014,81.7],[0.11552,51.62014,81.7],[0.11556,51.62015,81.6],[0.11558,51.62016,81.6],[0.11562,51.62018,81.6],[0.1158,51.62027,81.4],[0.11592,51.62033,81.2],[0.11628,51.62049,80.9],[0.11632,51.6205,80.9],[0.11654,51.62059,80.9],[0.11679,51.6207,80.9],[0.11683,51.62072,80.8],[0.11709,51.62081,80.5],[0.11734,51.6209,80.3],[0.11769,51.62103,80],[0.11779,51.62106,79.9],[0.11831,51.62121,79.5],[0.11833,51.62122,79.5],[0.1186,51.6213,79.4],[0.11866,51.62132,79.4],[0.11898,51.62142,79.2],[0.11918,51.62148,79],[0.11918,51.62148,79],[0.11929,51.62151,78.7],[0.11932,51.62152,78.7],[0.11951,51.62157,78.2],[0.11964,51.62161,77.9],[0.11968,51.62162,77.8],[0.11991,51.62171,77.2],[0.12004,51.62176,76.8],[0.12015,51.6218,76.7],[0.12028,51.62185,76.5],[0.1203,51.62186,76.5],[0.12036,51.62188,76.4],[0.12047,51.62191,76.3],[0.12058,51.62195,76.2],[0.12064,51.62196,76.2],[0.12102,51.62207,75.7],[0.12118,51.62211,75.4],[0.12137,51.62217,75.1],[0.12143,51.62219,75],[0.12163,51.62225,74.8],[0.12177,51.6223,74.8],[0.12194,51.62236,74.8],[0.12196,51.62236,74.8],[0.12208,51.6224,74.9],[0.1227,51.62262,75.1],[0.12282,51.62266,75.1],[0.12289,51.62269,75.2],[0.12296,51.62271,75.3],[0.12391,51.62304,76.3],[0.12399,51.62307,76.4],[0.12418,51.62314,76.5],[0.12442,51.62322,77],[0.12447,51.62324,77.1],[0.12494,51.62342,77.8],[0.12543,51.62361,78.5],[0.125513,51.62364,78.7],[0.12581,51.62375,79],[0.12581,51.62375,79],[0.12627,51.62393,79.2],[0.12678,51.62415,79.6],[0.126845,51.62418,79.8],[0.12712,51.62429,80.8],[0.12747,51.62444,81.9],[0.12776,51.62456,82.7],[0.12808,51.6247,83.4],[0.128094,51.6247,83.5],[0.12813,51.62472,83.5],[0.12828,51.62479,83.8],[0.12841,51.62486,84.1],[0.128455,51.62488,84.3],[0.128455,51.62489,84.3],[0.12849,51.6249,84.4],[0.12855,51.62494,84.6],[0.12872,51.62505,84.9],[0.12874,51.62506,84.9],[0.12891,51.62518,84.9],[0.12914,51.62533,85.1],[0.12924,51.6254,85.1],[0.12934,51.62547,85.2],[0.12972,51.62573,85.8],[0.13002,51.62594,86.1],[0.13011,51.626,85.8],[0.13012,51.62601,85.8],[0.13023,51.62608,85.6],[0.13041,51.62621,85.3],[0.1307,51.6264,85.2],[0.130814,51.62649,85.2],[0.13085,51.62651,85.2],[0.13089,51.62653,85.3],[0.13108,51.62666,85.5],[0.13133,51.62683,85.7],[0.13151,51.62695,85.7],[0.13153,51.62696,85.8],[0.1317,51.6271,85.5],[0.13179,51.62716,85.4],[0.13183,51.6272,85.2],[0.132,51.62735,84.8],[0.13205,51.6274,84.6],[0.13212,51.62745,84.6],[0.13221,51.62754,84.3],[0.13237,51.62768,84],[0.13247,51.62775,84],[0.13257,51.62782,84.1],[0.13265,51.62787,84.3],[0.13275,51.62796,84.4],[0.13278,51.62798,84.5],[0.13282,51.62801,84.6],[0.13284,51.62803,84.6],[0.13287,51.62805,84.7],[0.1329,51.62807,84.8],[0.1329,51.62807,84.8],[0.13293,51.62809,84.9],[0.133,51.62815,85.1],[0.13301,51.62816,85.1],[0.13303,51.62818,85.2],[0.13307,51.6282,85.4],[0.1331,51.62823,85.5],[0.13335,51.62842,86.5],[0.13345,51.62849,86.5],[0.13362,51.62862,86.3],[0.13363,51.62863,86.3],[0.13366,51.62865,86.3],[0.13369,51.62868,86.2],[0.13374,51.62871,86.2],[0.13379,51.62875,86.1],[0.13384,51.62878,86.1],[0.13389,51.62881,86.1],[0.13391,51.62882,86.2],[0.13397,51.62884,86.3],[0.13407,51.62888,86.4],[0.13408,51.62889,86.3],[0.13415,51.62891,86.5],[0.13429,51.62894,86.8],[0.13441,51.62897,87.1],[0.13451,51.62899,87.3],[0.13462,51.62901,87.6],[0.13466,51.62902,87.7],[0.13483,51.62906,88],[0.13489,51.62907,88.2],[0.13516,51.62914,88.9],[0.13526,51.62917,89.2],[0.13541,51.62921,89.8],[0.13543,51.62922,89.9],[0.13568,51.62929,90.8],[0.13569,51.62929,90.9],[0.13576,51.62931,91.1],[0.13603,51.62939,92.1],[0.13608,51.62941,92.2],[0.13618,51.62944,92.5],[0.13628,51.62949,92.8],[0.13637,51.62953,93],[0.13644,51.62957,93.1],[0.13651,51.62962,93.2],[0.13653,51.62963,93.2],[0.1366,51.62969,93.2],[0.13675,51.62985,92.7],[0.13676,51.62986,92.7],[0.13679,51.62992,92.4],[0.13683,51.62998,92.1],[0.13685,51.63003,92],[0.13687,51.63007,92],[0.13694,51.63022,92],[0.13695,51.63023,92],[0.13699,51.63034,92],[0.13708,51.63057,92],[0.13713,51.6307,92],[0.13714,51.63073,92],[0.13724,51.63097,92.3],[0.13733,51.63112,92.7],[0.1374,51.63124,93],[0.13741,51.63125,93],[0.13742,51.63126,93],[0.13746,51.63132,93.2],[0.1376,51.63149,93.6],[0.13769,51.63158,93.8],[0.13778,51.63168,94],[0.13795,51.63185,94.5],[0.13807,51.63196,94.8],[0.13817,51.63205,95.2],[0.13841,51.63228,96.2],[0.13848,51.63235,96.5],[0.1385,51.63237,96.5],[0.13855,51.63244,96.8],[0.13865,51.63255,97.2],[0.13876,51.63273,97.7],[0.13883,51.63284,98],[0.13886,51.63293,98.2],[0.13889,51.63304,98.5],[0.1389,51.63312,98.7],[0.13891,51.63317,98.9],[0.13893,51.63357,99.1],[0.13893,51.63358,99.1],[0.13894,51.63365,99],[0.13895,51.63368,99],[0.13898,51.63381,98.8],[0.13899,51.63385,98.7],[0.13901,51.63388,98.7],[0.13902,51.63389,98.6],[0.13904,51.63393,98.5],[0.1392,51.63399,98.1],[0.13934,51.63402,97.8],[0.13942,51.63403,97.6],[0.13958,51.63404,97.2],[0.13993,51.63406,96.3],[0.14014,51.63406,96],[0.14083,51.63403,95.2],[0.14114,51.63401,94.8],[0.14134,51.63398,94.5],[0.14151,51.63395,94.2],[0.14164,51.63391,94],[0.14174,51.63387,93.9],[0.14189,51.63383,93.7],[0.14198,51.63381,93.6],[0.14208,51.63379,93.5],[0.14222,51.63377,93.3],[0.14222,51.63376,93.3],[0.14223,51.63376,93.3],[0.14235,51.63375,93.2],[0.14248,51.63374,93],[0.14261,51.63373,92.9],[0.14277,51.63372,92.7],[0.14299,51.63372,92.4],[0.14309,51.63371,92.3],[0.14331,51.63371,92],[0.14374,51.63369,91.7],[0.14392,51.63368,91.6],[0.14398,51.63367,91.5],[0.14435,51.63364,91.1],[0.1445,51.63363,91],[0.14497,51.63358,90.3],[0.14535,51.63356,90.2],[0.1456,51.63354,90.1],[0.14606,51.63353,90.1],[0.14631,51.63352,90.3],[0.1466,51.63349,90.6],[0.14664,51.63349,90.6],[0.14664,51.63349,90.6],[0.14673,51.63347,90.5],[0.14677,51.63347,90.5],[0.14689,51.63344,90.3],[0.14699,51.6334,90.1],[0.14699,51.6334,90.1],[0.1471,51.63352,89.7],[0.14713,51.63356,89.6],[0.14716,51.63359,89.6],[0.14725,51.63374,89.3],[0.14727,51.63378,89.3],[0.14737,51.634,89.1],[0.14747,51.63425,88.7],[0.14754,51.6344,88.1],[0.14773,51.63487,86.7],[0.14787,51.63523,85.9],[0.1479,51.63528,85.8],[0.14791,51.63533,85.7],[0.14794,51.6354,85.6],[0.14796,51.63559,85.1],[0.14797,51.63577,84.7],[0.14798,51.63615,83.4],[0.14801,51.6363,82.9],[0.14803,51.63636,82.7],[0.14808,51.63644,82.5],[0.1481,51.63648,82.4],[0.14816,51.63654,82.2],[0.14823,51.6366,82.1],[0.14827,51.63662,82.1],[0.14834,51.63665,82.1],[0.14849,51.63672,81.8],[0.1485,51.63673,81.8],[0.1486,51.63676,81.7],[0.14864,51.63677,81.7],[0.14876,51.63681,81.6],[0.14888,51.63685,81.5],[0.14931,51.63699,81.4],[0.14954,51.63705,81.5],[0.14967,51.63709,81.6],[0.14968,51.63709,81.6],[0.1498,51.63712,81.7],[0.15008,51.63719,81.7],[0.15035,51.63723,81.6],[0.15054,51.63725,81.6],[0.15064,51.63725,81.6],[0.15073,51.63725,81.6],[0.15092,51.63724,81.6],[0.15093,51.63724,81.6],[0.15132,51.6372,81.7],[0.15165,51.63715,81.8],[0.15166,51.63715,81.8],[0.15178,51.63714,81.9],[0.15194,51.63713,81.9],[0.15197,51.63713,81.9],[0.15207,51.63712,81.9],[0.15245,51.63712,81.9],[0.15265,51.63711,82],[0.15323,51.63711,82.3],[0.15334,51.63711,82.4],[0.15352,51.6371,82.3],[0.15368,51.63709,82.3],[0.15391,51.63709,82.1],[0.1543,51.63708,81.8],[0.15449,51.6371,81.3],[0.15467,51.63714,80.8],[0.1547,51.63715,80.7],[0.15505,51.63723,79.6],[0.15529,51.6373,79.2],[0.15545,51.63733,79],[0.15548,51.63733,79],[0.15562,51.63735,78.9],[0.15598,51.63737,78.9],[0.15636,51.63741,79],[0.15654,51.63744,79.1],[0.15681,51.6375,79],[0.15697,51.63754,78.8],[0.15697,51.63754,78.8],[0.1572,51.63759,78.6],[0.1573,51.63762,78.5],[0.15733,51.63763,78.5],[0.15741,51.63767,78.4],[0.15745,51.6377,78.3],[0.15757,51.63777,78.1],[0.15778,51.63791,78],[0.15798,51.63803,78],[0.15813,51.6381,78.1],[0.15824,51.63815,78.2],[0.15826,51.63816,78.3],[0.15838,51.6382,78.3],[0.15851,51.63825,78.2],[0.15899,51.63843,77.7],[0.15913,51.6385,77.6],[0.15997,51.6389,78.3],[0.16035,51.63907,78.1],[0.16038,51.63909,78.1],[0.16052,51.63917,78],[0.16067,51.63926,77.8],[0.16104,51.63956,77.3],[0.16105,51.63957,77.3],[0.16122,51.63972,77.3],[0.1613,51.63979,77.3],[0.16161,51.64006,77.8],[0.16191,51.6403,77.5],[0.16199,51.64036,77.4],[0.16218,51.64052,77],[0.16232,51.64062,76.7],[0.16235,51.64064,76.6],[0.16244,51.64071,76.4],[0.16257,51.64079,76],[0.16298,51.64102,74.6],[0.16319,51.64115,73.7],[0.1632,51.64115,73.7],[0.1632,51.64116,73.7],[0.16335,51.64127,72.9],[0.16338,51.64129,72.9],[0.16354,51.64141,72.7],[0.16356,51.64143,72.6],[0.16363,51.64147,72.6],[0.16375,51.64154,72.5],[0.16377,51.64155,72.5],[0.16379,51.64156,72.5],[0.16384,51.64158,72.6],[0.16402,51.64164,72.7],[0.16428,51.64172,73.2],[0.16429,51.64173,73.2],[0.16436,51.64175,73.3],[0.16468,51.64185,73.9],[0.1648,51.64188,74.2],[0.16512,51.64198,74.7],[0.16512,51.64198,74.7],[0.1651,51.64201,74.7],[0.16504,51.64213,74.5],[0.16496,51.64235,74],[0.16495,51.64245,73.9],[0.16495,51.64247,73.9],[0.16494,51.64255,73.7],[0.16495,51.64274,73.2],[0.16497,51.64293,72.9],[0.16499,51.64302,72.7],[0.16499,51.64302,72.7],[0.165,51.64307,72.6],[0.16504,51.64319,72.4],[0.16505,51.64325,72.3],[0.16516,51.64363,71.5],[0.16523,51.6439,70.9],[0.1653,51.6442,70.3],[0.16531,51.64431,70.1],[0.16533,51.64447,69.9],[0.16538,51.64489,69.2],[0.1654,51.64508,68.7],[0.16543,51.64526,67.9],[0.16554,51.64556,66.7],[0.16562,51.6457,66.3],[0.16569,51.64582,65.9],[0.16578,51.64594,65.7],[0.16588,51.64605,65.5],[0.16589,51.64606,65.5],[0.16594,51.64612,65.4],[0.16605,51.64622,65.3],[0.16622,51.64636,65.2],[0.16653,51.64657,65.1],[0.16687,51.64678,64.1],[0.16726,51.64703,62.4],[0.1675,51.64717,61.6],[0.16769,51.64731,61],[0.1679,51.6475,60.5],[0.16811,51.64773,59.7],[0.16838,51.64808,58.1],[0.16839,51.6481,58],[0.16841,51.64812,57.8],[0.16842,51.64812,57.8],[0.16857,51.64839,56.1],[0.16858,51.64842,55.9],[0.16859,51.64843,55.9],[0.16867,51.6486,54.9],[0.16877,51.6488,53.7],[0.16877,51.64881,53.7],[0.16884,51.64893,53.1],[0.16888,51.64902,52.6],[0.16906,51.64926,51.6],[0.16907,51.64926,51.6],[0.16918,51.64939,50.9],[0.16923,51.64944,50.7],[0.16955,51.64985,49.1],[0.16955,51.64985,49.1],[0.16985,51.65023,47.5],[0.17,51.65047,46.2],[0.17015,51.65074,44.7],[0.17016,51.65076,44.6],[0.17018,51.6508,44.4],[0.17035,51.65118,43.8],[0.17042,51.65134,43.6],[0.17053,51.65167,43],[0.17058,51.65178,42.5],[0.17062,51.65188,42],[0.1707,51.65208,41],[0.17115,51.65318,36.1],[0.17117,51.65324,35.9],[0.17122,51.65335,35.4],[0.17129,51.65353,35.3],[0.17139,51.65377,35.3],[0.17145,51.65392,35.4],[0.1715,51.65405,35.5],[0.1716,51.65428,35.2],[0.17167,51.65446,34.6],[0.17171,51.65456,34.1],[0.17178,51.65469,33.4],[0.17178,51.65469,33.4],[0.17174,51.65471,33.4],[0.1717,51.65472,33.3],[0.17167,51.65474,33.2],[0.17165,51.65476,33.1],[0.17162,51.65478,33],[0.1716,51.6548,32.8],[0.17158,51.65483,32.7],[0.17157,51.65485,32.6],[0.17156,51.65488,32.4],[0.17156,51.6549,32.3],[0.17156,51.65493,32.2],[0.17156,51.65495,32.1],[0.17157,51.65498,32],[0.17159,51.65502,31.8],[0.17162,51.65504,31.8],[0.17165,51.65506,31.7],[0.17167,51.65508,31.6],[0.17171,51.6551,31.5],[0.17174,51.65512,31.4],[0.17178,51.65513,31.4],[0.17181,51.65514,31.3],[0.17185,51.65515,31.3],[0.1719,51.65515,31.3],[0.17194,51.65515,31.3],[0.17198,51.65515,31.3],[0.17202,51.65515,31.3],[0.17206,51.65514,31.3],[0.17211,51.65513,31.4],[0.17234,51.65541,30.9],[0.17277,51.65595,29.9],[0.1729,51.65609,29.7],[0.17307,51.65626,29.4],[0.17309,51.65628,29.5],[0.17323,51.65639,29.9],[0.17339,51.65652,30.5],[0.17361,51.65669,31.1],[0.17379,51.6568,31.3],[0.17389,51.65687,31.5],[0.17389,51.65687,31.5],[0.17397,51.65692,31.6],[0.17426,51.65708,32],[0.1743,51.6571,32.1],[0.17443,51.65716,32.4],[0.17463,51.65723,32.7],[0.17508,51.65738,33.6],[0.17515,51.6574,33.6],[0.1752,51.65742,33.7],[0.17536,51.65747,33.9],[0.17557,51.65754,34.1],[0.1758,51.65762,34.3],[0.17596,51.65768,34.6],[0.17672,51.65794,36.2],[0.17774,51.65828,40.6],[0.17778,51.65829,40.8],[0.17825,51.65845,43.1],[0.17899,51.6587,44.3],[0.17905,51.65873,44.4],[0.1793,51.65882,44.8],[0.17969,51.65897,45.8],[0.18048,51.65929,47.8],[0.18091,51.65947,48.9],[0.18099,51.65952,49.2],[0.18124,51.65965,50.1],[0.18144,51.65978,50.9],[0.18162,51.6599,51.6],[0.18208,51.66023,52.8],[0.18216,51.66028,52.9],[0.18234,51.6604,53.3],[0.18279,51.66065,54.1],[0.18306,51.66079,54.6],[0.18325,51.66088,54.9],[0.18332,51.66091,55],[0.18334,51.66092,55],[0.18349,51.66098,54.8],[0.18367,51.66106,54.7],[0.18379,51.66111,54.6],[0.18442,51.66135,54.2],[0.18465,51.66144,54],[0.18482,51.66151,53.9],[0.1849,51.66154,53.8],[0.18491,51.66154,53.8],[0.18516,51.66162,53.7],[0.18541,51.66171,53.6],[0.18565,51.66179,53.5],[0.18592,51.66188,53.3],[0.18593,51.66189,53.3],[0.18596,51.6619,53.3],[0.18618,51.66197,52.9],[0.18619,51.66197,52.9],[0.18626,51.66199,52.8],[0.18646,51.66204,52.4],[0.18671,51.66211,52],[0.18712,51.6622,51.5],[0.18753,51.66229,51.2],[0.18779,51.66236,51.1],[0.18782,51.66237,51.1],[0.18794,51.6624,51],[0.18809,51.66244,51],[0.18821,51.66248,51.1],[0.18855,51.66259,50.4],[0.18884,51.6627,49.6],[0.18926,51.66289,48.6],[0.18963,51.66308,47.7],[0.18963,51.66308,47.7],[0.18972,51.66312,47.5],[0.19029,51.6634,46.6],[0.19044,51.66348,46.6],[0.19096,51.66371,46.4],[0.19147,51.66392,46.1],[0.19161,51.66398,46],[0.1928,51.66451,45.5],[0.19341,51.6648,45.6],[0.19369,51.66493,45.7],[0.19393,51.66502,45.6],[0.19413,51.6651,45.2],[0.19447,51.66519,44.6],[0.19457,51.66522,44.4],[0.19473,51.66527,44.2],[0.1949,51.66532,44],[0.19522,51.6654,43.4],[0.19527,51.66541,43.3],[0.19553,51.66548,42.9],[0.19568,51.66553,42.6],[0.19606,51.66563,42],[0.1963,51.6657,41.6],[0.19633,51.6657,41.5],[0.1966,51.66576,41],[0.19688,51.66582,41.2],[0.19716,51.66587,41.7],[0.19738,51.66591,42.1],[0.19775,51.66599,42.9],[0.19803,51.66606,43.6],[0.19851,51.66619,44.8],[0.19877,51.66626,45.3],[0.19882,51.66627,45.4],[0.19901,51.66633,45.7],[0.1993,51.66641,46.1],[0.19955,51.66651,46.5],[0.19962,51.66654,46.6],[0.20001,51.66668,47],[0.2001,51.66673,47.2],[0.20033,51.66684,47.4],[0.20055,51.66694,47.7],[0.20079,51.66706,47.9],[0.20103,51.66717,48],[0.20124,51.66728,48],[0.2014,51.66737,48],[0.20175,51.66757,47.7],[0.20189,51.66766,47.3],[0.20207,51.66779,46.7],[0.20287,51.66836,43],[0.20396,51.669,37.9],[0.20427,51.66919,36.7],[0.20443,51.66929,36.3],[0.20443,51.66929,36.3],[0.20477,51.6695,35.4],[0.20484,51.66955,35.3],[0.20546,51.66995,35],[0.2058,51.67017,35.2],[0.20607,51.67036,35.1],[0.20653,51.67069,35],[0.20678,51.6709,35.1],[0.20688,51.67098,35.2],[0.20704,51.67112,35.3],[0.20773,51.67177,35.9],[0.20809,51.67213,36.2],[0.20842,51.67247,36.9],[0.20844,51.67249,37],[0.20859,51.67263,37.2],[0.20875,51.67278,37.3],[0.20906,51.67307,37.7],[0.20908,51.67309,37.7],[0.20935,51.67334,38],[0.21003,51.67391,41.4],[0.21014,51.67399,41.8],[0.21111,51.67477,44.2],[0.21127,51.67489,44.4],[0.21127,51.6749,44.5],[0.21128,51.6749,44.4],[0.21152,51.67509,44.7],[0.21199,51.67546,45.1],[0.21204,51.67551,45.2],[0.21215,51.67559,45.4],[0.21217,51.67561,45.4],[0.21251,51.67588,46.1],[0.21258,51.67593,46],[0.21258,51.67593,46],[0.2126,51.67595,46],[0.21277,51.67608,45.8],[0.21303,51.6763,45.5],[0.21306,51.67631,45.4],[0.21373,51.67679,44.3],[0.2138,51.67684,44.3],[0.21436,51.67716,44.6],[0.21445,51.6772,44.7],[0.21454,51.67724,44.8],[0.2147,51.67732,45.1],[0.2151,51.67749,45.9],[0.21537,51.67758,46.4],[0.21575,51.67771,47],[0.21652,51.67791,48],[0.21739,51.67806,48.7],[0.21754,51.67807,48.7],[0.2184,51.67816,48.4],[0.21841,51.67816,48.4],[0.21869,51.67818,48.4],[0.21928,51.67822,48.6],[0.21967,51.67825,48.7],[0.21978,51.67826,48.7],[0.21985,51.67827,48.8],[0.22017,51.67829,48.8],[0.22055,51.67831,48.9],[0.22091,51.67834,48.9],[0.221,51.67834,48.8],[0.22216,51.67842,48.2],[0.22316,51.67854,48.7],[0.22327,51.67856,48.8],[0.22346,51.67859,48.8],[0.22347,51.67859,48.8],[0.22355,51.67861,48.7],[0.22373,51.67864,48.6],[0.22382,51.67867,48.6],[0.22408,51.67874,48.6],[0.22436,51.67882,48.4],[0.22484,51.67902,48],[0.22524,51.67926,48.2],[0.22546,51.67939,48.5],[0.22558,51.67947,48.7],[0.2259,51.67969,49.2],[0.22608,51.6798,49.2],[0.22656,51.68011,49.3],[0.22658,51.68013,49.3],[0.2266,51.68014,49.2],[0.22664,51.68017,49.2],[0.22679,51.68026,49],[0.22695,51.68037,48.8],[0.22703,51.68043,48.6],[0.22719,51.68056,48.4],[0.22734,51.6807,48.2],[0.22754,51.68086,47.8],[0.22758,51.6809,47.5],[0.2278,51.68106,46.2],[0.22781,51.68106,46.2],[0.2281,51.68125,44.7],[0.22832,51.68139,43.7],[0.22858,51.68156,42.9],[0.22876,51.6817,42.5],[0.22897,51.68185,42.2],[0.22905,51.68192,42.1],[0.22927,51.68209,41.8],[0.22969,51.68241,41.3],[0.22979,51.68248,41.2],[0.22987,51.68253,41.1],[0.23018,51.68273,40.5],[0.23042,51.68289,40],[0.23055,51.68299,39.9],[0.23072,51.68313,39.7],[0.23092,51.68334,39.5],[0.23097,51.68341,39.5],[0.231,51.68347,39.4],[0.23112,51.68367,39.3],[0.23117,51.68375,39.4],[0.23118,51.68378,39.5],[0.23131,51.68404,40],[0.23144,51.68445,40.4],[0.23145,51.68446,40.4],[0.23153,51.6847,40.3],[0.23162,51.6849,40.1],[0.23176,51.68516,40.7],[0.23192,51.68538,41.5],[0.23211,51.68559,42.3],[0.23232,51.6858,43.1],[0.23285,51.68624,44.8],[0.23298,51.68634,45.2],[0.23335,51.68662,46.6],[0.23355,51.68676,47.1],[0.23364,51.68684,47.3],[0.23379,51.68696,47.5],[0.23389,51.68706,47.7],[0.23392,51.68708,47.8],[0.23401,51.6872,48.1],[0.23406,51.68728,48.3],[0.23412,51.68744,48.8],[0.23415,51.68757,49.4],[0.23419,51.68787,50.7],[0.2342,51.68807,51.6],[0.23421,51.6881,51.7],[0.23422,51.68826,52.5],[0.23422,51.68829,52.6],[0.23422,51.68829,52.6],[0.23423,51.68839,52.9],[0.23425,51.68846,52.9],[0.23426,51.6885,52.9],[0.23428,51.68859,53],[0.23432,51.68867,53],[0.23436,51.68874,53],[0.23444,51.68884,53],[0.23452,51.68891,53],[0.23456,51.68895,53],[0.2346,51.68898,53],[0.23467,51.68903,53],[0.23521,51.68939,54.1],[0.23576,51.68975,55.8],[0.23595,51.68986,56.3],[0.23657,51.69024,57.3],[0.23671,51.69032,57.4],[0.23704,51.69048,57.6],[0.2373,51.69061,57.7],[0.23764,51.69078,57.8],[0.23776,51.69084,57.7],[0.238,51.69094,57.3],[0.23823,51.69105,56.9],[0.23846,51.69116,56.3],[0.2388,51.69132,55.3],[0.23916,51.69148,54.2],[0.23939,51.69159,53.6],[0.2396,51.69168,53],[0.23992,51.69181,52.2],[0.24013,51.69187,51.8],[0.24036,51.69193,51.5],[0.24051,51.69196,51.4],[0.2407,51.692,51.3],[0.24079,51.69202,51.3],[0.24101,51.69206,51.4],[0.24106,51.69207,51.4],[0.24123,51.69212,51.7],[0.24133,51.69214,51.9],[0.2414,51.69216,52],[0.2415,51.6922,52.4],[0.24158,51.69224,52.7],[0.24168,51.6923,53.3],[0.24181,51.69238,54],[0.24194,51.69248,54.8],[0.24206,51.6926,55.4],[0.24245,51.69324,57.7],[0.2425,51.69335,58.1],[0.24259,51.69352,58.8],[0.2427,51.69368,59.6],[0.24271,51.69371,59.7],[0.24292,51.69401,61.3],[0.24304,51.69419,62.4],[0.24305,51.6942,62.4],[0.24312,51.69431,63],[0.24327,51.69452,64.1],[0.24341,51.69472,64.8],[0.24352,51.69488,65.1],[0.24354,51.69492,65.2],[0.2436,51.69501,65.4],[0.24365,51.69509,65.2],[0.24366,51.69515,65.2],[0.24367,51.69523,65.1],[0.24365,51.69533,65.1],[0.24364,51.6954,65.1],[0.24364,51.6954,65.1],[0.24364,51.69542,65.1],[0.24363,51.69544,65.1],[0.24362,51.69552,65.1],[0.24361,51.69554,65.1],[0.2436,51.69562,65.1],[0.24358,51.69575,65],[0.24356,51.69591,64.7],[0.24354,51.6961,64],[0.24353,51.69623,63.6],[0.24354,51.69634,63.2],[0.24355,51.69646,62.7],[0.24365,51.69683,61.5],[0.2437,51.69702,61],[0.2437,51.69702,61],[0.24369,51.69702,61],[0.24368,51.69702,61],[0.24367,51.69702,61],[0.24366,51.69702,61],[0.24365,51.69702,61],[0.24364,51.69703,61],[0.24363,51.69703,61],[0.24362,51.69703,61],[0.24362,51.69704,60.9],[0.24361,51.69704,61],[0.24361,51.69705,60.9],[0.2436,51.69705,60.9],[0.2436,51.69706,60.9],[0.24359,51.69706,60.9],[0.24359,51.69707,60.9],[0.24358,51.69708,60.9],[0.24358,51.69709,60.8],[0.24358,51.6971,60.8],[0.24358,51.69711,60.8],[0.24359,51.69712,60.7],[0.24359,51.69713,60.7],[0.2436,51.69713,60.7],[0.2436,51.69714,60.7],[0.24361,51.69714,60.7],[0.24361,51.69715,60.6],[0.24362,51.69715,60.6],[0.24363,51.69715,60.6],[0.24363,51.69716,60.6],[0.24364,51.69716,60.6],[0.24365,51.69717,60.6],[0.24366,51.69717,60.6],[0.24367,51.69717,60.5],[0.24368,51.69717,60.5],[0.24369,51.69717,60.5],[0.24371,51.69717,60.5],[0.24372,51.69717,60.5],[0.24371,51.69723,60.3],[0.2437,51.69731,60.1],[0.2437,51.69744,59.7],[0.2437,51.69753,59.4],[0.2437,51.69758,59.2],[0.24371,51.69769,58.7],[0.24373,51.69786,58],[0.24374,51.698,57.4],[0.24389,51.69851,54.9],[0.24393,51.6988,53.2],[0.24392,51.69888,52.7],[0.24392,51.69894,52.4],[0.2439,51.69899,52.1],[0.24389,51.69904,51.8],[0.24385,51.69911,51.3],[0.24376,51.69925,50.4],[0.24365,51.69943,49.1],[0.24362,51.69946,48.9],[0.24343,51.69974,46.9],[0.24339,51.69981,46.4],[0.24326,51.70003,45.1],[0.2431,51.7002,45.3],[0.24303,51.70028,45.3],[0.24286,51.70048,45.2],[0.24282,51.70052,45.2],[0.24282,51.70053,45.2],[0.24282,51.70053,45.2],[0.2428,51.70057,45.2],[0.24278,51.70064,45],[0.24278,51.70068,45],[0.24279,51.70074,44.8],[0.24279,51.70077,44.8],[0.24286,51.70085,44.6],[0.24297,51.70099,44.4],[0.24305,51.70107,44.4],[0.2432,51.70122,44.4],[0.2432,51.70122,44.4],[0.24321,51.70123,44.5],[0.24346,51.70151,44.6],[0.24355,51.7016,44.6],[0.24388,51.70196,44.8],[0.24408,51.70218,45.7],[0.24409,51.70219,45.8],[0.24492,51.70296,50.4],[0.24504,51.70307,51.1],[0.2452,51.7032,51.7],[0.24524,51.70324,51.9],[0.24526,51.70326,52],[0.24532,51.70333,52.4],[0.24533,51.70336,52.4],[0.24536,51.70342,52.5],[0.24539,51.70346,52.6],[0.24546,51.70359,52.9],[0.24549,51.70374,53.2],[0.24553,51.70387,53.5],[0.24553,51.70391,53.5],[0.24557,51.70413,54],[0.24557,51.70417,54.1],[0.24559,51.70429,54.2],[0.24559,51.70429,54.2],[0.2456,51.70437,54.3],[0.24559,51.70445,54.4],[0.2456,51.70446,54.4],[0.2456,51.70466,54.6],[0.24559,51.70474,54.6],[0.24558,51.7048,54.6],[0.24558,51.70484,54.7],[0.24554,51.70506,54.7],[0.24547,51.70534,54.9],[0.24546,51.70554,55.2],[0.24543,51.70562,55.2],[0.24541,51.70567,55.2],[0.24538,51.70575,55.1],[0.24519,51.70623,54.8],[0.24516,51.70638,54.9],[0.24515,51.70642,54.9],[0.2451,51.70674,55.2],[0.24509,51.70682,55.2],[0.24492,51.7076,55],[0.24492,51.70761,55.1],[0.24488,51.70783,55.4],[0.24485,51.70803,55.8],[0.24482,51.70815,56],[0.2448,51.70829,56.2],[0.2448,51.70829,56.2],[0.24476,51.70851,56.4],[0.24473,51.70867,56.6],[0.24461,51.7093,57.4],[0.2446,51.70936,57.5],[0.2446,51.70948,57.8],[0.24461,51.70961,58.1],[0.24465,51.70975,58.6],[0.24467,51.7098,58.7],[0.24471,51.70986,59],[0.24478,51.70996,59.4],[0.24485,51.71009,60],[0.2452,51.71064,62.4],[0.24521,51.71066,62.4],[0.24529,51.71083,63],[0.24534,51.71095,63.1],[0.24537,51.71107,63.3],[0.24539,51.71113,63.4],[0.24541,51.71119,63.4],[0.24541,51.71127,63.5],[0.2454,51.71133,63.6],[0.24539,51.71142,63.7],[0.24537,51.71155,63.9],[0.24537,51.71156,63.9],[0.24536,51.71162,63.9],[0.24527,51.71185,64.2],[0.24523,51.71195,64.3],[0.2452,51.71204,64.4],[0.2452,51.71204,64.4],[0.245156,51.712225,64.7],[0.245156,51.712225,64.7],[0.245198,51.712396,64.9],[0.245198,51.712396,64.9],[0.245343,51.712597,65],[0.245343,51.712597,65],[0.24551,51.712662,64.9],[0.24551,51.712662,64.9],[0.245756,51.712717,64.8],[0.24576,51.71272,64.8],[0.24588,51.71271,64.7],[0.2462,51.7127,64.3],[0.24649,51.7127,64],[0.24677,51.71269,63.6],[0.24866,51.71267,61.3],[0.24972,51.71269,59.7],[0.25023,51.7127,58.7],[0.25113,51.71273,56.5],[0.25219,51.71277,54.2],[0.25322,51.71281,51.7],[0.25411,51.71285,49.6],[0.25489,51.7129,47.7],[0.25541,51.71293,46.5],[0.25552,51.71294,46.3],[0.25607,51.71297,44.9],[0.25667,51.71301,43.2],[0.25696,51.71302,43.1],[0.257089,51.71303,43.1],[0.25744,51.71303,43],[0.257749,51.71303,43],[0.257969,51.71302,43.1],[0.258249,51.71301,43.1],[0.25854,51.71299,43.5],[0.25874,51.71297,43.8],[0.25876,51.71297,43.8],[0.25906,51.71293,44.3],[0.25938,51.71288,45],[0.25977,51.71282,46],[0.259809,51.71281,46.1],[0.26006,51.71275,46.9],[0.26035,51.71268,48],[0.26078,51.71258,49.5],[0.26116,51.71248,50.8],[0.261689,51.71236,52],[0.26269,51.71211,53.5],[0.26274,51.7121,53.6],[0.263,51.71205,54.2],[0.26316,51.71202,54.6],[0.26317,51.71202,54.6],[0.26333,51.71198,55],[0.26365,51.71192,55.3],[0.26402,51.71186,55.6],[0.26425,51.71182,55.9],[0.26445,51.71179,56.2],[0.26461,51.71177,56.4],[0.26496,51.71172,56.9],[0.26528,51.71169,57],[0.26538,51.71168,57],[0.26548,51.71167,57],[0.26604,51.71162,56.9],[0.26605,51.71162,56.9],[0.26635,51.7116,56.9],[0.26669,51.71157,56.7],[0.26721,51.71153,56],[0.26778,51.71149,54.9],[0.26794,51.71148,54.5],[0.26821,51.71146,53.8],[0.269,51.71139,53.1],[0.26941,51.71136,53],[0.2704,51.71128,52.9],[0.27053,51.71127,52.9],[0.27081,51.71125,53],[0.27129,51.71121,52.9],[0.27168,51.71118,52.8],[0.27185,51.71117,52.9],[0.27197,51.71116,53],[0.27249,51.71111,53.3],[0.27283,51.71108,53.9],[0.27287,51.71107,54],[0.27328,51.71102,54.9],[0.27368,51.71097,55.7],[0.27401,51.71092,56.4],[0.27439,51.71085,57.5],[0.27476,51.71078,58.5],[0.2748,51.71077,58.6],[0.27508,51.71071,59.2],[0.27547,51.71063,59.4],[0.27584,51.71054,59.7],[0.27602,51.71049,59.9],[0.27624,51.71043,60.2],[0.27678,51.71029,61],[0.2775,51.7101,61.8],[0.27762,51.71007,62],[0.27771,51.71004,62.2],[0.27785,51.71001,62.4],[0.27801,51.70998,62.7],[0.27829,51.70993,63.1],[0.27858,51.70989,63.3],[0.2789,51.70987,63.3],[0.27949,51.70985,63.4],[0.27986,51.70985,63.5],[0.28031,51.70984,64.2],[0.28032,51.70984,64.3],[0.28083,51.70983,65.4],[0.28098,51.70983,65.9],[0.28118,51.70983,66.6],[0.28141,51.70982,67.4],[0.282,51.70981,68.6],[0.28227,51.7098,69],[0.28248,51.70979,69.2],[0.28297,51.70977,70],[0.28314,51.70976,70.3],[0.28388,51.7097,71.4],[0.28438,51.70966,72.2],[0.28466,51.70964,72.7],[0.28466,51.70964,72.7],[0.28488,51.70963,73.1],[0.28526,51.70961,73.7],[0.28562,51.7096,74.2],[0.28618,51.7096,75.1],[0.28659,51.7096,75.9],[0.28704,51.70962,76.2],[0.28752,51.70963,76.5],[0.28841,51.70964,77],[0.28881,51.70965,77.4],[0.28959,51.70965,78.6],[0.28997,51.70964,79.4],[0.29026,51.70964,79.6],[0.29077,51.70962,79.9],[0.29113,51.7096,80.3],[0.29184,51.70956,81.1],[0.29234,51.70951,81.4],[0.29292,51.70945,81.6],[0.29336,51.70941,81.8],[0.29364,51.70937,82],[0.29396,51.70934,82.2],[0.29478,51.70924,82],[0.29571,51.70912,81.1],[0.29592,51.7091,80.8],[0.29619,51.70907,80.2],[0.29644,51.70905,79.6],[0.29686,51.70902,79.2],[0.29711,51.70901,79.2],[0.29747,51.709,79.2],[0.29785,51.70899,78.9],[0.2981,51.70899,78.6],[0.29848,51.70898,78.4],[0.29876,51.70898,78.4],[0.29881,51.70898,78.4],[0.29916,51.70898,78.4],[0.29944,51.70898,78.4],[0.29981,51.70899,78.4],[0.29992,51.70899,78.4],[0.30017,51.709,78.4],[0.30064,51.70903,78.3],[0.30095,51.70906,78.3],[0.30112,51.70907,78.3],[0.30129,51.7091,78.2],[0.30157,51.70913,78.1],[0.30181,51.70917,78.2],[0.30203,51.70921,78.4],[0.30208,51.70922,78.5],[0.30227,51.70925,78.7],[0.30262,51.70931,79.2],[0.30312,51.70941,80],[0.30371,51.70951,80.9],[0.30395,51.70956,81.2],[0.30395,51.70956,81.2],[0.30568,51.70987,85.5],[0.30724,51.71015,89.2],[0.30772,51.71024,90.3],[0.30796,51.71028,91],[0.308,51.71029,91.1],[0.30808,51.71031,91.3],[0.3086,51.7104,92.3],[0.30906,51.71048,92.9],[0.30942,51.71053,93.5],[0.30994,51.71061,94.6],[0.31042,51.71067,95.3],[0.31082,51.71072,95.8],[0.31088,51.71073,96],[0.31107,51.71075,96.5],[0.31135,51.71078,97.2],[0.31151,51.7108,97.6],[0.31177,51.71082,98],[0.31219,51.71086,98],[0.31257,51.7109,98],[0.31289,51.71093,98.4],[0.3133,51.71099,99],[0.31346,51.71101,99],[0.3136,51.71103,99],[0.31384,51.71108,99],[0.31412,51.71114,99],[0.31414,51.71114,99],[0.31428,51.71118,98.9],[0.31441,51.71121,98.8],[0.31479,51.71131,98.7],[0.31518,51.71143,98.7],[0.31557,51.71155,98.9],[0.31573,51.7116,98.9],[0.31573,51.7116,98.9],[0.3158,51.71162,98.9],[0.31583,51.71163,99],[0.31603,51.7117,99],[0.31655,51.71187,98.8],[0.31659,51.71188,98.8],[0.31685,51.71197,98.6],[0.31714,51.71206,98.5],[0.3175,51.71218,98.4],[0.3178,51.71228,98.3],[0.31864,51.71256,98],[0.32002,51.71302,96.4],[0.32061,51.71322,95.4],[0.32087,51.7133,95],[0.32112,51.71339,94.4],[0.32219,51.71374,92.9],[0.32297,51.714,92.1],[0.32343,51.71415,91.8],[0.32387,51.71429,91.3],[0.32462,51.71452,89.5],[0.32544,51.71477,87.7],[0.32638,51.71505,86.4],[0.32709,51.71525,85.5],[0.32722,51.71529,85.3],[0.32733,51.71532,85.2],[0.32733,51.71532,85.2],[0.32754,51.71538,84.9],[0.32794,51.71549,84.3],[0.32855,51.71566,83.3],[0.32947,51.71591,81.4],[0.32948,51.71592,81.4],[0.32974,51.71599,80.9],[0.33108,51.71634,80.3],[0.33302,51.71682,79.6],[0.33405,51.71707,78.6],[0.3342,51.71711,78.5],[0.33441,51.71716,78.1],[0.33502,51.71731,77],[0.33559,51.71744,76.9],[0.336,51.71754,76.9],[0.33624,51.71759,76.7],[0.33654,51.71765,76.5],[0.33681,51.7177,76.3],[0.33712,51.71775,76.1],[0.33749,51.71781,75.8],[0.33799,51.71789,74.8],[0.33832,51.71793,74.1],[0.33833,51.71793,74],[0.33861,51.71797,74.1],[0.33865,51.71797,74.1],[0.33911,51.71802,74.2],[0.33925,51.71804,74.2],[0.33925,51.71804,74.2],[0.3395,51.71806,74.1],[0.34014,51.71813,73.8],[0.34082,51.7182,73.8],[0.34184,51.7183,73.7],[0.34234,51.71834,73.2],[0.34274,51.71836,72.5],[0.34307,51.71838,71.9],[0.3432,51.71838,71.6],[0.34348,51.71839,71.5],[0.344,51.71839,72.1],[0.34441,51.71839,72.5],[0.34474,51.71837,72.8],[0.34558,51.71832,73],[0.34644,51.71826,73.6],[0.34699,51.71822,73.7],[0.34764,51.71817,73.6],[0.34769,51.71816,73.6],[0.34841,51.71811,73.5],[0.34914,51.71807,73.4],[0.34926,51.71807,73.3],[0.34991,51.71805,73],[0.3505,51.71806,72.6],[0.35075,51.71807,72.4],[0.35075,51.71807,72.4],[0.351,51.71808,72.3],[0.35127,51.7181,72.1],[0.35158,51.71812,71.8],[0.3518,51.71814,71.6],[0.35206,51.71817,71.3],[0.35257,51.71823,70.7],[0.35304,51.71829,69.7],[0.35336,51.71834,69],[0.35372,51.71839,68.7],[0.35475,51.71854,67.6],[0.35677,51.71886,67.1],[0.35715,51.71892,66.8],[0.35741,51.71896,66.6],[0.35775,51.71902,66.1],[0.35811,51.71908,65.4],[0.35826,51.71911,65.1],[0.3586,51.71917,64.4],[0.35885,51.71922,63.7],[0.35908,51.71926,63.2],[0.35914,51.71928,63.1],[0.3597,51.7194,61.7],[0.36051,51.71958,60.4],[0.36078,51.71965,60.1],[0.36089,51.71967,59.9],[0.3616,51.71983,59.1],[0.36186,51.71989,59.3],[0.3627,51.72007,60.1],[0.36297,51.72013,60.3],[0.36354,51.72026,60.8],[0.36392,51.72034,61.3],[0.36424,51.72041,61.7],[0.36465,51.72051,62.3],[0.36498,51.72058,62.9],[0.36582,51.72077,63.2],[0.36619,51.72086,63.9],[0.36645,51.72091,64.5],[0.36701,51.72104,65.7],[0.3673,51.7211,66.3],[0.36758,51.72116,66.8],[0.36787,51.72123,67.2],[0.36839,51.72135,67.9],[0.36847,51.72137,68],[0.36962,51.72162,70.7],[0.37042,51.72179,71.9],[0.37086,51.72188,72],[0.37112,51.72193,72.5],[0.37136,51.72197,72.9],[0.37162,51.72202,73.3],[0.37196,51.72208,73.5],[0.37244,51.72216,73.6],[0.37264,51.7222,73.5],[0.37319,51.72229,73.1],[0.37353,51.72234,72.8],[0.3739,51.72239,72.3],[0.3741,51.72242,72.1],[0.37415,51.72242,72],[0.37454,51.72248,71.1],[0.37537,51.72259,70.2],[0.37628,51.72272,69.7],[0.37666,51.72277,69.3],[0.37714,51.72283,68.8],[0.37786,51.72292,67.6],[0.37799,51.72294,67.4],[0.37846,51.723,66.5],[0.37897,51.72308,66.2],[0.37927,51.72313,65.9],[0.37954,51.72318,65.6],[0.37977,51.72323,65.4],[0.3802,51.72332,65],[0.38037,51.72336,65],[0.38061,51.72342,64.9],[0.3811,51.72354,64.7],[0.38149,51.72366,64.3],[0.3817,51.72372,64.1],[0.38172,51.72373,64.1],[0.38193,51.7238,64.4],[0.38217,51.72388,64.7],[0.38217,51.72388,64.7],[0.38218,51.72388,64.7],[0.38251,51.72399,65.2],[0.38306,51.7242,66.9],[0.38363,51.72441,67.2],[0.38447,51.72472,67.2],[0.38472,51.7248,67.5],[0.3848,51.72483,67.6],[0.38519,51.72497,68],[0.38538,51.72502,67.9],[0.38549,51.72505,67.8],[0.38566,51.7251,67.6],[0.38575,51.72512,67.6],[0.38591,51.72516,67.5],[0.38603,51.72519,67.6],[0.38632,51.72525,67.7],[0.38662,51.7253,67.9],[0.38686,51.72534,67.6],[0.38728,51.72538,67.2],[0.38772,51.72541,66.8],[0.38808,51.72542,66.3],[0.38842,51.72541,66],[0.38868,51.72541,66],[0.389,51.72539,66.1],[0.38933,51.72537,66],[0.38961,51.72535,65.9],[0.38983,51.72535,65.8],[0.39,51.72534,65.8],[0.3902,51.72534,65.8],[0.39033,51.72535,65.7],[0.39055,51.72536,65.7],[0.39079,51.72537,65.7],[0.39111,51.7254,65.7],[0.39141,51.72543,65.8],[0.39166,51.72547,65.7],[0.39198,51.72552,65.4],[0.39199,51.72553,65.3],[0.39226,51.72559,65],[0.39239,51.72561,64.8],[0.39281,51.72573,64.3],[0.39309,51.72581,64],[0.39335,51.7259,64],[0.39373,51.72606,63.5],[0.39402,51.72618,63.2],[0.39432,51.72632,62.8],[0.39466,51.72647,62.4],[0.39521,51.72673,62],[0.39549,51.72686,61.9],[0.39586,51.72702,61.5],[0.39632,51.72723,60.3],[0.39658,51.72736,59.5],[0.39682,51.72746,59.1],[0.39724,51.72764,59.6],[0.39745,51.72773,59.8],[0.39757,51.72777,59.9],[0.39774,51.72783,60],[0.39775,51.72784,60],[0.39775,51.72784,60],[0.39796,51.7279,59.9],[0.39824,51.72797,59.7],[0.39859,51.72805,59.5],[0.39864,51.72806,59.4],[0.39896,51.72812,59.2],[0.39914,51.72814,59],[0.39948,51.72818,58.3],[0.39983,51.72821,57.5],[0.40009,51.72822,57],[0.40034,51.72823,56.7],[0.40063,51.72822,56.4],[0.40084,51.72821,56.1],[0.40109,51.72818,55.6],[0.40145,51.72813,54.9],[0.40165,51.72809,54.6],[0.40184,51.72805,54.9],[0.40199,51.72801,55.2],[0.40203,51.728,55.2],[0.40225,51.72793,55.7],[0.40256,51.72783,56.3],[0.40272,51.72778,56.6],[0.40284,51.72774,56.8],[0.40328,51.72759,57.7],[0.40353,51.72751,58.2],[0.40379,51.72743,58.5],[0.40406,51.72734,58.9],[0.4042,51.7273,59.1],[0.40443,51.72723,59.5],[0.40508,51.72702,60.4],[0.40556,51.72687,59.7],[0.40591,51.72676,59.1],[0.40688,51.72645,58.2],[0.40724,51.72633,58.1],[0.40744,51.72626,58],[0.40762,51.72619,57.8],[0.40788,51.72609,57.2],[0.40814,51.72598,56.6],[0.4084,51.72585,56],[0.4084,51.72585,56],[0.40846,51.72582,56],[0.40856,51.72577,56.2],[0.40863,51.72574,56.2],[0.40872,51.72572,56.3],[0.40885,51.72566,56.4],[0.409,51.72561,56.5],[0.40912,51.72558,56.6],[0.40912,51.72558,56.6],[0.40913,51.72559,56.6],[0.40914,51.72559,56.6],[0.40915,51.72559,56.6],[0.40917,51.72559,56.6],[0.40918,51.72559,56.6],[0.40921,51.72559,56.6],[0.4093,51.72566,56.4],[0.40935,51.72568,56.4],[0.40953,51.72577,56.2],[0.40961,51.72579,56.1],[0.40966,51.72583,56],[0.40976,51.72592,56],[0.40996,51.72611,56],[0.4101,51.7263,55.9],[0.41028,51.7266,56],[0.41035,51.72672,56],[0.41037,51.72678,56],[0.41051,51.72709,56],[0.41058,51.72739,56],[0.41058,51.72751,56],[0.41055,51.72759,56.1],[0.41055,51.72764,56.2],[0.41053,51.72775,56.3],[0.41047,51.72792,56.5],[0.41039,51.72804,56.6],[0.41033,51.72812,56.7],[0.4102,51.72822,56.9],[0.4102,51.72822,56.9],[0.41019,51.72822,56.9],[0.41019,51.72821,56.9],[0.41018,51.72821,56.9],[0.41017,51.72821,56.9],[0.41016,51.72821,56.9],[0.41015,51.7282,56.8],[0.41014,51.7282,56.8],[0.41013,51.7282,56.8],[0.41012,51.7282,56.8],[0.41011,51.7282,56.8],[0.4101,51.7282,56.8],[0.41009,51.7282,56.8],[0.41008,51.7282,56.8],[0.41007,51.7282,56.8],[0.41006,51.7282,56.8],[0.41005,51.7282,56.8],[0.41004,51.7282,56.8],[0.41003,51.7282,56.8],[0.41002,51.72821,56.9],[0.41001,51.72821,56.9],[0.41,51.72821,56.9],[0.40999,51.72822,56.9],[0.40998,51.72822,56.9],[0.40997,51.72822,56.9],[0.40997,51.72823,56.9],[0.40996,51.72823,56.9],[0.40995,51.72824,57],[0.40994,51.72824,57],[0.40993,51.72825,57],[0.40993,51.72826,57],[0.40992,51.72826,57],[0.40992,51.72827,57],[0.40991,51.72827,57],[0.40991,51.72828,57.1],[0.40991,51.72829,57.1],[0.4099,51.72829,57.1],[0.4099,51.7283,57.1],[0.4099,51.72831,57.1],[0.4099,51.72832,57.1],[0.4099,51.72833,57.1],[0.4099,51.72834,57.1],[0.40991,51.72835,57.1],[0.40991,51.72836,57.1],[0.40992,51.72836,57.1],[0.40992,51.72837,57.1],[0.40993,51.72838,57.1],[0.40994,51.72838,57.1],[0.40995,51.72839,57.1],[0.40995,51.7284,57.1],[0.40996,51.7284,57.1],[0.40997,51.72841,57.1],[0.40998,51.72841,57.1],[0.40999,51.72842,57.1],[0.41,51.72842,57.1],[0.41001,51.72842,57.1],[0.41002,51.72842,57.1],[0.41003,51.72843,57.1],[0.41004,51.72843,57.1],[0.41005,51.72843,57.1],[0.41006,51.72843,57.1],[0.41007,51.72843,57.1],[0.41008,51.72843,57.1],[0.41009,51.72843,57.1],[0.4101,51.72843,57.1],[0.41011,51.72843,57.1],[0.41012,51.72843,57.1],[0.41013,51.72843,57.1],[0.41014,51.72843,57.1],[0.41015,51.72843,57.1],[0.41016,51.72842,57.1],[0.41017,51.72842,57.1],[0.41018,51.72842,57.1],[0.41019,51.72842,57.1],[0.4102,51.72841,57.1],[0.41021,51.72841,57.1],[0.41036,51.7285,57.2],[0.41045,51.72854,57.2],[0.41045,51.72854,57.2],[0.41056,51.72858,57.3],[0.41062,51.7286,57.3],[0.41067,51.72862,57.3],[0.41082,51.72867,57.4],[0.41109,51.72875,57.3],[0.41214,51.72903,57],[0.41361,51.72947,56.3],[0.41416,51.72963,55.9],[0.41538,51.72996,55.1],[0.41547,51.72999,55],[0.416,51.73011,54.7],[0.4166,51.73022,54.2],[0.41688,51.73027,53.9],[0.41704,51.73028,53.7],[0.41769,51.73033,53],[0.41783,51.73034,52.8],[0.41868,51.73045,51.5],[0.42021,51.73064,49.2],[0.42084,51.73069,48.3],[0.42107,51.73071,48],[0.4214,51.73074,47.5],[0.42186,51.73079,46.9],[0.42198,51.73081,46.7],[0.4222,51.73086,46.3],[0.42231,51.7309,46],[0.42247,51.73099,45.7],[0.42293,51.73123,44.8],[0.42312,51.73131,44.5],[0.42326,51.73134,44.4],[0.4233,51.73135,44.4],[0.42337,51.73136,44.3],[0.42345,51.73137,44.3],[0.42384,51.73142,43.9],[0.42386,51.73142,43.9],[0.42389,51.73143,43.8],[0.42408,51.73146,43.6],[0.4243,51.7315,43.1],[0.42436,51.73151,43],[0.42461,51.73157,42.2],[0.42499,51.73167,41],[0.42499,51.73167,41],[0.42505,51.73169,40.9],[0.42524,51.73177,40.6],[0.4255,51.73187,40.3],[0.42565,51.73196,40.1],[0.42597,51.73219,39.8],[0.42605,51.73227,39.7],[0.42614,51.73239,39.6],[0.42637,51.73264,38.9],[0.42639,51.73266,38.8],[0.4265,51.73282,38],[0.42665,51.73302,37.1],[0.42691,51.73339,35.7],[0.42717,51.7338,35.2],[0.42732,51.73404,35],[0.4274,51.73416,35],[0.42748,51.73428,34.9],[0.42757,51.73442,34.6],[0.42772,51.73461,34.2],[0.42776,51.73466,34.1],[0.42776,51.73466,34.1],[0.42802,51.73497,33.4],[0.42828,51.73524,33.1],[0.42833,51.73529,33],[0.42865,51.73561,32.6],[0.42886,51.73583,32.4],[0.42904,51.73603,32.2],[0.42908,51.73606,32.1],[0.42916,51.73616,32],[0.42929,51.73631,31.7],[0.42941,51.73645,31.3],[0.42943,51.73647,31.2],[0.4295,51.73655,30.9],[0.42967,51.73681,30.4],[0.42982,51.73704,30.1],[0.42994,51.73731,30],[0.43001,51.73749,30],[0.43005,51.73768,30],[0.43006,51.73782,30],[0.43002,51.73806,30],[0.42998,51.73823,30.1],[0.42997,51.73836,30],[0.42996,51.73847,29.9],[0.42996,51.73848,29.9],[0.43002,51.7388,29.5],[0.43003,51.73888,29.5],[0.43006,51.73902,29.6],[0.43007,51.73906,29.6],[0.43007,51.73908,29.6],[0.43009,51.73919,29.7],[0.43009,51.7392,29.7],[0.4301,51.73923,29.7],[0.43012,51.73937,29.8],[0.43012,51.73942,29.9],[0.43016,51.73967,30.6],[0.43017,51.73972,30.7],[0.43017,51.73978,30.9],[0.4302,51.74008,31.6],[0.43022,51.7402,31.9],[0.43026,51.74066,33],[0.43026,51.741,34],[0.43027,51.74115,34.6],[0.43028,51.74127,35.1],[0.43034,51.74142,35.6],[0.43037,51.74147,35.8],[0.43041,51.74157,36.2],[0.43041,51.74157,36.2],[0.4304,51.74157,36.2],[0.43039,51.74157,36.2],[0.43038,51.74157,36.2],[0.43037,51.74158,36.2],[0.43036,51.74158,36.2],[0.43035,51.74158,36.3],[0.43034,51.74158,36.3],[0.43034,51.74159,36.3],[0.43033,51.74159,36.3],[0.43033,51.7416,36.3],[0.43032,51.7416,36.4],[0.43031,51.7416,36.4],[0.43031,51.74161,36.4],[0.43031,51.74162,36.4],[0.4303,51.74162,36.5],[0.4303,51.74163,36.5],[0.4303,51.74164,36.5],[0.4303,51.74165,36.6],[0.43007,51.74166,36.9],[0.42991,51.74168,36.9],[0.4297,51.74171,36.6],[0.4294,51.74172,36.2],[0.42892,51.74171,35.7],[0.42864,51.74171,35.3],[0.42805,51.74169,34.3],[0.42719,51.74168,32.6],[0.42672,51.74169,32.1],[0.42605,51.74171,31.2],[0.42585,51.74172,31],[0.42538,51.74176,30.8],[0.42497,51.74181,30.7],[0.42442,51.74191,30.8],[0.42436,51.74192,30.9],[0.42365,51.74209,31.3],[0.42355,51.74212,31.4],[0.42302,51.74227,32.1],[0.42288,51.7423,32.3],[0.42257,51.74238,32.8],[0.4224,51.7424,33],[0.42186,51.74249,33.8],[0.4217,51.74251,34],[0.42159,51.74252,34],[0.42106,51.74257,34.1],[0.42045,51.7426,34.1],[0.4196,51.7426,34.2],[0.41919,51.74259,34.2],[0.4189,51.74258,34.2],[0.41879,51.74258,34.2],[0.41757,51.74255,35],[0.41665,51.74254,35],[0.41611,51.74257,35.1],[0.41571,51.7426,35.1],[0.41545,51.74262,35.1],[0.41479,51.74272,35],[0.41416,51.74286,34.4],[0.41383,51.74294,34.1],[0.41313,51.74316,33.5],[0.41271,51.7433,33.2],[0.41221,51.74346,33],[0.41193,51.74355,33],[0.41132,51.74378,33.8],[0.41061,51.74408,34.8],[0.40953,51.74455,34.9],[0.40879,51.74486,34.8],[0.40869,51.74492,34.9],[0.40791,51.74525,34.5],[0.40784,51.74528,34.4],[0.40782,51.74529,34.4],[0.40706,51.74568,33.9],[0.40702,51.7457,33.9],[0.40649,51.74602,33.8],[0.40646,51.74604,33.8],[0.40613,51.74626,33.7],[0.40586,51.74644,33.7],[0.4057,51.74654,33.8],[0.40522,51.74691,33.8],[0.40455,51.74748,33],[0.40414,51.74783,33.4],[0.40387,51.74803,33.6],[0.4037,51.74812,33.7],[0.40351,51.74822,33.9],[0.40347,51.74824,33.9],[0.40322,51.74837,34.1],[0.40312,51.74842,34.3],[0.40291,51.74851,34.5],[0.40261,51.74861,34.7],[0.40246,51.74866,34.8],[0.40235,51.74869,34.9],[0.40224,51.74872,34.9],[0.40203,51.74877,35],[0.40197,51.74878,35.1],[0.4015,51.74886,35.1],[0.40094,51.74893,34.8],[0.4009,51.74894,34.8],[0.40049,51.74898,34.8],[0.40001,51.74905,34.9],[0.39951,51.74916,35],[0.39924,51.74925,35.1],[0.39914,51.74928,35.1],[0.39876,51.74943,35.3],[0.39836,51.74962,35.5],[0.39801,51.74985,35.5],[0.39752,51.75018,35.2],[0.39679,51.75066,35.6],[0.39679,51.75066,35.6],[0.39675,51.75068,35.7],[0.39613,51.75104,36.1],[0.39595,51.75114,36.2],[0.3953,51.75143,36.7],[0.39512,51.7515,36.7],[0.39507,51.75152,36.7],[0.39471,51.75166,36.6],[0.3938,51.75195,37],[0.39358,51.75201,37.2],[0.39357,51.75201,37.2],[0.39327,51.75209,37.6],[0.39252,51.75225,38.4],[0.39247,51.75226,38.4],[0.39201,51.75235,38.7],[0.39182,51.75239,38.8],[0.39161,51.75243,38.8],[0.39146,51.75246,38.7],[0.39072,51.75268,38.4],[0.39044,51.75279,38.7],[0.39027,51.75286,38.9],[0.39026,51.75287,38.9],[0.39002,51.753,39.2],[0.38984,51.7531,39.2],[0.38973,51.75318,39.3],[0.38961,51.75328,39.4],[0.3893,51.75361,39.5],[0.38927,51.75366,39.6],[0.38905,51.75399,39.5],[0.38893,51.75434,39.8],[0.38893,51.75436,39.9],[0.3888,51.75483,40.7],[0.38877,51.75494,40.9],[0.38868,51.75534,41.2],[0.38859,51.75574,41.5],[0.38859,51.75575,41.5],[0.3885,51.75609,41.4],[0.38842,51.75641,41.2],[0.3884,51.7565,41.2],[0.38838,51.7566,41.1],[0.38826,51.75694,41.5],[0.38822,51.75705,41.7],[0.38799,51.75755,42.1],[0.38786,51.75782,41.7],[0.3878,51.75792,41.5],[0.38773,51.75801,41.4],[0.38767,51.75807,41.3],[0.38766,51.75807,41.3],[0.38754,51.75818,41.1],[0.3875,51.75821,41],[0.38717,51.75845,40.8],[0.38712,51.75848,40.8],[0.38698,51.75858,40.9],[0.38695,51.7586,40.9],[0.38693,51.75862,40.9],[0.38674,51.75875,41],[0.38638,51.75901,41.3],[0.38606,51.75928,41.5],[0.38603,51.75931,41.6],[0.38602,51.75932,41.6],[0.38587,51.75947,41.8],[0.38582,51.75952,41.8],[0.38566,51.75977,42.2],[0.38552,51.76007,42.8],[0.3854,51.76032,43.2],[0.38533,51.76045,43.5],[0.38531,51.76049,43.5],[0.38524,51.76062,43.8],[0.385,51.76089,44.1],[0.38477,51.76107,44.9],[0.38475,51.76109,45],[0.38456,51.76119,45.6],[0.3844,51.76128,46.2],[0.38439,51.76128,46.2],[0.38426,51.76133,46.6],[0.38403,51.76142,47.3],[0.38388,51.76146,47.6],[0.38382,51.76147,47.7],[0.38361,51.76153,48.2],[0.38335,51.7616,48.7],[0.38319,51.76164,49.2],[0.38281,51.76174,50.3],[0.38248,51.76182,51],[0.38201,51.76194,51.6],[0.382,51.76194,51.6],[0.38168,51.76203,52],[0.38121,51.76215,52.9],[0.3812,51.76215,52.9],[0.3811,51.76218,53.1],[0.38031,51.76242,55.1],[0.37968,51.76262,55.9],[0.3787,51.76291,56.5],[0.3787,51.76291,56.5],[0.37968,51.76262,55.9],[0.38031,51.76242,55.1],[0.3811,51.76218,53.1],[0.3812,51.76215,52.9],[0.38121,51.76215,52.9],[0.38168,51.76203,52],[0.382,51.76194,51.6],[0.38201,51.76194,51.6],[0.38248,51.76182,51],[0.38281,51.76174,50.3],[0.38281,51.76174,50.3],[0.38248,51.76182,51],[0.38201,51.76194,51.6],[0.382,51.76194,51.6],[0.38168,51.76203,52],[0.38121,51.76215,52.9],[0.3812,51.76215,52.9],[0.3811,51.76218,53.1],[0.38031,51.76242,55.1],[0.37968,51.76262,55.9],[0.3787,51.76291,56.5],[0.37828,51.76303,56.8],[0.37808,51.76308,56.8],[0.37782,51.76315,56.7],[0.37675,51.7634,57.1],[0.37671,51.76341,57.1],[0.37563,51.76364,56.7],[0.37502,51.76375,57],[0.37427,51.76387,57.3],[0.37418,51.76388,57.3],[0.37399,51.76391,57.4],[0.37333,51.76402,57.6],[0.37189,51.76424,57.1],[0.37093,51.76439,57.7],[0.37089,51.7644,57.7],[0.37031,51.76449,57.6],[0.36986,51.76458,57.3],[0.3695,51.76468,56.6],[0.36886,51.76489,55.6],[0.36882,51.7649,55.5],[0.3684,51.76509,55.2],[0.36801,51.76529,55.2],[0.36791,51.76535,55.3],[0.36775,51.76545,55.6],[0.36767,51.7655,55.8],[0.3674,51.76569,56.5],[0.36692,51.76611,57],[0.36656,51.76645,57.1],[0.3664,51.76659,57.3],[0.36616,51.76678,57.7],[0.36569,51.76711,58.1],[0.36557,51.76718,58.1],[0.36536,51.7673,58.1],[0.36516,51.76742,58.1],[0.36492,51.76753,58],[0.36462,51.76767,58],[0.36416,51.76786,58.3],[0.36384,51.76798,58.7],[0.36368,51.76802,58.9],[0.36343,51.76809,59.1],[0.3626,51.76828,58.1],[0.36159,51.76849,57.3],[0.36097,51.76863,57.5],[0.36078,51.76867,57.6],[0.36044,51.76878,57.9],[0.36018,51.76886,58.2],[0.36008,51.76888,58.3],[0.35976,51.76901,58.8],[0.35968,51.76904,58.9],[0.35928,51.7692,59.2],[0.35877,51.76945,59.7],[0.35856,51.76957,60],[0.35826,51.76974,60.3],[0.35806,51.76988,60.3],[0.35776,51.77009,60.5],[0.35738,51.77037,60.9],[0.3573,51.77045,61.1],[0.35714,51.77057,61.4],[0.35671,51.77089,62.1],[0.35642,51.77109,61.7],[0.35636,51.77113,61.6],[0.35615,51.77129,61.3],[0.35568,51.77158,60.7],[0.35544,51.77171,60.5],[0.35534,51.77177,60.4],[0.35512,51.77189,60.1],[0.3546,51.77219,60.1],[0.35433,51.77235,60.5],[0.35407,51.7725,61.1],[0.35393,51.77257,61.6],[0.35379,51.77263,62],[0.35365,51.77269,62.4],[0.35347,51.77274,62.9],[0.35332,51.77277,63.3],[0.35331,51.77277,63.3],[0.35318,51.7728,63.2],[0.35299,51.77282,63],[0.35271,51.77286,62.7],[0.35246,51.77288,62.3],[0.35234,51.77289,62.3],[0.35196,51.77292,62.2],[0.35173,51.77294,62.1],[0.35138,51.77294,61.9],[0.35057,51.77291,61.5],[0.35014,51.77289,61.5],[0.34965,51.77286,62.1],[0.34916,51.77286,63],[0.34879,51.77289,63.2],[0.34835,51.77298,63.4],[0.34799,51.77306,63.7],[0.34787,51.77308,63.9],[0.34743,51.77313,64.3],[0.3469,51.77317,64.8],[0.34683,51.77317,64.8],[0.34654,51.7732,65.1],[0.34645,51.77321,65.2],[0.34614,51.7733,65.6],[0.3458,51.77346,66],[0.34526,51.77371,66.3],[0.34487,51.77387,66.9],[0.34484,51.77387,67],[0.34446,51.77398,67.9],[0.34438,51.774,68.1],[0.34428,51.77402,68.4],[0.3442,51.77403,68.6],[0.34408,51.77403,68.8],[0.3439,51.77404,69.2],[0.34302,51.77402,70.1],[0.34246,51.774,69.6],[0.34244,51.774,69.5],[0.34233,51.774,69.4],[0.34217,51.77399,69.3],[0.34195,51.77398,69],[0.34167,51.77398,68.8],[0.34132,51.77398,69.1],[0.34112,51.774,69.3],[0.34088,51.77403,69.6],[0.34045,51.77412,69.9],[0.34,51.77424,70],[0.33951,51.77439,70.4],[0.3394,51.77442,70.5],[0.33938,51.77443,70.5],[0.33845,51.77472,70.3],[0.338,51.77489,70.4],[0.33705,51.77526,70.5],[0.33658,51.77546,70.5],[0.33612,51.7756,70.8],[0.33588,51.77567,71],[0.3357,51.77572,71.1],[0.33559,51.77575,71.3],[0.33528,51.77584,71.6],[0.33506,51.77593,71.6],[0.33456,51.77612,70.8],[0.33388,51.77641,70.3],[0.33358,51.77654,70.2],[0.33267,51.77696,70.1],[0.33178,51.77737,70.2],[0.33173,51.77739,70.2],[0.33052,51.77796,69.4],[0.33035,51.77804,69.4],[0.32994,51.77825,69.1],[0.32904,51.7787,69.6],[0.32884,51.77881,70],[0.32869,51.77889,70.4],[0.32834,51.77905,71.6],[0.32772,51.77929,70],[0.32717,51.77947,69],[0.32715,51.77947,68.9],[0.32707,51.77949,68.8],[0.32685,51.77954,68.6],[0.3268,51.77956,68.6],[0.3266,51.7796,68.4],[0.32597,51.77973,67.4],[0.32591,51.77974,67.3],[0.32575,51.77976,67],[0.32569,51.77977,66.9],[0.32544,51.77981,66.6],[0.32477,51.77987,65.7],[0.32387,51.77994,64.7],[0.32341,51.78,64.1],[0.32325,51.78003,64],[0.32289,51.7801,63.8],[0.32241,51.78021,63.4],[0.32221,51.78029,63.5],[0.32202,51.78038,63.4],[0.32183,51.78056,63.3],[0.32181,51.78059,63.2],[0.3215,51.78098,63.2],[0.32137,51.78114,63.4],[0.32132,51.78122,63.5],[0.32115,51.78137,63.7],[0.32086,51.78156,63.8],[0.32085,51.78157,63.8],[0.32062,51.78168,63.8],[0.32017,51.78191,63.7],[0.31975,51.78211,64.1],[0.31971,51.78213,64.1],[0.31967,51.78215,64.2],[0.3195,51.78222,64.3],[0.31906,51.78234,64.6],[0.31839,51.78249,65],[0.31795,51.7826,65.1],[0.31774,51.78265,65.3],[0.31754,51.7827,65.5],[0.31677,51.78291,67],[0.31674,51.78292,67],[0.31626,51.78308,67],[0.31601,51.78316,66.7],[0.3159,51.7832,66.6],[0.31584,51.78324,66.6],[0.31581,51.78328,66.7],[0.31578,51.78331,66.7],[0.31572,51.78338,66.7],[0.31566,51.78346,66.7],[0.31564,51.7835,66.8],[0.3156,51.78362,66.9],[0.31559,51.78364,67],[0.31557,51.78376,67.2],[0.31553,51.78397,67.7],[0.31554,51.78415,68.2],[0.31554,51.78418,68.3],[0.31556,51.78433,68.8],[0.31557,51.78446,69.2],[0.31558,51.78453,69.4],[0.31559,51.78454,69.4],[0.31563,51.78475,70.1],[0.31567,51.78495,70.7],[0.31573,51.78525,71.5],[0.31575,51.78535,71.7],[0.31577,51.78543,72],[0.31581,51.78556,72.3],[0.31582,51.7856,72.4],[0.31583,51.78561,72.5],[0.31586,51.78567,72.7],[0.31595,51.78585,73.2],[0.31603,51.78598,73.1],[0.31612,51.78611,73],[0.31619,51.78621,73],[0.31624,51.78644,72.5],[0.31624,51.78658,72.2],[0.31619,51.78671,71.8],[0.31615,51.78681,71.7],[0.31611,51.78693,71.6],[0.31608,51.78699,71.5],[0.31605,51.78707,71.4],[0.31601,51.78724,71.3],[0.31601,51.78725,71.3],[0.31598,51.78784,71.8],[0.31601,51.78725,71.3],[0.31601,51.78724,71.3],[0.31601,51.78724,71.3],[0.31601,51.78725,71.3],[0.31598,51.78784,71.8],[0.31597,51.78809,72.3],[0.31593,51.78822,72.6],[0.31592,51.78824,72.7],[0.31591,51.78826,72.7],[0.31572,51.78859,73],[0.31554,51.78889,73],[0.3154,51.78908,73],[0.31529,51.78924,73.2],[0.31529,51.78925,73.3],[0.3151,51.78955,74.3],[0.31493,51.78976,75.1],[0.31483,51.78986,75.4],[0.31481,51.78988,75.4],[0.31479,51.7899,75.4],[0.31463,51.79002,75.6],[0.31455,51.79009,75.8],[0.31415,51.79032,76.1],[0.31398,51.79041,76.4],[0.31384,51.79049,76.5],[0.31376,51.79053,76.6],[0.31347,51.79069,76.8],[0.31324,51.79083,76.9],[0.31308,51.79093,76.7],[0.31293,51.79105,76.5],[0.31282,51.79114,76.4],[0.31243,51.79158,75.9],[0.31238,51.79164,75.9],[0.31214,51.79197,75.6],[0.31213,51.79199,75.6],[0.31201,51.79225,75.4],[0.31197,51.79239,75.4],[0.31191,51.79268,75.2],[0.3118,51.79323,75],[0.31178,51.79329,75],[0.3117,51.79356,74.7],[0.31159,51.79393,74.2],[0.31154,51.79409,73.9],[0.31146,51.79435,73.8],[0.31146,51.79437,73.8],[0.31145,51.79445,73.8],[0.31145,51.79447,73.8],[0.3114,51.79488,74],[0.31139,51.79501,74],[0.31138,51.7951,74.1],[0.31138,51.79536,74.3],[0.31137,51.79573,74.6],[0.31137,51.79593,74.8],[0.31137,51.79602,74.9],[0.3113,51.79607,74.8],[0.31122,51.79613,74.8],[0.31122,51.79613,74.8],[0.31119,51.79613,74.8],[0.31117,51.79613,74.8],[0.31116,51.79613,74.7],[0.31115,51.79613,74.7],[0.31114,51.79614,74.7],[0.31113,51.79614,74.7],[0.31113,51.79615,74.7],[0.31113,51.79616,74.7],[0.31113,51.79618,74.8],[0.31098,51.79623,74.7],[0.31095,51.79624,74.6],[0.31047,51.79629,74.5],[0.31026,51.79629,74.5],[0.31021,51.79629,74.5],[0.30982,51.79625,74.3],[0.30929,51.79618,73.6],[0.30923,51.79617,73.5],[0.3087,51.79608,73.1],[0.30827,51.796,73],[0.30771,51.79587,73],[0.30752,51.79583,73],[0.30747,51.79582,73],[0.3073,51.79579,72.9],[0.30707,51.79574,72.9],[0.30703,51.79573,72.9],[0.30701,51.79573,72.9],[0.30616,51.79557,72.3],[0.30559,51.79545,72],[0.30541,51.7954,72],[0.30521,51.79532,72],[0.30497,51.7952,72],[0.30485,51.79514,72],[0.30472,51.79509,72],[0.30469,51.79508,72],[0.30454,51.79503,72],[0.30451,51.79502,72],[0.30443,51.795,72],[0.30439,51.79499,72],[0.30431,51.79497,72],[0.30415,51.79494,71.9],[0.304,51.79492,71.9],[0.30369,51.79487,71.8],[0.30367,51.79487,71.8],[0.30345,51.79485,71.8],[0.30316,51.79485,71.4],[0.30294,51.79485,71],[0.30279,51.79484,70.6],[0.30253,51.7948,70.1],[0.30232,51.79476,69.7],[0.3021,51.79471,69.4],[0.30197,51.79469,69.2],[0.30154,51.7946,68.6],[0.30151,51.79459,68.5],[0.3011,51.7945,67.4],[0.30084,51.79445,66.7],[0.30025,51.79433,65.4],[0.29982,51.79423,64.5],[0.29972,51.7942,64.3],[0.29959,51.79417,64],[0.2995,51.79414,63.8],[0.29946,51.79412,63.7],[0.29933,51.79406,63.4],[0.29921,51.79396,63.1],[0.29918,51.79394,63],[0.2989,51.79369,62.7],[0.29864,51.79344,62.4],[0.29848,51.7933,62.1],[0.29836,51.79322,61.8],[0.29825,51.79316,61.4],[0.29777,51.79295,60],[0.29761,51.79288,59.6],[0.29744,51.79282,59.4],[0.29729,51.79275,59.2],[0.2968,51.79255,59],[0.29669,51.7925,59],[0.29635,51.79238,59.5],[0.29619,51.79229,59.8],[0.29571,51.79209,60.6],[0.29554,51.79201,60.9],[0.29547,51.79199,61],[0.29512,51.79187,61.6],[0.29468,51.79177,62.3],[0.29441,51.79171,62.7],[0.29411,51.79168,63],[0.29404,51.79167,63],[0.29382,51.79166,63],[0.29364,51.79166,63],[0.29307,51.79168,63.3],[0.29307,51.79168,63.3],[0.29303,51.79154,63.2],[0.293,51.79145,63.1],[0.29285,51.79111,62.9],[0.29276,51.79088,62.7],[0.29273,51.79073,62.5],[0.29269,51.79057,62.1],[0.29269,51.79055,62.1],[0.29266,51.79025,61.4],[0.29266,51.79003,60.9],[0.29266,51.79001,60.8],[0.29267,51.78987,61],[0.29271,51.78972,61.1],[0.29276,51.78959,61.2],[0.29282,51.78948,61.2],[0.2929,51.78928,61.4],[0.29293,51.78913,61.6],[0.29296,51.78904,61.9],[0.293,51.78876,62.9],[0.29301,51.78865,63.2],[0.29303,51.78846,63.9],[0.29303,51.78842,64.1],[0.29302,51.78834,64.4],[0.29301,51.78824,64.5],[0.29299,51.78815,64.7],[0.29296,51.78805,64.8],[0.2929,51.78797,64.9],[0.29276,51.78774,65.1],[0.29275,51.78772,65.1],[0.29267,51.78756,65.2],[0.29266,51.78749,65.2],[0.29266,51.78749,65.2],[0.29266,51.78749,65.2],[0.29265,51.78743,65.1],[0.29263,51.78701,64.4],[0.29262,51.78683,64.1],[0.29262,51.78671,63.9],[0.29259,51.78632,63.5],[0.29258,51.7863,63.5],[0.29257,51.78612,63.3],[0.29257,51.78609,63.2],[0.29258,51.78591,63],[0.29262,51.78576,62.7],[0.29272,51.78538,61.6],[0.29283,51.78505,60.7],[0.29286,51.78494,60.6],[0.29286,51.78493,60.7],[0.29289,51.78467,60.9],[0.29286,51.78439,61.3],[0.29278,51.78411,61.6],[0.29274,51.78391,61.4],[0.29274,51.7839,61.4],[0.29273,51.78387,61.4],[0.29272,51.78383,61.3],[0.29272,51.78374,61.2],[0.29271,51.7837,61.2],[0.29271,51.78356,61],[0.29271,51.78338,60.8],[0.29271,51.78333,60.7],[0.29271,51.78318,60.6],[0.2927,51.78315,60.5],[0.29269,51.78289,60.2],[0.29269,51.78284,60.2],[0.29268,51.78268,60],[0.29268,51.78266,60],[0.29268,51.78261,59.9],[0.29266,51.78248,59.8],[0.29265,51.78241,59.9],[0.2926,51.7823,60.1],[0.29258,51.78226,60.2],[0.29255,51.7822,60.3],[0.2924,51.78198,60.6],[0.29225,51.78175,60.9],[0.2922,51.78166,61],[0.29217,51.78159,61.1],[0.29216,51.78156,61.1],[0.29213,51.78146,61.2],[0.29213,51.78145,61.3],[0.29213,51.78141,61.3],[0.29212,51.78136,61.4],[0.29212,51.78128,61.5],[0.29212,51.78121,61.5],[0.29211,51.78098,61.8],[0.29211,51.78092,61.9],[0.2921,51.78066,62.1],[0.29208,51.78056,62.2],[0.29203,51.78021,62.4],[0.29203,51.7802,62.4],[0.29202,51.78015,62.5],[0.29199,51.78003,62.6],[0.29199,51.78002,62.6],[0.29197,51.77998,62.7],[0.29193,51.77983,62.8],[0.29179,51.77948,63.4],[0.29174,51.77932,63.7],[0.29165,51.77905,64],[0.29163,51.77892,64.1],[0.2916,51.77879,64.2],[0.29159,51.77874,64.2],[0.29156,51.77861,64.3],[0.29156,51.77857,64.3],[0.29152,51.77849,64.4],[0.29148,51.77843,64.4],[0.29143,51.77838,64.6],[0.29133,51.7783,64.9],[0.29102,51.77817,65.9],[0.29082,51.7781,66.6],[0.29073,51.77806,66.8],[0.29017,51.77783,68],[0.29,51.77773,68.4],[0.2899,51.77763,68.8],[0.28983,51.77751,69.2],[0.28982,51.77749,69.2],[0.28981,51.77744,69.3],[0.2898,51.77743,69.3],[0.28977,51.7773,69.4],[0.28972,51.77695,69.8],[0.28965,51.77678,69.9],[0.28955,51.77662,69.8],[0.28944,51.77648,69.3],[0.28942,51.77646,69.2],[0.28929,51.77633,68.7],[0.28922,51.77626,68.5],[0.28911,51.77618,68.3],[0.28903,51.7761,68.1],[0.28895,51.77603,67.9],[0.28879,51.77589,67.6],[0.28878,51.77588,67.6],[0.28869,51.77579,67.4],[0.28848,51.77561,66.8],[0.28809,51.77532,65.8],[0.28788,51.77515,65.3],[0.28771,51.775,64.7],[0.28756,51.77485,64.6],[0.28745,51.77471,64.3],[0.28729,51.77444,63.7],[0.28726,51.77437,63.6],[0.28717,51.7742,63.1],[0.28716,51.77418,63],[0.2871,51.77403,62.8],[0.28702,51.77385,62.6],[0.28697,51.7737,62.4],[0.28684,51.77338,62.1],[0.28684,51.77337,62],[0.28683,51.77334,62],[0.28667,51.77293,63],[0.28663,51.77284,63.2],[0.28657,51.77267,63.7],[0.28652,51.77254,64.1],[0.28637,51.77206,65.4],[0.28632,51.77191,65.8],[0.28622,51.77173,66.4],[0.28605,51.77139,67.4],[0.28602,51.77127,67.7],[0.28597,51.77109,68.2],[0.28595,51.77104,68.4],[0.28592,51.77074,68.9],[0.28591,51.77071,68.9],[0.28593,51.77056,68.9],[0.28596,51.77045,68.9],[0.28603,51.77034,68.9],[0.28614,51.77023,68.9],[0.28623,51.77013,68.9],[0.28636,51.77002,69],[0.28648,51.7699,68.9],[0.28652,51.76979,68.7],[0.28652,51.76975,68.6],[0.28652,51.76969,68.6],[0.28648,51.76957,68.4],[0.28639,51.76942,68.1],[0.2863,51.7693,67.8],[0.28614,51.76912,67.1],[0.28594,51.76894,66],[0.28585,51.76886,65.5],[0.28577,51.76879,65.2],[0.28559,51.76865,64.5],[0.28532,51.76855,64],[0.28514,51.76848,63.7],[0.28483,51.76839,63.5],[0.28453,51.76832,63.6],[0.28426,51.76825,64.1],[0.2841,51.76821,64.4],[0.28374,51.76816,64.9],[0.28354,51.76812,65.3],[0.28343,51.76809,65.5],[0.28338,51.76807,65.6],[0.28318,51.76797,66.1],[0.28298,51.76779,66.7],[0.28285,51.7675,67.6],[0.28284,51.76748,67.6],[0.28271,51.76727,68],[0.28259,51.76709,68.3],[0.28244,51.7669,68.8],[0.2824,51.76685,69],[0.28228,51.76675,69.4],[0.28207,51.76663,70],[0.28205,51.76662,70],[0.2819,51.76654,70.2],[0.28178,51.76648,70.3],[0.28156,51.76639,70.5],[0.28129,51.7663,70.8],[0.28095,51.76622,71.2],[0.28045,51.76613,71.7],[0.28037,51.76612,71.7],[0.2799,51.76603,72],[0.27967,51.76597,72.1],[0.27963,51.76595,72.1],[0.2795,51.7659,72],[0.27942,51.76586,72],[0.27939,51.76585,72],[0.27931,51.7658,71.8],[0.2792,51.76571,71.4],[0.27913,51.76565,71.1],[0.27906,51.76556,70.7],[0.27895,51.76535,69.8],[0.27885,51.76507,68.7],[0.27876,51.76471,68.7],[0.27875,51.76468,68.7],[0.27867,51.76432,69.1],[0.27865,51.76422,69.2],[0.2786,51.76397,69.7],[0.27857,51.76379,70.1],[0.27851,51.76345,70.8],[0.27848,51.76325,71.3],[0.27847,51.76316,71.6],[0.27845,51.76307,71.9],[0.27842,51.76295,72.3],[0.2784,51.7629,72.5],[0.27834,51.76273,73.2],[0.27833,51.76272,73.2],[0.27824,51.76255,73.9],[0.27813,51.76239,74.5],[0.27803,51.76224,75],[0.27782,51.76188,76.1],[0.27778,51.76181,76.3],[0.27774,51.76171,76.6],[0.27767,51.76157,76.8],[0.27759,51.76138,76.9],[0.2775,51.76123,77],[0.27741,51.76096,77],[0.27736,51.76076,76.9],[0.27729,51.76046,76.6],[0.27724,51.76012,76.1],[0.27723,51.76005,76.1],[0.2772,51.75978,76.5],[0.2772,51.75976,76.5],[0.27721,51.75949,77],[0.27721,51.75941,77.2],[0.27722,51.75868,76.9],[0.27724,51.75819,76.3],[0.27728,51.75786,76.1],[0.27729,51.75779,76.1],[0.27732,51.75761,76],[0.27734,51.75743,76],[0.27734,51.75741,76],[0.2774,51.75696,76.1],[0.27741,51.75672,76.1],[0.27739,51.75651,76],[0.27737,51.75635,75.8],[0.27735,51.75625,75.8],[0.27733,51.75617,75.7],[0.27726,51.75584,75.6],[0.27723,51.75564,74.8],[0.27722,51.7556,74.6],[0.27721,51.75546,74],[0.27712,51.75474,71.4],[0.27712,51.75473,71.4],[0.27709,51.75449,70.8],[0.27708,51.75438,70.5],[0.27707,51.75426,70.2],[0.27702,51.75407,69.8],[0.277,51.75403,69.8],[0.27694,51.75388,69.5],[0.27686,51.75368,69.3],[0.27678,51.75346,69],[0.27674,51.75333,68.9],[0.27669,51.75315,67.9],[0.27666,51.75306,67.3],[0.2766,51.7528,65.7],[0.2766,51.75279,65.7],[0.27659,51.7527,65.2],[0.27661,51.75262,64.7],[0.27661,51.75259,64.5],[0.27666,51.75248,63.9],[0.27668,51.75244,63.8],[0.2767,51.75241,63.7],[0.27682,51.7523,63.5],[0.27683,51.75229,63.4],[0.27692,51.75222,63.3],[0.27703,51.75216,63.2],[0.27709,51.75212,63.1],[0.27727,51.75205,63.1],[0.27749,51.75197,63.1],[0.27772,51.75187,63],[0.27775,51.75186,63],[0.27784,51.75182,63],[0.27795,51.75174,62.8],[0.27796,51.75174,62.8],[0.27806,51.75166,62.6],[0.27815,51.75157,62.4],[0.27821,51.7515,62.3],[0.27826,51.75143,62.1],[0.27837,51.75124,61.5],[0.27843,51.75108,60.9],[0.27845,51.75102,60.7],[0.27847,51.75094,60.4],[0.27851,51.75077,59.8],[0.27853,51.75055,59.1],[0.27853,51.75051,58.9],[0.27854,51.75037,58.5],[0.27855,51.75023,58],[0.27855,51.75019,57.9],[0.27856,51.74997,57.2],[0.27855,51.74983,56.7],[0.27854,51.74979,56.6],[0.27854,51.74972,56.3],[0.27852,51.74965,56.1],[0.27849,51.74952,55.6],[0.27846,51.74933,54.9],[0.27845,51.74932,54.8],[0.27836,51.74911,54],[0.27831,51.74899,53.8],[0.27826,51.74889,53.8],[0.27824,51.74882,53.7],[0.27818,51.74864,53.7],[0.27813,51.74837,53.5],[0.27812,51.74831,53.5],[0.27808,51.74804,53.5],[0.27807,51.74795,53.5],[0.27803,51.74775,53.5],[0.27797,51.74748,53.4],[0.27796,51.74727,53.4],[0.27796,51.7471,53.4],[0.27797,51.74696,53.4],[0.27802,51.74677,53.4],[0.27807,51.74664,53.3],[0.27814,51.7465,52.8],[0.27823,51.74629,52.2],[0.27825,51.74625,52.1],[0.27827,51.74619,51.9],[0.2783,51.74608,51.6],[0.27835,51.74583,51],[0.27834,51.74563,50.8],[0.27831,51.74536,50.5],[0.27826,51.74523,50.4],[0.27821,51.74507,50.2],[0.27821,51.74507,50.2],[0.27815,51.74506,50.3],[0.27809,51.74505,50.4],[0.27804,51.74501,50.4],[0.27796,51.74493,50.4],[0.27787,51.74482,50.5],[0.27779,51.74469,50.5],[0.27774,51.74457,50.6],[0.27774,51.74457,50.6],[0.27772,51.74451,50.6],[0.27771,51.74445,50.6],[0.27771,51.74435,50.6],[0.27771,51.74435,50.6],[0.27765,51.74428,50.7],[0.27729,51.74388,51.3],[0.27728,51.74386,51.3],[0.27693,51.74347,51.7],[0.27659,51.74309,51.5],[0.27645,51.74293,51.3],[0.27644,51.74292,51.3],[0.27639,51.74287,51.2],[0.27614,51.74258,50.8],[0.27605,51.74246,50.7],[0.27604,51.74244,50.8],[0.27603,51.74243,50.8],[0.27602,51.74242,50.8],[0.27591,51.74229,50.9],[0.27578,51.74209,51.1],[0.27569,51.74194,51.2],[0.27557,51.74172,51.3],[0.27545,51.74148,51.1],[0.27542,51.74143,51.1],[0.27542,51.74142,51.1],[0.27529,51.74117,50.8],[0.27512,51.74093,50.8],[0.275,51.74078,50.9],[0.27498,51.74075,50.9],[0.27478,51.74051,50.3],[0.27473,51.74046,50.2],[0.27472,51.74044,50.2],[0.27458,51.74029,49.8],[0.27434,51.74005,49.3],[0.27415,51.73991,49.1],[0.27394,51.73978,49.3],[0.27367,51.73964,49.4],[0.27362,51.73961,49.5],[0.27349,51.73955,49.5],[0.27339,51.7395,49.6],[0.27317,51.73939,50.1],[0.2727,51.73918,51.5],[0.27248,51.73913,52],[0.2723,51.7391,52.3],[0.27204,51.73908,52.6],[0.27165,51.73906,53.2],[0.27122,51.73907,53.7],[0.2712,51.73907,53.7],[0.27098,51.73908,54],[0.2707,51.73909,54.3],[0.27043,51.73909,54.7],[0.27017,51.73908,55],[0.27008,51.73908,55.1],[0.27004,51.73907,55.2],[0.26992,51.73906,55.4],[0.26966,51.73902,55.8],[0.26949,51.73899,56],[0.26927,51.73893,56.4],[0.26908,51.73888,56.8],[0.26895,51.73884,57],[0.26882,51.7388,57.3],[0.2685,51.73867,58],[0.26803,51.73848,59],[0.26774,51.73834,59.7],[0.26764,51.7383,59.9],[0.26761,51.73828,59.9],[0.26735,51.73815,60.2],[0.26719,51.73805,60.3],[0.26697,51.73793,60.5],[0.26689,51.73788,60.5],[0.26678,51.73781,60.6],[0.26658,51.73767,61],[0.26643,51.73754,61.5],[0.26639,51.7375,61.7],[0.26622,51.73734,62.1],[0.26603,51.73715,62.5],[0.26597,51.73708,62.7],[0.26596,51.73707,62.7],[0.26587,51.73698,62.9],[0.26579,51.73688,63.1],[0.26568,51.73677,63.2],[0.26567,51.73676,63.2],[0.26544,51.73649,62.8],[0.26529,51.73629,62.3],[0.26527,51.73626,62.2],[0.26517,51.7361,61.8],[0.26507,51.73593,61.3],[0.26504,51.73589,61.2],[0.26498,51.73576,60.9],[0.26496,51.73571,60.9],[0.26488,51.73553,60.8],[0.26483,51.73541,60.7],[0.26477,51.73527,60.6],[0.26467,51.73506,60.5],[0.26461,51.73493,60.5],[0.26445,51.73463,60.8],[0.26424,51.73433,61.6],[0.26406,51.73409,62.4],[0.26384,51.73385,63.5],[0.26383,51.73384,63.6],[0.26365,51.73367,64.4],[0.26343,51.73348,65.4],[0.26329,51.73336,66],[0.2629,51.73311,66.8],[0.26272,51.73301,67.1],[0.2625,51.73289,67.5],[0.26239,51.73284,67.6],[0.26227,51.73278,67.8],[0.26204,51.73267,68.2],[0.2619,51.73261,68.5],[0.26139,51.7324,69.3],[0.261359,51.73239,69.3],[0.26107,51.73228,69.6],[0.26083,51.73218,70],[0.260579,51.73208,70.2],[0.260529,51.73206,70.2],[0.259969,51.73182,70.8],[0.259249,51.73149,70],[0.259,51.73132,70],[0.25874,51.73114,70.1],[0.25857,51.73099,70.4],[0.25844,51.73084,70.9],[0.25837,51.73072,70.8],[0.25834,51.73065,70.8],[0.25827,51.73046,70.5],[0.258249,51.73041,70.4],[0.25824,51.73037,70.3],[0.25813,51.73005,69.8],[0.257969,51.72973,69.1],[0.25776,51.7294,68.4],[0.25754,51.72909,67.9],[0.257469,51.72902,67.8],[0.25722,51.72874,67.8],[0.25688,51.72836,68.5],[0.25654,51.72796,68.4],[0.25634,51.7277,67.8],[0.256249,51.72758,67.6],[0.25617,51.72747,67.4],[0.2559,51.72701,68.2],[0.255699,51.72663,69],[0.25568,51.7266,69.1],[0.25533,51.72608,69.3],[0.255199,51.72588,69.2],[0.25502,51.72559,68.7],[0.25491,51.72545,68.4],[0.25478,51.72529,68],[0.25462,51.72513,67.6],[0.25446,51.72491,67.1],[0.25422,51.7246,66],[0.254029,51.72433,65.4],[0.25385,51.72405,64.6],[0.25372,51.72384,63.8],[0.25363,51.72372,63.4],[0.253479,51.72357,62.9],[0.25341,51.72352,62.7],[0.2533,51.72342,62.3],[0.25329,51.72338,62.1],[0.25329,51.72331,61.9],[0.25328,51.7233,61.9],[0.25327,51.72318,61.7],[0.25327,51.72313,61.7],[0.25328,51.72312,61.7],[0.25328,51.72311,61.7],[0.25328,51.7231,61.7],[0.25328,51.72309,61.6],[0.25328,51.72308,61.6],[0.25328,51.72307,61.6],[0.25328,51.72306,61.6],[0.25328,51.72305,61.6],[0.25327,51.72305,61.6],[0.25327,51.72304,61.6],[0.253259,51.72303,61.5],[0.253249,51.72302,61.5],[0.253249,51.72301,61.5],[0.25324,51.72301,61.5],[0.25323,51.723,61.5],[0.25322,51.723,61.5],[0.25322,51.72299,61.5],[0.25321,51.72299,61.4],[0.253199,51.72299,61.4],[0.25319,51.72298,61.4],[0.25317,51.72297,61.4],[0.25316,51.72297,61.4],[0.25315,51.72297,61.3],[0.253139,51.72297,61.3],[0.25313,51.72297,61.3],[0.25312,51.72297,61.3],[0.25311,51.72297,61.3],[0.2531,51.72297,61.3],[0.253089,51.72297,61.3],[0.25308,51.72297,61.3],[0.25307,51.72298,61.3],[0.25306,51.72298,61.2],[0.25305,51.72298,61.2],[0.25288,51.72294,61],[0.252749,51.7229,60.8],[0.25272,51.7229,60.7],[0.252589,51.72283,60.5],[0.25254,51.7228,60.4],[0.25249,51.72277,60.3],[0.252369,51.72264,60],[0.25228,51.72254,59.8],[0.25221,51.72241,59.4],[0.25211,51.72227,58.8],[0.25199,51.72215,58.4],[0.25194,51.7221,58.2],[0.251859,51.72202,57.9],[0.251759,51.72194,57.7],[0.25171,51.72189,57.6],[0.25166,51.72185,57.4],[0.25158,51.72176,57.3],[0.25146,51.72161,57.2],[0.25139,51.72144,57.2],[0.25134,51.72125,57.2],[0.25133,51.72124,57.2],[0.25133,51.72122,57.2],[0.25128,51.72105,57.1],[0.25123,51.72087,57],[0.25117,51.72072,57.2],[0.251139,51.72064,57.3],[0.25099,51.72032,58],[0.25095,51.72024,58.2],[0.25091,51.72017,58.4],[0.25084,51.72005,58.9],[0.250699,51.71986,59.2],[0.25063,51.71979,59.2],[0.250529,51.71969,59.4],[0.25034,51.71951,59.6],[0.250139,51.71932,59.8],[0.24969,51.71891,60.3],[0.24967,51.71889,60.3],[0.24946,51.71873,60.5],[0.24923,51.71854,60.8],[0.24882,51.71818,61.3],[0.24848,51.71792,61.9],[0.24844,51.71789,62],[0.24838,51.71785,62.1],[0.24823,51.71776,62.2],[0.24791,51.71762,62.1],[0.24771,51.71754,62.1],[0.24756,51.71747,62.1],[0.24751,51.71745,62.1],[0.24715,51.71724,62.4],[0.24682,51.71702,63],[0.24664,51.71689,63.4],[0.24652,51.71678,63.5],[0.24649,51.71675,63.6],[0.24648,51.71674,63.6],[0.24638,51.71662,63.7],[0.24623,51.71641,63.6],[0.24622,51.71639,63.6],[0.24605,51.71613,63.7],[0.24591,51.71589,63.9],[0.24572,51.71566,64.4],[0.24539,51.71527,65.4],[0.24534,51.71516,65.6],[0.24531,51.71508,65.8],[0.24527,51.71498,66],[0.24524,51.71483,65.9],[0.24523,51.71478,65.9],[0.2452,51.7147,65.9],[0.24511,51.71446,65.9],[0.24505,51.71423,65.9],[0.245,51.71402,65.8],[0.24496,51.71383,65.6],[0.24495,51.71352,65.2],[0.24495,51.71342,65.1],[0.24495,51.71323,65],[0.24495,51.71309,65],[0.24495,51.71303,65],[0.24505,51.71288,65],[0.24505,51.71288,65],[0.24511,51.71287,64.9],[0.24514,51.71286,64.9],[0.24517,51.71286,64.9],[0.2452,51.71285,64.9],[0.24522,51.71284,64.9],[0.24524,51.71282,64.9],[0.24527,51.71281,64.9],[0.24529,51.7128,64.9],[0.24531,51.71277,64.9],[0.24533,51.71275,64.9],[0.24534,51.71273,64.9],[0.24535,51.71271,64.9],[0.24536,51.71268,64.9],[0.24536,51.71266,64.9],[0.24536,51.71263,64.9],[0.24536,51.71261,64.9],[0.24535,51.71259,65],[0.24534,51.71256,65],[0.24532,51.71254,65],[0.24531,51.71252,65],[0.24528,51.7125,65],[0.24526,51.71249,65],[0.24524,51.71247,65],[0.24521,51.71246,65],[0.24518,51.71244,64.9],[0.24515,51.71244,64.9],[0.24512,51.71243,64.9],[0.24509,51.71242,64.9],[0.24506,51.71242,64.9],[0.24503,51.71242,64.9],[0.24499,51.71242,64.9],[0.24496,51.71242,64.9],[0.24493,51.71242,64.8],[0.2449,51.71243,64.8],[0.24485,51.71244,64.7],[0.24483,51.71245,64.7],[0.2448,51.71246,64.7],[0.24477,51.71247,64.7],[0.24475,51.71249,64.7],[0.24473,51.7125,64.7],[0.24471,51.71252,64.7],[0.2447,51.71254,64.7],[0.24428,51.71266,64.3],[0.2441,51.71268,64.2],[0.24381,51.71271,64.3],[0.24345,51.71274,64.3],[0.24338,51.71275,64.3],[0.24308,51.71277,64.1],[0.24263,51.7128,63.8],[0.24229,51.71282,63.6],[0.24222,51.71282,63.6],[0.24217,51.71282,63.5],[0.24177,51.71283,63.3],[0.24087,51.71285,61.3],[0.24047,51.71286,60.7],[0.23962,51.71288,59],[0.23889,51.71289,57.4],[0.2386,51.7129,56.9],[0.23779,51.71292,54.9],[0.23739,51.71293,53.8],[0.23716,51.71293,53.2],[0.23692,51.71294,52.6],[0.23659,51.71296,51.8],[0.23645,51.71298,51.5],[0.23635,51.71298,51.2],[0.2363,51.71299,51.1],[0.2361,51.71302,50.6],[0.23588,51.71306,50.1],[0.2358,51.71307,49.9],[0.2357,51.7131,49.7],[0.23536,51.71318,48.9],[0.23513,51.71323,48.3],[0.23501,51.71325,48],[0.23488,51.71327,47.7],[0.23487,51.71327,47.7],[0.23477,51.71328,47.4],[0.23473,51.71328,47.4],[0.23464,51.71329,47.1],[0.23452,51.7133,46.8],[0.23444,51.7133,46.7],[0.2344,51.7133,46.6],[0.2343,51.7133,46.3],[0.23419,51.7133,46.1],[0.23386,51.71329,45.6],[0.23338,51.71328,45.6],[0.2331,51.71328,45.6],[0.2329,51.71329,45.6],[0.23276,51.71331,45.7],[0.23259,51.71334,45.9],[0.23241,51.71337,46.1],[0.23224,51.71342,46.3],[0.23211,51.71346,46.5],[0.23195,51.71352,46.7],[0.23179,51.71359,46.9],[0.23162,51.71367,47],[0.23129,51.71385,47],[0.23119,51.7139,47],[0.23109,51.71394,47],[0.23092,51.714,47],[0.23058,51.71412,47],[0.23056,51.71412,47],[0.23053,51.71413,47],[0.22955,51.71444,47.2],[0.229,51.7146,47.6],[0.22897,51.71461,47.6],[0.22882,51.71465,47.7],[0.2287,51.71469,47.7],[0.22845,51.71477,47.9],[0.22832,51.71481,48],[0.22806,51.71493,48.3],[0.22788,51.71503,48.6],[0.22777,51.7151,48.7],[0.22774,51.71512,48.8],[0.22765,51.7152,48.9],[0.22757,51.71529,48.9],[0.22749,51.71538,49],[0.22744,51.71548,49],[0.22739,51.71561,49],[0.22734,51.71578,49],[0.22728,51.71614,49.6],[0.22726,51.71628,49.9],[0.22723,51.71644,50.2],[0.22721,51.71656,50.4],[0.22718,51.71667,50.6],[0.22714,51.71678,50.4],[0.22711,51.71686,50.3],[0.22705,51.71697,50.1],[0.22704,51.71698,50.1],[0.227,51.71705,49.9],[0.22694,51.71714,49.8],[0.22685,51.71723,49.5],[0.22676,51.71731,49.3],[0.22658,51.71743,49.3],[0.22637,51.71758,49.8],[0.22619,51.7177,50.2],[0.22605,51.7178,50.6],[0.22594,51.71786,50.8],[0.22579,51.71795,51],[0.22568,51.71801,51.1],[0.22552,51.71809,51.1],[0.22538,51.71816,51.1],[0.22523,51.71823,51.1],[0.22509,51.71828,51.1],[0.22497,51.71834,51],[0.22476,51.71842,51],[0.22456,51.7185,51],[0.22403,51.7187,51.5],[0.22396,51.71873,51.6],[0.2238,51.7188,51.8],[0.22367,51.71887,52],[0.22361,51.7189,52.1],[0.22349,51.71898,52.4],[0.2234,51.71904,52.6],[0.22328,51.71914,52.9],[0.22326,51.71915,52.9],[0.22318,51.71922,52.8],[0.22312,51.71928,52.7],[0.22296,51.71943,52.6],[0.22295,51.71945,52.5],[0.22277,51.71963,52.3],[0.22264,51.71975,52.2],[0.22252,51.71985,52],[0.22241,51.71993,51.9],[0.22229,51.72,51.7],[0.22214,51.72007,51.8],[0.22204,51.72011,51.8],[0.22179,51.72021,51.9],[0.2217,51.72025,51.9],[0.22155,51.72031,52],[0.2215,51.72033,52],[0.22075,51.72061,52.2],[0.22054,51.72069,52.5],[0.22042,51.72074,52.7],[0.22031,51.72077,52.8],[0.22017,51.72081,52.9],[0.2201,51.72083,53],[0.21999,51.72085,53],[0.21973,51.72088,53],[0.21948,51.7209,53],[0.21913,51.72091,52.9],[0.21904,51.72092,52.9],[0.21839,51.72092,52.8],[0.21828,51.72093,52.7],[0.21785,51.72093,52.3],[0.21712,51.72093,52],[0.21681,51.72094,52],[0.21668,51.72094,52],[0.21652,51.72095,52.2],[0.21639,51.72095,52.4],[0.21622,51.72095,52.7],[0.21616,51.72095,52.8],[0.21593,51.72096,53.2],[0.21559,51.72097,53.7],[0.21552,51.72098,53.8],[0.21544,51.72098,53.9],[0.21499,51.721,54.6],[0.21465,51.72102,54.9],[0.21457,51.72103,55],[0.2144,51.72104,55.1],[0.21437,51.72104,55.1],[0.21391,51.72108,55.3],[0.21344,51.72113,55.4],[0.21342,51.72113,55.4],[0.21305,51.72119,55.5],[0.21272,51.72126,55.5],[0.21238,51.72134,55.4],[0.21205,51.72142,55.3],[0.21204,51.72142,55.3],[0.21155,51.72154,55.3],[0.21151,51.72155,55.3],[0.21132,51.7216,55.5],[0.21124,51.72162,55.6],[0.21123,51.72162,55.6],[0.21087,51.72171,55.9],[0.2107,51.72175,55.9],[0.21058,51.72178,55.9],[0.21037,51.72186,55.8],[0.21023,51.72191,55.7],[0.20992,51.72205,55.6],[0.20979,51.72211,55.7],[0.20973,51.72214,55.8],[0.20964,51.72219,55.8],[0.20936,51.72234,56],[0.20911,51.72247,56.1],[0.20884,51.7226,56.6],[0.20881,51.72261,56.7],[0.2087,51.72266,56.9],[0.2086,51.7227,57.2],[0.20825,51.72282,57.9],[0.20782,51.72295,59],[0.20774,51.72298,59.2],[0.20738,51.72309,59.9],[0.20731,51.72311,60],[0.20709,51.72318,60.3],[0.20679,51.72328,60.8],[0.20657,51.72335,61.2],[0.20626,51.72347,61.9],[0.20599,51.72358,62.6],[0.20595,51.72359,62.7],[0.20577,51.72367,63.3],[0.20564,51.72373,63.8],[0.20555,51.72377,64.1],[0.20532,51.72386,64.9],[0.20505,51.72397,66],[0.20472,51.72409,67],[0.20426,51.72424,68],[0.20324,51.72457,70.6],[0.20266,51.72476,72.5],[0.20219,51.72491,73.9],[0.20173,51.72505,75],[0.20144,51.72514,75.7],[0.20125,51.72519,76.1],[0.20105,51.72524,76.5],[0.20082,51.72529,77],[0.20076,51.7253,77.1],[0.20049,51.72533,77.4],[0.20033,51.72534,77.5],[0.20006,51.72535,77.7],[0.19989,51.72535,77.7],[0.19966,51.72535,77.7],[0.19931,51.72534,77.8],[0.19906,51.72533,77.7],[0.19902,51.72533,77.7],[0.19837,51.72531,77.4],[0.19734,51.72527,77.8],[0.19672,51.72526,78.3],[0.19638,51.72525,78.1],[0.19617,51.72524,77.8],[0.196,51.72521,77.7],[0.19583,51.72518,77.6],[0.19567,51.72513,77.5],[0.19558,51.7251,77.5],[0.19553,51.72509,77.5],[0.19533,51.72501,77.4],[0.19522,51.72497,77.3],[0.19491,51.72483,77.1],[0.19451,51.72465,77.8],[0.19434,51.72459,78.2],[0.19418,51.72453,78.5],[0.19413,51.72451,78.6],[0.19404,51.72448,78.8],[0.1939,51.72445,79],[0.19386,51.72444,79],[0.19375,51.72441,79.2],[0.19357,51.72438,79.5],[0.1934,51.72435,79.7],[0.19323,51.72433,79.8],[0.19291,51.7243,79.8],[0.19264,51.72428,79.9],[0.19229,51.72425,79.9],[0.19209,51.72424,79.9],[0.19148,51.72419,80.2],[0.19121,51.72417,80.5],[0.19022,51.72409,81.9],[0.18997,51.72407,82.1],[0.18981,51.72406,81.9],[0.18962,51.72406,81.7],[0.18941,51.72408,81.5],[0.18912,51.7241,81.2],[0.18897,51.72412,81.1],[0.18897,51.72412,81.1],[0.18885,51.72413,81.1],[0.18863,51.72414,81.1],[0.18857,51.72415,81],[0.18835,51.72415,81],[0.18823,51.72415,80.9],[0.18806,51.72415,80.7],[0.18792,51.72415,80.5],[0.18777,51.72414,80.4],[0.18753,51.72413,80.1],[0.18716,51.72411,79.7],[0.1867,51.7241,79.1],[0.18647,51.72409,79.3],[0.18591,51.72406,80],[0.18589,51.72406,80.1],[0.1856,51.72405,80.4],[0.18522,51.72404,80.8],[0.18502,51.72403,81],[0.18476,51.72402,81.6],[0.18386,51.72399,83.7],[0.18357,51.72398,84.4],[0.18343,51.72398,84.8],[0.18304,51.72398,85.7],[0.18272,51.72399,86.5],[0.18254,51.72399,86.9],[0.18209,51.72399,87.5],[0.18198,51.72398,87.6],[0.18184,51.72396,87.8],[0.18175,51.72396,87.9],[0.18135,51.72394,88.9],[0.18133,51.72393,88.9],[0.18132,51.72392,89],[0.18131,51.72391,89],[0.18129,51.72391,89],[0.18128,51.7239,89.1],[0.18126,51.7239,89.1],[0.18125,51.72389,89.2],[0.18123,51.72389,89.2],[0.1811,51.72374,89.7],[0.18087,51.72355,90.6],[0.18073,51.72343,91.1],[0.18037,51.72315,92.1],[0.18016,51.72296,92.6],[0.17984,51.72261,93.2],[0.17975,51.72248,93.3],[0.1797,51.72242,93.5],[0.17948,51.72214,94.3],[0.17947,51.72212,94.4],[0.17945,51.7221,94.5],[0.17907,51.72161,96],[0.17883,51.72132,96],[0.17865,51.72114,96],[0.17855,51.72105,96],[0.17836,51.72087,96],[0.17833,51.72085,96],[0.17816,51.72071,95.5],[0.17798,51.72055,94.9],[0.17792,51.72051,94.7],[0.17789,51.72048,94.6],[0.17729,51.71998,92.8],[0.17703,51.71977,92.7],[0.17702,51.71976,92.7],[0.17702,51.71976,92.7],[0.17682,51.71961,92.7],[0.17665,51.71951,92.6],[0.17649,51.71943,92.3],[0.17622,51.71933,91.8],[0.17589,51.71924,91.1],[0.17561,51.71919,90.7],[0.17542,51.71916,90.5],[0.17533,51.71915,90.4],[0.17505,51.71912,90],[0.17479,51.71909,89.4],[0.1743,51.719,88.1],[0.17402,51.71894,87.6],[0.17367,51.71885,87],[0.1735,51.7188,86.8],[0.17222,51.71848,84.9],[0.17149,51.71829,84],[0.1712,51.71822,83.8],[0.17084,51.71813,83.5],[0.16987,51.71788,82.2],[0.16987,51.71787,82.2],[0.16987,51.71786,82.1],[0.16986,51.71785,82.1],[0.16985,51.71785,82.1],[0.16984,51.71785,82.1],[0.16983,51.71785,82.1],[0.16982,51.71785,82],[0.16981,51.71786,82.1],[0.16977,51.71786,82],[0.16882,51.71761,80.4],[0.16857,51.71755,80.2],[0.16832,51.71747,80],[0.16828,51.71745,79.9],[0.16816,51.71736,79.8],[0.16809,51.7173,79.7],[0.16794,51.71707,79.5],[0.16777,51.71675,79.3],[0.16768,51.71664,79.2],[0.16764,51.7166,79.2],[0.16748,51.71647,79.2],[0.16747,51.71647,79.2],[0.16723,51.71632,79.4],[0.16723,51.71632,79.4],[0.16705,51.71621,79.5],[0.16696,51.71613,79.6],[0.1669,51.71606,79.7],[0.16683,51.71598,79.8],[0.16675,51.71584,80],[0.16658,51.71552,80.1],[0.1663,51.71517,80.8],[0.16614,51.71501,81.3],[0.16593,51.71482,81.8],[0.16557,51.71455,82.1],[0.16544,51.71447,82.2],[0.16496,51.71417,82.1],[0.16424,51.7138,82.9],[0.16384,51.7136,83.1],[0.16372,51.71354,83.1],[0.16341,51.71338,83.1],[0.16328,51.71332,83.1],[0.16318,51.71327,83.4],[0.16306,51.71321,83.8],[0.16262,51.71301,84.8],[0.16225,51.71291,85.3],[0.16225,51.7129,85.3],[0.16226,51.7129,85.3],[0.16226,51.71289,85.3],[0.16225,51.71288,85.3],[0.16224,51.71287,85.3],[0.16223,51.71287,85.3],[0.16221,51.71286,85.3],[0.16217,51.71285,85.3],[0.16214,51.71285,85.4],[0.16211,51.71285,85.4],[0.1621,51.71285,85.4],[0.16209,51.71285,85.4],[0.16208,51.71286,85.4],[0.16207,51.71286,85.4],[0.16207,51.71287,85.5],[0.16197,51.71285,85.5],[0.16161,51.7128,85.8],[0.16137,51.71276,86],[0.16006,51.71258,87.1],[0.15982,51.71255,87.3],[0.15948,51.71251,87.7],[0.15928,51.7125,87.9],[0.15906,51.7125,88.1],[0.15866,51.7125,88.6],[0.15796,51.71258,90.2],[0.15737,51.71266,91.9],[0.15643,51.71278,94.1],[0.15641,51.71279,94.2],[0.15599,51.71289,95.2],[0.15591,51.7129,95.3],[0.15558,51.71295,95.8],[0.15528,51.71296,96.2],[0.15474,51.71296,96.5],[0.15358,51.71291,96.5],[0.15355,51.71291,96.5],[0.15281,51.71287,96.9],[0.1525,51.71285,97.2],[0.15189,51.71283,97.2],[0.15177,51.71283,97.2],[0.15176,51.71283,97.2],[0.15112,51.71284,96.5],[0.15039,51.71288,96.1],[0.15033,51.71289,96.1],[0.14995,51.71292,96.1],[0.14903,51.71298,97],[0.14859,51.71299,97.5],[0.1483,51.71299,97.8],[0.14828,51.71299,97.8],[0.14753,51.71298,97.7],[0.14677,51.71295,97.8],[0.14627,51.71292,98],[0.1462,51.71291,98],[0.14571,51.71288,98.2],[0.14541,51.71284,98.4],[0.14507,51.71281,98.6],[0.14484,51.71278,98.6],[0.14456,51.71275,98.5],[0.14427,51.71272,98.5],[0.14415,51.7127,98.5],[0.14347,51.71262,98.6],[0.14277,51.71253,100.2],[0.14264,51.7125,100.7],[0.14244,51.71245,101.2],[0.14214,51.71236,101.9],[0.1415,51.71213,103.1],[0.14055,51.71172,104.8],[0.1404,51.71165,105.2],[0.14018,51.71155,106.3],[0.14016,51.71154,106.4],[0.13945,51.71123,109.2],[0.13922,51.71113,109.9],[0.13896,51.71101,110.5],[0.13876,51.71093,110.8],[0.13874,51.71092,110.8],[0.13851,51.71082,111],[0.1384,51.71077,111.2],[0.1384,51.71077,111.2],[0.13835,51.71075,111.2],[0.13779,51.71058,110.8],[0.13749,51.7105,110.4],[0.13747,51.7105,110.4],[0.1372,51.71043,110.1],[0.13568,51.71006,107.8],[0.1356,51.71003,107.7],[0.13558,51.71003,107.7],[0.13532,51.70996,107.5],[0.13398,51.70961,105.5],[0.13325,51.70941,104.5],[0.13245,51.70911,106.1],[0.13238,51.70909,106.2],[0.13177,51.70884,106.8],[0.13147,51.70873,107.5],[0.13095,51.70852,109.3],[0.13059,51.70838,110.2],[0.130203,51.70823,110.7],[0.129953,51.70814,111.1],[0.129315,51.70794,112.6],[0.12895,51.70785,113.3],[0.128288,51.70767,114.1],[0.12817,51.70764,114.4],[0.12752,51.70745,115.8],[0.12692,51.70729,116.9],[0.12651,51.70717,117],[0.126346,51.70713,116.7],[0.125568,51.70692,115.6],[0.12511,51.70679,115.3],[0.12431,51.70657,116.4],[0.1237,51.7064,117.3],[0.12306,51.70621,117.9],[0.12217,51.70595,118.7],[0.12174,51.70584,118.9],[0.12167,51.70582,118.9],[0.12099,51.70564,116.2],[0.11963,51.70527,113.9],[0.1194,51.70521,113.8],[0.11932,51.7052,113.7],[0.11928,51.70519,113.7],[0.11921,51.70519,113.6],[0.11916,51.70519,113.5],[0.11911,51.7052,113.5],[0.11905,51.70521,113.4],[0.11905,51.70521,113.4],[0.11899,51.70513,113.5],[0.11889,51.70503,113.6],[0.11875,51.70488,113.5],[0.1187,51.70482,113.4],[0.11854,51.70465,113.2],[0.11836,51.70445,113],[0.11825,51.70435,112.8],[0.11815,51.70425,112.6],[0.11783,51.70389,111.5],[0.11743,51.70346,110],[0.11735,51.70337,109.7],[0.11715,51.70317,108.5],[0.11715,51.70317,108.5],[0.11689,51.70291,106.9],[0.11654,51.70258,105],[0.11649,51.70251,104.6],[0.11611,51.70221,104.6],[0.11582,51.70198,104.9],[0.11562,51.70185,105.2],[0.11561,51.70184,105.3],[0.11502,51.70149,106.9],[0.11468,51.70129,107.2],[0.11441,51.70113,107.6],[0.11436,51.70109,107.8],[0.11403,51.70094,108.3],[0.11401,51.70093,108.4],[0.11366,51.70072,109.1],[0.11348,51.70061,109],[0.11296,51.70024,108.7],[0.11289,51.70019,108.8],[0.11248,51.69989,109],[0.11238,51.69982,109],[0.11221,51.69969,109],[0.11165,51.69925,109],[0.11159,51.6992,109],[0.11123,51.69889,109.2],[0.11106,51.69874,109.4],[0.11072,51.69844,109.9],[0.11063,51.69836,110],[0.11063,51.69835,110],[0.11064,51.69835,110],[0.11064,51.69834,110],[0.11065,51.69834,110],[0.11065,51.69833,110],[0.11065,51.69832,110],[0.11064,51.69832,110],[0.11064,51.69831,110],[0.11063,51.69831,110],[0.11062,51.69831,110],[0.11062,51.6983,110],[0.11061,51.6983,110],[0.1103,51.69804,109.6],[0.11031,51.69804,109.6],[0.11031,51.69803,109.6],[0.11031,51.69802,109.6],[0.11032,51.69802,109.6],[0.11032,51.69801,109.6],[0.11032,51.698,109.6],[0.11032,51.69799,109.6],[0.11031,51.69799,109.6],[0.11031,51.69798,109.6],[0.11031,51.69797,109.6],[0.1103,51.69797,109.6],[0.11029,51.69796,109.6],[0.11028,51.69796,109.6],[0.11027,51.69795,109.5],[0.11026,51.69795,109.5],[0.11025,51.69795,109.5],[0.11024,51.69795,109.5],[0.11023,51.69795,109.5],[0.11022,51.69795,109.5],[0.11015,51.6979,109.5],[0.11001,51.69781,109.4],[0.10968,51.69759,108.6],[0.10956,51.6975,108.5],[0.10949,51.69745,108.3],[0.10911,51.69724,108],[0.10904,51.69719,107.9],[0.10894,51.69715,107.8],[0.1088,51.69709,107.8],[0.10859,51.69698,107.7],[0.10851,51.69694,107.7],[0.10837,51.69688,107.8],[0.10829,51.69685,107.7],[0.10806,51.69674,107.6],[0.10778,51.69662,107.4],[0.10744,51.69647,107.5],[0.1071,51.69634,107.8],[0.10693,51.69625,108],[0.10665,51.69613,108.3],[0.10629,51.69598,108.6],[0.10623,51.69596,108.7],[0.10612,51.69591,108.8],[0.10522,51.69554,109],[0.10454,51.69521,109.3],[0.10434,51.69512,109.6],[0.1043,51.69509,109.7],[0.10372,51.69474,110.3],[0.10288,51.69425,111.4],[0.10276,51.69419,111.7],[0.10265,51.69414,111.7],[0.10254,51.69409,111.6],[0.10204,51.69388,110.8],[0.10176,51.69377,110.5],[0.10136,51.69362,110.1],[0.10136,51.69362,110.1],[0.10126,51.69359,110.1],[0.10034,51.69328,110.4],[0.10034,51.69327,110.3],[0.10033,51.69327,110.3],[0.10033,51.69326,110.3],[0.10033,51.69325,110.3],[0.10032,51.69325,110.3],[0.10032,51.69324,110.2],[0.10031,51.69324,110.3],[0.10031,51.69323,110.2],[0.1003,51.69323,110.2],[0.10029,51.69322,110.2],[0.10028,51.69322,110.2],[0.10028,51.69321,110.2],[0.10027,51.69321,110.2],[0.10026,51.69321,110.2],[0.10025,51.69321,110.2],[0.10025,51.6932,110.2],[0.10024,51.6932,110.2],[0.10023,51.6932,110.2],[0.10022,51.6932,110.2],[0.10021,51.6932,110.2],[0.1002,51.6932,110.2],[0.10019,51.6932,110.3],[0.10018,51.6932,110.3],[0.10017,51.6932,110.3],[0.10016,51.6932,110.3],[0.10015,51.69321,110.3],[0.10014,51.69321,110.4],[0.10013,51.69321,110.4],[0.09919,51.69286,110.8],[0.09874,51.69271,111.3],[0.09839,51.69258,111.9],[0.09764,51.69233,112.8],[0.09637,51.6919,113.3],[0.09605,51.69179,113],[0.0959,51.69173,112.9],[0.09571,51.69166,112.9],[0.09399,51.69105,112],[0.09368,51.69095,111.9],[0.09362,51.69093,111.9],[0.09284,51.69059,111.7],[0.09273,51.69054,111.6],[0.09213,51.69028,111.5],[0.09193,51.69017,111.7],[0.09156,51.69,111.9],[0.09132,51.68989,112.1],[0.09123,51.68985,112.2],[0.09123,51.68984,112.2],[0.09094,51.68971,112.5],[0.09069,51.6896,112.9],[0.09031,51.68943,113.7],[0.09021,51.68939,113.9],[0.09005,51.6893,114.4],[0.08909,51.68887,114.4],[0.08881,51.68875,114.8],[0.08863,51.68867,115.1],[0.08825,51.68849,115.8],[0.08817,51.68846,115.7],[0.0877,51.68824,115.1],[0.08766,51.68822,115],[0.08755,51.68817,114.9],[0.08727,51.68804,115],[0.08684,51.68786,115.6],[0.08679,51.68784,115.7],[0.08613,51.68757,115.6],[0.08558,51.68735,115.2],[0.08524,51.68722,115.3],[0.08513,51.68718,115.4],[0.08458,51.68697,115.4],[0.08451,51.68694,115.4],[0.0843,51.68687,115.1],[0.08406,51.68678,114.8],[0.08401,51.68677,114.7],[0.084,51.68677,114.7],[0.08365,51.68666,114.2],[0.08306,51.68646,115.6],[0.08306,51.68646,115.6],[0.08272,51.68634,117.3],[0.08225,51.68619,119.1],[0.08221,51.68618,119.3],[0.08221,51.68617,119.4],[0.08217,51.68616,119.5],[0.08168,51.68596,121.6],[0.08119,51.68573,122.2],[0.08102,51.68566,122],[0.08079,51.68555,122],[0.08059,51.68546,122.1],[0.08056,51.68545,122.1],[0.08055,51.68544,122.1],[0.08039,51.68537,122.1],[0.08032,51.68534,122.2],[0.08009,51.68524,122.2],[0.08008,51.68524,122.2],[0.07985,51.68514,122.4],[0.07984,51.68514,122.4],[0.07937,51.68494,122.4],[0.07916,51.68485,122.4],[0.07888,51.68473,122.4],[0.07768,51.68423,123.1],[0.07745,51.68413,123.1],[0.07728,51.68404,123.5],[0.07722,51.68401,123.6],[0.07662,51.68369,124.7],[0.07646,51.68361,124.9],[0.0761,51.68342,125.1],[0.0758,51.68327,125],[0.07557,51.68314,124.9],[0.07494,51.68283,124.6],[0.07431,51.68249,124.2],[0.07361,51.68202,123.7],[0.07299,51.68152,124.5],[0.07279,51.68134,124.8],[0.07278,51.68133,124.8],[0.07218,51.68079,124.8],[0.07194,51.68061,124.2],[0.07148,51.6803,123.4],[0.07107,51.68006,123.6],[0.07089,51.67995,123.7],[0.07084,51.67992,123.7],[0.07043,51.67968,123.3],[0.0696,51.67921,122.1],[0.06873,51.67878,121.1],[0.0686,51.67872,120.9],[0.06848,51.67866,120.8],[0.06824,51.67856,120.7],[0.068,51.67846,120.7],[0.06753,51.67825,121],[0.06735,51.67817,121.1],[0.06703,51.67803,121.4],[0.06673,51.67788,121.4],[0.0665,51.67776,121.1],[0.06639,51.6777,120.9],[0.06637,51.67769,120.9],[0.0662,51.6776,120.6],[0.06608,51.67751,120.3],[0.06555,51.67719,119.6],[0.06518,51.67693,119.3],[0.065,51.67681,119.2],[0.06478,51.67667,118.7],[0.06463,51.67656,118.6],[0.06447,51.67645,118.3],[0.064227,51.67629,117.7],[0.06365,51.6759,115.9],[0.063297,51.67565,115.9],[0.06279,51.67528,117.4],[0.06279,51.67528,117.4],[0.06281,51.67526,117.5],[0.06283,51.67524,117.6],[0.06285,51.67521,117.7],[0.06286,51.67519,117.8],[0.062867,51.67517,117.9],[0.062867,51.67514,118],[0.062867,51.67511,118.1],[0.06286,51.67509,118.1],[0.06286,51.67506,118.2],[0.06285,51.67503,118.3],[0.06283,51.67501,118.4],[0.062798,51.67498,118.4],[0.06277,51.67496,118.4],[0.06274,51.67495,118.4],[0.062728,51.67494,118.5],[0.0627,51.67493,118.5],[0.06268,51.67493,118.4],[0.062659,51.67492,118.4],[0.06263,51.67492,118.4],[0.062617,51.67492,118.4],[0.06257,51.67492,118.4],[0.06253,51.67492,118.3],[0.06249,51.67492,118.3],[0.06245,51.67493,118.2],[0.06241,51.67494,118.1],[0.06237,51.67496,118],[0.06234,51.67498,117.9],[0.06208,51.67483,118.2],[0.0618,51.67464,118.8],[0.06176,51.67462,118.9],[0.06143,51.67439,119.8],[0.06119,51.67424,120.2],[0.061,51.67411,120.2],[0.06095,51.67408,120.1],[0.06078,51.67397,120],[0.06064,51.67387,120],[0.06051,51.67378,120],[0.06038,51.67369,120],[0.06021,51.67358,120],[0.06013,51.67353,120],[0.06,51.67344,120],[0.05994,51.6734,119.9],[0.05934,51.67299,118.2],[0.05902,51.67276,117.6],[0.05896,51.67272,117.5],[0.05846,51.67238,116.9],[0.05827,51.67224,116.6],[0.05819,51.67219,116.5],[0.05797,51.67204,116.3],[0.05785,51.67196,116.1],[0.05757,51.67177,116],[0.05752,51.67174,116],[0.05752,51.67174,116],[0.05746,51.6717,116],[0.05726,51.67156,115.7],[0.05699,51.67139,115.3],[0.05669,51.67116,114.8],[0.05612,51.67078,111.9],[0.05593,51.67065,110.9],[0.05576,51.67053,110],[0.0555,51.67036,108.9],[0.05543,51.67031,108.6],[0.05444,51.66964,103.5],[0.05409,51.6694,101.6],[0.05406,51.66938,101.5],[0.05397,51.66932,101],[0.05378,51.66918,100.1],[0.05351,51.66899,99.8],[0.05341,51.66893,99.7],[0.0534,51.66891,99.7],[0.0533,51.66885,99.8],[0.0532,51.66878,100.2],[0.05293,51.66859,101],[0.05276,51.66848,101.5],[0.05264,51.6684,101.7],[0.05255,51.66833,101.9],[0.05208,51.66801,102.1],[0.05174,51.66777,102.8],[0.05144,51.66757,103.3],[0.0506,51.66699,102.8],[0.0505,51.66693,102.6],[0.05024,51.66674,102.2],[0.04914,51.66599,103.2],[0.049,51.6659,103.1],[0.04884,51.66579,103.1],[0.04881,51.66577,103.1],[0.04863,51.66564,103.2],[0.04825,51.66537,103.7],[0.04821,51.66534,103.7],[0.04818,51.66533,103.8],[0.04798,51.6652,104.2],[0.04797,51.6652,104.2],[0.04757,51.66494,105.1],[0.04755,51.66493,105.1],[0.0472,51.66471,106.1],[0.04719,51.6647,106.1],[0.04672,51.66437,107.4],[0.04641,51.66413,108.6],[0.04617,51.66391,108.7],[0.04608,51.66382,108.7],[0.04602,51.66376,108.7],[0.04588,51.6636,108.6],[0.04585,51.66356,108.5],[0.04575,51.66346,108.4],[0.04574,51.66344,108.4],[0.04547,51.66312,107],[0.04535,51.66298,106.2],[0.04533,51.66297,106.2],[0.0453,51.66293,105.9],[0.04506,51.66265,104.1],[0.04505,51.66264,104],[0.04487,51.66244,103],[0.04479,51.66234,102.6],[0.04466,51.6622,102.1],[0.04464,51.66218,102],[0.04447,51.66199,101.2],[0.04417,51.66165,99.9],[0.04404,51.66149,99.9],[0.0439,51.66133,100],[0.04364,51.66102,100.5],[0.0435,51.66086,101],[0.04341,51.66074,101.4],[0.04327,51.66056,101.9],[0.04324,51.66053,101.9],[0.04319,51.66047,102],[0.04316,51.66042,102],[0.04314,51.6604,102.1],[0.04267,51.65977,100.4],[0.0422,51.65913,95.2],[0.04172,51.65848,94.2],[0.04143,51.6581,94.9],[0.04135,51.65799,95.1],[0.04128,51.6579,95.2],[0.04121,51.6578,95.3],[0.04093,51.65744,94.6],[0.04086,51.65734,93.7],[0.04078,51.65725,92.9],[0.04071,51.65716,92.1],[0.04065,51.65708,91.5],[0.04041,51.65677,88.9],[0.04034,51.65667,88],[0.04021,51.6565,86.9],[0.0398,51.65597,84.3],[0.03974,51.65589,84],[0.03972,51.65572,84],[0.03974,51.6557,84.1],[0.03975,51.65568,84.1],[0.03976,51.65566,84.1],[0.03977,51.65564,84.2],[0.03977,51.65562,84.2],[0.03978,51.6556,84.3],[0.03978,51.65558,84.4],[0.03977,51.65557,84.4],[0.03977,51.65555,84.5],[0.03976,51.65553,84.6],[0.03975,51.65551,84.6],[0.03974,51.6555,84.7],[0.03974,51.65549,84.7],[0.03974,51.65548,84.8],[0.03973,51.65547,84.8],[0.03972,51.65546,84.9],[0.03971,51.65545,84.9],[0.0397,51.65544,85],[0.03969,51.65543,85],[0.03965,51.65541,85.2],[0.03963,51.6554,85.2],[0.0396,51.65539,85.3],[0.03958,51.65538,85.4],[0.03955,51.65538,85.4],[0.03952,51.65537,85.5],[0.0395,51.65537,85.5],[0.03947,51.65537,85.6],[0.03944,51.65537,85.6],[0.03941,51.65537,85.7],[0.0394,51.65532,85.8],[0.03939,51.65531,85.9],[0.03924,51.65516,86.5],[0.03923,51.65515,86.6],[0.03914,51.65496,87],[0.03904,51.65477,86.8],[0.03893,51.65454,86.4],[0.03878,51.65415,85.4],[0.03877,51.65412,85.2],[0.03871,51.65394,83.9],[0.0387,51.65392,83.8],[0.03867,51.65381,83],[0.03852,51.65339,79.8],[0.03851,51.65337,79.7],[0.0385,51.65334,79.4],[0.03846,51.65321,78.8],[0.03843,51.65313,78.5],[0.03838,51.65301,77.9],[0.03836,51.65295,77.7],[0.03831,51.65281,77.1],[0.03824,51.65261,76.3],[0.03819,51.65247,75.6],[0.03806,51.65211,73.3],[0.03805,51.6521,73.3],[0.03799,51.65192,72.1],[0.03793,51.65177,71.1],[0.03787,51.65161,70.2],[0.03782,51.65148,69.6],[0.03772,51.65118,68.1],[0.03767,51.65106,67.4],[0.03763,51.65095,66.9],[0.0376,51.65089,66.5],[0.0376,51.65088,66.5],[0.03758,51.65084,66.2],[0.03755,51.65075,65.8],[0.03751,51.65065,65.4],[0.03732,51.65013,62.9],[0.03728,51.65001,62.2],[0.03723,51.64989,61.8],[0.03716,51.64968,61.2],[0.0371,51.64953,60.7],[0.03705,51.64938,60.3],[0.03704,51.64935,60.2],[0.03698,51.64916,59.7],[0.0369,51.64896,58.9],[0.03676,51.64857,57.2],[0.03673,51.6485,56.8],[0.03658,51.64808,56.4],[0.03654,51.64801,56.5],[0.03647,51.64782,56.9],[0.03646,51.64777,56.9],[0.03637,51.64753,57.3],[0.03628,51.64734,57.3],[0.03625,51.64727,57.2],[0.03621,51.64715,57.1],[0.03618,51.64706,57],[0.03617,51.64699,56.9],[0.03614,51.6469,56.7],[0.03607,51.64672,56.4],[0.03603,51.64658,56.1],[0.03596,51.64639,55.5],[0.03589,51.6462,55],[0.03575,51.64583,53.9],[0.03572,51.64573,53.8],[0.03561,51.64545,53.6],[0.03555,51.64526,53.4],[0.03542,51.64492,53],[0.03536,51.64476,52.9],[0.03528,51.64455,52.8],[0.0352,51.64431,52.9],[0.03519,51.64428,52.9],[0.03507,51.644,53.6],[0.03495,51.6437,54.6],[0.03494,51.64367,54.7],[0.03494,51.64366,54.8],[0.03473,51.64308,56.8],[0.03465,51.64289,57.6],[0.03465,51.64288,57.7],[0.03465,51.64287,57.7],[0.03463,51.64282,57.9],[0.03455,51.64258,59],[0.03445,51.64232,59.6],[0.03442,51.64224,59.8],[0.0344,51.64217,59.9],[0.03426,51.64182,60.7],[0.03417,51.64154,61.5],[0.03408,51.64126,62.4],[0.03402,51.64107,63],[0.03399,51.64096,63.3],[0.03392,51.64069,64.3],[0.03391,51.64063,64.6],[0.03385,51.64038,65.6],[0.03379,51.64004,66.9],[0.03378,51.64001,67],[0.03375,51.63982,66.5],[0.03374,51.63976,66.3],[0.03368,51.63947,65.3],[0.03361,51.63912,64.4],[0.03359,51.63905,64.5],[0.03356,51.63885,64.9],[0.03341,51.63827,66],[0.03328,51.6378,65.8],[0.03319,51.63754,65.6],[0.03312,51.63732,65.1],[0.03302,51.63701,64.1],[0.033,51.63696,63.9],[0.03288,51.6366,62.8],[0.03284,51.6365,62.5],[0.03275,51.63623,61.7],[0.032668,51.63599,60.9],[0.03259,51.63574,60.8],[0.03243,51.63526,62.6],[0.03239,51.63516,63.1],[0.0323,51.63488,64.3],[0.03223,51.63468,65.1],[0.03219,51.63455,65.6],[0.03211,51.63432,66.4],[0.032079,51.63422,66.8],[0.03203,51.63409,67.3],[0.032009,51.63402,67.6],[0.03198,51.63394,67.9],[0.03189,51.63368,69],[0.03184,51.63352,69.7],[0.031808,51.63342,70.1],[0.03179,51.63336,70.3],[0.03161,51.63292,70.8],[0.03161,51.63286,70.9],[0.03155,51.63268,71],[0.03144,51.63238,70.6],[0.03139,51.63224,69.9],[0.03139,51.63221,69.9],[0.03129,51.63194,68.5],[0.03121,51.63171,67.4],[0.03114,51.63151,67.1],[0.03111,51.6314,67.2],[0.03096,51.63098,67.3],[0.03089,51.63076,67.4],[0.03082,51.63057,67.6],[0.03068,51.63018,68],[0.03064,51.63007,68.1],[0.03061,51.62998,68.3],[0.03058,51.62989,68.4],[0.03046,51.62953,69.1],[0.03031,51.62912,69.6],[0.03028,51.62902,69.7],[0.03027,51.62898,69.7],[0.03025,51.62892,69.8],[0.0302,51.62877,69.9],[0.03017,51.62869,70],[0.03008,51.62841,70.2],[0.03006,51.62834,70.3],[0.03,51.62817,70.4],[0.02995,51.62804,70.5],[0.02991,51.62791,70.7],[0.02981,51.6276,71.1],[0.02974,51.62742,71],[0.02959,51.62697,70.2],[0.0294,51.62641,70.3],[0.02938,51.62635,70.4],[0.02927,51.62602,71.5],[0.02918,51.62577,72.2],[0.02915,51.62567,72.3],[0.02908,51.62545,72.6],[0.02902,51.62525,72.9],[0.02898,51.62513,73],[0.02896,51.62506,73.1],[0.02893,51.62496,73.3],[0.02891,51.62488,73.4],[0.02891,51.62487,73.4],[0.02885,51.62465,73.9],[0.0288,51.62451,74.1],[0.02877,51.62441,74.3],[0.02872,51.62423,74.7],[0.02869,51.62412,75.1],[0.02866,51.62402,75.4],[0.02862,51.62387,76],[0.02859,51.62378,76.3],[0.02855,51.62364,76.9],[0.02849,51.62343,77.7],[0.02843,51.62323,78.3],[0.02838,51.62304,78.7],[0.02832,51.62283,79.2],[0.0283,51.62275,79.3],[0.02826,51.62264,79.4],[0.02823,51.62251,79.6],[0.0282,51.62242,79.6],[0.02812,51.62213,79.5],[0.02807,51.62197,79.5],[0.02801,51.62175,79.5],[0.02796,51.62157,79],[0.02792,51.62145,78.3],[0.02791,51.62139,78],[0.02788,51.62129,77.4],[0.02786,51.62122,77.1],[0.02784,51.62117,76.8],[0.02781,51.62107,76.2],[0.02778,51.62094,75.6],[0.02778,51.62092,75.5],[0.02778,51.62089,75.3],[0.02779,51.62086,75.1],[0.02779,51.62083,75],[0.0278,51.62072,74.4],[0.0278,51.62062,73.9],[0.0278,51.62061,73.8],[0.02779,51.62057,73.6],[0.02778,51.62051,73.3],[0.02778,51.62046,73.1],[0.02769,51.62024,72],[0.02768,51.62023,71.9],[0.02765,51.62015,71.6],[0.02761,51.62007,71.2],[0.02756,51.61994,70.7],[0.02748,51.61976,70.2],[0.02743,51.61964,69.9],[0.0274,51.61956,69.7],[0.02737,51.61951,69.6],[0.02725,51.61926,69.2],[0.02722,51.61921,69.1],[0.02718,51.61914,69.1],[0.0271,51.61897,69.2],[0.02701,51.6188,69.3],[0.02688,51.61855,69.5],[0.0268,51.61839,69.6],[0.02673,51.61826,69.9],[0.02665,51.61812,70.3],[0.02649,51.61781,70.9],[0.02638,51.61759,71.5],[0.02634,51.61752,71.7],[0.02625,51.61737,72.2],[0.0261,51.61709,72.9],[0.02597,51.61685,73.5],[0.02592,51.61675,73.7],[0.02578,51.61647,74.1],[0.02567,51.61625,74.2],[0.0256,51.61607,74.3],[0.02558,51.61603,74.3],[0.02549,51.61581,74.4],[0.02543,51.61568,74.6],[0.02531,51.6154,75],[0.02516,51.61502,75.6],[0.02515,51.61499,75.6],[0.02509,51.61484,75.6],[0.02502,51.61467,75.6],[0.02497,51.61454,75.5],[0.02489,51.61448,75.4],[0.02486,51.61441,75.3],[0.02483,51.61434,75.3],[0.02478,51.61422,75.1],[0.02477,51.61419,75],[0.0247,51.61404,74.3],[0.02466,51.61397,73.9],[0.02462,51.61388,73.4],[0.02455,51.61375,72.8],[0.02448,51.61364,72.4],[0.02419,51.61318,71.7],[0.02413,51.61308,71.8],[0.024,51.61285,71.8],[0.02401,51.61285,71.8],[0.02401,51.61284,71.8],[0.02402,51.61284,71.8],[0.02403,51.61284,71.7],[0.02403,51.61283,71.7],[0.02404,51.61283,71.7],[0.02404,51.61282,71.7],[0.02404,51.61281,71.7],[0.02404,51.6128,71.7],[0.02404,51.61279,71.7],[0.02403,51.61279,71.7],[0.02403,51.61278,71.7],[0.02402,51.61278,71.7],[0.02401,51.61278,71.7],[0.02401,51.61277,71.7],[0.024,51.61277,71.7],[0.02399,51.61277,71.7],[0.02398,51.61277,71.8],[0.02397,51.61277,71.8],[0.02396,51.61277,71.8],[0.02395,51.61277,71.8],[0.02377,51.61249,71.9],[0.02369,51.61236,71.7],[0.02361,51.61224,71.5],[0.02356,51.61215,71.3],[0.02352,51.6121,71.2],[0.02343,51.61196,70.9],[0.02337,51.61186,70.6],[0.02326,51.61171,70.1],[0.02319,51.61161,69.6],[0.02315,51.61155,69.4],[0.02309,51.61147,69.1],[0.02308,51.61145,69.1],[0.0229,51.61122,68.4],[0.02278,51.61108,68.2],[0.02237,51.61057,67.5],[0.02228,51.61046,67.2],[0.02226,51.61043,67.2],[0.0222,51.61035,67],[0.02208,51.6102,66.6],[0.02194,51.61001,66],[0.02164,51.6096,66],[0.02157,51.60951,65.9],[0.02152,51.60943,65.8],[0.02146,51.60934,65.8],[0.02138,51.60922,65.7],[0.02131,51.60913,65.5],[0.02126,51.60906,65.4],[0.02114,51.60887,65.3],[0.02107,51.60876,65.4],[0.02107,51.60876,65.4],[0.020485,51.608002,66.2],[0.020485,51.608002,66.2],[0.019938,51.607345,66.2],[0.01958,51.606922,64.4],[0.01958,51.606922,64.4],[0.019307,51.606717,64],[0.019307,51.606717,64],[0.019081,51.606546,63.4],[0.019081,51.606546,63.4],[0.018904,51.606321,62.5],[0.018904,51.606321,62.5],[0.018561,51.605909,61],[0.018561,51.605909,61],[0.018207,51.605471,62.5],[0.018207,51.605471,62.5],[0.01796,51.605126,63.7],[0.01796,51.605126,63.7],[0.017901,51.604975,64],[0.017901,51.604975,64],[0.017697,51.604826,64.2],[0.017697,51.604826,64.2],[0.017483,51.604615,64.5],[0.01743,51.60459,64.5],[0.01736,51.60451,64.6],[0.0173,51.60443,64.7],[0.01727,51.60438,64.7],[0.01724,51.60435,64.8],[0.01709,51.60418,65],[0.01688,51.60394,64.7],[0.01672,51.60377,64.5],[0.01657,51.60361,64.5],[0.01644,51.60346,64.7],[0.01633,51.60334,64.8],[0.016,51.60296,64.6],[0.01504,51.60188,67.6],[0.01459,51.60138,67.8],[0.01433,51.6011,67.4],[0.01421,51.60096,67.3],[0.01413,51.60088,67.2],[0.01402,51.60076,67.3],[0.01387,51.60059,67.6],[0.01383,51.60055,67.7],[0.01368,51.60036,68.2],[0.01355,51.60021,68.5],[0.01344,51.60009,68.8],[0.01332,51.59995,69],[0.01331,51.59993,69],[0.0132,51.59981,69],[0.01294,51.59946,68.7],[0.01276,51.59922,68.4],[0.01273,51.59916,68.3],[0.01268,51.5991,68.3],[0.01257,51.5989,68.4],[0.01251,51.5988,68.4],[0.01243,51.59865,68.7],[0.01238,51.59856,68.8],[0.01232,51.59845,69],[0.01199,51.59779,68.3],[0.01185,51.59751,67.8],[0.01171,51.59724,66.7],[0.0117,51.59722,66.6],[0.01161,51.59705,65.8],[0.01158,51.59698,65.4],[0.01158,51.59698,65.4],[0.0115,51.59681,64.5],[0.01155,51.59669,64],[0.01159,51.59662,63.5],[0.01164,51.59653,62.7],[0.01168,51.59646,62],[0.01173,51.59638,61.3],[0.01174,51.59632,60.7],[0.01175,51.59624,60],[0.01187,51.59603,58.3],[0.012,51.59582,56.8],[0.012,51.59576,56.8],[0.01201,51.59571,56.8],[0.01204,51.59566,56.8],[0.01207,51.5956,56.8],[0.01208,51.59556,56.8],[0.01209,51.59551,56.8],[0.01209,51.59547,56.8],[0.01207,51.59543,56.8],[0.01205,51.5954,56.8],[0.01203,51.59537,56.8],[0.012,51.59534,56.8],[0.01197,51.59532,56.8],[0.01187,51.59525,56.8],[0.01183,51.59522,56.8],[0.01179,51.5952,56.8],[0.01145,51.59506,56.9],[0.01112,51.59493,57.2],[0.01106,51.59488,57.3],[0.01098,51.59484,57.4],[0.0109,51.59481,57.5],[0.01085,51.59478,57.5],[0.01075,51.59475,57.6],[0.01065,51.59469,57.7],[0.01059,51.59465,57.7],[0.01057,51.59463,57.7],[0.01053,51.59461,57.8],[0.0105,51.59457,57.8],[0.01045,51.59449,57.9],[0.01026,51.59415,58.3],[0.01026,51.59415,58.3],[0.01011,51.59413,58],[0.00991,51.59408,57.7],[0.00981,51.59405,57.5],[0.00973,51.59404,57.4],[0.0097,51.59404,57.3],[0.00964,51.59404,57.3],[0.00956,51.59405,57.2],[0.00912,51.59398,56.5],[0.0087,51.59391,56],[0.0085,51.59389,55.8],[0.00795,51.59379,55.1],[0.00767,51.59374,54.7],[0.00748,51.59371,54.5],[0.00739,51.59369,54.4],[0.00708,51.59364,54.4],[0.00683,51.59359,54.3],[0.00655,51.59354,54],[0.00648,51.59353,53.8],[0.00618,51.59347,53.1],[0.00591,51.59342,52.4],[0.00568,51.59337,51.9],[0.00546,51.59333,51.5],[0.00517,51.59328,51.1],[0.00512,51.59327,51],[0.00492,51.59323,50.6],[0.00475,51.5932,50.1],[0.00474,51.5932,50.1],[0.00449,51.59315,49.3],[0.004028,51.59307,48.1],[0.0038,51.59304,47.6],[0.00379,51.59303,47.5],[0.00348,51.59299,46.9],[0.00311,51.59294,45.7],[0.00311,51.59294,45.7],[0.00293,51.59291,45],[0.0024,51.59285,43.1],[0.00183,51.59278,41.2],[0.00162,51.59275,40.4],[0.00133,51.59272,39.3],[0.00123,51.5927,38.9],[0.00101,51.59268,38.1],[0.00074,51.59264,37],[0.00067,51.59264,36.8],[0.00063,51.59263,36.6],[0.0006,51.59263,36.5],[0.00054,51.59263,36.3],[0.00046,51.59262,36],[0.00042,51.59262,35.9],[0.0003,51.59261,35.4],[0.0002,51.5926,35.1],[0.00006,51.59259,34.5],[0.00003,51.59258,34.4],[-0.00007,51.59255,34],[-0.00015,51.59253,34],[-0.00027,51.59252,34],[-0.00034,51.59251,34],[-0.00055,51.59249,31],[-0.00067,51.59247,31],[-0.00083,51.59245,30.6],[-0.00106,51.59242,30.1],[-0.00112,51.59242,30],[-0.00136,51.59239,29.5],[-0.00141,51.59238,29.4],[-0.00154,51.59237,29.1],[-0.00157,51.59237,29],[-0.00162,51.59237,28.9],[-0.00171,51.59239,28.7],[-0.00175,51.59238,28.6],[-0.00183,51.59236,28.5],[-0.00199,51.59233,28.1],[-0.00245,51.59226,27.1],[-0.00257,51.59224,26.9],[-0.00273,51.59221,26.8],[-0.00277,51.5922,26.8],[-0.00291,51.59218,26.7],[-0.00305,51.59215,26.6],[-0.00325,51.5921,26.5],[-0.00338,51.59206,26.5],[-0.0034,51.59206,26.5],[-0.00347,51.59204,26.5],[-0.00352,51.59203,26.5],[-0.00362,51.59201,26.4],[-0.00369,51.59197,26.5],[-0.00378,51.59192,26.5],[-0.00391,51.59189,26.5],[-0.004,51.59186,26.6],[-0.00411,51.59183,26.6],[-0.00415,51.59182,26.6],[-0.00427,51.59179,26.7],[-0.00444,51.59174,26.8],[-0.00444,51.59174,26.8],[-0.00459,51.5917,26.9],[-0.0046,51.5917,26.9],[-0.0046,51.5917,26.9],[-0.0048,51.59164,27.1],[-0.00485,51.59162,27.2],[-0.00485,51.59162,27.2],[-0.00507,51.59157,27.3],[-0.00518,51.59155,27.3],[-0.00531,51.59152,27.3],[-0.00546,51.5915,27.3],[-0.00564,51.59147,27.3],[-0.0058,51.59145,27.3],[-0.00583,51.59145,27.3],[-0.00585,51.59145,27.3],[-0.00588,51.59145,27.3],[-0.00592,51.59144,27.3],[-0.00597,51.59144,27.2],[-0.00609,51.59142,27.3],[-0.00616,51.59141,27.3],[-0.00639,51.59134,27.6],[-0.0066,51.5913,27.7],[-0.00673,51.59128,27.7],[-0.00691,51.59124,27.9],[-0.00708,51.5912,28.1],[-0.00726,51.59117,28.2],[-0.00752,51.59109,28.5],[-0.00775,51.59102,28.9],[-0.007889,51.59097,29.2],[-0.00805,51.59092,29.5],[-0.00814,51.59088,29.7],[-0.00826,51.59083,30],[-0.00836,51.59078,30.1],[-0.00849,51.59074,29.8],[-0.00851,51.59073,29.8],[-0.00864,51.59069,29.6],[-0.00874,51.59064,29.5],[-0.00898,51.59056,29.1],[-0.00917,51.59052,28.7],[-0.00952,51.59045,28.1],[-0.00982,51.59039,27.5],[-0.01016,51.59032,27],[-0.01083,51.59019,26.3],[-0.01101,51.59016,26.4],[-0.01122,51.59014,26.4],[-0.01135,51.59012,26.5],[-0.01153,51.59009,26.6],[-0.01167,51.59007,26.7],[-0.01209,51.59002,26.9],[-0.01236,51.58998,27.2],[-0.01259,51.58997,27.3],[-0.01295,51.58995,27.4],[-0.01324,51.58993,27.6],[-0.0133,51.58993,27.6],[-0.0147,51.58984,26.8],[-0.01485,51.58986,26.5],[-0.01528,51.58985,26.8],[-0.01541,51.58986,26.9],[-0.01567,51.58988,27.1],[-0.01573,51.58989,27],[-0.016219,51.58997,26.8],[-0.01666,51.59005,26.7],[-0.01685,51.59008,26.1],[-0.01701,51.5901,25.6],[-0.01711,51.59012,25.3],[-0.01737,51.59017,24.5],[-0.01808,51.59033,22.3],[-0.01837,51.5904,21.5],[-0.01847,51.59043,21.4],[-0.01888,51.59051,20.8],[-0.01932,51.59064,19.9],[-0.01977,51.59076,19.4],[-0.01996,51.5908,19.2],[-0.02003,51.59081,19.1],[-0.02008,51.59081,19],[-0.02014,51.59082,18.9],[-0.0202,51.59083,18.8],[-0.02028,51.59084,18.7],[-0.02034,51.59085,18.6],[-0.0204,51.59085,18.5],[-0.02041,51.59085,18.5],[-0.02048,51.59085,18.4],[-0.02056,51.59085,18.3],[-0.02063,51.59084,18.2],[-0.0207,51.59084,18.2],[-0.02084,51.59083,18],[-0.02101,51.5908,18.2],[-0.02117,51.59078,18.2],[-0.02126,51.59076,18.3],[-0.02132,51.59075,18.3],[-0.0214,51.59074,18.4],[-0.02148,51.59073,18.4],[-0.02164,51.5907,18.5],[-0.02188,51.59065,18.7],[-0.02197,51.59063,18.8],[-0.022,51.59062,18.9],[-0.02234,51.59054,19.3],[-0.02245,51.59051,19.5],[-0.02268,51.59044,19.9],[-0.0229,51.59038,20.2],[-0.02298,51.59036,20.3],[-0.02306,51.59034,20.4],[-0.02312,51.59033,20.4],[-0.0232,51.59031,20.5],[-0.02329,51.5903,20.6],[-0.02338,51.59028,20.6],[-0.02357,51.59025,20.6],[-0.02452,51.59011,20.6],[-0.0255,51.58998,22.3],[-0.02596,51.58993,23.5],[-0.02611,51.58991,23.8],[-0.0262,51.5899,24.1],[-0.02647,51.58988,24.7],[-0.02655,51.58987,24.9],[-0.02662,51.58985,25.1],[-0.02677,51.58984,25],[-0.02692,51.58982,24.7],[-0.02702,51.5898,24.6],[-0.0272,51.58978,24.3],[-0.02725,51.58977,24.3],[-0.02738,51.58974,24.1],[-0.02748,51.58972,24],[-0.02765,51.5897,24],[-0.02783,51.58968,23.9],[-0.02794,51.58966,23.9],[-0.02806,51.58965,23.9],[-0.02837,51.58961,23.8],[-0.0285,51.58959,23.7],[-0.02859,51.58958,23.6],[-0.02868,51.58957,23.4],[-0.02881,51.58954,23.3],[-0.02888,51.58953,23.2],[-0.02894,51.58952,23.2],[-0.02899,51.5895,23.1],[-0.02909,51.58948,23],[-0.0293,51.58942,22.9],[-0.0294,51.5894,22.8],[-0.02952,51.58936,22.7],[-0.02989,51.58923,22.2],[-0.02992,51.58922,22.1],[-0.03001,51.58918,22],[-0.0301,51.58914,21.9],[-0.03011,51.58914,21.9],[-0.03022,51.58909,21.8],[-0.03031,51.58904,21.7],[-0.03036,51.58901,21.7],[-0.03041,51.58898,21.6],[-0.03045,51.58896,21.6],[-0.03049,51.58895,21.5],[-0.03061,51.5889,21.4],[-0.03081,51.58884,21],[-0.03126,51.58871,20.5],[-0.0323,51.5884,18.5],[-0.0328,51.58825,17.6],[-0.03298,51.58819,17.4],[-0.03314,51.58814,17.2],[-0.03324,51.5881,17.1],[-0.0334,51.58805,17],[-0.03346,51.58803,17],[-0.03352,51.58802,16.9],[-0.03365,51.58799,16.9],[-0.0338,51.58796,16.9],[-0.03398,51.58792,17],[-0.03403,51.58792,17],[-0.03418,51.5879,17],[-0.03425,51.58789,17.1],[-0.03447,51.58785,17.2],[-0.03474,51.58782,17.2],[-0.03528,51.58775,17.1],[-0.03582,51.58768,16.6],[-0.03598,51.58766,16.6],[-0.03625,51.58763,16.7],[-0.03645,51.58761,16.7],[-0.03675,51.58759,16.8],[-0.03691,51.58757,16.8],[-0.03715,51.58755,16.8],[-0.03738,51.58753,16.9],[-0.0375,51.58752,16.9],[-0.03772,51.5875,17],[-0.03783,51.58749,17],[-0.038,51.58747,16.9],[-0.03809,51.58746,16.9],[-0.03825,51.58745,16.9],[-0.03849,51.58743,16.5],[-0.03874,51.58739,15.8],[-0.03881,51.58739,15.7],[-0.03914,51.58735,14.9],[-0.03921,51.58734,14.8],[-0.03941,51.58732,14.6],[-0.03974,51.58729,14.2],[-0.03995,51.58727,14],[-0.04023,51.58725,13.4],[-0.04056,51.58722,12.7],[-0.04118,51.58717,11.4],[-0.04138,51.58713,11.1],[-0.04149,51.58712,10.9],[-0.04257,51.58699,8.9],[-0.04273,51.58696,8.7],[-0.04313,51.58691,8.2],[-0.04364,51.58685,8],[-0.04404,51.58681,8],[-0.04444,51.58677,8],[-0.0447,51.58674,8],[-0.0451,51.58672,7.9],[-0.04514,51.58672,7.9],[-0.04527,51.5867,7.9],[-0.04555,51.58668,7.9],[-0.0456,51.58668,7.9],[-0.04599,51.58664,7.8],[-0.04609,51.58663,7.8],[-0.04627,51.58661,7.8],[-0.04659,51.58658,7.8],[-0.04659,51.58658,7.8],[-0.04687,51.58655,8.1],[-0.04708,51.58653,8.5],[-0.04792,51.58644,9.3],[-0.04796,51.58644,9.3],[-0.04821,51.58642,9.4],[-0.04912,51.58633,9.4],[-0.04964,51.58627,10],[-0.04993,51.58625,10.4],[-0.05032,51.58621,10.1],[-0.05062,51.58618,9.6],[-0.05073,51.58617,9.4],[-0.05082,51.58617,9.2],[-0.05091,51.58617,9.1],[-0.05099,51.58617,9],[-0.05108,51.58617,8.8],[-0.0511,51.58617,8.8],[-0.05115,51.58618,8.7],[-0.05123,51.58619,8.6],[-0.05132,51.5862,8.5],[-0.05143,51.58622,8.3],[-0.05156,51.58624,8.1],[-0.05169,51.58628,8],[-0.05173,51.58629,8.1],[-0.05185,51.58634,8.3],[-0.05187,51.58635,8.3],[-0.05197,51.58639,8.5],[-0.05208,51.58644,8.7],[-0.05216,51.58649,8.9],[-0.05243,51.58661,9.5],[-0.05255,51.58666,9.7],[-0.05271,51.58674,10.1],[-0.05285,51.5868,10.2],[-0.05289,51.58682,10.2],[-0.05316,51.58693,10],[-0.05321,51.58695,9.9],[-0.05341,51.58702,9.8],[-0.05353,51.58706,9.7],[-0.05355,51.58707,9.7],[-0.05363,51.5871,9.7],[-0.05368,51.58712,9.7],[-0.05458,51.58733,9.2],[-0.05488,51.5874,9.1],[-0.05546,51.58754,8.5],[-0.05553,51.58756,8.5],[-0.05579,51.58763,8.6],[-0.05597,51.58768,8.7],[-0.05605,51.5877,8.7],[-0.05619,51.58773,8.8],[-0.05631,51.58776,8.8],[-0.05643,51.58778,8.9],[-0.05644,51.58778,8.9],[-0.05654,51.5878,8.9],[-0.05663,51.58782,9],[-0.05669,51.58782,9],[-0.05678,51.58784,9.2],[-0.05682,51.58785,9.2],[-0.05699,51.58787,9.5],[-0.0571,51.58788,9.7],[-0.05739,51.58792,10.2],[-0.05744,51.58792,10.4],[-0.05774,51.58794,10.8],[-0.05798,51.58795,11.1],[-0.05805,51.58796,11.2],[-0.05837,51.58798,11.5],[-0.05858,51.58798,11.3],[-0.05871,51.58798,11.1],[-0.05873,51.58798,11.1],[-0.05888,51.58798,10.9],[-0.05902,51.58798,10.8],[-0.05914,51.58798,10.6],[-0.05919,51.58798,10.6],[-0.05933,51.58797,10.6],[-0.05945,51.58797,10.6],[-0.05966,51.58797,10.5],[-0.05967,51.58797,10.5],[-0.05973,51.58798,10.5],[-0.05994,51.58798,10.5],[-0.06012,51.58798,10.5],[-0.0604,51.58799,10.4],[-0.06098,51.58801,10.4],[-0.06105,51.58801,10.4],[-0.06109,51.58801,10.4],[-0.06123,51.58801,10.4],[-0.06179,51.58802,10.4],[-0.06196,51.58804,10.5],[-0.06212,51.58805,10.5],[-0.06228,51.58808,10.6],[-0.06229,51.58808,10.6],[-0.06242,51.58811,10.7],[-0.06252,51.58813,10.8],[-0.06259,51.58816,10.8],[-0.06259,51.58816,10.8],[-0.06288,51.58818,10.7],[-0.06296,51.58818,10.7],[-0.06301,51.58817,10.7],[-0.06317,51.58816,10.6],[-0.06331,51.58812,10.5],[-0.063478,51.58798,10],[-0.06357,51.58773,9.6],[-0.063589,51.58765,9.5],[-0.06365,51.58739,9.4],[-0.06368,51.58729,9.5],[-0.06372,51.58713,9.7],[-0.063728,51.58705,9.7],[-0.06375,51.58693,9.8],[-0.06379,51.58664,10.1],[-0.06381,51.58652,10],[-0.06383,51.58634,10],[-0.063839,51.5862,9.9],[-0.06385,51.58612,9.8],[-0.06388,51.58597,9.8],[-0.0639,51.58586,9.7],[-0.06393,51.58564,9.7],[-0.06397,51.58542,9.8],[-0.064019,51.58511,9.8],[-0.06403,51.58506,9.8],[-0.06404,51.58502,9.8],[-0.06406,51.58499,9.9],[-0.0641,51.58495,9.9],[-0.06414,51.58492,10],[-0.06419,51.5849,10],[-0.06425,51.58488,10],[-0.06431,51.58487,10],[-0.06439,51.58486,10],[-0.0645,51.58485,9.9],[-0.06465,51.58484,9.9],[-0.06496,51.58481,9.8],[-0.06506,51.58481,9.9],[-0.06531,51.58479,10.2],[-0.06586,51.58475,11],[-0.06595,51.58473,11],[-0.06613,51.58471,11.1],[-0.06634,51.58468,11.2],[-0.06662,51.58464,11.4],[-0.06681,51.58461,11.6],[-0.06696,51.58459,11.8],[-0.06722,51.58454,12.2],[-0.06733,51.58452,12.4],[-0.06743,51.58451,12.5],[-0.06751,51.58449,12.6],[-0.06764,51.58447,12.7],[-0.0677,51.58446,12.7],[-0.06788,51.58443,12.8],[-0.06791,51.58443,12.8],[-0.06802,51.58441,12.9],[-0.06817,51.58438,12.9],[-0.06827,51.58436,13],[-0.06841,51.58432,12.9],[-0.06856,51.58429,12.8],[-0.06877,51.58424,12.5],[-0.0689,51.58421,12.4],[-0.06901,51.58418,12.2],[-0.06909,51.58415,12.1],[-0.06924,51.58412,11.9],[-0.06935,51.5841,11.8],[-0.06944,51.58408,11.7],[-0.06956,51.58407,11.6],[-0.06968,51.58406,11.5],[-0.06978,51.58405,11.4],[-0.06985,51.58403,11.3],[-0.07002,51.58404,11.2],[-0.07032,51.58405,11.9],[-0.07065,51.58405,12.7],[-0.0709,51.58406,13.2],[-0.07106,51.58406,13.4],[-0.07128,51.58407,13.7],[-0.07142,51.58407,13.8],[-0.07148,51.58407,13.9],[-0.07148,51.58407,13.9],[-0.07152,51.58405,14],[-0.07154,51.58404,14],[-0.07156,51.58404,14],[-0.07159,51.58403,14.1],[-0.07182,51.58401,14],[-0.07187,51.58401,13.9],[-0.07189,51.584,13.9],[-0.07203,51.58399,13.8],[-0.0722,51.58396,13.6],[-0.0722,51.58396,13.6],[-0.07229,51.58392,13.5],[-0.07236,51.5839,13.5],[-0.07242,51.58388,13.4],[-0.0725,51.58388,13.3],[-0.07252,51.58388,13.3],[-0.07254,51.58389,13.3],[-0.07257,51.58389,13.3],[-0.07259,51.58389,13.3],[-0.07268,51.58391,13.2],[-0.07278,51.58392,13.1],[-0.07305,51.58395,12.8],[-0.07338,51.58399,12.5],[-0.0735,51.58401,12.5],[-0.07395,51.58405,12.8],[-0.07435,51.5841,13],[-0.07478,51.58414,13],[-0.07489,51.58416,13],[-0.07511,51.58419,13.1],[-0.07523,51.58421,13.2],[-0.07531,51.58423,13.3],[-0.07539,51.58424,13.4],[-0.0754,51.58425,13.4],[-0.07547,51.58426,13.5],[-0.07554,51.58429,13.5],[-0.07555,51.58429,13.5],[-0.07573,51.58434,13.7],[-0.07594,51.58442,13.7],[-0.07613,51.58448,13.6],[-0.07712,51.5848,13.8],[-0.07726,51.58485,13.9],[-0.0775,51.58493,14.1],[-0.07763,51.58497,14.2],[-0.07798,51.58508,14.6],[-0.07807,51.58511,14.7],[-0.07821,51.58515,14.9],[-0.07826,51.58517,14.9],[-0.07831,51.58518,15],[-0.0784,51.58519,15.1],[-0.07847,51.58519,15.2],[-0.07857,51.5852,15.3],[-0.07869,51.5852,15.4],[-0.07896,51.58521,15.8],[-0.07912,51.58521,15.9],[-0.07968,51.58522,16],[-0.07981,51.58522,16],[-0.07989,51.58522,16],[-0.08057,51.58523,15.5],[-0.08123,51.58524,15.3],[-0.08144,51.58524,15.3],[-0.08152,51.58525,15.3],[-0.08196,51.58528,15.2],[-0.08219,51.5853,15.1],[-0.08238,51.58532,15.1],[-0.08249,51.58534,15],[-0.08267,51.58536,14.9],[-0.0827,51.58537,14.9],[-0.08284,51.58539,14.8],[-0.08297,51.58541,14.7],[-0.08309,51.58543,14.6],[-0.08319,51.58545,14.6],[-0.08356,51.58552,14.3],[-0.08418,51.58567,14],[-0.08495,51.58587,14.2],[-0.08513,51.58591,14.7],[-0.08514,51.58592,14.7],[-0.0854,51.58598,15.6],[-0.08557,51.58602,16.1],[-0.08562,51.58603,16.3],[-0.08583,51.58608,16.9],[-0.086,51.58611,17.3],[-0.0862,51.58615,17.9],[-0.08636,51.58618,18.2],[-0.08666,51.58623,18.9],[-0.08671,51.58624,19],[-0.08672,51.58624,19],[-0.08673,51.58624,19],[-0.08673,51.58623,19],[-0.08674,51.58623,19],[-0.08675,51.58623,19],[-0.08675,51.58622,19],[-0.08676,51.58622,19],[-0.08677,51.58622,19],[-0.08678,51.58622,19],[-0.08679,51.58622,19],[-0.08679,51.58623,19],[-0.0868,51.58623,19],[-0.08681,51.58623,19],[-0.08682,51.58624,19.1],[-0.08683,51.58624,19.1],[-0.08683,51.58625,19.1],[-0.08683,51.58626,19.1],[-0.08691,51.58627,19.2],[-0.08696,51.58627,19.2],[-0.08699,51.58628,19.3],[-0.08702,51.58628,19.3],[-0.08705,51.58628,19.3],[-0.08712,51.58629,19.4],[-0.08732,51.58632,19.6],[-0.08766,51.58637,19.9],[-0.08769,51.58637,19.9],[-0.0881,51.58644,20.2],[-0.08823,51.58646,20.3],[-0.08832,51.58647,20.3],[-0.08841,51.58647,20.2],[-0.08862,51.58646,20.1],[-0.0891,51.58639,19.7],[-0.08929,51.58636,19.7],[-0.08928,51.58636,19.7],[-0.08928,51.58635,19.7],[-0.08927,51.58634,19.7],[-0.08927,51.58633,19.6],[-0.08928,51.58633,19.7],[-0.08928,51.58632,19.6],[-0.08929,51.58632,19.6],[-0.08929,51.58631,19.6],[-0.0893,51.58631,19.6],[-0.08931,51.58631,19.6],[-0.08931,51.5863,19.6],[-0.08932,51.5863,19.6],[-0.08933,51.5863,19.6],[-0.08934,51.5863,19.7],[-0.08935,51.5863,19.7],[-0.08935,51.58631,19.7],[-0.08936,51.58631,19.7],[-0.08937,51.58631,19.7],[-0.08937,51.58632,19.7],[-0.08938,51.58632,19.7],[-0.08938,51.58633,19.7],[-0.08938,51.58634,19.7],[-0.08956,51.58633,19.8],[-0.08966,51.58632,19.8],[-0.08992,51.58629,20],[-0.09017,51.58626,19.9],[-0.09041,51.58623,19.7],[-0.09086,51.58617,19.4],[-0.09103,51.58615,19.4],[-0.09178,51.58608,19.4],[-0.09239,51.58608,20.2],[-0.09252,51.58608,20.3],[-0.09264,51.58608,20.3],[-0.09277,51.58607,20.3],[-0.09309,51.58606,20.3],[-0.09355,51.58605,20.1],[-0.09365,51.58604,20.1],[-0.09371,51.58604,20],[-0.09373,51.58604,20],[-0.09378,51.58604,20],[-0.09385,51.58604,19.9],[-0.09391,51.58604,19.9],[-0.09396,51.58605,19.9],[-0.09401,51.58605,19.9],[-0.09408,51.58606,19.9],[-0.09419,51.58608,19.9],[-0.09428,51.58609,20],[-0.09434,51.5861,20],[-0.09441,51.58612,20.1],[-0.09451,51.58615,20.3],[-0.09457,51.58617,20.4],[-0.09462,51.58618,20.5],[-0.09475,51.58623,20.8],[-0.09563,51.58654,22.5],[-0.09587,51.58661,22.8],[-0.09596,51.58664,22.9],[-0.09602,51.58665,22.9],[-0.09603,51.58666,23],[-0.09611,51.58668,23],[-0.0962,51.5867,23],[-0.09624,51.58672,23],[-0.09628,51.58673,23],[-0.09639,51.58676,23],[-0.09663,51.58683,23],[-0.09704,51.58693,22.8],[-0.09726,51.58699,22.8],[-0.09726,51.58699,22.8],[-0.098937,51.587583,24.7],[-0.098937,51.587583,24.7],[-0.100303,51.588127,24.9],[-0.101669,51.588672,26.4],[-0.10166,51.58868,26.3],[-0.10171,51.58871,26.2],[-0.10195,51.58884,25.8],[-0.10198,51.58886,25.8],[-0.102,51.58887,25.8],[-0.1021,51.58892,25.8],[-0.1021,51.58892,25.8],[-0.10221,51.58909,25.5],[-0.10247,51.58948,24.4],[-0.10254,51.58959,24],[-0.10261,51.58969,23.6],[-0.10267,51.58978,23.4],[-0.10271,51.58984,23.3],[-0.10276,51.58992,23.1],[-0.10278,51.58994,23.1],[-0.10285,51.59001,23],[-0.10301,51.59016,22.7],[-0.10311,51.59025,22.8],[-0.10317,51.59032,22.9],[-0.10332,51.59036,23],[-0.10332,51.59036,23],[-0.10349,51.59028,22.8],[-0.10392,51.59011,22.3],[-0.10395,51.59011,22.3],[-0.10402,51.5901,22.2],[-0.10416,51.59009,22],[-0.10467,51.58998,22.1],[-0.10565,51.58975,23.1],[-0.1062,51.58966,23.4],[-0.10667,51.58958,23.5],[-0.10706,51.58953,24],[-0.10772,51.58943,24.7],[-0.10812,51.58936,24.8],[-0.10824,51.58933,24.8],[-0.1083,51.58932,24.8],[-0.10839,51.5893,24.9],[-0.10849,51.58927,24.9],[-0.10864,51.58924,24.9],[-0.10943,51.58905,25.3],[-0.10956,51.58902,25.4],[-0.10963,51.58901,25.4],[-0.10967,51.589,25.4],[-0.1098,51.58894,25.5],[-0.10982,51.58893,25.6],[-0.10992,51.5889,25.6],[-0.10995,51.5889,25.6],[-0.11005,51.58887,25.8],[-0.11021,51.58883,26.2],[-0.11038,51.58881,26.5],[-0.11044,51.5888,26.6],[-0.11045,51.5888,26.7],[-0.1107,51.58877,27.2],[-0.11078,51.58876,27.4],[-0.11086,51.58875,27.5],[-0.11097,51.58873,27.7],[-0.11114,51.5887,27.9],[-0.11116,51.5887,27.9],[-0.11136,51.58864,28.3],[-0.11164,51.58855,28.9],[-0.11166,51.58854,29],[-0.11186,51.58848,29.8],[-0.11197,51.58847,30.2],[-0.11229,51.58835,31.4],[-0.11261,51.58824,32.9],[-0.11282,51.58817,33.7],[-0.11302,51.5881,34.6],[-0.11317,51.58805,35.2],[-0.11317,51.58805,35.2],[-0.11304,51.58789,36.3],[-0.11292,51.58773,37.4],[-0.11287,51.58766,37.7],[-0.11239,51.58704,38.4],[-0.11235,51.58699,38.4],[-0.11229,51.58691,38.4],[-0.11225,51.58665,38.7],[-0.11225,51.5866,38.7],[-0.11226,51.5864,38.8],[-0.11226,51.58638,38.9],[-0.11227,51.58632,38.9],[-0.11229,51.58626,39],[-0.11229,51.58623,39],[-0.11231,51.58614,39.1],[-0.11232,51.58612,39.2],[-0.11234,51.58607,39.2],[-0.11235,51.58607,39.3],[-0.11236,51.58603,39.3],[-0.11238,51.586,39.4],[-0.11242,51.58591,39.6],[-0.11251,51.58582,40],[-0.11258,51.58576,40.2],[-0.11261,51.58575,40.3],[-0.11266,51.58572,40.4],[-0.11273,51.58568,40.6],[-0.11279,51.58565,40.7],[-0.11287,51.58562,40.9],[-0.11295,51.5856,41.1],[-0.113,51.58559,41.2],[-0.11306,51.58557,41.3],[-0.11315,51.58556,41.6],[-0.11323,51.58554,41.8],[-0.11333,51.58553,42],[-0.11339,51.58552,42.2],[-0.1137,51.5855,43.2],[-0.11371,51.5855,43.3],[-0.11383,51.58549,43.7],[-0.1139,51.58548,43.9],[-0.11396,51.58548,44.1],[-0.11401,51.58547,44.3],[-0.11406,51.58546,44.5],[-0.11414,51.58545,44.8],[-0.11423,51.58544,45.1],[-0.11425,51.58543,45.2],[-0.11443,51.58539,45.7],[-0.11453,51.58537,46],[-0.11459,51.58534,46.3],[-0.11464,51.58532,46.5],[-0.11472,51.58528,46.9],[-0.11478,51.58525,47.2],[-0.11486,51.58521,47.6],[-0.11499,51.58514,48.3],[-0.11503,51.58511,48.5],[-0.11525,51.58497,49.3],[-0.11538,51.5849,49.5],[-0.11539,51.58489,49.5],[-0.11551,51.58483,49.6],[-0.11554,51.58481,49.6],[-0.11556,51.58478,49.7],[-0.11561,51.58473,49.7],[-0.11565,51.58469,49.8],[-0.11569,51.58464,49.8],[-0.11581,51.58447,50],[-0.11585,51.58443,50],[-0.1159,51.58437,50],[-0.11598,51.58429,50],[-0.11612,51.58412,49.9],[-0.11614,51.58409,49.8],[-0.11616,51.58407,49.7],[-0.11619,51.58405,49.6],[-0.11627,51.58397,49.4],[-0.11633,51.58391,49.3],[-0.11651,51.58373,48.9],[-0.1166,51.58364,48.7],[-0.11672,51.58354,48.6],[-0.11686,51.58343,48.5],[-0.11708,51.58326,48.3],[-0.1171,51.58324,48.2],[-0.11721,51.58317,48.2],[-0.11731,51.58311,48.2],[-0.1174,51.58306,48.2],[-0.11759,51.58297,48.3],[-0.11767,51.58294,48.4],[-0.11778,51.5829,48.5],[-0.11804,51.5828,48.8],[-0.11819,51.58274,49],[-0.11842,51.58266,48.9],[-0.11884,51.5825,47.2],[-0.11886,51.5825,47.1],[-0.11903,51.58244,46.4],[-0.11903,51.58243,46.4],[-0.11902,51.58243,46.4],[-0.11901,51.58242,46.4],[-0.11901,51.58241,46.4],[-0.119,51.58241,46.4],[-0.119,51.5824,46.4],[-0.119,51.58239,46.4],[-0.119,51.58238,46.4],[-0.11901,51.58238,46.3],[-0.11901,51.58237,46.3],[-0.11901,51.58236,46.3],[-0.11902,51.58236,46.3],[-0.11903,51.58235,46.2],[-0.11904,51.58235,46.2],[-0.11904,51.58234,46.2],[-0.11905,51.58234,46.1],[-0.11906,51.58234,46.1],[-0.11907,51.58234,46.1],[-0.11908,51.58234,46.1],[-0.11909,51.58234,46],[-0.1191,51.58234,46],[-0.11911,51.58234,46],[-0.11912,51.58234,45.9],[-0.11913,51.58234,45.9],[-0.11914,51.58234,45.9],[-0.11915,51.58234,45.9],[-0.11915,51.58235,45.9],[-0.11916,51.58235,45.8],[-0.11917,51.58235,45.8],[-0.11917,51.58236,45.8],[-0.11918,51.58236,45.8],[-0.11918,51.58237,45.8],[-0.11919,51.58237,45.8],[-0.11919,51.58238,45.8],[-0.11947,51.58227,45.2],[-0.1197,51.58219,44.8],[-0.11986,51.58212,44.6],[-0.11999,51.58207,44.5],[-0.12005,51.58205,44.5],[-0.12015,51.58201,44.4],[-0.12029,51.58196,44.3],[-0.12032,51.58195,44.3],[-0.1205,51.58188,44.1],[-0.12065,51.58182,44],[-0.12073,51.58179,44],[-0.12077,51.58177,44],[-0.12085,51.58174,43.9],[-0.12093,51.58171,43.9],[-0.12105,51.58166,44],[-0.12119,51.5816,44.1],[-0.12123,51.58158,44.2],[-0.12128,51.58156,44.2],[-0.12137,51.58151,44.3],[-0.12142,51.58149,44.4],[-0.12148,51.58145,44.5],[-0.12149,51.58145,44.5],[-0.12152,51.58143,44.5],[-0.12154,51.58142,44.5],[-0.1216,51.58138,44.7],[-0.12161,51.58137,44.7],[-0.1217,51.58131,44.9],[-0.12186,51.58119,45.4],[-0.12186,51.58118,45.4],[-0.12208,51.58101,46.1],[-0.1221,51.58099,46.1],[-0.12232,51.58082,46.8],[-0.12239,51.58077,46.9],[-0.12276,51.58047,47.6],[-0.12295,51.58032,47.9],[-0.12303,51.58026,48.1],[-0.12307,51.58022,48.2],[-0.12323,51.58008,48.7],[-0.12325,51.58006,48.8],[-0.12333,51.57999,49],[-0.1234,51.57991,49.1],[-0.12356,51.57972,49.4],[-0.12364,51.57961,49.6],[-0.12365,51.57958,49.6],[-0.12367,51.57954,49.7],[-0.1237,51.57948,49.8],[-0.12373,51.57942,49.9],[-0.12374,51.57938,50],[-0.12375,51.57933,50.1],[-0.12377,51.57924,50.3],[-0.12378,51.57921,50.4],[-0.12379,51.57918,50.4],[-0.12379,51.57913,50.5],[-0.12379,51.57909,50.6],[-0.12381,51.57893,50.8],[-0.12384,51.57876,51],[-0.12384,51.57874,51],[-0.12385,51.57871,51.1],[-0.12386,51.57868,51.1],[-0.12387,51.57865,51.2],[-0.12389,51.57848,51.4],[-0.12394,51.57841,51.6],[-0.12398,51.57834,51.8],[-0.12402,51.57827,52.1],[-0.12404,51.57824,52.3],[-0.12406,51.57822,52.4],[-0.12409,51.57819,52.6],[-0.1242,51.57809,53.2],[-0.12433,51.57797,53.8],[-0.12438,51.57794,54],[-0.12443,51.57789,54.3],[-0.12454,51.5778,54.8],[-0.12463,51.5777,55.5],[-0.12468,51.57765,55.8],[-0.12481,51.57752,56.7],[-0.12488,51.57746,57.3],[-0.12493,51.5774,58],[-0.12519,51.57715,60.8],[-0.12525,51.57708,61.5],[-0.125319,51.577,62.3],[-0.12541,51.5769,63.3],[-0.12544,51.57687,63.5],[-0.12556,51.57674,64.7],[-0.125707,51.5766,65.4],[-0.12576,51.57654,65.7],[-0.12581,51.57649,65.9],[-0.1259,51.57638,66.4],[-0.126,51.57627,67],[-0.12606,51.57619,67.4],[-0.126068,51.57617,67.6],[-0.126235,51.57595,68.9],[-0.12639,51.57572,70.1],[-0.126429,51.57567,70.4],[-0.12647,51.57559,70.7],[-0.12651,51.57553,71],[-0.126568,51.57541,71.5],[-0.12681,51.57496,73],[-0.12689,51.57482,72.6],[-0.12691,51.57478,72.5],[-0.12694,51.57474,72.4],[-0.12695,51.57472,72.4],[-0.12698,51.57466,72.2],[-0.127039,51.57455,72],[-0.127067,51.57448,71.8],[-0.127095,51.57442,71.7],[-0.127095,51.57442,71.7],[-0.12717,51.5744,71.6],[-0.12722,51.57439,71.7],[-0.12725,51.57438,71.8],[-0.12731,51.57434,71.8],[-0.127483,51.57423,72.1],[-0.127539,51.57421,72.2],[-0.12764,51.57417,72.3],[-0.128066,51.57409,73.1],[-0.128288,51.57405,73.5],[-0.12856,51.574,74.5],[-0.12883,51.57396,75.8],[-0.12914,51.5739,77.2],[-0.12922,51.57388,77.6],[-0.12924,51.57388,77.7],[-0.12931,51.57387,78],[-0.12938,51.57386,78.3],[-0.12981,51.57381,80.2],[-0.12994,51.57379,80.8],[-0.13005,51.57377,81.2],[-0.13019,51.57376,81.5],[-0.130314,51.57374,81.8],[-0.13049,51.57372,82.1],[-0.13075,51.57368,82.8],[-0.13083,51.57367,83],[-0.13099,51.57365,83.4],[-0.131036,51.57364,83.6],[-0.13114,51.57362,83.9],[-0.13121,51.57361,84.1],[-0.13129,51.57359,84.3],[-0.1313,51.57359,84.3],[-0.13139,51.57356,84.6],[-0.13171,51.57346,85.8],[-0.13182,51.57343,86.1],[-0.13189,51.5734,86.3],[-0.13219,51.57331,87.2],[-0.13249,51.57323,87.9],[-0.13264,51.57319,88],[-0.13281,51.57314,88.1],[-0.13292,51.57311,88.2],[-0.13301,51.57307,88.3],[-0.13306,51.57305,88.3],[-0.13311,51.57303,88.4],[-0.1334,51.5729,88.5],[-0.13349,51.57286,88.5],[-0.13356,51.57282,88.5],[-0.13369,51.57275,88.6],[-0.13371,51.57274,88.7],[-0.13379,51.5727,88.8],[-0.13384,51.57267,88.9],[-0.13397,51.5726,89.3],[-0.1342,51.57248,90.1],[-0.13429,51.57242,90.3],[-0.13436,51.57238,90.5],[-0.13462,51.57225,91.3],[-0.13467,51.57222,91.4],[-0.13482,51.57214,91.9],[-0.13491,51.57209,92.2],[-0.1351,51.57199,92.9],[-0.13515,51.57196,93.1],[-0.13521,51.57193,93.3],[-0.13526,51.5719,93.5],[-0.13535,51.57187,93.9],[-0.13542,51.57184,94.3],[-0.13568,51.57174,95.8],[-0.13584,51.57168,96.9],[-0.13595,51.57165,97.4],[-0.13598,51.57164,97.5],[-0.13604,51.57161,97.6],[-0.13606,51.5716,97.6],[-0.13615,51.57156,97.8],[-0.13627,51.5715,98.1],[-0.13636,51.57144,98.2],[-0.13655,51.57136,98.5],[-0.13668,51.5713,98.6],[-0.13673,51.57128,98.5],[-0.1368,51.57126,98.2],[-0.13687,51.57123,98],[-0.13693,51.57121,97.8],[-0.13707,51.57115,97.3],[-0.13727,51.57108,96.7],[-0.13737,51.57105,96.5],[-0.13741,51.57104,96.4],[-0.13754,51.57099,96.2],[-0.13756,51.57098,96.2],[-0.13761,51.57096,96.1],[-0.13767,51.57094,96.1],[-0.13776,51.5709,96],[-0.13781,51.57087,96],[-0.13787,51.57083,96],[-0.13795,51.57079,96.1],[-0.13797,51.57077,96.2],[-0.13801,51.57075,96.3],[-0.13805,51.57073,96.4],[-0.1381,51.57071,96.5],[-0.13815,51.57069,96.6],[-0.13825,51.57065,96.8],[-0.13826,51.57065,96.8],[-0.13832,51.57063,97],[-0.13835,51.57061,97.1],[-0.13837,51.57061,97.1],[-0.13845,51.57058,97.4],[-0.13858,51.57052,97.8],[-0.13868,51.57048,98.1],[-0.13874,51.57044,97.9],[-0.13886,51.57036,99.1],[-0.13889,51.57034,99.3],[-0.13898,51.57029,99.8],[-0.13918,51.57018,100.8],[-0.13932,51.5701,101.6],[-0.13935,51.57009,101.7],[-0.1394,51.57006,102],[-0.13955,51.56998,102.7],[-0.13959,51.56996,102.7],[-0.13966,51.56992,102.7],[-0.13985,51.56982,102.8],[-0.14004,51.56971,102.7],[-0.1402,51.56965,102.6],[-0.14039,51.56956,102.5],[-0.14044,51.56954,102.5],[-0.14053,51.56951,102.5],[-0.14054,51.56951,102.6],[-0.14065,51.56947,102.6],[-0.14074,51.56944,102.7],[-0.14083,51.56942,102.8],[-0.1409,51.5694,102.9],[-0.14096,51.56939,103],[-0.14103,51.56937,103.1],[-0.14114,51.56935,103.3],[-0.14124,51.56933,103.5],[-0.14137,51.56931,103.9],[-0.14177,51.56926,104.9],[-0.14196,51.56921,105.3],[-0.14199,51.5692,105.4],[-0.14203,51.56918,105.4],[-0.14206,51.56916,105.4],[-0.1421,51.56915,105.4],[-0.1421,51.56915,105.4],[-0.14224,51.56919,106.2],[-0.14224,51.56919,106.2],[-0.14239,51.56905,105.4],[-0.14239,51.56904,105.3],[-0.1424,51.56903,105.2],[-0.14241,51.56901,105],[-0.14243,51.56899,104.9],[-0.14243,51.56897,104.7],[-0.14243,51.56895,104.5],[-0.14242,51.56893,104.2],[-0.14241,51.56891,104],[-0.1424,51.56889,103.7],[-0.1424,51.56888,103.6],[-0.14239,51.56886,103.4],[-0.14229,51.56878,102.3],[-0.14217,51.56868,101],[-0.14213,51.56864,100.5],[-0.14208,51.56859,100],[-0.14202,51.56852,99.2],[-0.14194,51.56841,98],[-0.14185,51.56821,95.6],[-0.14178,51.56806,93.6],[-0.14172,51.56792,91.6],[-0.14167,51.5678,90],[-0.14162,51.56767,88.2],[-0.14156,51.56752,86.1],[-0.14151,51.56742,85.4],[-0.14149,51.56732,84.9],[-0.14147,51.56723,84.5],[-0.14146,51.56718,84.2],[-0.14145,51.56711,83.9],[-0.14143,51.56702,83.4],[-0.14141,51.56688,82.7],[-0.14141,51.56685,82.6],[-0.14139,51.56671,81.9],[-0.14138,51.5667,81.8],[-0.14136,51.56653,80.6],[-0.14135,51.56649,80.3],[-0.14134,51.56641,79.8],[-0.14131,51.56621,78.3],[-0.14131,51.56619,78.1],[-0.14129,51.56609,77.4],[-0.14125,51.56593,76.2],[-0.14124,51.5659,76],[-0.14123,51.56586,75.7],[-0.1412,51.56574,74.9],[-0.14119,51.5657,74.7],[-0.14118,51.56564,74.4],[-0.14114,51.56551,73.6],[-0.14111,51.56544,73.1],[-0.14108,51.56538,72.7],[-0.14107,51.56534,72.5],[-0.14102,51.56524,71.8],[-0.14098,51.56518,71.4],[-0.14098,51.56517,71.3],[-0.14091,51.56504,70.4],[-0.14083,51.56492,69.7],[-0.14073,51.56472,68.8],[-0.14069,51.56464,68.4],[-0.14066,51.56457,68.1],[-0.14064,51.56452,67.9],[-0.14062,51.56447,67.7],[-0.14062,51.56442,67.6],[-0.14062,51.56437,67.4],[-0.14062,51.56433,67.3],[-0.14063,51.56427,67.1],[-0.14064,51.56421,66.9],[-0.14066,51.56413,66.9],[-0.14067,51.56408,67.1],[-0.14071,51.56392,67.6],[-0.14074,51.56384,67.8],[-0.14075,51.56375,68],[-0.14076,51.56368,68.2],[-0.14076,51.56363,68.4],[-0.14075,51.56359,68.5],[-0.14075,51.56353,68.7],[-0.14073,51.56343,69],[-0.14073,51.5634,69.1],[-0.14069,51.56331,69.4],[-0.14065,51.56318,69.8],[-0.14062,51.56312,70],[-0.1406,51.56303,70.3],[-0.14058,51.56293,70.6],[-0.14055,51.56278,71],[-0.14054,51.56273,71.2],[-0.14054,51.56267,71.3],[-0.14054,51.56263,71.4],[-0.14055,51.56258,71.5],[-0.14055,51.56256,71.5],[-0.14055,51.56254,71.6],[-0.14061,51.56228,70.5],[-0.14062,51.56225,70.4],[-0.14064,51.56219,70.1],[-0.14066,51.56211,69.7],[-0.14067,51.56207,69.5],[-0.14068,51.56205,69.5],[-0.1407,51.56201,69.3],[-0.14072,51.56196,69.1],[-0.14076,51.5619,68.8],[-0.14081,51.56182,68.5],[-0.14083,51.56178,68.4],[-0.14086,51.56172,68.2],[-0.14089,51.56166,68],[-0.14092,51.5616,67.8],[-0.14094,51.56154,67.7],[-0.14095,51.56154,67.7],[-0.14097,51.56146,67.5],[-0.14099,51.56137,67.3],[-0.141,51.56122,66.9],[-0.141,51.5612,66.9],[-0.14103,51.5609,66.2],[-0.14103,51.56075,65.7],[-0.14103,51.56071,65.6],[-0.14103,51.56061,65.3],[-0.14103,51.56059,65.2],[-0.14103,51.56055,65.1],[-0.14101,51.56046,64.8],[-0.141,51.56043,64.6],[-0.14099,51.56039,64.5],[-0.14097,51.56034,64.3],[-0.14094,51.56028,64.1],[-0.14094,51.56027,64.1],[-0.14091,51.56023,63.9],[-0.14087,51.56018,63.7],[-0.14084,51.56014,63.5],[-0.14076,51.56005,63.1],[-0.14057,51.55987,62.5],[-0.14056,51.55987,62.5],[-0.14051,51.55982,62.3],[-0.14048,51.55978,62.2],[-0.14046,51.55975,62.1],[-0.14039,51.55967,61.9],[-0.14028,51.5595,61.3],[-0.14022,51.55942,61.1],[-0.14001,51.55912,59.6],[-0.13977,51.55875,55.5],[-0.13957,51.55847,52.5],[-0.13954,51.55842,52],[-0.13942,51.55825,50.9],[-0.13927,51.55802,50.4],[-0.1392,51.55793,50.2],[-0.13898,51.5576,49.5],[-0.13896,51.55758,49.5],[-0.13862,51.55714,48.1],[-0.1384,51.55687,47.3],[-0.1384,51.55687,47.3],[-0.1386,51.5566,47.5],[-0.13868,51.55649,47.8],[-0.13901,51.55603,48.7],[-0.13919,51.55579,49.1],[-0.13927,51.55568,49.3],[-0.1393,51.55565,49.4],[-0.13943,51.55548,49.6],[-0.13949,51.55538,49.7],[-0.13968,51.55513,49.6],[-0.1398,51.55496,49.5],[-0.13995,51.55477,49.1],[-0.14014,51.5545,48.7],[-0.14023,51.55437,48.5],[-0.14036,51.5542,48.2],[-0.14042,51.55413,47.9],[-0.14046,51.55408,47.7],[-0.14048,51.55405,47.6],[-0.14055,51.55394,47.2],[-0.14063,51.55382,46.8],[-0.14066,51.55376,46.5],[-0.1407,51.5537,46.3],[-0.14076,51.55355,45.8],[-0.14079,51.55347,45.5],[-0.14082,51.55338,45.2],[-0.14087,51.55324,44.8],[-0.1409,51.55314,44.5],[-0.14094,51.55297,44.2],[-0.14098,51.55275,43.9],[-0.141,51.55258,43.7],[-0.14102,51.55246,43.4],[-0.14106,51.55218,42.4],[-0.1411,51.55194,41.6],[-0.1411,51.55193,41.5],[-0.1411,51.55168,40.7],[-0.1411,51.55168,40.7],[-0.14098,51.55154,40.2],[-0.14095,51.5515,40.1],[-0.14092,51.55146,39.9],[-0.14083,51.55134,39.4],[-0.1408,51.55131,39.3],[-0.14078,51.55128,39.2],[-0.14072,51.55122,38.9],[-0.14069,51.55116,38.9],[-0.14068,51.55113,38.9],[-0.14067,51.5511,38.9],[-0.14066,51.55102,38.9],[-0.14065,51.55099,38.9],[-0.14066,51.55094,38.9],[-0.14066,51.55088,38.9],[-0.14068,51.55077,38.9],[-0.14068,51.55075,38.9],[-0.14069,51.55061,38.9],[-0.1407,51.55057,38.9],[-0.1407,51.55055,39],[-0.14071,51.55047,39],[-0.14072,51.5504,39],[-0.14081,51.54989,39.1],[-0.14086,51.54969,39.4],[-0.14088,51.54958,39.5],[-0.1409,51.54944,39.7],[-0.14093,51.54932,39.8],[-0.14096,51.54919,40],[-0.141,51.54904,39.8],[-0.14102,51.54897,39.8],[-0.14104,51.54887,39.6],[-0.14107,51.54885,39.6],[-0.14112,51.54861,39.3],[-0.14115,51.54848,39.2],[-0.14118,51.54837,39],[-0.14119,51.54834,39],[-0.14122,51.5482,38.4],[-0.14125,51.54809,38],[-0.14126,51.54803,37.7],[-0.14137,51.54778,36.6],[-0.14144,51.54761,35.8],[-0.14155,51.54733,35.1],[-0.14156,51.54728,35.1],[-0.14158,51.54718,35.1],[-0.14163,51.54698,35],[-0.14166,51.54688,35],[-0.14169,51.54678,34.9],[-0.1417,51.54671,34.9],[-0.14171,51.54668,34.9],[-0.14173,51.54663,34.8],[-0.14176,51.54652,34.8],[-0.14176,51.54634,34.8],[-0.14176,51.54624,34.8],[-0.14176,51.54622,34.8],[-0.14176,51.54616,34.8],[-0.14176,51.54614,34.8],[-0.14173,51.54596,34.8],[-0.14172,51.54588,34.9],[-0.14171,51.5458,34.8],[-0.14171,51.54578,34.7],[-0.14168,51.54571,34.5],[-0.14161,51.54551,33.8],[-0.14156,51.54548,33.7],[-0.14155,51.54546,33.7],[-0.14154,51.54545,33.6],[-0.14153,51.54542,33.5],[-0.14152,51.5454,33.4],[-0.14152,51.54539,33.4],[-0.1415,51.54536,33.3],[-0.14147,51.54519,32.7],[-0.14146,51.54514,32.5],[-0.14146,51.5451,32.4],[-0.14145,51.545,32],[-0.14144,51.54491,32.3],[-0.14144,51.54483,32.6],[-0.14144,51.54481,32.7],[-0.14148,51.54472,33],[-0.14148,51.54463,33.3],[-0.1415,51.54419,34.9],[-0.1415,51.54415,34.9],[-0.14151,51.54411,34.7],[-0.14153,51.54404,34.4],[-0.14155,51.54397,34.1],[-0.14166,51.54373,32.9],[-0.14169,51.54367,32.6],[-0.14171,51.54364,32.5],[-0.14171,51.54361,32.4],[-0.14172,51.54358,32.3],[-0.14173,51.54346,31.7],[-0.14177,51.54315,30.6],[-0.14183,51.54274,29.1],[-0.14185,51.54255,28.4],[-0.14188,51.54236,28.1],[-0.14193,51.54202,27.9],[-0.14193,51.542,27.9],[-0.14195,51.5419,27.9],[-0.142,51.54158,28.2],[-0.14201,51.54149,28.3],[-0.14201,51.54148,28.3],[-0.14203,51.5414,28.4],[-0.14206,51.54117,28.6],[-0.14208,51.54107,28.7],[-0.1421,51.54097,28.9],[-0.14212,51.54086,29.1],[-0.14213,51.5408,29.2],[-0.14215,51.54066,29.5],[-0.14215,51.5406,29.6],[-0.14218,51.54042,29.9],[-0.1422,51.5403,30.1],[-0.14226,51.54004,30.6],[-0.142421,51.539171,31.9],[-0.142311,51.538718,32.4],[-0.14219,51.538446,32.8],[-0.1419,51.538094,32.9],[-0.141548,51.537706,32.1],[-0.141158,51.537256,31.5],[-0.140896,51.536969,31.1],[-0.140583,51.536685,30.4],[-0.140211,51.536343,30.6],[-0.139795,51.535927,31.2],[-0.139305,51.535458,29.9],[-0.13931,51.53546,29.9],[-0.13923,51.53537,29.6],[-0.13918,51.53532,29.4],[-0.13915,51.53528,29.3],[-0.13909,51.53519,29],[-0.13908,51.53517,29],[-0.13903,51.53509,28.8],[-0.139,51.53501,28.6],[-0.13899,51.53499,28.6],[-0.138972,51.534799,29.1],[-0.138997,51.534665,29.5],[-0.139139,51.534359,30.5],[-0.139204,51.53403,31.2],[-0.13924,51.533696,31.7],[-0.13925,51.533316,32.2],[-0.13927,51.533031,30.5],[-0.139299,51.53269,28.4],[-0.139338,51.532514,27.3],[-0.139245,51.53215,26.2],[-0.139115,51.531762,25.3],[-0.138987,51.531361,26.1],[-0.138844,51.531001,26.5],[-0.138773,51.530609,27],[-0.138706,51.530004,28],[-0.138685,51.529544,29.7],[-0.138686,51.529185,31.1],[-0.138616,51.528775,30.2],[-0.13862,51.52877,30.2],[-0.13862,51.52871,30],[-0.13862,51.52855,29.6],[-0.13862,51.52813,29],[-0.13862,51.52802,29],[-0.13862,51.52788,29],[-0.13862,51.52773,29],[-0.13862,51.52719,30.2],[-0.13862,51.52689,31.4],[-0.13861,51.5265,32.6],[-0.13861,51.52634,32.9],[-0.1386,51.52611,33.2],[-0.13859,51.52592,33.5],[-0.13859,51.52592,33.5],[-0.13855,51.52586,33.5],[-0.13851,51.52581,33.5],[-0.13837,51.52561,33.6],[-0.13836,51.52559,33.7],[-0.13828,51.52547,33.8],[-0.1382,51.52537,34],[-0.13811,51.52523,34.1],[-0.13811,51.52523,34.1],[-0.13801,51.52511,34.2],[-0.13791,51.52499,34.3],[-0.13787,51.52489,34.4],[-0.13787,51.52475,34.6],[-0.13785,51.52469,34.7],[-0.13779,51.52458,34.8],[-0.13777,51.52454,34.9],[-0.13777,51.52454,34.9],[-0.13772,51.52444,35.1],[-0.13768,51.52437,35.2],[-0.13762,51.52428,35.5],[-0.13751,51.52413,35.9],[-0.13745,51.52403,35.9],[-0.13736,51.52391,36],[-0.13734,51.52388,36],[-0.13724,51.52372,35.9],[-0.13692,51.52335,35.7],[-0.13691,51.52333,35.7],[-0.13664,51.52302,36.4],[-0.13644,51.5228,36.6],[-0.1363,51.52264,36.8],[-0.13613,51.52247,37.1],[-0.13609,51.52243,37.2],[-0.13598,51.52232,37.4],[-0.13585,51.5222,37.7],[-0.13574,51.52209,38],[-0.13559,51.52193,38.5],[-0.13539,51.52171,38.9],[-0.1353,51.52161,38.9],[-0.13517,51.52146,38.6],[-0.13516,51.52146,38.6],[-0.13502,51.52129,38.1],[-0.13499,51.52125,38],[-0.13493,51.52119,37.8],[-0.13483,51.52108,37.4],[-0.13477,51.52101,37.2],[-0.1347,51.52095,37],[-0.13459,51.52084,36.5],[-0.13439,51.52065,36.4],[-0.13432,51.52059,36.4],[-0.13431,51.52057,36.4],[-0.13401,51.52032,36.7],[-0.13382,51.52013,37.1],[-0.13367,51.51998,37.5],[-0.13364,51.51996,37.5],[-0.13352,51.51984,37.4],[-0.13346,51.51978,37.3],[-0.13344,51.51975,37.3],[-0.1334,51.51972,37.2],[-0.13322,51.51954,36.9],[-0.13309,51.51943,36.6],[-0.13303,51.51936,36.5],[-0.13299,51.51932,36.4],[-0.13292,51.51926,36.2],[-0.13288,51.51922,36.1],[-0.13266,51.519,36],[-0.13254,51.51888,36],[-0.13244,51.51877,36.1],[-0.13229,51.51863,36.3],[-0.13223,51.51856,36.3],[-0.13183,51.51815,37.6],[-0.13152,51.51783,39.5],[-0.13137,51.51767,40.3],[-0.13136,51.51767,40.3],[-0.13133,51.51764,40.4],[-0.13113,51.51743,40.7],[-0.131064,51.51738,40.4],[-0.13091,51.51722,39.7],[-0.13078,51.51709,39],[-0.130675,51.51698,38.5],[-0.13063,51.51691,38.3],[-0.13056,51.51681,37.9],[-0.130508,51.51674,37.7],[-0.13045,51.51665,37.4],[-0.130425,51.5166,37.4],[-0.13042,51.51658,37.4],[-0.13041,51.51656,37.4],[-0.13038,51.51649,37.3],[-0.13036,51.51642,37.2],[-0.13031,51.51618,36.9],[-0.13027,51.51596,36.4],[-0.130259,51.51593,36.3],[-0.13024,51.51585,36.2],[-0.13023,51.51581,36.1],[-0.13022,51.51579,36.1],[-0.13017,51.51559,35.7],[-0.1301,51.5154,35.2],[-0.1301,51.5154,35.2],[-0.130064,51.51533,35],[-0.12995,51.51506,34.2],[-0.129926,51.51501,34.1],[-0.12989,51.51491,34.1],[-0.12987,51.51487,34.2],[-0.12972,51.51452,34.3],[-0.12962,51.51422,34.5],[-0.129537,51.51403,34.6],[-0.12952,51.51399,34.6],[-0.12948,51.51388,34.6],[-0.129398,51.51375,34.7],[-0.129287,51.51355,34.9],[-0.12924,51.51344,34.9],[-0.12914,51.51326,34.9],[-0.12905,51.51312,34.9],[-0.12894,51.51293,34.8],[-0.12887,51.5128,34.7],[-0.12875,51.51262,34.6],[-0.12856,51.51229,34],[-0.12856,51.51228,34],[-0.12851,51.5122,33.8],[-0.12851,51.51219,33.8],[-0.12848,51.51214,33.7],[-0.12845,51.51203,33.6],[-0.12841,51.512,33.5],[-0.12839,51.51196,33.4],[-0.12838,51.51191,33.3],[-0.12842,51.51185,33.2],[-0.12841,51.51178,33],[-0.12841,51.51175,32.9],[-0.128399,51.51171,32.8],[-0.12839,51.51169,32.8],[-0.12839,51.51164,32.7],[-0.12839,51.51159,32.6],[-0.12839,51.5115,32.4],[-0.12839,51.51149,32.3],[-0.128399,51.51134,31.8],[-0.128399,51.51128,31.6],[-0.12841,51.51125,31.5],[-0.12841,51.51119,31.3],[-0.12841,51.51119,31.3],[-0.12842,51.51097,30.6],[-0.12841,51.51093,30.4],[-0.12841,51.51072,29.9],[-0.128399,51.51058,29.7],[-0.12838,51.51051,29.6],[-0.12837,51.51045,29.5],[-0.12833,51.51033,29.4],[-0.12831,51.51027,29.3],[-0.128288,51.51023,29.3],[-0.12824,51.51016,29.3],[-0.12817,51.51008,29.3],[-0.12812,51.51,29.3],[-0.12802,51.50987,29],[-0.12797,51.50982,28.9],[-0.12792,51.50977,28.8],[-0.12788,51.50974,28.7],[-0.127844,51.50972,28.7],[-0.12777,51.50967,28.5],[-0.12776,51.50967,28.5],[-0.12763,51.50962,28.2],[-0.12756,51.5096,28.1],[-0.127483,51.50957,27.9],[-0.12745,51.50955,27.8],[-0.1274,51.50953,27.6],[-0.12736,51.5095,27.4],[-0.12731,51.50943,26.9],[-0.1273,51.50941,26.7],[-0.127289,51.50938,26.5],[-0.12728,51.50936,26.4],[-0.12727,51.50934,26.2],[-0.12725,51.50929,25.9],[-0.127234,51.50928,25.8],[-0.127234,51.50927,25.7],[-0.127234,51.50924,25.5],[-0.12725,51.50917,25.1],[-0.12723,51.50909,24.7],[-0.12722,51.50898,24.3],[-0.127234,51.50882,23.8],[-0.127206,51.50872,23.4],[-0.127206,51.50871,23.4],[-0.1272,51.50866,23.2],[-0.12717,51.50858,23],[-0.12717,51.50858,23],[-0.12717,51.50855,22.9],[-0.12717,51.50847,22.6],[-0.12716,51.50841,22.5],[-0.12716,51.5084,22.4],[-0.12719,51.50829,22.2],[-0.12717,51.50824,22.5],[-0.12714,51.50814,22.9],[-0.12714,51.50813,23],[-0.12713,51.5081,23.1],[-0.12709,51.50806,23.5],[-0.12709,51.50805,23.5],[-0.127067,51.50803,23.7],[-0.12706,51.50801,23.8],[-0.12705,51.50798,24],[-0.12705,51.50797,24],[-0.127039,51.50792,24.2],[-0.12702,51.50782,24.8],[-0.12702,51.50778,24.9],[-0.12703,51.50776,24.9],[-0.12703,51.50775,25],[-0.127039,51.5077,25.1],[-0.12715,51.50756,24.7],[-0.12717,51.50753,24.7],[-0.127178,51.50752,24.6],[-0.1272,51.50751,24.5],[-0.12722,51.5075,24.4],[-0.127234,51.5075,24.2],[-0.1273,51.50749,23.6],[-0.1273,51.50749,23.6],[-0.1273,51.50748,23.6],[-0.127289,51.50748,23.7],[-0.127289,51.50747,23.6],[-0.12728,51.50747,23.7],[-0.12728,51.50746,23.6],[-0.12728,51.50744,23.5],[-0.12728,51.50743,23.5],[-0.12728,51.50741,23.4],[-0.127289,51.50739,23.2],[-0.127289,51.50738,23.1],[-0.1273,51.50736,22.9],[-0.12731,51.50734,22.8],[-0.127317,51.50733,22.6],[-0.12733,51.50732,22.5],[-0.12734,51.50731,22.4],[-0.127345,51.5073,22.3],[-0.12736,51.50729,22.2],[-0.12738,51.50728,22],[-0.12739,51.50727,21.9],[-0.12741,51.50727,21.8],[-0.12742,51.50726,21.6],[-0.12745,51.50724,21.4],[-0.127483,51.50723,21.1],[-0.12752,51.50722,20.9],[-0.12755,51.50721,20.7],[-0.12756,51.50721,20.7],[-0.12759,51.5072,20.5],[-0.12762,51.5072,20.4],[-0.12766,51.50719,20.2],[-0.12769,51.50719,20],[-0.127705,51.50719,19.9],[-0.12773,51.50719,19.8],[-0.12775,51.50719,19.8],[-0.12777,51.50719,19.7],[-0.12784,51.50715,19.3],[-0.12787,51.50713,19.2],[-0.128,51.50706,18.7],[-0.128066,51.50702,18.5],[-0.12813,51.50698,18.4],[-0.128205,51.50694,18.3],[-0.12828,51.50689,18.3],[-0.12833,51.50686,18.3],[-0.12839,51.50684,18.5],[-0.12845,51.50681,18.8],[-0.1285,51.50678,19],[-0.12861,51.50674,19.5],[-0.12861,51.50674,19.5],[-0.1287,51.50671,19.9],[-0.12872,51.5067,20],[-0.128788,51.50668,20.3],[-0.12887,51.50666,20.6],[-0.128956,51.50665,20.9],[-0.12901,51.50663,21.2],[-0.129066,51.50661,21.3],[-0.1293,51.50651,21.2],[-0.12948,51.50643,20.9],[-0.12977,51.50631,20.1],[-0.130066,51.50619,18.8],[-0.13044,51.50604,17.4],[-0.13083,51.50586,16.2],[-0.13099,51.5058,16.2],[-0.13118,51.50572,16.3],[-0.13136,51.50564,16.3],[-0.13147,51.5056,16.3],[-0.13187,51.50544,16.7],[-0.13267,51.50514,19.5]]},"properties":{"name":"Route F"}},{"type":"Feature","geometry":{"type":"LineString","coordinates":[[-0.29355,51.44463,58.1],[-0.29321,51.44414,57.1],[-0.29309,51.44394,56.7],[-0.29303,51.44385,56.5],[-0.29295,51.44363,55.9],[-0.29292,51.44352,55.6],[-0.29287,51.44326,54.8],[-0.29277,51.44279,53.5],[-0.29275,51.44272,53.3],[-0.29274,51.44265,53.1],[-0.29267,51.44243,52.7],[-0.2925,51.44211,52.1],[-0.29247,51.44207,52],[-0.2924,51.44196,51.7],[-0.29228,51.4418,51.1],[-0.29193,51.44131,49.6],[-0.29152,51.44064,47.6],[-0.29138,51.4404,46.1],[-0.29124,51.44016,44.6],[-0.29116,51.44,43.8],[-0.2911,51.43983,42.8],[-0.29107,51.43967,42],[-0.29104,51.43957,41.4],[-0.29102,51.4394,40.6],[-0.29101,51.43936,40.4],[-0.291,51.43923,39.7],[-0.29099,51.43907,39.2],[-0.29098,51.43889,38.9],[-0.29098,51.43869,38.6],[-0.29098,51.43852,38.3],[-0.29098,51.43835,38],[-0.29099,51.43814,37.5],[-0.291,51.43794,37],[-0.291,51.43783,36.7],[-0.291,51.43781,36.6],[-0.291,51.43772,36.4],[-0.29099,51.43762,36.1],[-0.29097,51.4375,35.8],[-0.29095,51.43742,35.5],[-0.29092,51.43732,35.2],[-0.29086,51.43718,34.8],[-0.29082,51.4371,34.6],[-0.29076,51.437,34.4],[-0.29069,51.4369,34.4],[-0.29057,51.43676,34.5],[-0.29048,51.43667,34.7],[-0.29035,51.43654,35.1],[-0.29029,51.43649,35.3],[-0.29013,51.43634,35.9],[-0.28996,51.43619,36.4],[-0.28958,51.43584,35.5],[-0.28923,51.43549,35],[-0.28899,51.43526,34.9],[-0.28884,51.43512,34.9],[-0.28871,51.435,35],[-0.2887,51.43499,35],[-0.28866,51.43496,34.9],[-0.28861,51.43492,34.7],[-0.28847,51.43476,34.1],[-0.28833,51.43461,33.6],[-0.28827,51.43454,33.5],[-0.28815,51.4344,33.2],[-0.28766,51.43383,32.6],[-0.28759,51.43374,32.4],[-0.28724,51.43334,31],[-0.28713,51.4332,30.2],[-0.28706,51.43309,29.6],[-0.28701,51.433,29.1],[-0.287,51.43292,28.6],[-0.28698,51.43285,28.2],[-0.28697,51.4328,28],[-0.28697,51.43278,27.9],[-0.28695,51.43267,27.3],[-0.28694,51.43263,27.1],[-0.28694,51.43257,26.7],[-0.28695,51.4325,26.3],[-0.28697,51.43239,26.7],[-0.287,51.43232,26.9],[-0.28701,51.43228,27.1],[-0.28704,51.43225,27.1],[-0.28707,51.43221,27.2],[-0.28708,51.4322,27.3],[-0.28715,51.43213,27.4],[-0.28719,51.4321,27.5],[-0.28725,51.43205,27.6],[-0.28733,51.43199,27.7],[-0.28763,51.43178,28.4],[-0.28766,51.43176,28.5],[-0.28786,51.43159,29.1],[-0.28798,51.43149,29.3],[-0.28807,51.4314,29.4],[-0.28819,51.43128,29.5],[-0.28829,51.43115,29.7],[-0.28835,51.43105,29.6],[-0.28836,51.43101,29.6],[-0.28838,51.43097,29.5],[-0.2884,51.4309,29.4],[-0.28841,51.43083,29.4],[-0.28841,51.43074,29.1],[-0.28842,51.43067,28.9],[-0.28841,51.4306,28.8],[-0.28841,51.43049,28.6],[-0.28841,51.43046,28.5],[-0.2884,51.43043,28.5],[-0.28837,51.4303,28.4],[-0.28837,51.43029,28.4],[-0.28831,51.43014,28.4],[-0.28831,51.43013,28.4],[-0.2883,51.43012,28.4],[-0.28827,51.43006,28.4],[-0.28813,51.42975,28.8],[-0.28809,51.42961,29],[-0.28809,51.4296,29],[-0.28808,51.42954,29],[-0.28806,51.42942,29.1],[-0.28801,51.42906,29.1],[-0.288,51.429,29],[-0.28789,51.42853,28.7],[-0.28789,51.42851,28.6],[-0.28786,51.42845,28.7],[-0.28782,51.42834,28.7],[-0.28779,51.42827,28.8],[-0.28748,51.42778,29.8],[-0.28738,51.42758,30.2],[-0.28736,51.42754,30.3],[-0.28735,51.42752,30.3],[-0.28735,51.4275,30.3],[-0.28734,51.42749,30.3],[-0.2872,51.42709,31.2],[-0.28719,51.42708,31.3],[-0.28715,51.42697,31.6],[-0.28714,51.42696,31.7],[-0.28707,51.42685,32.2],[-0.28696,51.42669,33.2],[-0.28682,51.4265,33.7],[-0.28679,51.42646,33.7],[-0.28648,51.42598,33.2],[-0.28647,51.42598,33.3],[-0.28642,51.42588,33],[-0.28638,51.42581,32.9],[-0.28634,51.42572,32.8],[-0.28627,51.42556,32.4],[-0.28624,51.42546,32.1],[-0.28619,51.42529,31.5],[-0.28619,51.42528,31.4],[-0.28618,51.42521,31.1],[-0.28613,51.42496,30.1],[-0.28602,51.42439,28.3],[-0.28601,51.42433,28.1],[-0.28599,51.42422,27.7],[-0.28596,51.42403,28.2],[-0.28591,51.42367,30.1],[-0.2859,51.42357,30.6],[-0.28589,51.4235,30.9],[-0.28589,51.42345,31.2],[-0.28589,51.42337,31.6],[-0.28589,51.42322,31.6],[-0.2859,51.42313,31.5],[-0.28591,51.42306,31.4],[-0.28592,51.42304,31.4],[-0.28598,51.42278,31.1],[-0.28599,51.42274,31.1],[-0.28607,51.42247,30.9],[-0.28608,51.42239,30.8],[-0.28612,51.42226,30.4],[-0.28613,51.42221,30.3],[-0.28615,51.42217,30.2],[-0.28618,51.42205,29.8],[-0.28619,51.42201,29.7],[-0.28619,51.42188,29.3],[-0.28617,51.42182,29.2],[-0.28616,51.42182,29.2],[-0.28616,51.42183,29.3],[-0.28615,51.42183,29.3],[-0.28614,51.42183,29.3],[-0.28614,51.42182,29.3],[-0.28613,51.42182,29.3],[-0.28612,51.42182,29.3],[-0.28612,51.42181,29.3],[-0.28611,51.42181,29.3],[-0.28611,51.4218,29.3],[-0.2861,51.4218,29.4],[-0.2861,51.42179,29.3],[-0.2861,51.42178,29.3],[-0.28611,51.42178,29.3],[-0.28611,51.42177,29.3],[-0.28612,51.42177,29.2],[-0.28613,51.42177,29.2],[-0.28613,51.42176,29.2],[-0.28614,51.42176,29.1],[-0.28615,51.42176,29.1],[-0.28616,51.42176,29.1],[-0.28617,51.42176,29],[-0.2863,51.42155,27.8],[-0.28633,51.42144,27.2],[-0.28634,51.42135,26.8],[-0.28638,51.42123,26.1],[-0.28639,51.42109,25.5],[-0.28641,51.42093,24.7],[-0.28642,51.42076,23.9],[-0.28643,51.42067,23.6],[-0.28642,51.4205,23],[-0.28642,51.42045,22.9],[-0.28641,51.42037,22.6],[-0.28638,51.42025,22.3],[-0.28632,51.42014,22],[-0.28631,51.42012,21.9],[-0.28613,51.41978,21.3],[-0.2861,51.41969,21.2],[-0.286,51.41951,21.1],[-0.28592,51.41935,21],[-0.28588,51.41926,21],[-0.28582,51.41915,21],[-0.28564,51.4188,21],[-0.28562,51.41875,21],[-0.2854,51.41834,21],[-0.2853,51.41816,21.4],[-0.28523,51.41802,21.7],[-0.28518,51.41794,21.9],[-0.28506,51.41767,22.6],[-0.28495,51.41744,23],[-0.28493,51.4174,23],[-0.28483,51.4172,22.8],[-0.28478,51.4171,22.7],[-0.28474,51.41703,22.6],[-0.28468,51.41691,22.5],[-0.28454,51.41665,22.1],[-0.28448,51.41652,21.9],[-0.28434,51.41625,21.6],[-0.28434,51.41625,21.6],[-0.28432,51.41614,21.4],[-0.28429,51.4161,21.3],[-0.28427,51.41607,21.3],[-0.28424,51.41604,21.3],[-0.28424,51.41603,21.3],[-0.28423,51.41603,21.3],[-0.28424,51.41603,21.3],[-0.2842,51.41596,21.2],[-0.2842,51.41596,21.2],[-0.28414,51.41599,21.5],[-0.28407,51.41603,21.8],[-0.28379,51.41614,23.1],[-0.28362,51.41623,23.9],[-0.28342,51.41634,24.9],[-0.28335,51.41638,25.3],[-0.28323,51.41645,25.9],[-0.28312,51.41652,26.4],[-0.28291,51.41664,27.5],[-0.28276,51.41674,28.3],[-0.28265,51.41682,29],[-0.2825,51.41691,29.9],[-0.28217,51.41711,31.8],[-0.28215,51.41713,31.9],[-0.28202,51.41721,32.7],[-0.28202,51.41721,32.7],[-0.28193,51.41711,32.6],[-0.28184,51.41698,32.5],[-0.28183,51.41696,32.5],[-0.2818,51.4169,32.4],[-0.28134,51.41639,32],[-0.2813,51.41634,31.9],[-0.28127,51.41629,31.8],[-0.28124,51.41626,31.8],[-0.28115,51.41613,31.6],[-0.28113,51.41608,31.4],[-0.2811,51.41602,31.3],[-0.28104,51.41589,30.9],[-0.28102,51.41586,30.9],[-0.28098,51.41575,30.8],[-0.28097,51.41572,30.8],[-0.28091,51.41557,30.9],[-0.28087,51.41547,31],[-0.28085,51.4154,31],[-0.28083,51.41532,31],[-0.2808,51.41522,31.1],[-0.2808,51.41522,31.1],[-0.28066,51.41523,31.3],[-0.28066,51.41523,31.3],[-0.28062,51.41538,31.4],[-0.28062,51.41541,31.4],[-0.28062,51.41542,31.4],[-0.28064,51.41543,31.4],[-0.28069,51.41547,31.3],[-0.28073,51.41549,31.2],[-0.28075,51.41549,31.2],[-0.28087,51.41547,31],[-0.28087,51.41547,31],[-0.28085,51.4154,31],[-0.28083,51.41532,31],[-0.2808,51.41522,31.1],[-0.28079,51.4152,31.1],[-0.28078,51.41517,31.1],[-0.28077,51.4151,31.1],[-0.28074,51.41494,31],[-0.28073,51.4148,30.6],[-0.28071,51.41465,30.2],[-0.2807,51.41447,29.7],[-0.28069,51.41436,29.4],[-0.28069,51.4143,29.2],[-0.28066,51.41405,28.4],[-0.28065,51.41387,27.9],[-0.28063,51.41356,26.9],[-0.28064,51.41336,26.3],[-0.28064,51.41325,26],[-0.28063,51.41315,25.8],[-0.28063,51.41305,25.6],[-0.28063,51.41305,25.6],[-0.28031,51.41305,25.9],[-0.28017,51.41305,26.1],[-0.28005,51.41305,26.3],[-0.27986,51.41305,26.3],[-0.27976,51.41305,26.3],[-0.27956,51.41306,26.3],[-0.27931,51.41306,26.3],[-0.27891,51.41306,26.3],[-0.27843,51.41307,26.4],[-0.27825,51.41306,26.2],[-0.27789,51.41305,25.8],[-0.27747,51.41305,25.3],[-0.27719,51.41305,24.8],[-0.27697,51.41305,24.5],[-0.2769,51.41305,24.4],[-0.27672,51.41305,24.1],[-0.27663,51.41305,24],[-0.27647,51.41306,24],[-0.27638,51.41306,24],[-0.27627,51.41308,24.1],[-0.27611,51.4131,24.2],[-0.27602,51.41311,24.2],[-0.27553,51.41319,24.7],[-0.27527,51.41323,25.1],[-0.27512,51.41325,25.4],[-0.27471,51.41331,25.9],[-0.2744,51.41336,26.1],[-0.27406,51.4134,26],[-0.27373,51.41345,25.7],[-0.27312,51.41353,25],[-0.27297,51.41355,24.9],[-0.27286,51.41357,24.9],[-0.27269,51.41359,24.8],[-0.2725,51.41361,24.7],[-0.27237,51.41363,24.6],[-0.27224,51.41364,24.4],[-0.27206,51.41365,24.2],[-0.27183,51.41366,24],[-0.27163,51.41367,23.8],[-0.27148,51.41368,23.8],[-0.27137,51.4137,23.9],[-0.27129,51.41371,23.9],[-0.27115,51.41373,24],[-0.27097,51.41376,24],[-0.27075,51.4138,24.1],[-0.27055,51.41385,24.3],[-0.27038,51.41389,24.5],[-0.27035,51.41389,24.5],[-0.27012,51.41395,24.9],[-0.27,51.41397,25.1],[-0.26993,51.41399,25.3],[-0.26971,51.41404,26],[-0.26961,51.41407,26.4],[-0.26954,51.41409,26.7],[-0.26952,51.4141,26.8],[-0.26947,51.41411,27],[-0.26942,51.41413,27.2],[-0.26937,51.41415,27.4],[-0.26931,51.41418,27.7],[-0.26908,51.41428,28.9],[-0.26902,51.41431,29.2],[-0.26883,51.4144,30.3],[-0.26846,51.41458,32.6],[-0.26837,51.41462,33.2],[-0.26809,51.41476,34.3],[-0.26792,51.41484,34.8],[-0.26772,51.41493,35.5],[-0.26745,51.41505,36.4],[-0.26724,51.41515,37.4],[-0.26668,51.41542,40.5],[-0.26637,51.41556,42.2],[-0.26621,51.41564,43],[-0.266,51.41574,44.1],[-0.26591,51.41579,44.6],[-0.26572,51.41587,45.4],[-0.26561,51.41593,45.9],[-0.26559,51.41594,46],[-0.26543,51.416,46.6],[-0.26523,51.41609,47.3],[-0.26507,51.41615,47.8],[-0.26466,51.41629,48.3],[-0.26455,51.41633,48.4],[-0.26425,51.41642,48.6],[-0.26407,51.41648,48.7],[-0.26389,51.41653,48.8],[-0.26371,51.41657,48.8],[-0.26367,51.41658,48.8],[-0.26346,51.41663,48.9],[-0.26331,51.41666,48.9],[-0.26318,51.41668,48.9],[-0.26307,51.41671,48.9],[-0.26298,51.41672,48.8],[-0.26277,51.41675,48.7],[-0.26262,51.41677,48.5],[-0.26247,51.41679,48.4],[-0.26232,51.4168,48],[-0.26222,51.41681,47.8],[-0.262129,51.41681,47.6],[-0.26204,51.41682,47.4],[-0.261969,51.41682,47.3],[-0.26185,51.41682,47],[-0.26172,51.41682,46.7],[-0.261639,51.41681,46.5],[-0.26155,51.41681,46.5],[-0.26149,51.4168,46.4],[-0.26132,51.41679,46.4],[-0.2612,51.41677,46.3],[-0.261079,51.41675,46.2],[-0.26093,51.41672,46.1],[-0.2607,51.41666,45.8],[-0.260689,51.41666,45.8],[-0.26048,51.41661,45.3],[-0.26038,51.41658,45],[-0.2602,51.41653,44.5],[-0.26005,51.41649,44],[-0.25979,51.41642,43.1],[-0.25961,51.41636,42.4],[-0.259469,51.41633,42],[-0.25943,51.41632,41.8],[-0.25937,51.4163,41.6],[-0.259309,51.41629,41.5],[-0.25924,51.41629,41.3],[-0.25916,51.41628,41.1],[-0.259019,51.41628,40.8],[-0.258909,51.41628,40.5],[-0.25862,51.41628,39.8],[-0.258469,51.41628,39.4],[-0.25812,51.41627,38.8],[-0.25782,51.41628,38.5],[-0.25776,51.41628,38.4],[-0.25743,51.41628,37.9],[-0.25716,51.41629,37.5],[-0.25688,51.4163,37],[-0.256589,51.41632,36.7],[-0.25645,51.41633,36.5],[-0.25618,51.41634,36.2],[-0.256139,51.41635,36.2],[-0.255919,51.41636,36],[-0.25574,51.41637,35.7],[-0.25563,51.41638,35.5],[-0.25551,51.41639,35.2],[-0.25539,51.41639,34.9],[-0.25534,51.41639,34.8],[-0.25526,51.41639,34.6],[-0.25516,51.41639,34.4],[-0.25496,51.41639,33.9],[-0.25483,51.41638,33.4],[-0.25473,51.41636,32.9],[-0.25462,51.41635,32.5],[-0.25455,51.41634,32.2],[-0.25428,51.41629,31.1],[-0.25421,51.41627,30.7],[-0.25388,51.41622,29.4],[-0.253699,51.41617,28.5],[-0.25332,51.4161,26.9],[-0.253249,51.41608,26.5],[-0.25307,51.41604,25.6],[-0.252859,51.416,24.7],[-0.25258,51.41599,23.5],[-0.2523,51.41594,22.1],[-0.25219,51.41591,21.6],[-0.25208,51.41588,21],[-0.25194,51.41585,20.3],[-0.25188,51.41583,20.1],[-0.25185,51.41582,20.1],[-0.25163,51.41575,19.6],[-0.25158,51.41573,19.5],[-0.25154,51.41572,19.4],[-0.2515,51.4157,19.3],[-0.2513,51.41564,18.9],[-0.251259,51.41563,18.8],[-0.25107,51.41557,18.4],[-0.25102,51.41555,18.3],[-0.251,51.41555,18.2],[-0.25094,51.41553,18.1],[-0.25077,51.41546,17.7],[-0.25063,51.41541,17.4],[-0.25051,51.41536,17.1],[-0.25039,51.41531,16.9],[-0.25028,51.41526,16.6],[-0.25027,51.41526,16.6],[-0.24996,51.41511,16.3],[-0.2497,51.41498,16.1],[-0.24963,51.41495,16],[-0.24956,51.41494,16],[-0.24954,51.41493,16],[-0.24941,51.41488,15.9],[-0.24905,51.41471,15.6],[-0.24878,51.41458,15.5],[-0.24861,51.4145,15.5],[-0.24842,51.41441,15.7],[-0.24813,51.41428,15.9],[-0.2479,51.41417,16],[-0.24764,51.41406,15.9],[-0.24717,51.41385,15.4],[-0.24716,51.41385,15.4],[-0.24715,51.41385,15.4],[-0.24715,51.41386,15.4],[-0.24714,51.41386,15.4],[-0.24713,51.41386,15.4],[-0.24712,51.41386,15.3],[-0.24712,51.41385,15.3],[-0.24711,51.41385,15.3],[-0.2471,51.41385,15.3],[-0.24709,51.41385,15.3],[-0.24709,51.41384,15.3],[-0.24708,51.41384,15.3],[-0.24707,51.41384,15.3],[-0.24707,51.41383,15.3],[-0.24706,51.41383,15.3],[-0.24706,51.41382,15.3],[-0.24705,51.41381,15.3],[-0.24705,51.4138,15.3],[-0.24702,51.41377,15.2],[-0.24699,51.41376,15.2],[-0.24697,51.41375,15.2],[-0.24696,51.41375,15.2],[-0.24686,51.41371,15.1],[-0.24678,51.41368,15.1],[-0.24655,51.4136,15],[-0.24644,51.41357,15.1],[-0.24629,51.41351,15.1],[-0.24609,51.41344,15.1],[-0.24604,51.41343,15.1],[-0.24579,51.41336,15],[-0.24579,51.41336,15],[-0.2455,51.41329,15],[-0.24545,51.41328,15],[-0.24528,51.41323,15],[-0.24513,51.41318,15],[-0.24499,51.41313,15],[-0.24483,51.41307,15],[-0.244,51.41276,14.9],[-0.24367,51.41264,14.5],[-0.24361,51.41262,14.4],[-0.24347,51.41258,14.2],[-0.24317,51.4125,14],[-0.24275,51.41238,14],[-0.24232,51.41227,14.1],[-0.24208,51.41219,14.2],[-0.24185,51.41211,14.4],[-0.24135,51.41191,14.8],[-0.24053,51.41159,15.2],[-0.24051,51.41158,15.2],[-0.23857,51.41084,15.7],[-0.23839,51.41077,15.9],[-0.23807,51.41066,15.8],[-0.23776,51.41056,15.7],[-0.23759,51.41051,15.6],[-0.23746,51.41047,15.6],[-0.23732,51.41043,15.5],[-0.23713,51.41038,15.5],[-0.23688,51.41031,15.4],[-0.2363,51.41017,15.2],[-0.23613,51.41014,15.2],[-0.23568,51.41004,15.2],[-0.23568,51.41004,15.2],[-0.23536,51.40996,15.5],[-0.23529,51.40995,15.6],[-0.23511,51.40991,15.8],[-0.23503,51.40989,15.8],[-0.23479,51.40984,15.8],[-0.23469,51.40982,15.8],[-0.23452,51.40982,15.8],[-0.23441,51.40981,15.8],[-0.23415,51.40976,15.7],[-0.23411,51.40972,15.7],[-0.23344,51.40961,15.9],[-0.23323,51.40957,16.1],[-0.23302,51.40953,16.2],[-0.23292,51.40952,16.3],[-0.23278,51.40949,16.4],[-0.2326,51.40947,16.6],[-0.23234,51.40945,16.9],[-0.23208,51.40944,17.2],[-0.23199,51.40944,17.3],[-0.23195,51.40944,17.3],[-0.23189,51.40944,17.4],[-0.23184,51.40944,17.5],[-0.23168,51.40944,17.7],[-0.23154,51.40944,17.7],[-0.23115,51.40946,17.6],[-0.23096,51.40946,17.6],[-0.23078,51.40946,17.6],[-0.2306,51.40947,17.5],[-0.23053,51.40947,17.4],[-0.2303,51.40948,17.2],[-0.23029,51.40948,17.2],[-0.23008,51.4095,17.1],[-0.22982,51.40952,17],[-0.22982,51.40952,17],[-0.2298,51.40956,17],[-0.2298,51.40958,17],[-0.2298,51.40961,17],[-0.2298,51.40963,17],[-0.22981,51.40965,17],[-0.22982,51.40967,17],[-0.22983,51.40969,17],[-0.22985,51.40972,17],[-0.2299,51.4098,17],[-0.22999,51.40996,17],[-0.23,51.40997,17],[-0.23005,51.41006,16.9],[-0.23007,51.41011,16.9],[-0.23009,51.41014,16.9],[-0.2301,51.41017,16.8],[-0.23011,51.41018,16.8],[-0.23011,51.4102,16.8],[-0.2301,51.41021,16.8],[-0.2301,51.41022,16.8],[-0.23009,51.41023,16.8],[-0.23009,51.41023,16.8],[-0.23008,51.41024,16.7],[-0.23006,51.41025,16.7],[-0.23004,51.41026,16.7],[-0.23,51.41027,16.7],[-0.22995,51.41028,16.7],[-0.22965,51.41035,16.6],[-0.22925,51.41045,16.5],[-0.22909,51.41048,16.5],[-0.22894,51.41052,16.5],[-0.22884,51.41054,16.6],[-0.22833,51.41067,17],[-0.22806,51.41074,17],[-0.22778,51.41081,17],[-0.2277,51.41083,17],[-0.22768,51.41084,17],[-0.22765,51.41085,17],[-0.22762,51.41086,17.1],[-0.22758,51.41087,17.1],[-0.22752,51.41088,17.1],[-0.22744,51.4109,17.2],[-0.22739,51.41091,17.3],[-0.22736,51.41091,17.3],[-0.22734,51.41092,17.4],[-0.2273,51.41091,17.4],[-0.2271,51.41096,17.7],[-0.227,51.41099,17.9],[-0.22658,51.41109,18.3],[-0.22592,51.41125,18.5],[-0.22586,51.41126,18.5],[-0.22582,51.41127,18.5],[-0.22577,51.41129,18.5],[-0.22573,51.41131,18.5],[-0.2255,51.41144,18.4],[-0.22524,51.4116,18.3],[-0.2248,51.41193,19.3],[-0.22467,51.41201,19.6],[-0.22453,51.4121,20.1],[-0.22441,51.41218,20.5],[-0.22428,51.41225,20.8],[-0.22403,51.4124,21.5],[-0.22379,51.41253,22],[-0.22364,51.41262,22.1],[-0.22339,51.41276,22],[-0.22326,51.41282,21.9],[-0.22318,51.41286,21.9],[-0.22298,51.41296,21.8],[-0.22284,51.41304,21.8],[-0.22275,51.41308,21.8],[-0.22256,51.4132,21.9],[-0.22229,51.41336,22.1],[-0.22228,51.41337,22.2],[-0.22167,51.41373,23],[-0.2214,51.41389,23],[-0.22121,51.414,23.1],[-0.2211,51.41407,23.1],[-0.22089,51.41419,23.2],[-0.2206,51.41437,23.2],[-0.22043,51.41448,23.2],[-0.22016,51.41466,23.2],[-0.21983,51.41487,23.4],[-0.21957,51.41504,23.7],[-0.21954,51.41506,23.7],[-0.21952,51.41507,23.8],[-0.2195,51.41509,23.8],[-0.21948,51.4151,23.9],[-0.21945,51.41512,23.9],[-0.21943,51.41513,23.9],[-0.21938,51.41516,24],[-0.21935,51.41519,24.1],[-0.2193,51.41522,24.2],[-0.21928,51.41523,24.2],[-0.21925,51.41525,24.3],[-0.21919,51.41529,24.4],[-0.21905,51.41538,24.6],[-0.2189,51.41547,24.8],[-0.21887,51.41549,24.8],[-0.21884,51.4155,24.8],[-0.21882,51.41551,24.8],[-0.21878,51.41553,24.8],[-0.21852,51.41566,24.8],[-0.21802,51.41595,25.3],[-0.21784,51.41606,25.6],[-0.21747,51.41629,26.1],[-0.21713,51.41652,26.5],[-0.21699,51.41662,26.6],[-0.21667,51.41682,26.6],[-0.2166,51.41685,26.6],[-0.21639,51.41699,26.7],[-0.21583,51.41726,26.4],[-0.21557,51.41738,26.1],[-0.21533,51.4175,25.8],[-0.21518,51.41758,25.8],[-0.21508,51.41763,25.8],[-0.21504,51.41765,25.8],[-0.21495,51.4177,25.9],[-0.2149,51.41773,26],[-0.21484,51.41776,26.1],[-0.21478,51.4178,26.2],[-0.21472,51.41784,26.4],[-0.21465,51.4179,26.5],[-0.21456,51.41797,26.7],[-0.21451,51.418,26.7],[-0.21447,51.41803,26.7],[-0.2144,51.41809,26.8],[-0.21433,51.41814,26.8],[-0.21419,51.41824,26.8],[-0.21416,51.41827,26.8],[-0.21411,51.4183,26.8],[-0.21409,51.41832,26.8],[-0.21404,51.41836,26.8],[-0.21393,51.41843,26.7],[-0.21381,51.4185,26.7],[-0.21375,51.41853,26.6],[-0.21365,51.41859,26.5],[-0.21349,51.41868,26.3],[-0.21324,51.41882,26.1],[-0.21298,51.41897,26.4],[-0.21247,51.41929,27.3],[-0.21221,51.41944,27.3],[-0.21203,51.41957,27.4],[-0.21197,51.41961,27.4],[-0.21191,51.41964,27.4],[-0.21185,51.41968,27.5],[-0.2118,51.41971,27.5],[-0.21173,51.41975,27.5],[-0.21165,51.41979,27.5],[-0.21158,51.41984,27.5],[-0.21152,51.41987,27.5],[-0.21133,51.41996,27.5],[-0.21115,51.42005,27.5],[-0.21109,51.42008,27.6],[-0.21102,51.42012,27.6],[-0.2109,51.42019,27.7],[-0.21085,51.42023,27.8],[-0.21079,51.42026,27.9],[-0.21075,51.42029,27.9],[-0.21068,51.42034,28],[-0.21064,51.42037,28.1],[-0.21056,51.42043,28.2],[-0.21048,51.42048,28.3],[-0.21041,51.42054,28.4],[-0.21042,51.42054,28.4],[-0.21042,51.42055,28.5],[-0.21043,51.42055,28.5],[-0.21043,51.42056,28.5],[-0.21044,51.42057,28.6],[-0.21044,51.42058,28.6],[-0.21044,51.42059,28.7],[-0.21043,51.4206,28.7],[-0.21043,51.42061,28.7],[-0.21042,51.42061,28.7],[-0.21042,51.42062,28.7],[-0.21041,51.42062,28.7],[-0.21041,51.42063,28.8],[-0.2104,51.42063,28.7],[-0.21039,51.42063,28.7],[-0.21038,51.42063,28.7],[-0.21038,51.42064,28.8],[-0.21037,51.42064,28.7],[-0.21035,51.42064,28.7],[-0.21034,51.42064,28.7],[-0.21033,51.42064,28.7],[-0.21032,51.42064,28.7],[-0.21031,51.42064,28.7],[-0.2103,51.42064,28.7],[-0.2103,51.42063,28.6],[-0.21017,51.42075,28.9],[-0.21006,51.42082,29],[-0.21,51.42087,29],[-0.20989,51.42095,29.1],[-0.20977,51.42103,29.2],[-0.20958,51.42116,29.4],[-0.20954,51.42118,29.4],[-0.20943,51.42125,29.5],[-0.20925,51.42136,29.6],[-0.2088,51.42164,29.5],[-0.20869,51.42171,29.4],[-0.20869,51.42171,29.4],[-0.20838,51.42188,29.1],[-0.20824,51.42196,28.9],[-0.20824,51.42196,28.9],[-0.20833,51.42205,29],[-0.20861,51.42226,29.3],[-0.20916,51.42261,30.1],[-0.20952,51.42281,30.8],[-0.20956,51.42282,30.9],[-0.20972,51.42291,31.2],[-0.20977,51.42294,31.3],[-0.20983,51.42297,31.4],[-0.20996,51.42304,31.6],[-0.21006,51.42312,32],[-0.2102,51.42321,32.9],[-0.21045,51.42334,34.7],[-0.21059,51.4234,35.7],[-0.21077,51.42349,37],[-0.21083,51.42352,37.4],[-0.21106,51.42362,38.7],[-0.21123,51.42369,39.6],[-0.21126,51.4237,39.7],[-0.21137,51.42375,40.3],[-0.21166,51.42386,41.6],[-0.21171,51.42387,41.9],[-0.21173,51.42388,42],[-0.21179,51.4239,42.3],[-0.21209,51.42398,43.8],[-0.21212,51.42399,44],[-0.21232,51.42403,45],[-0.21243,51.42405,45.5],[-0.2127,51.42411,46.9],[-0.21297,51.42418,48.3],[-0.21311,51.42419,49],[-0.21326,51.42422,49.8],[-0.21341,51.42423,50.5],[-0.21356,51.42426,51.1],[-0.2137,51.42426,51.6],[-0.21383,51.42425,52],[-0.21394,51.42425,52.4],[-0.21404,51.42424,52.7],[-0.21425,51.42422,53.3],[-0.21443,51.4242,53.7],[-0.21452,51.42419,53.9],[-0.2146,51.42419,54.1],[-0.21481,51.42417,54.6],[-0.215,51.42416,55],[-0.21515,51.42415,55.3],[-0.2152,51.42415,55.5],[-0.21523,51.42415,55.5],[-0.21526,51.42414,55.6],[-0.21528,51.42414,55.6],[-0.21531,51.42414,55.7],[-0.21534,51.42414,55.8],[-0.21536,51.42414,55.8],[-0.21539,51.42414,55.9],[-0.21542,51.42414,56],[-0.21545,51.42414,56],[-0.21549,51.42414,56.1],[-0.21552,51.42414,56.2],[-0.21555,51.42415,56.3],[-0.21559,51.42416,56.4],[-0.21562,51.42416,56.5],[-0.21565,51.42417,56.6],[-0.21568,51.42418,56.6],[-0.21569,51.42418,56.7],[-0.2157,51.42418,56.7],[-0.21571,51.42418,56.7],[-0.21572,51.42418,56.7],[-0.21573,51.42418,56.8],[-0.21574,51.42418,56.8],[-0.21575,51.42418,56.8],[-0.21575,51.42419,56.8],[-0.21576,51.42419,56.8],[-0.21577,51.42419,56.9],[-0.21578,51.4242,56.9],[-0.21579,51.4242,56.9],[-0.21579,51.42421,56.9],[-0.2158,51.42421,56.9],[-0.2158,51.42422,56.9],[-0.2158,51.42423,56.9],[-0.2158,51.42424,56.9],[-0.2158,51.42425,56.9],[-0.21594,51.42434,57.1],[-0.21598,51.42438,57.1],[-0.21606,51.42447,57.2],[-0.21618,51.42455,57.2],[-0.21635,51.42467,57.2],[-0.21646,51.42474,57.2],[-0.21661,51.42483,57.2],[-0.21674,51.42492,57.1],[-0.21692,51.42504,57],[-0.21702,51.42511,57],[-0.21708,51.42515,57],[-0.21716,51.4252,57],[-0.2172,51.42523,57],[-0.21725,51.42525,57],[-0.21729,51.42526,57],[-0.21748,51.42534,57],[-0.21748,51.42533,57],[-0.21749,51.42533,57],[-0.2175,51.42533,57],[-0.21751,51.42533,57],[-0.21751,51.42532,57],[-0.21752,51.42532,57],[-0.21753,51.42532,57],[-0.21754,51.42532,57],[-0.21755,51.42532,57],[-0.21756,51.42532,57],[-0.21757,51.42532,57],[-0.21757,51.42533,57],[-0.21758,51.42533,57],[-0.21759,51.42533,57],[-0.21772,51.42533,57],[-0.2179,51.42534,57],[-0.21799,51.42532,57],[-0.21811,51.4253,57],[-0.21812,51.4253,57],[-0.21817,51.4253,57],[-0.21821,51.42529,57],[-0.21826,51.42529,57],[-0.21831,51.42529,57],[-0.21835,51.42528,57],[-0.21844,51.4253,57.1],[-0.21852,51.42531,57.1],[-0.21872,51.42534,57.3],[-0.21898,51.42538,57.4],[-0.21916,51.42541,57.5],[-0.21923,51.42543,57.5],[-0.21936,51.42546,57.4],[-0.21937,51.42546,57.4],[-0.21963,51.4255,57.4],[-0.21981,51.42553,57.4],[-0.21991,51.42555,57.3],[-0.21996,51.42556,57.3],[-0.22005,51.42558,57.3],[-0.22014,51.4256,57.2],[-0.22023,51.42562,57.2],[-0.22024,51.42563,57.2],[-0.22029,51.42564,57.2],[-0.22034,51.42565,57.1],[-0.22037,51.42566,57.1],[-0.22041,51.42567,57.1],[-0.2205,51.42569,57.1],[-0.22066,51.42574,57],[-0.22073,51.42576,57],[-0.22092,51.42581,57],[-0.22109,51.42586,57],[-0.22116,51.42588,57.1],[-0.22131,51.42593,57.1],[-0.22145,51.42598,57.2],[-0.22178,51.42609,57.1],[-0.22187,51.42612,56.9],[-0.22207,51.4262,56.7],[-0.22216,51.42623,56.6],[-0.22225,51.42626,56.5],[-0.22242,51.42633,56.3],[-0.22252,51.42638,56.3],[-0.22257,51.4264,56.3],[-0.22261,51.42643,56.4],[-0.22268,51.42648,56.5],[-0.22271,51.42651,56.5],[-0.22273,51.42653,56.6],[-0.22277,51.42657,56.7],[-0.2228,51.42661,56.8],[-0.22283,51.42665,56.9],[-0.22286,51.42671,56.9],[-0.22292,51.4268,56.7],[-0.22303,51.427,56.2],[-0.22308,51.4271,56],[-0.2231,51.42716,55.8],[-0.22323,51.4274,55.2],[-0.22334,51.42763,55.2],[-0.22346,51.4279,55.6],[-0.22349,51.42797,55.7],[-0.22351,51.42804,55.8],[-0.22354,51.4281,55.9],[-0.22355,51.42812,55.9],[-0.22357,51.4282,56.1],[-0.22358,51.42822,56.1],[-0.22359,51.42825,56.2],[-0.22367,51.42858,56.2],[-0.22375,51.42896,56.1],[-0.22378,51.42912,56.1],[-0.22375,51.42896,56.1],[-0.22367,51.42858,56.2],[-0.22359,51.42825,56.2],[-0.22358,51.42822,56.1],[-0.22357,51.4282,56.1],[-0.22355,51.42812,55.9],[-0.22355,51.42812,55.9],[-0.22359,51.42811,56],[-0.22361,51.4281,56],[-0.22364,51.42808,56],[-0.22366,51.42806,55.9],[-0.22375,51.42799,55.9],[-0.22375,51.42799,55.9],[-0.22385,51.42832,56.6],[-0.22394,51.42888,56.5],[-0.22395,51.42895,56.5],[-0.22401,51.42941,56.9],[-0.22403,51.42959,57.2],[-0.22421,51.43103,57],[-0.22423,51.43113,57],[-0.22425,51.43119,57],[-0.22425,51.43121,57],[-0.22432,51.43169,57],[-0.22432,51.43174,57],[-0.22433,51.43192,57.1],[-0.22445,51.4331,58.3],[-0.22446,51.43318,58.5],[-0.22454,51.43409,58.1],[-0.22459,51.4342,58],[-0.22476,51.43632,58],[-0.22479,51.43654,57.2],[-0.22478,51.43674,56.6],[-0.22478,51.43674,56.6],[-0.22461,51.43674,56.4],[-0.22461,51.43674,56.4],[-0.22461,51.4368,56.4],[-0.22461,51.43683,56.3],[-0.2246,51.43687,56.3],[-0.22459,51.43692,56.2],[-0.22457,51.43704,56],[-0.2245,51.43725,55.7],[-0.22447,51.43735,55.5],[-0.22444,51.43749,55.3],[-0.22443,51.43756,55.1],[-0.22442,51.43761,55],[-0.22442,51.4377,54.8],[-0.22448,51.43816,53.5],[-0.22449,51.43825,53.2],[-0.2245,51.43839,53.2],[-0.2245,51.43846,53.5],[-0.2245,51.43853,53.8],[-0.2245,51.43856,53.9],[-0.22449,51.43861,54.1],[-0.22442,51.43889,55.2],[-0.22425,51.43949,56.9],[-0.22405,51.4402,57.8],[-0.22401,51.44034,57.7],[-0.2239,51.44076,57.7],[-0.2239,51.44076,57.7],[-0.22367,51.44149,57.6],[-0.22364,51.44161,57.6],[-0.22354,51.44196,58.1],[-0.22344,51.44228,58.6],[-0.22338,51.44249,58.9],[-0.22336,51.44254,59],[-0.2233,51.44274,59.2],[-0.22328,51.44278,59.3],[-0.22324,51.44293,59.3],[-0.22316,51.44322,59.5],[-0.22308,51.44353,59.8],[-0.22293,51.44403,60.3],[-0.22283,51.44439,60.3],[-0.22266,51.44498,60.4],[-0.22264,51.44504,60.3],[-0.22259,51.44522,59.9],[-0.22252,51.44545,59.5],[-0.22244,51.44572,59.1],[-0.22236,51.44598,58.3],[-0.22235,51.44603,58.2],[-0.22231,51.44615,57.7],[-0.22226,51.44631,57.2],[-0.22222,51.44646,56.7],[-0.22214,51.44671,55.9],[-0.22211,51.44682,55.5],[-0.22214,51.44693,55.2],[-0.22216,51.44702,54.9],[-0.22219,51.44713,54.5],[-0.2222,51.44717,54.4],[-0.22221,51.4472,54.3],[-0.22222,51.44723,54.2],[-0.22224,51.44728,54],[-0.2223,51.44738,53.6],[-0.22235,51.44744,53.4],[-0.22238,51.44749,53.2],[-0.22245,51.44757,52.9],[-0.22248,51.4476,52.8],[-0.22252,51.44764,52.6],[-0.22253,51.44765,52.6],[-0.22257,51.44767,52.5],[-0.22264,51.4477,52.4],[-0.22269,51.44773,52.3],[-0.22276,51.44776,52.2],[-0.22278,51.44778,52.1],[-0.22279,51.44779,52.1],[-0.2228,51.44781,52],[-0.22285,51.44782,52],[-0.2229,51.44783,51.9],[-0.22298,51.44785,51.8],[-0.22324,51.44791,51.8],[-0.22334,51.44793,51.8],[-0.22337,51.44794,51.8],[-0.22339,51.44795,51.8],[-0.22341,51.44795,51.8],[-0.22342,51.44796,51.8],[-0.22344,51.44797,51.8],[-0.22346,51.44799,51.8],[-0.22348,51.44801,51.7],[-0.22349,51.44803,51.7],[-0.22352,51.44807,51.7],[-0.22353,51.44808,51.7],[-0.22353,51.4481,51.7],[-0.22353,51.44813,51.7],[-0.22353,51.44815,51.6],[-0.22352,51.44818,51.6],[-0.2235,51.44821,51.6],[-0.22338,51.44844,51.5],[-0.22323,51.44869,52.1],[-0.22324,51.44874,52.3],[-0.22325,51.44878,52.4],[-0.22325,51.44881,52.4],[-0.22323,51.44885,52.5],[-0.22313,51.449,53],[-0.22306,51.44914,53.3],[-0.22303,51.4492,53.4],[-0.22265,51.44993,54.2],[-0.22251,51.4502,53.3],[-0.22248,51.45025,53.1],[-0.22244,51.45034,52.6],[-0.22244,51.45034,52.6],[-0.22237,51.45047,52],[-0.22222,51.45076,50.6],[-0.22221,51.45079,50.5],[-0.22193,51.45132,49.4],[-0.22192,51.45142,49.4],[-0.22182,51.45161,49.2],[-0.22149,51.45226,45.9],[-0.22138,51.45245,44.9],[-0.22136,51.45251,44.6],[-0.22131,51.45261,44.5],[-0.22124,51.4527,44.4],[-0.2212,51.45277,44.3],[-0.22117,51.45281,44.3],[-0.22108,51.45292,44.1],[-0.22106,51.45294,44.1],[-0.22097,51.45301,44.1],[-0.22089,51.4531,44],[-0.22073,51.45331,44],[-0.2206,51.45347,43.7],[-0.22053,51.45358,43.5],[-0.22042,51.45376,43.2],[-0.22037,51.4538,43.2],[-0.22024,51.45396,43],[-0.22016,51.4541,42.9],[-0.22009,51.45424,42.6],[-0.22005,51.45431,42.4],[-0.21997,51.45448,41.8],[-0.21978,51.45488,40.4],[-0.21974,51.45497,40.1],[-0.21969,51.45508,39.7],[-0.21958,51.45532,38.8],[-0.21953,51.45541,38.5],[-0.21945,51.45559,37.9],[-0.21941,51.45568,37.6],[-0.21937,51.45576,37.3],[-0.21931,51.45589,36.9],[-0.21915,51.45624,36],[-0.21911,51.45633,35.9],[-0.21908,51.45639,35.8],[-0.21896,51.45663,35.3],[-0.21887,51.45683,34.2],[-0.21877,51.45702,33.1],[-0.21871,51.45713,32.5],[-0.21861,51.45731,31.6],[-0.2183,51.45784,28.6],[-0.21824,51.45796,27.7],[-0.21816,51.45811,26.8],[-0.21799,51.45842,25.1],[-0.2179,51.45859,24.6],[-0.21784,51.4587,24.3],[-0.21776,51.45886,23.8],[-0.21775,51.45889,23.7],[-0.21769,51.459,23.4],[-0.21765,51.45907,23.2],[-0.2176,51.45917,22.9],[-0.21762,51.45922,22.7],[-0.21763,51.45924,22.7],[-0.21763,51.45926,22.6],[-0.21762,51.45927,22.6],[-0.21761,51.4593,22.6],[-0.21757,51.45942,22.3],[-0.21755,51.45955,22],[-0.21754,51.45961,21.9],[-0.21752,51.45971,21.7],[-0.21749,51.45982,21.4],[-0.21749,51.45983,21.4],[-0.21742,51.45988,21.2],[-0.21738,51.46002,20.8],[-0.21733,51.46018,20],[-0.2173,51.46028,19.5],[-0.21728,51.46032,19.3],[-0.21724,51.46046,18.7],[-0.21724,51.46046,18.7],[-0.21721,51.46056,18.2],[-0.21716,51.4607,17.6],[-0.21712,51.46083,17],[-0.21707,51.46095,16.6],[-0.21704,51.46104,16.3],[-0.21697,51.46113,15.9],[-0.21692,51.46122,15.6],[-0.2169,51.46126,15.5],[-0.21686,51.4614,15],[-0.21678,51.46158,14.3],[-0.21671,51.46171,14],[-0.21662,51.4619,14],[-0.21641,51.46231,13.8],[-0.21638,51.46236,13.7],[-0.21624,51.46262,13.6],[-0.21599,51.46304,13.8],[-0.21595,51.46311,13.9],[-0.21593,51.46315,13.9],[-0.21587,51.46325,13.9],[-0.2156,51.4637,13.6],[-0.21558,51.46374,13.5],[-0.21539,51.46406,13.4],[-0.21536,51.4641,13.4],[-0.21522,51.46429,12.8],[-0.21513,51.4644,12.3],[-0.21508,51.46448,12],[-0.21506,51.46451,11.8],[-0.21487,51.46474,11],[-0.21476,51.46487,10.7],[-0.21465,51.465,10.4],[-0.21458,51.46509,10.5],[-0.21457,51.4651,10.5],[-0.21449,51.46524,10.5],[-0.21444,51.46532,10.5],[-0.21435,51.4655,10.4],[-0.21429,51.4656,10.3],[-0.21428,51.46564,10.3],[-0.21427,51.46575,10.2],[-0.21424,51.46584,10.1],[-0.21422,51.4659,9.8],[-0.21416,51.46595,9.4],[-0.21408,51.46601,9.3],[-0.21396,51.46611,9.1],[-0.21392,51.46614,9.1],[-0.21382,51.46624,8.9],[-0.21373,51.46631,8.8],[-0.21365,51.46638,8.7],[-0.21339,51.46652,8.4],[-0.21339,51.46652,8.4],[-0.21306,51.46681,8],[-0.21301,51.46686,7.9],[-0.21289,51.46696,7.8],[-0.2123,51.46748,7],[-0.21219,51.46758,6.9],[-0.21207,51.46769,6.7],[-0.212,51.46774,6.6],[-0.21194,51.4678,6.5],[-0.2118,51.46793,6.7],[-0.21171,51.468,6.9],[-0.21153,51.46816,7.1],[-0.21144,51.46824,7.2],[-0.21128,51.46836,7.5],[-0.21117,51.46845,7.7],[-0.21104,51.46856,7.8],[-0.21078,51.46877,8],[-0.21066,51.46887,7.9],[-0.21054,51.46897,7.8],[-0.21046,51.46906,7.7],[-0.21032,51.46921,7.4],[-0.21028,51.46925,7.3],[-0.21025,51.46928,7.3],[-0.21021,51.46932,7.2],[-0.21021,51.46932,7.2],[-0.21014,51.46931,7.1],[-0.2101,51.46931,7.1],[-0.21006,51.46931,7.1],[-0.21,51.46931,7],[-0.20993,51.46931,7],[-0.2098,51.46932,7],[-0.20975,51.46932,7.1],[-0.20958,51.46932,7.1],[-0.20946,51.46933,7.1],[-0.20938,51.46933,7.1],[-0.20933,51.46934,7.2],[-0.20929,51.46934,7.2],[-0.20923,51.46935,7.2],[-0.20918,51.46935,7.2],[-0.20912,51.46936,7.3],[-0.20904,51.46938,7.4],[-0.20895,51.46941,7.6],[-0.2089,51.46942,7.6],[-0.20886,51.46943,7.7],[-0.20883,51.46945,7.7],[-0.2088,51.46946,7.8],[-0.20876,51.46948,7.9],[-0.20873,51.46949,7.9],[-0.2087,51.46952,8],[-0.20865,51.46959,8.1],[-0.20856,51.46971,8.4],[-0.20846,51.46985,8.7],[-0.20837,51.46995,8.9],[-0.20835,51.46997,8.9],[-0.20805,51.47031,9],[-0.20801,51.47035,9],[-0.20798,51.47038,9],[-0.20795,51.47042,9],[-0.20791,51.47045,9],[-0.20787,51.47049,9],[-0.20783,51.47053,9],[-0.20777,51.47058,9],[-0.20767,51.47066,9],[-0.20762,51.4707,9],[-0.20759,51.47072,9],[-0.20753,51.47076,9],[-0.20752,51.47077,9],[-0.20752,51.47077,9],[-0.20748,51.47079,9],[-0.20742,51.47083,8.9],[-0.20735,51.47085,8.8],[-0.20726,51.4709,8.7],[-0.20715,51.47096,8.6],[-0.20694,51.47107,8.4],[-0.2068,51.47114,8.4],[-0.20674,51.47117,8.4],[-0.2066,51.47124,8.5],[-0.20653,51.47127,8.5],[-0.20648,51.47129,8.5],[-0.20642,51.47131,8.6],[-0.20633,51.47134,8.6],[-0.20625,51.47137,8.6],[-0.20619,51.47139,8.7],[-0.20618,51.47139,8.7],[-0.20604,51.47144,8.7],[-0.20585,51.47151,8.8],[-0.20583,51.47151,8.8],[-0.20572,51.47155,9],[-0.20566,51.47157,9.1],[-0.20544,51.47163,9.4],[-0.20537,51.47165,9.5],[-0.20491,51.47179,9.7],[-0.20445,51.47192,9.4],[-0.20433,51.47196,9.3],[-0.20416,51.472,9.2],[-0.2039,51.47205,9.1],[-0.20376,51.47209,9],[-0.2036,51.47212,8.9],[-0.20333,51.47216,8.8],[-0.20307,51.47219,8.5],[-0.20292,51.47221,8.4],[-0.20265,51.47225,8.1],[-0.2025,51.47227,8],[-0.20231,51.47231,7.9],[-0.20173,51.47242,7.8],[-0.20142,51.47247,7.9],[-0.20129,51.47249,8],[-0.20107,51.47253,8],[-0.20091,51.47256,8.1],[-0.20082,51.47258,8.1],[-0.20077,51.47259,8.1],[-0.20072,51.4726,8.1],[-0.20045,51.47268,8.3],[-0.20005,51.47274,8.6],[-0.19977,51.47275,8.5],[-0.19946,51.47277,8.4],[-0.19936,51.47279,8.4],[-0.19903,51.47282,8.2],[-0.19899,51.47283,8.1],[-0.19878,51.47285,7.8],[-0.19866,51.47286,7.6],[-0.1985,51.47288,7.3],[-0.19841,51.47291,7.1],[-0.19833,51.47294,7],[-0.19827,51.47296,7],[-0.19815,51.473,7],[-0.19798,51.47308,7],[-0.1977,51.47323,7],[-0.19759,51.47329,7],[-0.19746,51.47336,7.1],[-0.19735,51.4734,7.3],[-0.19724,51.47347,7.5],[-0.19708,51.47355,7.8],[-0.19708,51.47355,7.8],[-0.19683,51.47369,8.2],[-0.19655,51.47385,8.6],[-0.19597,51.47416,9],[-0.19571,51.4743,8.7],[-0.19553,51.4744,8.5],[-0.19535,51.4745,8.3],[-0.19528,51.47453,8.2],[-0.19521,51.47457,8.1],[-0.19516,51.4746,8.1],[-0.19512,51.47462,8.1],[-0.19491,51.47483,8],[-0.19481,51.47493,8],[-0.19474,51.475,8],[-0.19451,51.47524,7.4],[-0.19441,51.47534,7.2],[-0.19434,51.4754,7],[-0.19426,51.47545,6.9],[-0.19411,51.47553,6.7],[-0.19407,51.47556,6.7],[-0.1939,51.47564,6.6],[-0.19379,51.4757,6.6],[-0.19365,51.47578,6.7],[-0.19354,51.47586,6.8],[-0.19346,51.47591,6.9],[-0.19338,51.47597,7.1],[-0.19331,51.47601,7.2],[-0.19328,51.47603,7.2],[-0.19325,51.47605,7.2],[-0.19309,51.47616,7.3],[-0.19298,51.47625,7.3],[-0.19294,51.47627,7.3],[-0.19277,51.4764,7.2],[-0.19272,51.47644,7.2],[-0.19237,51.47668,6.7],[-0.19225,51.47677,6.4],[-0.19195,51.47696,6],[-0.19184,51.47702,6],[-0.19174,51.47707,6],[-0.19165,51.47712,6.1],[-0.19157,51.47716,6.2],[-0.19137,51.47727,6.4],[-0.19121,51.47737,6.7],[-0.19115,51.47741,6.8],[-0.19106,51.47746,6.9],[-0.19102,51.47748,7],[-0.19098,51.4775,7],[-0.19094,51.47752,7],[-0.19092,51.47752,7],[-0.1909,51.47753,7],[-0.19086,51.47754,7],[-0.19083,51.47755,7],[-0.1908,51.47755,7],[-0.19076,51.47755,6.9],[-0.1907,51.47755,6.8],[-0.19061,51.47755,6.7],[-0.19044,51.47756,6.6],[-0.19041,51.47757,6.5],[-0.19037,51.47758,6.5],[-0.19034,51.47759,6.5],[-0.1903,51.4776,6.4],[-0.19019,51.47764,6.4],[-0.19013,51.47768,6.3],[-0.19011,51.47769,6.3],[-0.19007,51.47771,6.3],[-0.19002,51.47774,6.3],[-0.18994,51.47779,6.4],[-0.18981,51.47788,6.6],[-0.18969,51.47795,6.7],[-0.18958,51.47802,6.8],[-0.18955,51.47803,6.8],[-0.18945,51.4781,6.9],[-0.18935,51.47816,7],[-0.18924,51.47822,7],[-0.18922,51.47824,7],[-0.18828,51.4788,7],[-0.18802,51.47896,7],[-0.18773,51.47913,7],[-0.18762,51.47919,7],[-0.18758,51.47922,7],[-0.18754,51.47925,7],[-0.18737,51.47935,7.2],[-0.18735,51.47936,7.2],[-0.18722,51.47944,7.3],[-0.18713,51.47949,7.4],[-0.18705,51.47954,7.5],[-0.18693,51.47962,7.6],[-0.18685,51.47967,7.7],[-0.18675,51.47973,7.8],[-0.1866,51.47982,8],[-0.18648,51.47989,8.2],[-0.18628,51.48001,8.4],[-0.18625,51.48002,8.5],[-0.18614,51.48008,8.6],[-0.18607,51.48012,8.6],[-0.18591,51.4802,8.7],[-0.18586,51.48022,8.7],[-0.18583,51.48024,8.7],[-0.18576,51.48027,8.8],[-0.18568,51.48031,8.8],[-0.18557,51.48036,8.9],[-0.18546,51.4804,9],[-0.1854,51.48043,9],[-0.18509,51.48055,9.2],[-0.18496,51.4806,9.3],[-0.18472,51.48068,9.1],[-0.18448,51.48077,9],[-0.1843,51.48083,9],[-0.18416,51.48088,8.9],[-0.18395,51.48096,8.7],[-0.18387,51.48099,8.6],[-0.18367,51.48106,8.5],[-0.18345,51.48114,8.4],[-0.18338,51.48116,8.4],[-0.18335,51.48117,8.4],[-0.18331,51.48119,8.4],[-0.18326,51.4812,8.5],[-0.18308,51.48126,8.7],[-0.18293,51.4813,8.8],[-0.1825,51.48143,9],[-0.18244,51.48145,9],[-0.18239,51.48147,9],[-0.18205,51.48157,8.6],[-0.18175,51.48164,8.2],[-0.18171,51.48166,8.1],[-0.18167,51.48167,8],[-0.18156,51.4817,8.2],[-0.18156,51.4817,8.2],[-0.18133,51.48147,9.2],[-0.18129,51.48142,9.5],[-0.18124,51.48138,9.7],[-0.18121,51.48133,10],[-0.18111,51.48123,10.6],[-0.18102,51.48113,11.2],[-0.18099,51.4811,11.4],[-0.18088,51.48099,12.1],[-0.18086,51.48096,12.3],[-0.18083,51.48093,12.5],[-0.18079,51.48089,12.9],[-0.18071,51.48082,13.4],[-0.18061,51.48073,13.4],[-0.1806,51.48073,13.4],[-0.18025,51.48044,13.4],[-0.17996,51.4802,12.9],[-0.17991,51.48015,12.5],[-0.17991,51.48015,12.5],[-0.1796,51.48018,12.1],[-0.1793,51.48021,11.8],[-0.17927,51.48021,11.7],[-0.1792,51.48022,11.6],[-0.17846,51.48029,10.7],[-0.17836,51.48031,10.7],[-0.17821,51.48034,10.4],[-0.1782,51.48034,10.4],[-0.17802,51.48038,10.1],[-0.17793,51.48041,10],[-0.1779,51.48042,10],[-0.17784,51.48044,9.9],[-0.17777,51.48047,9.8],[-0.17772,51.48049,9.8],[-0.17771,51.4805,9.8],[-0.17767,51.48052,9.8],[-0.17758,51.48057,9.7],[-0.17746,51.48065,9.7],[-0.17738,51.4807,9.5],[-0.17732,51.48074,9.4],[-0.17727,51.48078,9.4],[-0.17724,51.48081,9.3],[-0.17716,51.48086,9],[-0.1771,51.48091,8.7],[-0.17695,51.48101,8],[-0.17689,51.48105,7.8],[-0.17685,51.48108,7.7],[-0.17676,51.48115,7.5],[-0.17674,51.48116,7.5],[-0.17672,51.48117,7.4],[-0.17657,51.48128,7.5],[-0.17648,51.48134,7.6],[-0.17636,51.48142,7.7],[-0.17634,51.48144,7.8],[-0.1762,51.48153,7.9],[-0.17611,51.4816,8.1],[-0.17607,51.48162,8.1],[-0.17602,51.48164,8.1],[-0.17591,51.48169,8.1],[-0.17585,51.48171,8.1],[-0.17578,51.48173,8],[-0.1757,51.48175,7.9],[-0.17562,51.48177,7.8],[-0.17551,51.48179,7.6],[-0.17543,51.4818,7.5],[-0.17535,51.48182,7.4],[-0.17529,51.48182,7.3],[-0.17523,51.48182,7.2],[-0.17507,51.48184,7],[-0.17495,51.48185,6.9],[-0.17476,51.48188,7.2],[-0.17466,51.4819,7.4],[-0.17424,51.48198,8.1],[-0.17408,51.48201,8.3],[-0.17399,51.48203,8.5],[-0.17387,51.48209,8.9],[-0.17371,51.48213,9.2],[-0.17343,51.4822,9.8],[-0.17343,51.4822,9.8],[-0.17323,51.48224,10],[-0.17319,51.48225,10],[-0.17312,51.48225,9.9],[-0.17309,51.48225,9.9],[-0.17306,51.48225,9.9],[-0.17304,51.48225,9.9],[-0.17301,51.48224,9.8],[-0.17291,51.48226,9.8],[-0.17268,51.48231,10],[-0.1726,51.48233,10],[-0.17254,51.48235,10.1],[-0.17248,51.48236,10.2],[-0.17243,51.48238,10.3],[-0.17236,51.48239,10.3],[-0.1721,51.48246,10.7],[-0.17182,51.48252,11],[-0.17153,51.48258,10.5],[-0.17143,51.4826,10.1],[-0.17111,51.48267,9.2],[-0.17073,51.48274,8.3],[-0.1705,51.48279,7.8],[-0.17047,51.4828,7.8],[-0.17042,51.48283,7.8],[-0.17039,51.48284,7.8],[-0.17036,51.48285,7.8],[-0.17032,51.48285,7.7],[-0.17025,51.48286,7.6],[-0.17021,51.48286,7.5],[-0.17017,51.48285,7.3],[-0.16997,51.48289,7.3],[-0.16994,51.48289,7.3],[-0.16962,51.48295,8],[-0.16892,51.48306,9.6],[-0.16856,51.48311,10.4],[-0.1683,51.48315,10.9],[-0.16819,51.48319,11],[-0.16812,51.48321,11],[-0.16805,51.48323,11],[-0.16797,51.48326,11],[-0.16794,51.48327,11],[-0.1679,51.48329,11.1],[-0.16784,51.48332,11.1],[-0.1678,51.48335,11.1],[-0.16776,51.48338,11],[-0.16767,51.48342,10.8],[-0.16762,51.48345,10.7],[-0.16759,51.48347,10.6],[-0.16754,51.48349,10.5],[-0.16744,51.48353,10.3],[-0.16739,51.48354,10.2],[-0.16735,51.48354,10],[-0.16731,51.48355,10],[-0.16717,51.48355,9.5],[-0.16705,51.48354,9.1],[-0.16697,51.48354,8.9],[-0.16692,51.48353,8.7],[-0.16687,51.48353,8.6],[-0.16677,51.48351,8.2],[-0.16666,51.48349,7.7],[-0.16661,51.48348,7.6],[-0.16654,51.48347,7.5],[-0.16652,51.48347,7.5],[-0.16638,51.48346,7.3],[-0.16625,51.48345,7.1],[-0.16603,51.48346,7],[-0.16596,51.48346,6.9],[-0.16582,51.48348,6.9],[-0.1653,51.48355,6.4],[-0.16513,51.48357,6.2],[-0.16437,51.48367,6.8],[-0.16435,51.48367,6.8],[-0.16428,51.48369,7],[-0.16423,51.48372,7.2],[-0.1642,51.48373,7.3],[-0.16415,51.48374,7.4],[-0.16409,51.48375,7.5],[-0.16404,51.48375,7.5],[-0.16399,51.48376,7.6],[-0.16384,51.48377,7.7],[-0.1638,51.48377,7.7],[-0.16374,51.48375,7.5],[-0.16355,51.48378,7.8],[-0.1632,51.48383,8.1],[-0.16301,51.48385,8.1],[-0.16196,51.48399,8.2],[-0.1618,51.48401,8.2],[-0.16126,51.48408,8.9],[-0.16097,51.48412,9.5],[-0.16089,51.48413,9.7],[-0.16086,51.48413,9.7],[-0.16075,51.48414,9.9],[-0.16067,51.48416,10.1],[-0.16018,51.48422,10.8],[-0.1599,51.48426,10.8],[-0.15982,51.48427,10.6],[-0.15923,51.48436,9.1],[-0.15906,51.48438,8.6],[-0.15863,51.48443,7.5],[-0.15851,51.48445,7.3],[-0.15829,51.48447,6.9],[-0.15702,51.48464,6.8],[-0.15676,51.48468,6.6],[-0.15654,51.48471,6.6],[-0.15619,51.48475,6.8],[-0.15577,51.48482,7.1],[-0.15548,51.48487,7.4],[-0.15543,51.48488,7.4],[-0.15459,51.48503,6.9],[-0.15411,51.48512,5.9],[-0.15355,51.4852,5.2],[-0.15305,51.48528,5.5],[-0.15304,51.48528,5.5],[-0.15297,51.48529,5.5],[-0.15289,51.4853,5.6],[-0.15283,51.4853,5.7],[-0.15278,51.4853,5.7],[-0.15274,51.4853,5.7],[-0.15269,51.4853,5.7],[-0.15261,51.4853,5.8],[-0.15253,51.48531,5.8],[-0.15244,51.48532,5.9],[-0.15219,51.48536,6.3],[-0.1521,51.48538,6.5],[-0.15166,51.48545,7.2],[-0.1514,51.4855,7.6],[-0.15132,51.48552,7.7],[-0.15107,51.4856,8.3],[-0.15098,51.48562,8.5],[-0.15085,51.48566,8.8],[-0.1505,51.48574,9],[-0.15039,51.48576,9],[-0.15029,51.48578,9],[-0.15027,51.48579,9],[-0.15018,51.4858,9],[-0.15004,51.48582,9],[-0.14986,51.48583,8.6],[-0.14978,51.48583,8.5],[-0.14973,51.48583,8.3],[-0.14925,51.48576,6.9],[-0.14909,51.48575,6.5],[-0.14888,51.48573,6],[-0.14866,51.48573,5.5],[-0.14804,51.48573,4.8],[-0.14792,51.48573,4.8],[-0.14787,51.48573,4.8],[-0.14777,51.48574,4.8],[-0.14773,51.48574,4.8],[-0.14691,51.48575,5.4],[-0.14671,51.48576,5.7],[-0.14665,51.48576,5.8],[-0.1465,51.48577,6],[-0.14641,51.48577,6.1],[-0.14624,51.48577,6.2],[-0.14619,51.48577,6.3],[-0.14607,51.48576,6.4],[-0.14587,51.48574,6.5],[-0.14575,51.48573,6.6],[-0.14561,51.48571,6.6],[-0.14531,51.48569,6.8],[-0.14516,51.48568,6.9],[-0.14501,51.48567,7],[-0.14441,51.4856,7.1],[-0.14429,51.48559,7.1],[-0.14414,51.48557,7.1],[-0.14396,51.48555,7.1],[-0.14388,51.48554,7.1],[-0.14377,51.48552,7],[-0.14328,51.48545,6.8],[-0.14302,51.4854,6.6],[-0.14286,51.48537,6.4],[-0.14276,51.48536,6.4],[-0.14258,51.48534,6.4],[-0.14253,51.48533,6.4],[-0.14232,51.4853,6.4],[-0.14213,51.48526,6.3],[-0.14207,51.48525,6.3],[-0.1418,51.4852,6.3],[-0.14165,51.48517,6.2],[-0.14153,51.48514,6],[-0.14148,51.48514,6],[-0.14119,51.48509,5.6],[-0.14111,51.48508,5.5],[-0.141,51.48507,5.4],[-0.14087,51.48505,5.3],[-0.14055,51.485,5.3],[-0.14049,51.48499,5.4],[-0.14009,51.48493,5.6],[-0.14006,51.48493,5.7],[-0.13996,51.48492,5.8],[-0.13987,51.48492,6.1],[-0.13978,51.48492,6.4],[-0.1397,51.48492,6.7],[-0.13963,51.48492,6.9],[-0.13957,51.48492,7.1],[-0.1395,51.48492,7.3],[-0.13942,51.48493,7.7],[-0.13936,51.48493,7.9],[-0.13929,51.48493,8.1],[-0.13921,51.48494,8.4],[-0.13918,51.48494,8.5],[-0.13902,51.48496,9.2],[-0.13879,51.48499,10.3],[-0.13876,51.48499,10.4],[-0.13862,51.48501,11],[-0.13852,51.48503,11.3],[-0.13839,51.48506,11.7],[-0.13836,51.48506,11.8],[-0.13787,51.48515,9.9],[-0.1373,51.48525,8.2],[-0.13682,51.48532,7.3],[-0.13674,51.48534,7.3],[-0.13657,51.48537,7.4],[-0.13636,51.4854,7.8],[-0.13635,51.48541,7.9],[-0.1361,51.48545,8.4],[-0.13609,51.48545,8.4],[-0.13605,51.48546,8.5],[-0.13599,51.48547,8.6],[-0.13581,51.4855,9],[-0.13519,51.48561,9.8],[-0.13496,51.48565,9.9],[-0.13488,51.48566,9.8],[-0.13442,51.48575,9.2],[-0.13419,51.48579,8.8],[-0.13382,51.48586,7.9],[-0.13361,51.48589,7.4],[-0.13331,51.48595,6.8],[-0.133,51.486,6.7],[-0.13286,51.48606,6.9],[-0.13266,51.48611,6.9],[-0.13246,51.48616,6.8],[-0.1323,51.4862,6.6],[-0.13213,51.48625,6.4],[-0.13191,51.48633,6.1],[-0.13181,51.48636,6],[-0.1317,51.48641,5.9],[-0.13158,51.48645,5.8],[-0.13152,51.48649,5.9],[-0.1314,51.48654,5.8],[-0.13136,51.48656,5.8],[-0.13135,51.48657,5.9],[-0.13131,51.4866,5.9],[-0.13122,51.48666,5.9],[-0.1312,51.48668,6],[-0.13109,51.48677,6.4],[-0.13105,51.48682,6.7],[-0.13096,51.48692,7.5],[-0.13089,51.48705,8.6],[-0.13086,51.4871,9.1],[-0.13072,51.48735,12],[-0.13061,51.48755,13.9],[-0.13058,51.4876,13.9],[-0.1305,51.48774,13.7],[-0.13033,51.48797,13.3],[-0.1303,51.48801,13.2],[-0.13022,51.48807,13.1],[-0.13022,51.48807,13.1],[-0.130177,51.48811,13],[-0.13009,51.48819,12.7],[-0.12995,51.48833,12],[-0.12992,51.48836,11.8],[-0.1298,51.48848,11.4],[-0.129759,51.48852,11.2],[-0.12972,51.48856,11],[-0.129707,51.48858,11],[-0.12963,51.48865,10.6],[-0.129537,51.48873,10.2],[-0.129398,51.48881,9.7],[-0.129317,51.48886,9.4],[-0.129287,51.48888,9.3],[-0.12926,51.4889,9.1],[-0.12916,51.48895,8.8],[-0.12913,51.48897,8.6],[-0.12908,51.489,8.4],[-0.12895,51.48907,7.8],[-0.12888,51.48911,7.5],[-0.12881,51.48914,7.2],[-0.12872,51.48918,6.9],[-0.12862,51.48923,6.7],[-0.12849,51.48929,6.3],[-0.128427,51.48932,6.2],[-0.12836,51.48935,6.1],[-0.128288,51.48939,5.9],[-0.12814,51.48944,5.8],[-0.12775,51.48959,5.3],[-0.12766,51.48962,5.2],[-0.12756,51.48966,5.1],[-0.12753,51.48968,5],[-0.127428,51.48972,4.8],[-0.12736,51.48976,4.7],[-0.127317,51.48979,4.6],[-0.12727,51.48982,4.4],[-0.1272,51.48987,4.3],[-0.12716,51.48989,4.2],[-0.12713,51.48992,4.1],[-0.12711,51.48994,4.1],[-0.12706,51.48998,3.9],[-0.126957,51.49007,4.2],[-0.12684,51.49019,4.7],[-0.12661,51.49046,6.2],[-0.12656,51.49052,6.5],[-0.12647,51.49063,7],[-0.12631,51.49082,7.6],[-0.12625,51.4909,8.1],[-0.12616,51.49101,8.7],[-0.12612,51.49106,8.9],[-0.12608,51.49111,9],[-0.125929,51.49129,9.4],[-0.12573,51.49155,9.4],[-0.12562,51.49179,8.7],[-0.12561,51.49182,8.6],[-0.12558,51.49189,8.2],[-0.12556,51.49194,7.9],[-0.12539,51.49231,6],[-0.12539,51.49232,6],[-0.125347,51.49241,5.6],[-0.12533,51.49246,5.4],[-0.12523,51.49275,11.2],[-0.12522,51.49276,11.5],[-0.12518,51.4928,12.4],[-0.125127,51.49284,13.4],[-0.12512,51.49293,15.9],[-0.12512,51.49303,18.8],[-0.12511,51.49306,19.6],[-0.12511,51.49311,21],[-0.12512,51.49321,23.8],[-0.125127,51.49333,27.1],[-0.125127,51.49346,26.5],[-0.12514,51.4936,25.7],[-0.12516,51.4938,24.6],[-0.12516,51.49392,23.9],[-0.12517,51.49403,23.3],[-0.12518,51.4942,22.3],[-0.12519,51.49428,21.6],[-0.12519,51.49434,21.2],[-0.125237,51.4944,20.7],[-0.12526,51.49448,20.1],[-0.12529,51.49466,18.8],[-0.12531,51.49467,18.8],[-0.125319,51.49468,18.7],[-0.12533,51.49468,18.7],[-0.12534,51.49469,18.7],[-0.12534,51.4947,18.6],[-0.12536,51.49471,18.6],[-0.12537,51.49472,18.6],[-0.12537,51.49473,18.5],[-0.12537,51.49474,18.4],[-0.125377,51.49475,18.4],[-0.125377,51.49476,18.3],[-0.125377,51.49477,18.3],[-0.125377,51.49478,18.2],[-0.125377,51.49479,18.1],[-0.125377,51.4948,18.1],[-0.12537,51.49481,18],[-0.12536,51.49482,17.9],[-0.12536,51.49483,17.8],[-0.125347,51.49483,17.8],[-0.12534,51.49485,17.6],[-0.12533,51.49485,17.6],[-0.12533,51.49486,17.5],[-0.125319,51.49486,17.5],[-0.12531,51.49487,17.4],[-0.1253,51.49487,17.3],[-0.12529,51.49488,17.2],[-0.12528,51.49488,17.2],[-0.12525,51.49498,16.3],[-0.1252,51.49511,16.1],[-0.12517,51.49519,16],[-0.125237,51.49544,16.7],[-0.12528,51.49562,17.1],[-0.12534,51.49584,17.5],[-0.1254,51.49608,14.6],[-0.12553,51.49661,8.8],[-0.125568,51.4968,8.3],[-0.12562,51.49699,8.4],[-0.125627,51.49711,8.2],[-0.12564,51.49724,8.1],[-0.12565,51.49738,7.9],[-0.12566,51.49757,7.6],[-0.125679,51.49766,7.6],[-0.1257,51.49775,7.5],[-0.12573,51.49793,7.4],[-0.12573,51.49817,6.8],[-0.12573,51.49824,6.7],[-0.12573,51.49825,6.7],[-0.125737,51.49826,6.7],[-0.125737,51.49829,6.6],[-0.12576,51.49838,7.2],[-0.12578,51.49845,8.1],[-0.125847,51.4987,11],[-0.126068,51.49928,15.2],[-0.12609,51.49936,15],[-0.126097,51.49937,15],[-0.12611,51.49939,14.9],[-0.12612,51.4994,14.8],[-0.12612,51.49941,14.8],[-0.12617,51.49958,14.4],[-0.12619,51.49961,14.3],[-0.1262,51.49963,14.3],[-0.126207,51.49966,14.2],[-0.126207,51.49971,14.1],[-0.12623,51.49977,13.9],[-0.12622,51.50001,13.6],[-0.126237,51.50007,13.7],[-0.12626,51.50012,13.9],[-0.12627,51.50014,13.9],[-0.12629,51.50015,13.9],[-0.12631,51.50017,14],[-0.12634,51.50018,14],[-0.12641,51.50021,14],[-0.12648,51.50023,14],[-0.126568,51.50023,13.9],[-0.12665,51.50024,13.9],[-0.12673,51.50024,14],[-0.12679,51.50025,14.1],[-0.12687,51.50025,14.2],[-0.12697,51.50026,14.4],[-0.12697,51.50026,14.4],[-0.12722,51.5002,14.5],[-0.127317,51.50019,14.6],[-0.12745,51.50016,14.7],[-0.12753,51.50016,14.8],[-0.12761,51.50014,14.7],[-0.12772,51.50012,14.7],[-0.12783,51.50009,14.5],[-0.12808,51.50002,14.1],[-0.12813,51.50001,14.1],[-0.128427,51.49992,14.3],[-0.12848,51.4999,14.4],[-0.12864,51.49984,14.6],[-0.12876,51.49979,14.8],[-0.12884,51.49975,14.8],[-0.128899,51.49972,14.8],[-0.12897,51.49969,14.8],[-0.12905,51.49967,14.8],[-0.12908,51.49967,14.8],[-0.12912,51.49967,14.8],[-0.12938,51.49955,14.4],[-0.12958,51.49947,14],[-0.129648,51.49944,13.8],[-0.12974,51.4994,13.5],[-0.12981,51.49938,13.4],[-0.12992,51.49934,13.1],[-0.13,51.49931,12.9],[-0.130287,51.4992,13.5],[-0.13045,51.49914,14.2],[-0.13124,51.49885,17.6],[-0.13131,51.49883,17.8],[-0.13187,51.49862,18.3],[-0.13203,51.49856,18.3],[-0.13251,51.49839,18.2],[-0.13278,51.49829,18.3],[-0.13326,51.49812,18.9],[-0.13341,51.49806,19.1],[-0.13364,51.49798,19.4],[-0.1338,51.49792,19.8],[-0.134,51.49785,20.5],[-0.13442,51.49774,22.1],[-0.13483,51.49764,24],[-0.13501,51.4976,24.9],[-0.13507,51.49758,24.8],[-0.135587,51.497487,23.1],[-0.13576,51.49776,21],[-0.13584,51.49789,20.1],[-0.13591,51.49798,19.5],[-0.13594,51.49802,19.3],[-0.136,51.49809,18.9],[-0.13605,51.49814,18.7],[-0.13608,51.49817,18.6],[-0.13617,51.49824,18.3],[-0.13622,51.49828,18.1],[-0.13628,51.49832,18],[-0.13634,51.49836,17.9],[-0.13642,51.4984,17.8],[-0.1365,51.49844,17.6],[-0.13664,51.4985,17.2],[-0.1368,51.49857,16.7],[-0.13716,51.49872,16.1],[-0.13739,51.49881,16],[-0.13746,51.49884,16],[-0.13757,51.49889,16],[-0.13776,51.49897,16.1],[-0.13795,51.49905,16.3],[-0.13814,51.49909,16.6],[-0.13839,51.49916,16.8],[-0.13863,51.49923,15.7],[-0.13865,51.49924,15.6],[-0.13903,51.49936,14],[-0.13938,51.49947,12.9],[-0.13958,51.49954,12.3],[-0.13981,51.49961,11.8],[-0.13987,51.49963,11.7],[-0.13997,51.49967,11.4],[-0.14003,51.49969,11.4],[-0.14013,51.49973,11.3],[-0.14024,51.49978,11.2],[-0.14033,51.49982,11.1],[-0.14045,51.49988,10.8],[-0.14048,51.4999,10.8],[-0.14067,51.50003,10.3],[-0.14075,51.50009,10.4],[-0.14079,51.50012,10.5],[-0.14084,51.50016,10.6],[-0.14089,51.50021,10.8],[-0.14089,51.50021,10.8],[-0.14083,51.50035,11.3],[-0.14077,51.50046,11.6],[-0.14071,51.50059,12],[-0.14062,51.50079,12.4],[-0.14062,51.50079,12.4],[-0.14053,51.50098,11.8],[-0.14046,51.50115,11.1],[-0.14041,51.50127,10.7],[-0.14036,51.5014,10.2],[-0.14029,51.5015,9.8],[-0.14006,51.50167,9.1],[-0.14005,51.50172,9.3],[-0.14003,51.50176,9.5],[-0.14002,51.50178,9.6],[-0.14002,51.5018,9.7],[-0.14001,51.50182,9.7],[-0.14001,51.50184,9.8],[-0.14001,51.50187,10],[-0.14001,51.5019,10.1],[-0.14001,51.50194,10.3],[-0.14003,51.50198,10.5],[-0.14005,51.50202,10.7],[-0.14009,51.50207,10.9],[-0.14009,51.50207,10.9],[-0.14016,51.50211,11.1],[-0.14022,51.50213,11.2],[-0.14028,51.50215,11.3],[-0.14035,51.50217,11.3],[-0.14042,51.50218,11.3],[-0.14048,51.50219,11.4],[-0.14056,51.50219,11.3],[-0.14064,51.5022,11.3],[-0.14072,51.5022,11.3],[-0.14084,51.50219,11.3],[-0.14108,51.50218,11.3],[-0.14156,51.50218,11.6],[-0.14197,51.5022,11.9],[-0.14214,51.50221,12],[-0.14244,51.50222,12.3],[-0.14343,51.50226,12.8],[-0.14343,51.50226,12.8],[-0.14362,51.50224,13.2],[-0.14448,51.50227,14.7],[-0.14549,51.50231,15.4],[-0.14574,51.50232,15.5],[-0.14737,51.50238,17.4],[-0.14854,51.50242,19.1],[-0.14879,51.50242,19.3],[-0.14908,51.50243,19.6],[-0.1495,51.50245,19.7],[-0.149788,51.502504,20],[-0.149844,51.5026,20.8],[-0.149779,51.502729,21.9],[-0.149753,51.502924,23.4],[-0.149757,51.50306,23.5],[-0.149628,51.503167,25.2],[-0.149281,51.503317,26],[-0.148628,51.503626,25.2],[-0.147906,51.503967,23.7],[-0.147627,51.504154,23.3],[-0.147338,51.504374,23.5],[-0.147338,51.504374,23.5],[-0.146088,51.50513,24.2],[-0.146,51.50518,23.9],[-0.146,51.50519,23.9],[-0.14582,51.50528,23.3],[-0.14578,51.5053,23.2],[-0.14556,51.50541,22.7],[-0.14534,51.50553,22.5],[-0.14525,51.50557,22.4],[-0.14502,51.50569,22.6],[-0.14471,51.50586,23.1],[-0.14467,51.50588,23.2],[-0.1446,51.50592,23.4],[-0.14436,51.50605,24.2],[-0.14409,51.50619,25.2],[-0.14353,51.50647,28.4],[-0.14342,51.50652,29.2],[-0.14291,51.50677,31.5],[-0.14249,51.50698,32.1],[-0.14238,51.50703,32.3],[-0.14225,51.50709,32.4],[-0.14205,51.50719,32.4],[-0.14177,51.50732,32.2],[-0.1413,51.50754,32.1],[-0.14084,51.50774,32.6],[-0.14067,51.50781,32.7],[-0.14064,51.50782,32.7],[-0.14061,51.50783,32.7],[-0.14055,51.50785,32.7],[-0.14011,51.50803,32.7],[-0.14,51.50808,32.7],[-0.13976,51.50816,32.4],[-0.13953,51.50824,32.2],[-0.13937,51.5083,32.1],[-0.13903,51.5084,31.8],[-0.13896,51.50843,31.8],[-0.13888,51.50845,31.7],[-0.13882,51.50847,31.6],[-0.13875,51.50849,31.5],[-0.13842,51.50859,31.1],[-0.1383,51.50863,31],[-0.13822,51.50865,30.9],[-0.13788,51.50875,30.7],[-0.13762,51.50883,30.7],[-0.13734,51.50893,30.7],[-0.13721,51.50897,30.9],[-0.13711,51.50901,31],[-0.13694,51.50906,31.3],[-0.13685,51.50909,31.5],[-0.13634,51.50926,32.3],[-0.13631,51.50927,32.4],[-0.13613,51.50933,32.6],[-0.13606,51.50936,32.7],[-0.13594,51.5094,32.8],[-0.13587,51.50942,32.9],[-0.13521,51.50963,32.8],[-0.135,51.5097,32.6],[-0.13496,51.50972,32.7],[-0.13494,51.50972,32.8],[-0.13492,51.50973,32.9],[-0.13491,51.50974,32.9],[-0.1349,51.50974,33],[-0.13489,51.50975,33],[-0.13488,51.50975,33],[-0.13488,51.50976,33.1],[-0.13487,51.50977,33.2],[-0.13486,51.50979,33.3],[-0.13486,51.5098,33.3],[-0.13485,51.50981,33.4],[-0.13485,51.50984,33.6],[-0.13485,51.50988,33.8],[-0.13485,51.50993,34],[-0.13485,51.50994,34.1],[-0.13484,51.50995,34.1],[-0.13481,51.50999,34.4],[-0.13479,51.51001,34.5],[-0.13476,51.51004,34.7],[-0.13469,51.51008,34.9],[-0.13464,51.51011,35.1],[-0.13464,51.51011,35.1],[-0.13455,51.51015,35.3],[-0.13445,51.5102,35.6],[-0.13439,51.51024,35.8],[-0.13438,51.51024,35.9],[-0.13437,51.51025,35.9],[-0.13432,51.51029,36],[-0.13431,51.51031,36.1],[-0.13414,51.51053,36.7],[-0.13398,51.51074,37.1],[-0.13385,51.51086,37.2],[-0.13377,51.5109,37.1],[-0.13361,51.51105,36.3],[-0.13338,51.51127,34.9],[-0.13321,51.51139,33.9],[-0.13313,51.51144,33.5],[-0.13306,51.51149,33.1],[-0.13287,51.51159,32.4],[-0.13281,51.51162,32.3],[-0.13275,51.51165,32.1],[-0.13268,51.51168,32],[-0.13261,51.51172,32.1],[-0.13254,51.51176,32.1],[-0.13251,51.51177,32.1],[-0.13243,51.51181,32.3],[-0.1324,51.51183,32.3],[-0.13235,51.51185,32.4],[-0.13211,51.51195,32.8],[-0.13187,51.51205,33.2],[-0.13149,51.51221,33.7],[-0.13132,51.51227,33.7],[-0.13121,51.51231,33.8],[-0.13113,51.51234,33.8],[-0.13108,51.51235,33.8],[-0.13072,51.51248,34],[-0.13067,51.5125,34],[-0.13059,51.51253,34],[-0.130567,51.51254,34],[-0.130397,51.51261,33.9],[-0.129957,51.51276,34],[-0.129787,51.51284,34.1],[-0.12972,51.51288,34.2],[-0.129677,51.5129,34.2],[-0.12953,51.51299,34.3],[-0.12945,51.51304,34.4],[-0.12942,51.51307,34.5],[-0.12942,51.51307,34.5],[-0.12937,51.51311,34.6],[-0.12931,51.51315,34.6],[-0.129287,51.51316,34.7],[-0.12914,51.51326,34.9],[-0.12914,51.51326,34.9],[-0.12924,51.51344,34.9],[-0.129287,51.51355,34.9],[-0.129398,51.51375,34.7],[-0.12948,51.51388,34.6],[-0.12952,51.51399,34.6],[-0.129537,51.51403,34.6],[-0.12962,51.51422,34.5],[-0.12972,51.51452,34.3],[-0.12987,51.51487,34.2],[-0.12989,51.51491,34.1],[-0.129927,51.51501,34.1],[-0.12995,51.51506,34.2],[-0.130067,51.51533,35],[-0.1301,51.5154,35.2],[-0.13017,51.51559,35.7],[-0.13022,51.51579,36],[-0.13023,51.51581,36],[-0.13024,51.51585,36.1],[-0.130259,51.51593,36.3],[-0.13027,51.51596,36.3],[-0.13031,51.51618,36.7],[-0.13036,51.51642,37.2],[-0.13036,51.51642,37.2],[-0.13038,51.51649,37.3],[-0.13041,51.51656,37.4],[-0.13042,51.51658,37.4],[-0.130427,51.5166,37.4],[-0.13045,51.51665,37.4],[-0.130508,51.51674,37.7],[-0.13056,51.51681,37.9],[-0.13063,51.51691,38.3],[-0.130677,51.51698,38.5],[-0.13078,51.51709,39],[-0.13091,51.51722,39.7],[-0.131067,51.51738,40.4],[-0.13113,51.51743,40.7],[-0.13133,51.51764,40.4],[-0.13136,51.51767,40.3],[-0.13137,51.51767,40.3],[-0.13152,51.51783,39.5],[-0.13179,51.51811,37.9],[-0.13179,51.51811,37.9],[-0.13183,51.51815,37.6],[-0.13223,51.51856,36.3],[-0.13229,51.51863,36.3],[-0.13243,51.51877,36.1],[-0.13254,51.51888,36],[-0.13266,51.519,36],[-0.13288,51.51922,36.1],[-0.13292,51.51926,36.2],[-0.13299,51.51932,36.4],[-0.13303,51.51936,36.5],[-0.13309,51.51943,36.6],[-0.13322,51.51954,36.9],[-0.1334,51.51972,37.2],[-0.13344,51.51975,37.3],[-0.13346,51.51978,37.3],[-0.13352,51.51984,37.4],[-0.13364,51.51996,37.5],[-0.13367,51.51998,37.5],[-0.13382,51.52013,37.1],[-0.13401,51.52032,36.7],[-0.13431,51.52057,36.4],[-0.13432,51.52059,36.4],[-0.13439,51.52065,36.4],[-0.13459,51.52084,36.5],[-0.1347,51.52095,37],[-0.13477,51.52101,37.2],[-0.13483,51.52108,37.4],[-0.13493,51.52119,37.8],[-0.13499,51.52125,38],[-0.13502,51.52129,38.1],[-0.13516,51.52146,38.6],[-0.13517,51.52146,38.6],[-0.1353,51.52161,38.9],[-0.13539,51.52171,38.9],[-0.13559,51.52193,38.5],[-0.13574,51.52209,38],[-0.13585,51.5222,37.7],[-0.13598,51.52232,37.4],[-0.13609,51.52243,37.2],[-0.13613,51.52247,37.1],[-0.1363,51.52264,36.8],[-0.13644,51.5228,36.6],[-0.13664,51.52302,36.4],[-0.13691,51.52333,35.7],[-0.13692,51.52335,35.7],[-0.13724,51.52372,35.9],[-0.13734,51.52388,36],[-0.13736,51.52391,36],[-0.13745,51.52403,35.9],[-0.13751,51.52413,35.9],[-0.13758,51.52422,35.7],[-0.13758,51.52422,35.7],[-0.13762,51.52428,35.5],[-0.13768,51.52437,35.2],[-0.13772,51.52444,35.1],[-0.13777,51.52454,34.9],[-0.13779,51.52458,34.8],[-0.13785,51.52469,34.7],[-0.13787,51.52475,34.6],[-0.13805,51.52484,34.7],[-0.13814,51.52496,34.8],[-0.13822,51.52507,34.7],[-0.13831,51.52518,34.5],[-0.13831,51.52518,34.5],[-0.13839,51.52531,34.5],[-0.13847,51.52544,34.4],[-0.13851,51.52554,34.3],[-0.13855,51.52566,34],[-0.13857,51.52572,33.9],[-0.1386,51.52575,33.9],[-0.13861,51.52582,33.7],[-0.13861,51.52586,33.6],[-0.13861,51.52587,33.6],[-0.13861,51.52589,33.6],[-0.13859,51.52592,33.5],[-0.1386,51.52611,33.2],[-0.13861,51.52634,32.9],[-0.13861,51.5265,32.6],[-0.13862,51.52689,31.4],[-0.13862,51.52719,30.2],[-0.13862,51.52773,29],[-0.13862,51.52788,29],[-0.13862,51.52802,29],[-0.13862,51.52813,29],[-0.13863,51.52855,29.6],[-0.13862,51.52871,30],[-0.13862,51.52879,30.3],[-0.13862,51.5288,30.3],[-0.13866,51.52882,30.3],[-0.13867,51.52883,30.3],[-0.13867,51.52884,30.3],[-0.13868,51.52886,30.4],[-0.13868,51.5289,30.5],[-0.13868,51.52894,30.6],[-0.13868,51.529,30.7],[-0.13868,51.52911,31],[-0.13867,51.52925,30.9],[-0.13866,51.52939,30.4],[-0.13866,51.52943,30.2],[-0.13866,51.52957,29.7],[-0.13866,51.52975,29],[-0.13869,51.52997,28.1],[-0.13873,51.53042,27.2],[-0.13876,51.53063,26.9],[-0.13877,51.53068,26.8],[-0.13879,51.53077,26.7],[-0.1388,51.53079,26.7],[-0.13882,51.53085,26.7],[-0.13885,51.53094,26.7],[-0.13893,51.53127,26.3],[-0.13901,51.53145,26.1],[-0.13902,51.53146,26.1],[-0.13907,51.53162,25.9],[-0.1391,51.53172,25.8],[-0.13912,51.53178,25.7],[-0.13917,51.53192,25.6],[-0.13925,51.53219,26.3],[-0.13928,51.53228,26.6],[-0.13929,51.53234,26.7],[-0.13931,51.53243,27],[-0.13934,51.53252,27.3],[-0.13934,51.53258,27.7],[-0.13934,51.53261,27.9],[-0.13934,51.53262,28],[-0.13933,51.53263,28],[-0.1393,51.53266,28.2],[-0.13929,51.53282,29.2],[-0.13928,51.53287,29.5],[-0.13926,51.53312,31],[-0.13926,51.53312,31],[-0.13926,51.53312,31],[-0.13926,51.53317,31.3],[-0.13923,51.53351,32],[-0.13924,51.53367,31.8],[-0.13923,51.53394,31.3],[-0.13919,51.53416,31],[-0.13919,51.53418,31],[-0.13917,51.5343,30.7],[-0.13912,51.53441,30.3],[-0.13912,51.53441,30.3],[-0.13904,51.53455,29.9],[-0.13902,51.53458,29.7],[-0.13899,51.53464,29.5],[-0.13898,51.53466,29.5],[-0.13897,51.53469,29.4],[-0.13896,51.53485,28.9],[-0.13899,51.53499,28.6],[-0.139,51.53501,28.6],[-0.13903,51.53509,28.8],[-0.13908,51.53517,29],[-0.13909,51.53519,29],[-0.13915,51.53528,29.3],[-0.13918,51.53532,29.4],[-0.13923,51.53537,29.6],[-0.13936,51.5355,30.1],[-0.13972,51.53586,31.2],[-0.13981,51.53595,31.2],[-0.13987,51.53601,31.1],[-0.14034,51.53645,30.5],[-0.14052,51.53663,30.4],[-0.14065,51.53675,30.6],[-0.14075,51.53684,30.8],[-0.14075,51.53684,30.8],[-0.14078,51.53687,30.9],[-0.14085,51.53694,31],[-0.14094,51.53702,31.2],[-0.14097,51.53705,31.3],[-0.14104,51.53712,31.4],[-0.14107,51.53714,31.4],[-0.14113,51.53722,31.5],[-0.14127,51.53739,31.6],[-0.14128,51.5374,31.6],[-0.14143,51.53757,31.8],[-0.14155,51.53771,32.1],[-0.14168,51.53786,32.4],[-0.14193,51.53814,32.9],[-0.14201,51.53824,33],[-0.14226,51.53853,32.7],[-0.14226,51.53853,32.7],[-0.14231,51.53856,32.7],[-0.14232,51.53856,32.7],[-0.14232,51.53856,32.7],[-0.142426,51.538804,32.4],[-0.142426,51.538804,32.4],[-0.142442,51.53908,32],[-0.142442,51.53908,32],[-0.142345,51.539552,31.4],[-0.14235,51.5396,31.3],[-0.14225,51.54004,30.6],[-0.1422,51.5403,30.1],[-0.14218,51.54042,29.9],[-0.14215,51.5406,29.6],[-0.14215,51.54066,29.5],[-0.14213,51.5408,29.2],[-0.14212,51.54086,29.1],[-0.1421,51.54097,28.9],[-0.14208,51.54107,28.7],[-0.14206,51.54117,28.5],[-0.14203,51.5414,28.3],[-0.14202,51.54146,28.2],[-0.14201,51.54149,28.2],[-0.142,51.54158,28.1],[-0.14195,51.5419,27.9],[-0.14193,51.542,27.9],[-0.14193,51.54202,27.9],[-0.14188,51.54236,28.1],[-0.14185,51.54255,28.4],[-0.14184,51.54267,28.9],[-0.14183,51.54274,29.1],[-0.14177,51.54315,30.6],[-0.14173,51.54346,31.7],[-0.14172,51.54358,32.3],[-0.14171,51.54361,32.4],[-0.14171,51.54364,32.5],[-0.14169,51.54367,32.6],[-0.14166,51.54373,32.9],[-0.14155,51.54397,34.1],[-0.14152,51.54404,34.4],[-0.14151,51.54411,34.7],[-0.1415,51.54415,34.9],[-0.1415,51.54419,34.9],[-0.14148,51.54463,33.3],[-0.14148,51.54472,33],[-0.14152,51.54481,32.7],[-0.14153,51.54484,32.6],[-0.14154,51.54487,32.5],[-0.14156,51.54501,32],[-0.14158,51.5451,32.4],[-0.14159,51.54513,32.5],[-0.1416,51.54517,32.6],[-0.14162,51.54539,33.4],[-0.14163,51.54544,33.6],[-0.14163,51.54546,33.7],[-0.14163,51.54547,33.7],[-0.14161,51.54551,33.8],[-0.14168,51.54571,34.5],[-0.14171,51.54578,34.7],[-0.14171,51.5458,34.8],[-0.14172,51.54588,34.9],[-0.14173,51.54596,34.8],[-0.14176,51.54614,34.8],[-0.14176,51.54616,34.8],[-0.14176,51.54622,34.8],[-0.14176,51.54624,34.8],[-0.14176,51.54634,34.8],[-0.14176,51.54652,34.8],[-0.14173,51.54663,34.8],[-0.14171,51.54668,34.9],[-0.1417,51.54671,34.9],[-0.14169,51.54678,34.9],[-0.14166,51.54688,35],[-0.14163,51.54698,35],[-0.14158,51.54718,35.1],[-0.14156,51.54728,35.1],[-0.14156,51.54734,35.1],[-0.14144,51.54761,35.8],[-0.14136,51.54778,36.6],[-0.14126,51.54803,37.7],[-0.14124,51.54809,38],[-0.14122,51.5482,38.4],[-0.14119,51.54834,39],[-0.14118,51.54837,39],[-0.14115,51.54848,39.2],[-0.14112,51.54861,39.3],[-0.14107,51.54885,39.6],[-0.14104,51.54887,39.6],[-0.14102,51.54897,39.8],[-0.141,51.54904,39.8],[-0.14096,51.54919,40],[-0.14093,51.54932,39.8],[-0.1409,51.54944,39.7],[-0.14088,51.54958,39.5],[-0.14086,51.54969,39.4],[-0.14081,51.54989,39.1],[-0.14072,51.5504,38],[-0.14071,51.55047,38],[-0.1407,51.55055,38.2],[-0.1407,51.55057,38.2],[-0.14069,51.55061,38.2],[-0.14068,51.55075,38.4],[-0.14068,51.55077,38.4],[-0.14066,51.55088,38.6],[-0.14066,51.55094,38.7],[-0.14066,51.55099,38.7],[-0.14066,51.55102,38.8],[-0.14067,51.5511,38.9],[-0.14068,51.55113,38.9],[-0.14069,51.55116,39],[-0.14072,51.55122,39.1],[-0.14078,51.55128,39.2],[-0.1408,51.55131,39.3],[-0.14083,51.55134,39.4],[-0.14092,51.55146,39.9],[-0.14095,51.5515,40.1],[-0.14098,51.55154,40.2],[-0.1411,51.55168,40.7],[-0.1411,51.55168,40.7],[-0.1411,51.55193,41.5],[-0.1411,51.55194,41.6],[-0.14106,51.55218,42.4],[-0.14102,51.55246,43.4],[-0.141,51.55258,43.7],[-0.14098,51.55275,43.9],[-0.14094,51.55297,44.2],[-0.1409,51.55314,44.5],[-0.14087,51.55324,44.8],[-0.14082,51.55338,45.2],[-0.14079,51.55347,45.5],[-0.14076,51.55355,45.8],[-0.1407,51.5537,46.3],[-0.14066,51.55376,46.5],[-0.14063,51.55382,46.8],[-0.14055,51.55394,47.2],[-0.14048,51.55405,47.6],[-0.14046,51.55408,47.7],[-0.14042,51.55413,47.9],[-0.14036,51.5542,48.2],[-0.14023,51.55437,48.5],[-0.14014,51.5545,48.7],[-0.13995,51.55477,49.1],[-0.1398,51.55496,49.5],[-0.13968,51.55513,49.6],[-0.1395,51.55537,49.7],[-0.13943,51.55548,49.6],[-0.1393,51.55565,49.4],[-0.13927,51.55568,49.3],[-0.13919,51.55579,49.1],[-0.13901,51.55603,48.7],[-0.13868,51.55649,47.8],[-0.1386,51.5566,47.5],[-0.1384,51.55687,47.3],[-0.1384,51.55687,47.3],[-0.13862,51.55714,48.1],[-0.13869,51.55724,48.4],[-0.13896,51.55758,49.5],[-0.13898,51.5576,49.5],[-0.1392,51.55793,50.5],[-0.13927,51.55802,50.7],[-0.13942,51.55825,51.4],[-0.13954,51.55842,52],[-0.13957,51.55847,52.5],[-0.13977,51.55875,55.5],[-0.14002,51.55912,59.7],[-0.14022,51.55942,61.1],[-0.14027,51.5595,61.3],[-0.14039,51.55967,61.9],[-0.14046,51.55975,62.1],[-0.14048,51.55978,62.2],[-0.14051,51.55982,62.3],[-0.14056,51.55987,62.5],[-0.14057,51.55987,62.5],[-0.14076,51.56005,63.1],[-0.14084,51.56014,63.5],[-0.14088,51.56018,63.7],[-0.14091,51.56023,63.9],[-0.14094,51.56027,64.1],[-0.14094,51.56028,64.1],[-0.14097,51.56034,64.3],[-0.14099,51.56039,64.5],[-0.141,51.56043,64.6],[-0.14101,51.56046,64.8],[-0.14103,51.56055,65.1],[-0.14103,51.56059,65.2],[-0.14103,51.56061,65.3],[-0.14103,51.56071,65.6],[-0.14103,51.56075,65.7],[-0.14103,51.5609,66.2],[-0.14101,51.5612,66.9],[-0.141,51.56122,66.9],[-0.14099,51.56137,67.3],[-0.14097,51.56146,67.5],[-0.14095,51.56154,67.7],[-0.14092,51.5616,67.8],[-0.14089,51.56166,68],[-0.14086,51.56172,68.2],[-0.14083,51.56178,68.4],[-0.14081,51.56182,68.5],[-0.14075,51.5619,68.8],[-0.14072,51.56196,69.1],[-0.1407,51.56201,69.3],[-0.14068,51.56205,69.5],[-0.14067,51.56207,69.5],[-0.14066,51.56211,69.7],[-0.14063,51.56219,70.1],[-0.14062,51.56225,70.4],[-0.14061,51.56228,70.5],[-0.14055,51.56254,71.6],[-0.14055,51.56256,71.5],[-0.14055,51.56258,71.5],[-0.14054,51.56263,71.4],[-0.14054,51.56267,71.3],[-0.14055,51.56273,71.1],[-0.14055,51.56278,71],[-0.14058,51.56293,70.6],[-0.1406,51.56303,70.3],[-0.14062,51.56312,70],[-0.14065,51.56318,69.8],[-0.14068,51.56326,69.5],[-0.14068,51.56326,69.5],[-0.14069,51.56331,69.4],[-0.14073,51.5634,69.1],[-0.14074,51.56342,69],[-0.14075,51.56353,68.7],[-0.14076,51.56359,68.5],[-0.14076,51.56363,68.4],[-0.14076,51.56368,68.2],[-0.14075,51.56375,68],[-0.14074,51.56384,67.8],[-0.14071,51.56392,67.6],[-0.14067,51.56408,67.1],[-0.14066,51.56413,66.9],[-0.14064,51.56421,66.9],[-0.14063,51.56427,67.1],[-0.14062,51.56433,67.3],[-0.14062,51.56437,67.4],[-0.14061,51.56442,67.6],[-0.14062,51.56447,67.7],[-0.14064,51.56452,67.9],[-0.14066,51.56457,68.1],[-0.14069,51.56464,68.4],[-0.14073,51.56472,68.8],[-0.14083,51.56492,69.7],[-0.14091,51.56504,70.4],[-0.14098,51.56517,71.3],[-0.14098,51.56518,71.4],[-0.14102,51.56524,71.8],[-0.14108,51.56534,72.5],[-0.14108,51.56538,72.7],[-0.14111,51.56544,73.1],[-0.14114,51.56551,73.6],[-0.14118,51.56564,74.4],[-0.14119,51.5657,74.7],[-0.1412,51.56574,74.9],[-0.14123,51.56586,75.7],[-0.14124,51.5659,76],[-0.14125,51.56593,76.2],[-0.14129,51.56609,77.4],[-0.14131,51.56619,78.1],[-0.14131,51.56621,78.3],[-0.14134,51.56641,79.8],[-0.14135,51.56649,80.3],[-0.14136,51.56653,80.6],[-0.14138,51.5667,81.8],[-0.14139,51.56671,81.9],[-0.14141,51.56685,82.6],[-0.14141,51.56688,82.7],[-0.14143,51.56702,83.4],[-0.14145,51.56711,83.9],[-0.14146,51.56718,84.2],[-0.14147,51.56723,84.5],[-0.14149,51.56732,84.9],[-0.14151,51.56742,85.4],[-0.14156,51.56752,86.1],[-0.14162,51.56767,88.2],[-0.14167,51.5678,90],[-0.14172,51.56792,91.6],[-0.14178,51.56806,93.6],[-0.14185,51.56821,95.6],[-0.14194,51.56841,98],[-0.14202,51.56852,99.2],[-0.14207,51.56859,99.9],[-0.14213,51.56864,100.5],[-0.14217,51.56868,101],[-0.14229,51.56878,102.3],[-0.14239,51.56886,103.4],[-0.1424,51.56888,103.6],[-0.14241,51.56889,103.8],[-0.14241,51.56891,104],[-0.14242,51.56893,104.2],[-0.14243,51.56895,104.5],[-0.14243,51.56897,104.7],[-0.14243,51.56899,104.9],[-0.14241,51.56901,105],[-0.1424,51.56903,105.2],[-0.14239,51.56904,105.3],[-0.14239,51.56905,105.4],[-0.14224,51.56919,106.2],[-0.14224,51.56919,106.2],[-0.1421,51.56915,105.4],[-0.1421,51.56915,105.4],[-0.14206,51.56916,105.4],[-0.14203,51.56918,105.4],[-0.14199,51.5692,105.4],[-0.14196,51.56921,105.3],[-0.14177,51.56926,104.9],[-0.14137,51.56931,103.9],[-0.14124,51.56933,103.5],[-0.14114,51.56935,103.3],[-0.14103,51.56937,103.1],[-0.14096,51.56939,103],[-0.1409,51.5694,102.9],[-0.14083,51.56942,102.8],[-0.14074,51.56944,102.7],[-0.14065,51.56947,102.6],[-0.14054,51.56951,102.6],[-0.14053,51.56951,102.5],[-0.14044,51.56954,102.5],[-0.14039,51.56956,102.5],[-0.1402,51.56965,102.6],[-0.14004,51.56971,102.7],[-0.13985,51.56982,102.8],[-0.13966,51.56992,102.7],[-0.13959,51.56996,102.7],[-0.13955,51.56998,102.7],[-0.1394,51.57006,102],[-0.13935,51.57009,101.7],[-0.13932,51.5701,101.6],[-0.13918,51.57018,100.8],[-0.13898,51.57029,99.8],[-0.13889,51.57034,99.3],[-0.13886,51.57036,99.1],[-0.13868,51.57048,98.2],[-0.13858,51.57052,97.8],[-0.13845,51.57058,97.2],[-0.13837,51.57061,97.1],[-0.13835,51.57061,97],[-0.13832,51.57063,96.9],[-0.13826,51.57065,96.8],[-0.13822,51.57066,96.7],[-0.13815,51.57069,96.6],[-0.1381,51.57071,96.5],[-0.13805,51.57073,96.4],[-0.13801,51.57075,96.3],[-0.13797,51.57077,96.2],[-0.13795,51.57078,96.2],[-0.13787,51.57083,96],[-0.13781,51.57087,96],[-0.13776,51.5709,96],[-0.13767,51.57094,96.1],[-0.13761,51.57096,96.1],[-0.13756,51.57098,96.2],[-0.13754,51.57099,96.2],[-0.13741,51.57104,96.4],[-0.13737,51.57105,96.5],[-0.13727,51.57108,96.7],[-0.13707,51.57115,97.3],[-0.13707,51.57115,97.3],[-0.13707,51.57115,97.3],[-0.13693,51.5712,97.7],[-0.13686,51.57123,98],[-0.13679,51.57125,98.2],[-0.13673,51.57128,98.5],[-0.13668,51.5713,98.6],[-0.13655,51.57136,98.5],[-0.13637,51.57144,98.2],[-0.13627,51.5715,98.1],[-0.13615,51.57156,97.8],[-0.13606,51.5716,97.6],[-0.13604,51.57161,97.6],[-0.13598,51.57164,97.5],[-0.13595,51.57165,97.4],[-0.13584,51.57168,96.9],[-0.13568,51.57174,95.8],[-0.13542,51.57184,94.3],[-0.13535,51.57187,93.9],[-0.13526,51.5719,93.5],[-0.13521,51.57193,93.3],[-0.13515,51.57196,93.1],[-0.1351,51.57199,92.9],[-0.13491,51.57209,92.2],[-0.13482,51.57214,91.9],[-0.13467,51.57222,91.4],[-0.13462,51.57225,91.3],[-0.13436,51.57239,90.5],[-0.13429,51.57242,90.3],[-0.1342,51.57248,90.1],[-0.13397,51.5726,89.3],[-0.13384,51.57267,88.9],[-0.13379,51.5727,88.8],[-0.13371,51.57274,88.7],[-0.13369,51.57275,88.6],[-0.13356,51.57282,88.5],[-0.13349,51.57286,88.5],[-0.1334,51.5729,88.5],[-0.13311,51.57303,88.4],[-0.13306,51.57305,88.3],[-0.13301,51.57307,88.3],[-0.13292,51.57311,88.2],[-0.13281,51.57314,88.1],[-0.13264,51.57319,88],[-0.13249,51.57323,87.9],[-0.13219,51.57331,87.2],[-0.13189,51.5734,86.3],[-0.13182,51.57343,86.1],[-0.13171,51.57346,85.8],[-0.13139,51.57356,84.6],[-0.1313,51.57359,84.3],[-0.13129,51.57359,84.3],[-0.13121,51.57361,84.1],[-0.13114,51.57362,83.9],[-0.131037,51.57364,83.6],[-0.13099,51.57365,83.4],[-0.13084,51.57367,83],[-0.13075,51.57368,82.8],[-0.13049,51.57372,82.1],[-0.130317,51.57374,81.8],[-0.13019,51.57376,81.5],[-0.13005,51.57378,81.2],[-0.12994,51.57379,80.8],[-0.12981,51.57381,80.2],[-0.12938,51.57386,78.3],[-0.12931,51.57387,78],[-0.12924,51.57388,77.7],[-0.12922,51.57388,77.6],[-0.12914,51.5739,77.2],[-0.12883,51.57396,75.8],[-0.12856,51.574,74.5],[-0.128288,51.57405,73.5],[-0.128067,51.57409,73.1],[-0.12764,51.57417,72.3],[-0.12764,51.57417,72.3],[-0.127539,51.57421,72.2],[-0.127487,51.57423,72.1],[-0.12731,51.57434,71.8],[-0.12725,51.57438,71.8],[-0.12722,51.57439,71.7],[-0.12717,51.5744,71.6],[-0.127097,51.57442,71.5],[-0.127097,51.57442,71.5],[-0.12708,51.57448,71.6],[-0.127039,51.57455,71.5],[-0.12698,51.57466,71.5],[-0.12695,51.57472,71.5],[-0.12694,51.57474,71.5],[-0.12691,51.57478,71.5],[-0.12689,51.57482,71.5],[-0.12681,51.57496,71.5],[-0.126568,51.57541,71.5],[-0.12651,51.57553,71],[-0.12647,51.57559,70.7],[-0.126429,51.57567,70.4],[-0.12639,51.57572,70.1],[-0.126237,51.57595,68.9],[-0.126068,51.57617,67.6],[-0.12606,51.57619,67.4],[-0.126,51.57627,67],[-0.1259,51.57638,66.4],[-0.12581,51.57649,65.9],[-0.12577,51.57654,65.7],[-0.125707,51.5766,65.4],[-0.12556,51.57674,64.7],[-0.12544,51.57687,63.5],[-0.12541,51.5769,63.3],[-0.125319,51.577,62.3],[-0.12525,51.57708,61.5],[-0.12519,51.57715,60.8],[-0.12493,51.5774,58],[-0.12488,51.57745,57.4],[-0.12481,51.57752,56.7],[-0.12469,51.57765,55.8],[-0.12464,51.5777,55.5],[-0.12454,51.5778,54.8],[-0.12443,51.57789,54.3],[-0.12438,51.57794,54],[-0.12433,51.57797,53.8],[-0.1242,51.57809,53.2],[-0.12409,51.57819,52.6],[-0.12406,51.57822,52.4],[-0.12404,51.57824,52.3],[-0.12402,51.57827,52.1],[-0.12398,51.57834,51.8],[-0.12394,51.57841,51.6],[-0.1239,51.57848,51.4],[-0.12387,51.57865,51.2],[-0.12386,51.57868,51.1],[-0.12385,51.57871,51.1],[-0.12385,51.57874,51],[-0.12384,51.57876,51],[-0.12381,51.57893,50.8],[-0.12379,51.57909,50.6],[-0.12379,51.57913,50.5],[-0.12379,51.57918,50.4],[-0.12379,51.57921,50.3],[-0.12378,51.57924,50.3],[-0.12376,51.57933,50.1],[-0.12375,51.57938,50],[-0.12373,51.57942,49.9],[-0.1237,51.57948,49.8],[-0.12367,51.57954,49.7],[-0.12365,51.57958,49.6],[-0.12363,51.57961,49.6],[-0.12356,51.57972,49.4],[-0.1235,51.57979,49.3],[-0.1235,51.57979,49.3],[-0.1234,51.57991,49.1],[-0.12333,51.57999,49],[-0.12325,51.58006,48.8],[-0.12323,51.58008,48.7],[-0.12307,51.58022,48.2],[-0.12302,51.58025,48.1],[-0.12294,51.58032,47.9],[-0.12275,51.58047,47.6],[-0.12238,51.58077,46.9],[-0.12232,51.58082,46.8],[-0.1221,51.58099,46.1],[-0.12207,51.58101,46.1],[-0.12186,51.58118,45.4],[-0.12186,51.5812,45.4],[-0.1217,51.58131,44.9],[-0.12161,51.58137,44.7],[-0.1216,51.58138,44.7],[-0.12154,51.58142,44.5],[-0.12152,51.58143,44.5],[-0.12149,51.58145,44.5],[-0.12148,51.58145,44.5],[-0.12142,51.58149,44.4],[-0.12137,51.58151,44.3],[-0.12128,51.58155,44.2],[-0.12123,51.58158,44.2],[-0.12119,51.5816,44.1],[-0.12105,51.58166,44],[-0.12093,51.58171,43.9],[-0.12085,51.58174,43.9],[-0.12077,51.58177,44],[-0.12073,51.58179,44],[-0.12066,51.58182,44],[-0.1205,51.58188,44.1],[-0.12032,51.58195,44.3],[-0.1203,51.58196,44.3],[-0.12015,51.58202,44.4],[-0.12005,51.58205,44.5],[-0.11999,51.58207,44.5],[-0.11986,51.58212,44.6],[-0.1197,51.58219,44.8],[-0.11947,51.58227,45.2],[-0.11919,51.58238,45.8],[-0.11919,51.58239,45.8],[-0.11919,51.5824,45.8],[-0.11919,51.58241,45.8],[-0.11918,51.58241,45.9],[-0.11918,51.58242,45.9],[-0.11918,51.58243,45.9],[-0.11917,51.58243,45.9],[-0.11916,51.58244,46],[-0.11915,51.58244,46],[-0.11914,51.58244,46],[-0.11914,51.58245,46],[-0.11913,51.58245,46.1],[-0.11912,51.58245,46.1],[-0.11911,51.58245,46.1],[-0.1191,51.58245,46.2],[-0.11909,51.58245,46.2],[-0.11908,51.58245,46.2],[-0.11907,51.58245,46.3],[-0.11906,51.58245,46.3],[-0.11905,51.58245,46.3],[-0.11905,51.58244,46.3],[-0.11904,51.58244,46.4],[-0.11903,51.58244,46.4],[-0.11886,51.5825,47.1],[-0.11884,51.5825,47.2],[-0.11842,51.58266,48.9],[-0.11819,51.58274,49],[-0.11804,51.5828,48.8],[-0.11778,51.5829,48.5],[-0.11767,51.58294,48.4],[-0.11758,51.58297,48.3],[-0.1174,51.58306,48.2],[-0.11731,51.58311,48.2],[-0.11721,51.58316,48.2],[-0.11711,51.58324,48.3],[-0.11708,51.58326,48.3],[-0.11687,51.58343,48.5],[-0.11672,51.58354,48.6],[-0.1166,51.58364,48.7],[-0.1165,51.58373,48.8],[-0.11632,51.58391,49.3],[-0.11626,51.58396,49.4],[-0.11618,51.58404,49.6],[-0.11615,51.58407,49.7],[-0.11614,51.58409,49.8],[-0.11611,51.58411,49.8],[-0.11597,51.58428,50],[-0.1159,51.58437,50],[-0.11585,51.58443,50],[-0.11581,51.58447,50],[-0.11569,51.58464,49.8],[-0.11565,51.58469,49.8],[-0.11561,51.58473,49.7],[-0.11556,51.58478,49.7],[-0.11554,51.58481,49.6],[-0.11553,51.58485,49.6],[-0.11552,51.58488,49.6],[-0.11551,51.58491,49.6],[-0.11547,51.58497,49.6],[-0.11545,51.585,49.5],[-0.11542,51.58506,49.2],[-0.11536,51.58517,48.6],[-0.11534,51.58522,48.4],[-0.11529,51.58533,47.8],[-0.11526,51.58537,47.5],[-0.11524,51.5854,47.4],[-0.11519,51.58548,46.9],[-0.11515,51.58556,46.5],[-0.11494,51.5859,44.7],[-0.11491,51.58596,44.4],[-0.11489,51.58599,44.3],[-0.11485,51.58606,44],[-0.11481,51.58613,43.7],[-0.11471,51.5863,43],[-0.1146,51.5865,42.1],[-0.11457,51.58659,41.8],[-0.11453,51.58664,41.5],[-0.11445,51.58681,40.9],[-0.11445,51.58683,40.8],[-0.11442,51.58689,40.6],[-0.1144,51.58693,40.5],[-0.11438,51.587,40.3],[-0.11438,51.58703,40.2],[-0.11437,51.58706,40.1],[-0.11436,51.58711,39.9],[-0.11437,51.58716,39.8],[-0.11438,51.5872,39.6],[-0.11438,51.58724,39.5],[-0.11439,51.58726,39.5],[-0.11439,51.58727,39.4],[-0.11441,51.58732,39.3],[-0.11442,51.58735,39.2],[-0.11445,51.58741,38.9],[-0.1145,51.58752,38.5],[-0.11452,51.58754,38.3],[-0.11459,51.58766,37.4],[-0.11461,51.5877,37.2],[-0.11461,51.5877,37.2],[-0.11459,51.58774,36.9],[-0.11458,51.58776,36.8],[-0.11457,51.58777,36.7],[-0.11457,51.58778,36.7],[-0.11457,51.5878,36.5],[-0.11456,51.58784,36.3],[-0.11456,51.58784,36.3],[-0.1145,51.58785,36.2],[-0.11433,51.58788,36.2],[-0.11421,51.58789,36.2],[-0.11414,51.5879,36.2],[-0.11407,51.58792,36.1],[-0.11394,51.58796,36],[-0.11382,51.58797,36],[-0.11367,51.58798,36.1],[-0.11354,51.58799,36.2],[-0.11334,51.58801,36.3],[-0.11324,51.58803,35.8],[-0.11321,51.58804,35.7],[-0.11317,51.58805,35.5],[-0.11302,51.5881,34.8],[-0.11282,51.58817,33.8],[-0.11261,51.58824,32.9],[-0.11229,51.58835,31.4],[-0.11197,51.58847,30.2],[-0.11169,51.58859,28.8],[-0.11161,51.58862,28.6],[-0.11152,51.58869,28.2],[-0.11123,51.58878,27.6],[-0.1111,51.58881,27.4],[-0.11106,51.58883,27.3],[-0.11096,51.58885,27.2],[-0.11087,51.58887,27.1],[-0.11067,51.58889,26.7],[-0.11047,51.58892,26.3],[-0.11032,51.58893,26.1],[-0.11013,51.58895,25.7],[-0.11002,51.58896,25.5],[-0.10996,51.58896,25.5],[-0.10978,51.58898,25.4],[-0.10966,51.58899,25.4],[-0.10963,51.589,25.4],[-0.10955,51.58902,25.4],[-0.10943,51.58905,25.3],[-0.10943,51.58905,25.3],[-0.10864,51.58924,24.9],[-0.10849,51.58928,24.9],[-0.10839,51.5893,24.9],[-0.1083,51.58932,24.8],[-0.10824,51.58934,24.8],[-0.10812,51.58937,24.8],[-0.10772,51.58943,24.7],[-0.10706,51.58953,24],[-0.10667,51.58958,23.5],[-0.1062,51.58966,23.4],[-0.10565,51.58975,23.1],[-0.10467,51.58998,22.1],[-0.10416,51.59009,22],[-0.10402,51.59016,22.2],[-0.10387,51.59023,22.4],[-0.1038,51.59027,22.4],[-0.1038,51.59027,22.4],[-0.10375,51.59029,22.5],[-0.10359,51.59037,22.7],[-0.10351,51.59041,22.8],[-0.10342,51.59045,22.9],[-0.10337,51.59049,23],[-0.10333,51.59053,23],[-0.10333,51.59053,23],[-0.10322,51.59043,22.9],[-0.10317,51.59032,22.9],[-0.10311,51.59025,22.8],[-0.10301,51.59016,22.7],[-0.10285,51.59001,23],[-0.10278,51.58994,23.1],[-0.10276,51.58992,23.1],[-0.10271,51.58984,23.3],[-0.10267,51.58978,23.4],[-0.10261,51.58969,23.6],[-0.10254,51.58959,24],[-0.10247,51.58948,24.4],[-0.10221,51.58909,25.5],[-0.1021,51.58892,25.8],[-0.1021,51.58892,25.8],[-0.102,51.58887,25.8],[-0.10198,51.58886,25.8],[-0.10195,51.58884,25.8],[-0.10171,51.58871,26.2],[-0.10154,51.5886,26.5],[-0.10151,51.58858,26.6],[-0.10138,51.58852,26.6],[-0.10136,51.58851,26.6],[-0.10134,51.58849,26.6],[-0.10128,51.58847,26.6],[-0.10125,51.58845,26.6],[-0.10111,51.58839,26.5],[-0.10103,51.58835,26.4],[-0.10096,51.58833,26.3],[-0.10095,51.58832,26.3],[-0.10087,51.58829,26.1],[-0.10064,51.5882,25.6],[-0.10046,51.58814,25.2],[-0.10033,51.58809,25],[-0.09962,51.58785,24.6],[-0.09948,51.5878,24.6],[-0.09929,51.58771,24.7],[-0.09913,51.58765,24.8],[-0.09891,51.58756,24.7],[-0.09885,51.58754,24.6],[-0.09882,51.58752,24.6],[-0.09877,51.58749,24.5],[-0.09866,51.58745,24.3],[-0.09848,51.58738,23.9],[-0.09836,51.58734,23.6],[-0.09829,51.58731,23.5],[-0.09761,51.58707,23],[-0.09749,51.58704,22.9],[-0.09732,51.587,22.8],[-0.09726,51.58699,22.8],[-0.09704,51.58693,22.8],[-0.09704,51.58693,22.8],[-0.09663,51.58683,23],[-0.09639,51.58676,23],[-0.09628,51.58673,23],[-0.09624,51.58672,23],[-0.0962,51.5867,23],[-0.09611,51.58668,23],[-0.09603,51.58666,23],[-0.09602,51.58665,22.9],[-0.09596,51.58664,22.9],[-0.09587,51.58661,22.8],[-0.09563,51.58654,22.5],[-0.09475,51.58623,20.8],[-0.09462,51.58618,20.5],[-0.09457,51.58617,20.4],[-0.09451,51.58615,20.3],[-0.09441,51.58612,20.1],[-0.09434,51.5861,20],[-0.09428,51.58609,20],[-0.09419,51.58608,19.9],[-0.09408,51.58606,19.9],[-0.09401,51.58605,19.9],[-0.09396,51.58605,19.9],[-0.09391,51.58604,19.9],[-0.09385,51.58604,19.9],[-0.09378,51.58604,20],[-0.09373,51.58604,20],[-0.09371,51.58604,20],[-0.09365,51.58604,20.1],[-0.09355,51.58605,20.1],[-0.09309,51.58606,20.3],[-0.09277,51.58607,20.3],[-0.09264,51.58608,20.3],[-0.09252,51.58608,20.3],[-0.09239,51.58608,20.2],[-0.09178,51.58608,19.4],[-0.09103,51.58615,19.4],[-0.09086,51.58617,19.4],[-0.09041,51.58623,19.7],[-0.09017,51.58626,19.9],[-0.08992,51.58629,20],[-0.08966,51.58632,19.8],[-0.08956,51.58633,19.8],[-0.08938,51.58635,19.7],[-0.08938,51.58636,19.7],[-0.08937,51.58636,19.7],[-0.08936,51.58636,19.7],[-0.08936,51.58637,19.7],[-0.08935,51.58637,19.7],[-0.08934,51.58637,19.7],[-0.08933,51.58637,19.7],[-0.08932,51.58637,19.7],[-0.08931,51.58637,19.7],[-0.0893,51.58637,19.7],[-0.08929,51.58637,19.7],[-0.08929,51.58636,19.7],[-0.0891,51.58639,19.7],[-0.08862,51.58646,20.1],[-0.08841,51.58647,20.2],[-0.08832,51.58647,20.3],[-0.08823,51.58646,20.3],[-0.0881,51.58644,20.2],[-0.08769,51.58637,19.9],[-0.08766,51.58637,19.9],[-0.08732,51.58632,19.6],[-0.08712,51.58629,19.4],[-0.08705,51.58628,19.3],[-0.08702,51.58628,19.3],[-0.08699,51.58628,19.3],[-0.08695,51.58628,19.3],[-0.08691,51.58627,19.2],[-0.08683,51.58626,19.1],[-0.08683,51.58627,19.2],[-0.08683,51.58628,19.2],[-0.08682,51.58628,19.2],[-0.08682,51.58629,19.2],[-0.08681,51.58629,19.2],[-0.0868,51.58629,19.2],[-0.0868,51.5863,19.2],[-0.08679,51.5863,19.2],[-0.08678,51.5863,19.2],[-0.08677,51.5863,19.2],[-0.08676,51.5863,19.2],[-0.08675,51.5863,19.2],[-0.08674,51.5863,19.2],[-0.08674,51.58629,19.1],[-0.08673,51.58629,19.1],[-0.08672,51.58629,19.1],[-0.08672,51.58628,19.1],[-0.08671,51.58628,19.1],[-0.08671,51.58627,19.1],[-0.08671,51.58626,19.1],[-0.08671,51.58625,19],[-0.08671,51.58624,19],[-0.08666,51.58623,18.9],[-0.08636,51.58618,18.2],[-0.0862,51.58615,17.9],[-0.086,51.58612,17.4],[-0.08583,51.58608,16.9],[-0.08562,51.58603,16.3],[-0.08557,51.58602,16.1],[-0.0854,51.58598,15.6],[-0.08514,51.58592,14.7],[-0.08513,51.58591,14.7],[-0.08495,51.58587,14.2],[-0.08418,51.58567,14],[-0.08356,51.58552,14.3],[-0.08319,51.58545,14.6],[-0.08309,51.58543,14.6],[-0.08297,51.58541,14.7],[-0.08284,51.58539,14.8],[-0.0827,51.58537,14.9],[-0.08267,51.58536,14.9],[-0.08249,51.58533,15],[-0.08239,51.58532,15.1],[-0.08218,51.5853,15.1],[-0.08196,51.58528,15.2],[-0.08152,51.58525,15.3],[-0.08144,51.58524,15.3],[-0.08123,51.58524,15.3],[-0.08057,51.58523,15.5],[-0.07989,51.58522,16],[-0.07981,51.58522,16],[-0.07968,51.58522,16],[-0.07912,51.58521,15.9],[-0.07896,51.58521,15.8],[-0.07869,51.5852,15.4],[-0.07857,51.5852,15.3],[-0.07847,51.58519,15.2],[-0.0784,51.58519,15.1],[-0.07831,51.58518,15],[-0.07826,51.58517,14.9],[-0.07821,51.58515,14.9],[-0.07807,51.58511,14.7],[-0.07798,51.58509,14.6],[-0.07763,51.58497,14.2],[-0.0775,51.58493,14.1],[-0.07726,51.58485,13.9],[-0.07712,51.5848,13.8],[-0.07613,51.58448,13.6],[-0.07594,51.58442,13.7],[-0.07573,51.58434,13.7],[-0.07555,51.58429,13.5],[-0.07554,51.58429,13.5],[-0.07547,51.58427,13.4],[-0.0754,51.58425,13.4],[-0.07539,51.58424,13.4],[-0.07531,51.58423,13.3],[-0.07523,51.58421,13.2],[-0.07511,51.58419,13.1],[-0.07489,51.58416,13],[-0.07478,51.58414,13],[-0.07435,51.5841,13],[-0.07395,51.58405,12.8],[-0.0735,51.58401,12.5],[-0.07338,51.58399,12.5],[-0.07305,51.58395,12.8],[-0.07278,51.58392,13.1],[-0.07268,51.58391,13.2],[-0.07258,51.58392,13.2],[-0.07254,51.58393,13.2],[-0.07251,51.58393,13.3],[-0.07246,51.58394,13.3],[-0.07243,51.58394,13.4],[-0.0724,51.58395,13.4],[-0.07231,51.58398,13.5],[-0.07219,51.58403,13.5],[-0.07219,51.58403,13.5],[-0.07203,51.58406,13.7],[-0.07189,51.58408,13.8],[-0.07181,51.58408,13.9],[-0.07173,51.58409,14],[-0.07166,51.58409,14.1],[-0.07159,51.58408,14],[-0.07148,51.58407,13.9],[-0.07142,51.58407,13.8],[-0.07128,51.58407,13.7],[-0.07106,51.58406,13.4],[-0.0709,51.58406,13.2],[-0.07065,51.58405,12.7],[-0.07032,51.58405,11.9],[-0.07002,51.58404,11.2],[-0.06985,51.58403,11.3],[-0.06978,51.58405,11.4],[-0.06968,51.58406,11.5],[-0.06956,51.58407,11.6],[-0.06944,51.58408,11.7],[-0.06935,51.5841,11.8],[-0.06924,51.58412,11.9],[-0.06909,51.58415,12.1],[-0.06901,51.58418,12.2],[-0.0689,51.58421,12.4],[-0.06877,51.58424,12.5],[-0.06856,51.58429,12.8],[-0.06841,51.58432,12.9],[-0.06827,51.58436,13],[-0.06817,51.58438,12.9],[-0.06802,51.58441,12.9],[-0.06791,51.58443,12.8],[-0.06788,51.58443,12.8],[-0.0677,51.58446,12.7],[-0.06764,51.58447,12.7],[-0.06751,51.58449,12.6],[-0.06743,51.58451,12.5],[-0.06733,51.58452,12.4],[-0.06722,51.58454,12.2],[-0.06696,51.58459,11.8],[-0.06681,51.58461,11.6],[-0.06662,51.58464,11.4],[-0.06634,51.58468,11.2],[-0.06613,51.58471,11.1],[-0.06595,51.58473,11],[-0.06586,51.58475,11],[-0.06531,51.58479,10.2],[-0.06506,51.58481,9.9],[-0.06496,51.58481,9.8],[-0.06465,51.58484,9.9],[-0.0645,51.58485,9.9],[-0.06439,51.58485,10],[-0.064297,51.58487,10],[-0.06424,51.58488,10],[-0.06419,51.5849,10],[-0.06414,51.58492,10],[-0.0641,51.58494,9.9],[-0.06406,51.58499,9.9],[-0.06404,51.58502,9.8],[-0.06403,51.58506,9.8],[-0.064019,51.58511,9.8],[-0.06397,51.58542,9.8],[-0.06393,51.58564,9.7],[-0.06389,51.58586,9.7],[-0.06388,51.58597,9.8],[-0.06385,51.58612,9.8],[-0.063839,51.5862,9.9],[-0.06383,51.58634,10],[-0.063797,51.58652,10],[-0.06379,51.58664,10.1],[-0.06374,51.58693,9.8],[-0.063728,51.58705,9.7],[-0.06372,51.58714,9.7],[-0.06368,51.58729,9.5],[-0.06365,51.58739,9.4],[-0.063589,51.58765,9.5],[-0.06357,51.58773,9.6],[-0.063478,51.58798,10],[-0.06343,51.58812,10.3],[-0.06332,51.58826,10.8],[-0.06332,51.58826,10.8],[-0.06326,51.58834,11],[-0.06324,51.58836,11],[-0.063187,51.58841,10.9],[-0.06311,51.58847,10.8],[-0.06311,51.58847,10.8],[-0.063048,51.58844,10.9],[-0.06296,51.58839,10.9],[-0.06272,51.5883,10.9],[-0.06252,51.58822,10.9],[-0.06246,51.5882,10.8],[-0.06238,51.58818,10.7],[-0.06234,51.58817,10.7],[-0.06223,51.58815,10.6],[-0.06215,51.58814,10.5],[-0.06208,51.58813,10.5],[-0.06177,51.5881,10.3],[-0.06171,51.5881,10.3],[-0.06138,51.58809,10.3],[-0.06109,51.58809,10.3],[-0.06098,51.58809,10.3],[-0.06071,51.58806,10.4],[-0.06055,51.58804,10.5],[-0.06033,51.58803,10.5],[-0.06012,51.58803,10.5],[-0.05989,51.58802,10.5],[-0.05967,51.58802,10.5],[-0.05946,51.58801,10.5],[-0.05932,51.588,10.6],[-0.05919,51.58797,10.6],[-0.05914,51.58798,10.6],[-0.05902,51.58798,10.8],[-0.05888,51.58798,10.9],[-0.05873,51.58798,11.1],[-0.05871,51.58798,11.1],[-0.05858,51.58798,11.3],[-0.05837,51.58798,11.5],[-0.05805,51.58796,11.2],[-0.05798,51.58795,11.1],[-0.05774,51.58794,10.8],[-0.05744,51.58792,10.4],[-0.05739,51.58792,10.2],[-0.0571,51.58788,10],[-0.05699,51.58787,10],[-0.05682,51.58785,9.9],[-0.05678,51.58784,9.9],[-0.05669,51.58782,9.9],[-0.05663,51.58781,9.8],[-0.05654,51.5878,9.8],[-0.05644,51.58778,9.7],[-0.05643,51.58778,9.7],[-0.05631,51.58776,9.7],[-0.05619,51.58773,9.6],[-0.05605,51.5877,9.6],[-0.05597,51.58768,9.5],[-0.05579,51.58763,9.5],[-0.05553,51.58756,9.3],[-0.05546,51.58754,9.3],[-0.05488,51.5874,9.1],[-0.05458,51.58733,9.2],[-0.05368,51.58712,9.7],[-0.05363,51.5871,9.8],[-0.05355,51.58707,9.9],[-0.05353,51.58706,9.9],[-0.05341,51.58702,9.9],[-0.05321,51.58695,9.9],[-0.05316,51.58693,9.9],[-0.05289,51.58682,9.9],[-0.05285,51.5868,9.9],[-0.05271,51.58674,9.9],[-0.05254,51.58666,10],[-0.05243,51.58661,9.8],[-0.05216,51.58648,9.1],[-0.05208,51.58644,8.9],[-0.05197,51.58639,8.6],[-0.05187,51.58635,8.4],[-0.05185,51.58634,8.3],[-0.05173,51.58629,8],[-0.05169,51.58628,8],[-0.05156,51.58624,8.1],[-0.05143,51.58622,8.3],[-0.05132,51.5862,8.5],[-0.05123,51.58618,8.6],[-0.05115,51.58618,8.7],[-0.0511,51.58617,8.8],[-0.05108,51.58617,8.8],[-0.05099,51.58617,9],[-0.05091,51.58617,9.1],[-0.05082,51.58617,9.2],[-0.05073,51.58617,9.4],[-0.05062,51.58617,9.6],[-0.05032,51.58621,10.1],[-0.04992,51.58625,10.4],[-0.04964,51.58627,10],[-0.04912,51.58633,9.4],[-0.04821,51.58642,9.4],[-0.04796,51.58644,9.3],[-0.04792,51.58644,9.3],[-0.04708,51.58653,8.5],[-0.04687,51.58655,8.1],[-0.04659,51.58658,7.8],[-0.04627,51.58661,7.9],[-0.04609,51.58663,7.9],[-0.04599,51.58664,8],[-0.0456,51.58668,8],[-0.04555,51.58668,8],[-0.04546,51.58669,8],[-0.04546,51.58669,8],[-0.04527,51.5867,8],[-0.04514,51.58671,8],[-0.0451,51.58672,8],[-0.0447,51.58674,8],[-0.04444,51.58677,8],[-0.04403,51.58681,8],[-0.04364,51.58685,8],[-0.04313,51.58691,8.2],[-0.04273,51.58696,8.7],[-0.04257,51.58699,8.9],[-0.04149,51.58712,10.9],[-0.04138,51.58713,11.1],[-0.04118,51.58717,11.4],[-0.04056,51.58722,12.7],[-0.04023,51.58725,13.4],[-0.03995,51.58727,14],[-0.03974,51.58729,14.2],[-0.03941,51.58732,14.6],[-0.03921,51.58734,14.8],[-0.03914,51.58735,14.9],[-0.03881,51.58739,15.7],[-0.03874,51.58739,15.8],[-0.03849,51.58743,16.5],[-0.03825,51.58745,16.9],[-0.03809,51.58746,16.9],[-0.038,51.58747,16.9],[-0.03783,51.58749,17],[-0.03772,51.5875,17],[-0.0375,51.58752,16.9],[-0.03738,51.58753,16.9],[-0.03715,51.58755,16.8],[-0.03691,51.58757,16.8],[-0.03675,51.58759,16.8],[-0.03645,51.58761,16.7],[-0.03625,51.58763,16.7],[-0.03598,51.58766,16.6],[-0.03582,51.58768,16.6],[-0.03528,51.58775,17.1],[-0.03474,51.58782,17.2],[-0.03447,51.58785,17.2],[-0.03425,51.58789,17.1],[-0.03418,51.5879,17],[-0.03403,51.58792,17],[-0.03398,51.58792,17],[-0.0338,51.58796,16.9],[-0.03365,51.58799,16.9],[-0.03352,51.58802,16.9],[-0.03346,51.58803,17],[-0.0334,51.58805,17],[-0.03324,51.5881,17.1],[-0.03314,51.58814,17.2],[-0.03298,51.58819,17.4],[-0.0328,51.58825,17.6],[-0.0323,51.5884,18.5],[-0.03229,51.5884,18.6],[-0.03229,51.5884,18.6],[-0.03126,51.58871,20.5],[-0.03081,51.58884,21],[-0.03061,51.5889,21.4],[-0.03049,51.58895,21.5],[-0.03045,51.58896,21.6],[-0.03041,51.58898,21.6],[-0.03036,51.58901,21.7],[-0.03031,51.58904,21.7],[-0.03022,51.58909,21.8],[-0.03011,51.58914,21.9],[-0.0301,51.58914,21.9],[-0.03001,51.58918,22],[-0.02992,51.58922,22.1],[-0.02989,51.58923,22.2],[-0.02952,51.58937,22.6],[-0.0294,51.5894,22.8],[-0.0293,51.58942,22.9],[-0.02909,51.58948,23],[-0.02899,51.5895,23.1],[-0.02894,51.58952,23.2],[-0.02888,51.58953,23.2],[-0.02881,51.58954,23.3],[-0.02868,51.58957,23.4],[-0.02859,51.58958,23.6],[-0.0285,51.58959,23.7],[-0.02837,51.58961,23.8],[-0.02806,51.58965,23.9],[-0.02794,51.58966,23.9],[-0.02783,51.58968,23.9],[-0.02765,51.5897,24],[-0.02749,51.58973,24],[-0.02738,51.58975,24.1],[-0.02725,51.58977,24.3],[-0.0272,51.58978,24.3],[-0.02702,51.5898,24.6],[-0.02692,51.58982,24.7],[-0.02677,51.58984,25],[-0.02662,51.58985,25.1],[-0.02655,51.58986,24.9],[-0.02647,51.58988,24.7],[-0.0262,51.5899,24.1],[-0.02611,51.58991,23.8],[-0.02596,51.58993,23.5],[-0.0255,51.58998,22.3],[-0.02452,51.59011,20.6],[-0.02357,51.59025,20.6],[-0.02338,51.59028,20.6],[-0.02329,51.59029,20.6],[-0.0232,51.59031,20.5],[-0.02312,51.59033,20.4],[-0.02306,51.59034,20.4],[-0.02298,51.59036,20.3],[-0.0229,51.59038,20.2],[-0.02268,51.59044,19.9],[-0.02245,51.59051,19.5],[-0.02234,51.59054,19.3],[-0.022,51.59062,18.9],[-0.02197,51.59063,18.8],[-0.02188,51.59065,18.7],[-0.02165,51.5907,18.5],[-0.02148,51.59073,18.4],[-0.0214,51.59074,18.4],[-0.02132,51.59075,18.3],[-0.02126,51.59076,18.3],[-0.02117,51.59078,18.2],[-0.02101,51.5908,18.2],[-0.02084,51.59083,18],[-0.0207,51.59084,18.2],[-0.02063,51.59085,18.2],[-0.02056,51.59085,18.3],[-0.02048,51.59085,18.4],[-0.02041,51.59085,18.5],[-0.0204,51.59085,18.5],[-0.02034,51.59085,18.6],[-0.02028,51.59084,18.7],[-0.0202,51.59083,18.8],[-0.02014,51.59083,18.8],[-0.02008,51.59081,19],[-0.02003,51.5908,19.1],[-0.01996,51.5908,19.2],[-0.01977,51.59076,19.4],[-0.01932,51.59064,19.9],[-0.01889,51.59051,20.8],[-0.01847,51.59043,21.4],[-0.01837,51.5904,21.5],[-0.01808,51.59034,22.3],[-0.01736,51.59017,24.5],[-0.01701,51.59011,25.6],[-0.01685,51.59008,26.1],[-0.01666,51.59005,26.7],[-0.016219,51.58997,26.8],[-0.01573,51.58989,27],[-0.01567,51.58988,27.1],[-0.01541,51.58986,26.9],[-0.01528,51.58985,26.8],[-0.01485,51.58986,26.5],[-0.01471,51.5899,26.3],[-0.01428,51.58993,26.5],[-0.01407,51.58994,26.6],[-0.01347,51.58997,27.1],[-0.01331,51.58998,27.2],[-0.01297,51.59001,26.9],[-0.01269,51.59003,26.8],[-0.01238,51.59006,26.7],[-0.01201,51.59009,26.5],[-0.01166,51.59013,26.4],[-0.01155,51.59014,26.4],[-0.01137,51.59017,26.3],[-0.01135,51.59018,26.2],[-0.0111,51.59022,26.1],[-0.01101,51.59023,26.1],[-0.01086,51.59025,26.1],[-0.0102,51.59039,26.7],[-0.00986,51.59046,27.2],[-0.00968,51.5905,27.6],[-0.00933,51.59058,28.2],[-0.00894,51.59069,28.9],[-0.00881,51.59073,29.1],[-0.00872,51.59075,29.3],[-0.00862,51.59079,29.4],[-0.00836,51.59088,29.7],[-0.00823,51.59093,29.4],[-0.00823,51.59093,29.4],[-0.00823,51.59093,29.4],[-0.00795,51.59103,28.8],[-0.0078,51.59108,28.5],[-0.00757,51.59115,28.1],[-0.00729,51.59123,27.8],[-0.00713,51.59126,27.7],[-0.00693,51.5913,27.5],[-0.0068,51.59133,27.4],[-0.00663,51.59137,27.2],[-0.00641,51.59139,27.2],[-0.00616,51.59141,27.3],[-0.00609,51.59142,27.3],[-0.00597,51.59144,27.2],[-0.00592,51.59144,27.3],[-0.00588,51.59145,27.3],[-0.00587,51.59148,27.1],[-0.00586,51.59148,27.1],[-0.00577,51.5915,27],[-0.00566,51.59153,27],[-0.00559,51.59154,27],[-0.00554,51.59155,27],[-0.00539,51.59158,26.9],[-0.0053,51.59159,27],[-0.00511,51.59163,27],[-0.00497,51.59166,27],[-0.00488,51.59169,26.9],[-0.00454,51.59179,26.7],[-0.0044,51.59182,26.6],[-0.00422,51.59187,26.5],[-0.00389,51.59196,26.4],[-0.00362,51.59201,26.4],[-0.00352,51.59203,26.5],[-0.00347,51.59204,26.5],[-0.0034,51.59206,26.5],[-0.00338,51.59206,26.5],[-0.00325,51.5921,26.5],[-0.00305,51.59215,26.6],[-0.00291,51.59218,26.7],[-0.00278,51.5922,26.8],[-0.00274,51.59221,26.8],[-0.00257,51.59224,26.9],[-0.00245,51.59226,27.1],[-0.00199,51.59234,28.1],[-0.00183,51.59236,28.5],[-0.00175,51.59238,28.7],[-0.00171,51.59238,28.8],[-0.00153,51.59243,29.1],[-0.00143,51.59245,29.3],[-0.00138,51.59245,29.4],[-0.00127,51.59247,29.6],[-0.00115,51.59248,29.8],[-0.00112,51.59249,29.9],[-0.00105,51.59249,30],[-0.00085,51.59252,30.4],[-0.00069,51.59254,30.7],[-0.00062,51.59255,30.8],[-0.00055,51.59255,31],[-0.00045,51.59256,31],[-0.00037,51.59257,34],[-0.00036,51.59257,34],[-0.00014,51.59258,34],[0.00003,51.59258,34.4],[0.00006,51.59258,34.5],[0.00021,51.5926,35.1],[0.0003,51.5926,35.4],[0.00042,51.59261,35.8],[0.00047,51.59262,36],[0.00054,51.59262,36.3],[0.0006,51.59263,36.5],[0.00063,51.59263,36.6],[0.00067,51.59264,36.8],[0.00074,51.59264,37],[0.00101,51.59268,38.1],[0.00123,51.5927,38.9],[0.00133,51.59272,39.3],[0.00162,51.59275,40.4],[0.00183,51.59278,41.2],[0.0024,51.59285,43.1],[0.00293,51.59291,45],[0.00348,51.59299,46.9],[0.00379,51.59303,47.5],[0.0038,51.59304,47.6],[0.004028,51.59307,48.1],[0.00449,51.59315,49.3],[0.00474,51.5932,50.1],[0.00475,51.5932,50.1],[0.00492,51.59323,50.6],[0.00512,51.59327,51],[0.00517,51.59328,51.1],[0.00546,51.59333,51.5],[0.00568,51.59337,51.9],[0.00591,51.59342,52.4],[0.00618,51.59348,53.1],[0.00648,51.59353,53.8],[0.00655,51.59354,54],[0.00683,51.59359,54.3],[0.00708,51.59363,54.4],[0.00739,51.59369,54.4],[0.00748,51.59371,54.5],[0.00767,51.59374,54.7],[0.00795,51.59379,55.1],[0.0085,51.59389,55.8],[0.0087,51.59391,56],[0.00912,51.59398,56.5],[0.00956,51.59405,57.2],[0.00967,51.59409,57.4],[0.00979,51.59412,57.6],[0.00988,51.59415,57.8],[0.00997,51.59417,58],[0.01003,51.5942,58],[0.01007,51.59422,58],[0.01012,51.59426,58],[0.01021,51.59435,58],[0.01021,51.59435,58],[0.01025,51.59443,57.9],[0.01028,51.59448,57.8],[0.01035,51.59461,57.7],[0.01036,51.59463,57.6],[0.01036,51.59464,57.6],[0.01038,51.59468,57.6],[0.01041,51.59478,57.4],[0.01041,51.59484,57.3],[0.01039,51.59492,57.1],[0.01037,51.59499,57],[0.01038,51.59504,57],[0.01022,51.59529,57],[0.01007,51.59552,57],[0.01005,51.5956,57.1],[0.01003,51.59564,57.2],[0.01003,51.59568,57.3],[0.01002,51.59572,57.4],[0.01002,51.59575,57.4],[0.01002,51.59578,57.5],[0.01002,51.59581,57.6],[0.01003,51.59584,57.7],[0.01005,51.59587,57.8],[0.01007,51.5959,57.9],[0.01011,51.59594,58],[0.01015,51.59597,58.2],[0.01023,51.59601,58.4],[0.01049,51.59613,59.1],[0.01061,51.59619,59.6],[0.01073,51.59624,59.9],[0.01082,51.59629,60.3],[0.01091,51.59633,60.6],[0.011,51.5964,61.2],[0.01108,51.59644,61.5],[0.01116,51.59648,61.9],[0.01123,51.59652,62.3],[0.01128,51.59656,62.6],[0.01134,51.59662,63.2],[0.01139,51.59668,63.7],[0.0115,51.59681,64.5],[0.0116,51.59705,65.8],[0.01168,51.59722,66.6],[0.01169,51.59724,66.7],[0.01183,51.59751,67.8],[0.01198,51.59779,68.3],[0.01212,51.59805,68.8],[0.01212,51.59805,68.8],[0.01212,51.59805,68.8],[0.01232,51.59845,69],[0.01238,51.59856,68.8],[0.01242,51.59865,68.7],[0.01251,51.5988,68.4],[0.01257,51.5989,68.4],[0.01268,51.5991,68.3],[0.01273,51.59916,68.3],[0.01276,51.59922,68.4],[0.01294,51.59946,68.7],[0.0132,51.59981,69],[0.0133,51.59993,69],[0.01332,51.59995,69],[0.01344,51.60009,68.8],[0.01355,51.60021,68.5],[0.01368,51.60036,68.2],[0.01383,51.60055,67.7],[0.01387,51.60059,67.6],[0.01402,51.60076,67.3],[0.01413,51.60088,67.2],[0.01421,51.60096,67.3],[0.01433,51.6011,67.4],[0.01459,51.60138,67.8],[0.01504,51.60187,67.6],[0.016,51.60296,64.6],[0.01633,51.60334,64.8],[0.01644,51.60346,64.7],[0.01657,51.60361,64.5],[0.01672,51.60377,64.5],[0.01688,51.60394,64.7],[0.01709,51.60418,65],[0.01724,51.60435,64.8],[0.01727,51.60438,64.7],[0.0173,51.60443,64.7],[0.01736,51.60451,64.6],[0.01743,51.60459,64.5],[0.01748,51.60465,64.4],[0.0175,51.60467,64.4],[0.01754,51.6047,64.4],[0.01759,51.60473,64.3],[0.01765,51.6048,64.2],[0.0177,51.60484,64.2],[0.01776,51.60489,64.1],[0.01783,51.60493,64.1],[0.01787,51.60496,64],[0.01796,51.60501,64],[0.01796,51.60501,64],[0.01795,51.60505,63.9],[0.01795,51.60508,63.8],[0.01795,51.60513,63.7],[0.01798,51.60517,63.6],[0.01801,51.6052,63.5],[0.01803,51.60523,63.4],[0.01811,51.60534,63],[0.01816,51.60541,62.7],[0.01825,51.60551,62.3],[0.01849,51.60581,60.9],[0.0187,51.60607,61.5],[0.01878,51.60616,61.9],[0.01885,51.60624,62.1],[0.01891,51.60629,62.3],[0.01898,51.60634,62.5],[0.01901,51.60638,62.7],[0.01906,51.60644,62.9],[0.01914,51.60652,63.3],[0.01923,51.60659,63.6],[0.01928,51.60663,63.7],[0.01937,51.60671,63.9],[0.01937,51.60671,63.9],[0.01943,51.60676,64],[0.01962,51.60692,64.4],[0.01972,51.60707,64.9],[0.01978,51.60714,65.2],[0.01993,51.60732,66.1],[0.01999,51.6074,66.5],[0.02007,51.60749,66.7],[0.02033,51.60779,66.3],[0.02044,51.60788,66.1],[0.02057,51.60804,66],[0.02064,51.60814,66.1],[0.02074,51.60826,66.1],[0.02094,51.60855,65.6],[0.02104,51.60872,65.4],[0.02114,51.60887,65.3],[0.02126,51.60906,65.4],[0.02131,51.60913,65.5],[0.02138,51.60922,65.7],[0.02146,51.60934,65.8],[0.02151,51.60943,65.8],[0.02157,51.60951,65.9],[0.02164,51.60959,66],[0.02194,51.61001,66],[0.02207,51.6102,66.6],[0.0222,51.61035,67],[0.02226,51.61043,67.2],[0.02228,51.61046,67.2],[0.02237,51.61057,67.5],[0.02278,51.61108,68.2],[0.0229,51.61122,68.4],[0.02308,51.61145,69.1],[0.02309,51.61147,69.1],[0.02315,51.61155,69.4],[0.02319,51.61161,69.6],[0.02326,51.61171,70.1],[0.02337,51.61186,70.6],[0.02343,51.61196,70.9],[0.02352,51.6121,71.2],[0.02356,51.61215,71.3],[0.02361,51.61224,71.5],[0.02369,51.61236,71.7],[0.02377,51.61249,71.9],[0.02395,51.61277,71.8],[0.02394,51.61277,71.9],[0.02394,51.61278,71.9],[0.02393,51.61278,71.9],[0.02392,51.61278,71.9],[0.02392,51.61279,71.9],[0.02391,51.61279,72],[0.02391,51.6128,72],[0.02391,51.61281,72],[0.02391,51.61282,72],[0.02391,51.61283,72],[0.02392,51.61283,72],[0.02392,51.61284,72],[0.02393,51.61284,72],[0.02394,51.61284,72],[0.02394,51.61285,72],[0.02395,51.61285,71.9],[0.02396,51.61285,71.9],[0.02397,51.61285,71.9],[0.02398,51.61285,71.9],[0.02399,51.61285,71.8],[0.024,51.61285,71.8],[0.02413,51.61308,71.8],[0.02419,51.61318,71.7],[0.02448,51.61364,72.4],[0.02455,51.61375,72.8],[0.02462,51.61388,73.4],[0.02466,51.61397,73.9],[0.0247,51.61404,74.3],[0.02477,51.61419,75],[0.02478,51.61422,75.1],[0.02483,51.61434,75.3],[0.02485,51.61441,75.3],[0.02489,51.61448,75.4],[0.02488,51.61455,75.5],[0.02497,51.61482,75.8],[0.02508,51.61512,75.7],[0.02518,51.61533,75.3],[0.02524,51.61547,75],[0.02535,51.61573,74.7],[0.02553,51.61615,74.4],[0.02567,51.61647,74.2],[0.02571,51.61656,74.1],[0.02589,51.61691,73.6],[0.02601,51.61713,73],[0.02607,51.61724,72.7],[0.0261,51.61729,72.6],[0.02618,51.61745,72.2],[0.02623,51.61754,71.9],[0.02627,51.61761,71.7],[0.02647,51.61802,70.6],[0.02654,51.61818,70.2],[0.02654,51.61818,70.2],[0.02674,51.6186,70.1],[0.02699,51.619,69.6],[0.02717,51.61932,69.6],[0.0272,51.61938,69.7],[0.02728,51.61954,69.9],[0.02731,51.6196,70],[0.02731,51.61962,70.1],[0.02742,51.61987,70.7],[0.02753,51.62012,71.5],[0.02754,51.62014,71.6],[0.02756,51.62021,72],[0.02757,51.62027,72.2],[0.02763,51.62046,73.1],[0.02766,51.62055,73.6],[0.02768,51.62063,74],[0.02771,51.6207,74.3],[0.0277,51.62079,74.8],[0.02772,51.62084,75],[0.02773,51.62089,75.3],[0.02775,51.62091,75.4],[0.02778,51.62094,75.6],[0.02781,51.62107,76.2],[0.02784,51.62117,76.8],[0.02786,51.62122,77.1],[0.02788,51.62129,77.4],[0.02791,51.62139,78],[0.02792,51.62145,78.3],[0.02796,51.62157,79],[0.02801,51.62175,79.5],[0.02807,51.62197,79.5],[0.02812,51.62213,79.5],[0.0282,51.62242,79.6],[0.02823,51.62251,79.6],[0.02826,51.62264,79.4],[0.0283,51.62275,79.3],[0.02832,51.62283,79.2],[0.02838,51.62304,78.7],[0.02843,51.62323,78.3],[0.02849,51.62343,77.7],[0.02855,51.62364,76.9],[0.02859,51.62378,76.3],[0.02862,51.62387,76],[0.02866,51.62402,75.4],[0.02867,51.62404,75.4],[0.02867,51.62404,75.4],[0.02869,51.62412,75.1],[0.02872,51.62423,74.7],[0.02877,51.62441,74.3],[0.0288,51.62451,74.1],[0.02885,51.62465,73.9],[0.02891,51.62487,73.4],[0.02891,51.62488,73.4],[0.02893,51.62496,73.3],[0.02896,51.62506,73.1],[0.02898,51.62513,73],[0.02902,51.62525,72.9],[0.02908,51.62545,72.6],[0.02915,51.62567,72.3],[0.02918,51.62577,72.2],[0.02927,51.62602,71.5],[0.02938,51.62635,70.4],[0.0294,51.62641,70.3],[0.02959,51.62697,70.2],[0.02974,51.62742,71],[0.02981,51.6276,71.1],[0.02991,51.62791,70.7],[0.02995,51.62804,70.5],[0.03,51.62817,70.4],[0.03006,51.62834,70.3],[0.03008,51.62841,70.2],[0.03017,51.62869,70],[0.0302,51.62877,69.9],[0.03025,51.62892,69.8],[0.03027,51.62898,69.7],[0.03028,51.62902,69.7],[0.03031,51.62912,69.6],[0.03046,51.62953,69.1],[0.03058,51.62989,68.4],[0.03061,51.62998,68.3],[0.03064,51.63007,68.1],[0.03068,51.63018,68],[0.03082,51.63057,67.6],[0.03089,51.63076,67.4],[0.03092,51.63086,67.4],[0.03092,51.63086,67.4],[0.03096,51.63098,67.3],[0.03111,51.6314,67.2],[0.03115,51.63151,67.2],[0.03121,51.63171,67.4],[0.03129,51.63194,68.5],[0.03139,51.63221,69.9],[0.031399,51.63224,70],[0.03145,51.63238,70.6],[0.03155,51.63268,71],[0.03161,51.63286,70.9],[0.03162,51.63292,70.8],[0.03179,51.63336,70.3],[0.031808,51.63342,70.1],[0.031898,51.63368,69.1],[0.03198,51.63394,67.9],[0.032009,51.63402,67.6],[0.03204,51.63409,67.3],[0.032079,51.63422,66.8],[0.03211,51.63432,66.4],[0.03219,51.63455,65.6],[0.032238,51.63468,65.1],[0.0323,51.63488,64.3],[0.0324,51.63516,63.1],[0.03243,51.63526,62.6],[0.03259,51.63574,60.8],[0.03268,51.63599,61],[0.03275,51.63623,61.7],[0.03285,51.6365,62.5],[0.03288,51.63659,62.8],[0.033,51.63696,63.9],[0.03302,51.63701,64.1],[0.03312,51.63732,65.1],[0.0332,51.63754,65.7],[0.03323,51.63766,65.7],[0.03323,51.63766,65.7],[0.03328,51.6378,65.8],[0.03341,51.63827,66],[0.03356,51.63885,64.9],[0.0336,51.63905,64.6],[0.03361,51.63913,64.4],[0.03369,51.63947,65.3],[0.03374,51.63976,66.3],[0.03375,51.63982,66.5],[0.03378,51.64001,67],[0.03379,51.64004,66.9],[0.03385,51.64038,65.6],[0.03391,51.64063,64.6],[0.03392,51.64069,64.3],[0.03399,51.64096,63.3],[0.03402,51.64107,63],[0.03409,51.64126,62.4],[0.03417,51.64154,61.5],[0.03426,51.64182,60.7],[0.0344,51.64217,59.9],[0.03442,51.64224,59.8],[0.03445,51.64232,59.6],[0.03455,51.64258,59],[0.03463,51.64282,57.9],[0.03465,51.64287,57.7],[0.03465,51.64288,57.7],[0.03465,51.64289,57.6],[0.03473,51.64308,56.8],[0.03494,51.64366,54.8],[0.03494,51.64367,54.7],[0.03495,51.6437,54.6],[0.03507,51.644,53.6],[0.03519,51.64428,52.9],[0.0352,51.64431,52.9],[0.03527,51.6445,52.9],[0.03527,51.6445,52.9],[0.03528,51.64455,52.8],[0.03536,51.64476,52.9],[0.03542,51.64492,53],[0.03555,51.64526,53.4],[0.03561,51.64545,53.6],[0.03572,51.64573,53.8],[0.03575,51.64583,53.9],[0.03589,51.6462,55],[0.03596,51.64639,55.5],[0.03603,51.64658,56.1],[0.03607,51.64672,56.4],[0.03614,51.6469,56.7],[0.03617,51.64699,56.9],[0.03618,51.64706,57],[0.03621,51.64715,57.1],[0.03625,51.64727,57.2],[0.03628,51.64734,57.3],[0.03637,51.64753,57.3],[0.03646,51.64777,56.9],[0.03647,51.64782,56.9],[0.03654,51.64801,56.5],[0.03658,51.64808,56.4],[0.03673,51.6485,56.8],[0.03676,51.64857,57.2],[0.0369,51.64896,58.9],[0.03698,51.64916,59.7],[0.03704,51.64935,60.2],[0.03705,51.64938,60.3],[0.0371,51.64953,60.7],[0.03716,51.64968,61.2],[0.03723,51.64989,61.8],[0.03728,51.65001,62.2],[0.03732,51.65013,62.9],[0.03751,51.65065,65.4],[0.03755,51.65075,65.8],[0.03758,51.65084,66.2],[0.0376,51.65088,66.5],[0.0376,51.65089,66.5],[0.03763,51.65095,66.9],[0.03767,51.65106,67.4],[0.03768,51.65107,67.5],[0.03768,51.65107,67.5],[0.03772,51.65118,68.1],[0.03782,51.65148,69.6],[0.03787,51.65161,70.2],[0.03793,51.65177,71.1],[0.03799,51.65192,72.1],[0.03805,51.6521,73.3],[0.03806,51.65211,73.3],[0.03819,51.65247,75.6],[0.03824,51.65261,76.3],[0.03831,51.65281,77.1],[0.03836,51.65295,77.7],[0.03838,51.65301,77.9],[0.03843,51.65313,78.5],[0.03846,51.65321,78.8],[0.0385,51.65334,79.4],[0.03851,51.65337,79.7],[0.03852,51.65339,79.8],[0.03867,51.65381,83],[0.0387,51.65392,83.8],[0.03871,51.65394,83.9],[0.03877,51.65412,85.2],[0.03878,51.65415,85.4],[0.03893,51.65454,86.4],[0.03904,51.65477,86.8],[0.03914,51.65496,87],[0.03923,51.65515,86.6],[0.03924,51.65516,86.5],[0.03924,51.65523,86.3],[0.03925,51.6553,86.1],[0.03928,51.65538,85.9],[0.03931,51.65543,85.7],[0.03928,51.65545,85.7],[0.03926,51.65547,85.7],[0.03924,51.6555,85.7],[0.03923,51.65552,85.6],[0.03922,51.65555,85.6],[0.03922,51.65557,85.5],[0.03922,51.6556,85.4],[0.03923,51.65562,85.4],[0.03923,51.65563,85.4],[0.03924,51.65564,85.3],[0.03925,51.65565,85.3],[0.03925,51.65566,85.2],[0.03926,51.65567,85.2],[0.03927,51.65568,85.1],[0.03928,51.65569,85.1],[0.03929,51.6557,85],[0.03932,51.65572,84.9],[0.03934,51.65573,84.9],[0.03937,51.65575,84.7],[0.0394,51.65576,84.6],[0.03943,51.65577,84.5],[0.03946,51.65577,84.5],[0.0395,51.65578,84.4],[0.03956,51.65578,84.2],[0.03974,51.65589,84],[0.0398,51.65597,84.3],[0.04021,51.6565,86.9],[0.04034,51.65667,88],[0.04041,51.65677,88.9],[0.0406,51.65701,90.9],[0.0406,51.65701,90.9],[0.04065,51.65708,91.5],[0.04071,51.65716,92.1],[0.04078,51.65725,92.9],[0.04086,51.65734,93.7],[0.04093,51.65744,94.6],[0.04121,51.6578,95.3],[0.04128,51.6579,95.2],[0.04135,51.65799,95.1],[0.04143,51.6581,94.9],[0.04172,51.65848,94.2],[0.0422,51.65913,95.2],[0.04267,51.65977,100.4],[0.04314,51.6604,102.1],[0.04316,51.66042,102],[0.04319,51.66047,102],[0.04324,51.66053,101.9],[0.04327,51.66056,101.9],[0.04341,51.66074,101.4],[0.0435,51.66086,101],[0.04364,51.66102,100.5],[0.0439,51.66133,100],[0.04404,51.66149,99.9],[0.04417,51.66165,99.9],[0.04447,51.66199,101.2],[0.04464,51.66218,102],[0.04466,51.6622,102.1],[0.04479,51.66234,102.6],[0.04487,51.66244,103],[0.04495,51.66253,103.4],[0.04495,51.66253,103.4],[0.04505,51.66264,104],[0.04506,51.66265,104.1],[0.0453,51.66293,105.9],[0.04533,51.66297,106.2],[0.04535,51.66298,106.2],[0.04547,51.66312,107],[0.04574,51.66344,108.4],[0.04575,51.66346,108.4],[0.04585,51.66356,108.5],[0.04588,51.6636,108.6],[0.04602,51.66376,108.7],[0.04608,51.66382,108.7],[0.04617,51.66391,108.7],[0.04641,51.66413,108.6],[0.04672,51.66437,107.4],[0.04719,51.6647,106.1],[0.0472,51.66471,106.1],[0.04755,51.66493,105.1],[0.04757,51.66494,105.1],[0.04797,51.6652,104.2],[0.04798,51.6652,104.2],[0.04818,51.66533,103.8],[0.04821,51.66534,103.7],[0.04825,51.66537,103.7],[0.04863,51.66564,103.2],[0.04881,51.66577,103.1],[0.04884,51.66579,103.1],[0.049,51.6659,103.1],[0.04914,51.66599,103.2],[0.05024,51.66674,102.2],[0.0505,51.66693,102.6],[0.0506,51.66699,102.8],[0.05144,51.66757,103.3],[0.05164,51.6677,103],[0.05164,51.6677,103],[0.05174,51.66777,102.8],[0.05208,51.66801,102.1],[0.05255,51.66833,101.9],[0.05264,51.6684,101.7],[0.05276,51.66848,101.5],[0.05293,51.66859,101],[0.0532,51.66878,100.2],[0.0533,51.66885,99.8],[0.0534,51.66891,99.7],[0.05341,51.66893,99.7],[0.05351,51.66899,99.8],[0.05378,51.66918,100.1],[0.05397,51.66932,101],[0.05406,51.66938,101.5],[0.05409,51.6694,101.6],[0.05444,51.66964,103.5],[0.05543,51.67031,108.6],[0.0555,51.67036,108.9],[0.05576,51.67053,110],[0.05593,51.67065,110.9],[0.05612,51.67078,111.9],[0.05669,51.67116,114.8],[0.05699,51.67139,115.3],[0.05726,51.67156,115.7],[0.05746,51.6717,116],[0.05757,51.67177,116],[0.05785,51.67196,116.1],[0.05797,51.67204,116.3],[0.05819,51.67219,116.5],[0.05827,51.67224,116.6],[0.05846,51.67238,116.9],[0.05896,51.67272,117.5],[0.05902,51.67276,117.6],[0.05934,51.67299,118.2],[0.05994,51.6734,119.9],[0.06,51.67344,120],[0.06013,51.67353,120],[0.06021,51.67358,120],[0.06038,51.67369,120],[0.06051,51.67378,120],[0.06064,51.67387,120],[0.06078,51.67397,120],[0.06095,51.67408,120.1],[0.061,51.67411,120.2],[0.06119,51.67424,120.2],[0.06143,51.67439,119.8],[0.06176,51.67462,118.9],[0.0618,51.67464,118.8],[0.06208,51.67483,118.2],[0.06234,51.67498,117.9],[0.06234,51.67498,117.9],[0.06232,51.675,117.8],[0.0623,51.67503,117.7],[0.0623,51.67506,117.7],[0.06229,51.67509,117.6],[0.0623,51.67512,117.5],[0.06231,51.67514,117.5],[0.06233,51.67517,117.5],[0.06237,51.67521,117.4],[0.06241,51.67523,117.4],[0.06245,51.67525,117.4],[0.06249,51.67527,117.3],[0.06254,51.67528,117.3],[0.06259,51.67529,117.3],[0.06264,51.67529,117.4],[0.062687,51.67529,117.4],[0.062728,51.67529,117.4],[0.06279,51.67528,117.4],[0.063297,51.67565,115.9],[0.06365,51.6759,115.9],[0.064227,51.67629,117.7],[0.06447,51.67645,118.3],[0.06463,51.67656,118.6],[0.06478,51.67667,118.7],[0.065,51.67681,119.2],[0.06518,51.67693,119.3],[0.06555,51.67719,119.6],[0.06608,51.67751,120.3],[0.0662,51.6776,120.6],[0.06637,51.67769,120.9],[0.06639,51.6777,120.9],[0.0665,51.67776,121.1],[0.06673,51.67788,121.4],[0.06703,51.67803,121.4],[0.06735,51.67817,121.1],[0.06753,51.67825,121],[0.068,51.67846,120.7],[0.06824,51.67856,120.7],[0.06848,51.67866,120.8],[0.0686,51.67872,120.9],[0.06873,51.67878,121.1],[0.0696,51.67921,122.1],[0.07043,51.67968,123.3],[0.07076,51.67987,123.6],[0.07076,51.67987,123.6],[0.07084,51.67992,123.7],[0.07089,51.67995,123.7],[0.07107,51.68006,123.6],[0.07148,51.6803,123.4],[0.07194,51.68061,124.2],[0.07218,51.68079,124.8],[0.07278,51.68133,124.8],[0.07279,51.68134,124.8],[0.07299,51.68152,124.5],[0.07361,51.68202,123.7],[0.07431,51.68249,124.2],[0.07494,51.68283,124.6],[0.07557,51.68314,124.9],[0.0758,51.68327,125],[0.0761,51.68342,125.1],[0.07646,51.68361,124.9],[0.07662,51.68369,124.7],[0.07722,51.68401,123.6],[0.07728,51.68404,123.5],[0.07745,51.68413,123.1],[0.07768,51.68423,123.1],[0.07888,51.68473,122.4],[0.07916,51.68485,122.4],[0.07937,51.68494,122.4],[0.07984,51.68514,122.4],[0.07985,51.68514,122.4],[0.08008,51.68524,122.2],[0.08009,51.68524,122.2],[0.08032,51.68534,122.2],[0.08039,51.68537,122.1],[0.08055,51.68544,122.1],[0.08056,51.68545,122.1],[0.08059,51.68546,122.1],[0.08079,51.68555,122],[0.08102,51.68566,122],[0.08119,51.68573,122.2],[0.08168,51.68596,121.6],[0.08217,51.68616,119.5],[0.08221,51.68617,119.4],[0.08221,51.68618,119.3],[0.08225,51.68619,119.1],[0.08272,51.68634,117.3],[0.08281,51.68637,116.8],[0.08281,51.68637,116.8],[0.08365,51.68666,114.2],[0.084,51.68677,114.7],[0.08401,51.68677,114.7],[0.08406,51.68678,114.8],[0.0843,51.68687,115.1],[0.08451,51.68694,115.4],[0.08458,51.68697,115.4],[0.08513,51.68718,115.4],[0.08524,51.68722,115.3],[0.08558,51.68735,115.2],[0.08613,51.68757,115.6],[0.08679,51.68784,115.7],[0.08684,51.68786,115.6],[0.08727,51.68804,115],[0.08755,51.68817,114.9],[0.08766,51.68822,115],[0.0877,51.68824,115.1],[0.08817,51.68846,115.7],[0.08825,51.68849,115.8],[0.08863,51.68867,115.1],[0.08881,51.68875,114.8],[0.08909,51.68887,114.4],[0.09005,51.6893,114.4],[0.09021,51.68939,113.9],[0.09031,51.68943,113.7],[0.09069,51.6896,112.9],[0.09094,51.68971,112.5],[0.09123,51.68984,112.2],[0.09123,51.68985,112.2],[0.09132,51.68989,112.1],[0.09156,51.69,111.9],[0.09193,51.69017,111.7],[0.09213,51.69028,111.5],[0.09273,51.69054,111.6],[0.09284,51.69059,111.7],[0.09362,51.69093,111.9],[0.09368,51.69095,111.9],[0.09399,51.69105,112],[0.09571,51.69166,112.9],[0.0959,51.69173,112.9],[0.09605,51.69179,113],[0.09637,51.6919,113.3],[0.09763,51.69233,112.8],[0.09764,51.69233,112.8],[0.0979,51.69242,112.5],[0.0979,51.69242,112.5],[0.09839,51.69259,111.9],[0.09874,51.69271,111.3],[0.09919,51.69286,110.8],[0.10014,51.69321,110.4],[0.10013,51.69321,110.4],[0.10013,51.69322,110.4],[0.10013,51.69323,110.5],[0.10013,51.69324,110.5],[0.10013,51.69325,110.5],[0.10013,51.69326,110.6],[0.10013,51.69327,110.6],[0.10014,51.69327,110.6],[0.10014,51.69328,110.6],[0.10014,51.69329,110.7],[0.10015,51.69329,110.7],[0.10015,51.6933,110.7],[0.10016,51.6933,110.7],[0.10017,51.69331,110.7],[0.10018,51.69331,110.7],[0.10018,51.69332,110.7],[0.10019,51.69332,110.7],[0.1002,51.69332,110.7],[0.10021,51.69332,110.7],[0.10022,51.69332,110.7],[0.10023,51.69332,110.7],[0.10024,51.69332,110.7],[0.10025,51.69332,110.6],[0.10027,51.69332,110.6],[0.10028,51.69331,110.6],[0.10029,51.69331,110.6],[0.1003,51.69331,110.5],[0.10031,51.6933,110.5],[0.10032,51.6933,110.5],[0.10032,51.69329,110.4],[0.10033,51.69329,110.4],[0.10033,51.69328,110.4],[0.10034,51.69328,110.4],[0.10126,51.69359,110.1],[0.10176,51.69377,110.5],[0.10204,51.69388,110.8],[0.10254,51.69409,111.6],[0.10265,51.69414,111.7],[0.10276,51.69419,111.7],[0.10288,51.69425,111.4],[0.10372,51.69474,110.3],[0.1043,51.69509,109.7],[0.10435,51.69512,109.6],[0.10454,51.69521,109.3],[0.10522,51.69554,109],[0.10612,51.69591,108.8],[0.10623,51.69596,108.7],[0.10629,51.69598,108.6],[0.10665,51.69614,108.3],[0.10693,51.69626,108],[0.10711,51.69633,107.8],[0.10744,51.69646,107.5],[0.10778,51.69662,107.4],[0.10806,51.69675,107.6],[0.10829,51.69685,107.7],[0.10836,51.69688,107.8],[0.10851,51.69694,107.7],[0.10858,51.69698,107.7],[0.1088,51.6971,107.8],[0.10894,51.69715,107.8],[0.10904,51.69719,107.9],[0.10911,51.69724,108],[0.10949,51.69745,108.3],[0.10956,51.6975,108.5],[0.10969,51.69758,108.6],[0.11002,51.69781,109.4],[0.11003,51.6979,109.5],[0.11008,51.69795,109.5],[0.11013,51.698,109.6],[0.11013,51.69801,109.6],[0.11013,51.69802,109.6],[0.11014,51.69802,109.6],[0.11014,51.69803,109.6],[0.11014,51.69804,109.6],[0.11015,51.69804,109.6],[0.11015,51.69805,109.7],[0.11016,51.69805,109.7],[0.11017,51.69805,109.7],[0.11017,51.69806,109.7],[0.11018,51.69806,109.7],[0.11019,51.69806,109.7],[0.1102,51.69806,109.7],[0.1102,51.69807,109.7],[0.11021,51.69807,109.7],[0.11022,51.69807,109.7],[0.11032,51.69815,109.8],[0.11055,51.69832,110],[0.11055,51.69833,110],[0.11054,51.69833,110],[0.11054,51.69834,110],[0.11055,51.69834,110],[0.11055,51.69835,110],[0.11056,51.69835,110],[0.11056,51.69836,110],[0.11057,51.69836,110],[0.11058,51.69836,110],[0.11059,51.69836,110],[0.1106,51.69836,110],[0.11061,51.69836,110],[0.11062,51.69836,110],[0.11063,51.69836,110],[0.11073,51.69844,109.9],[0.11107,51.69874,109.4],[0.11124,51.69889,109.2],[0.1116,51.6992,109],[0.11165,51.69925,109],[0.11205,51.69956,109],[0.11205,51.69956,109],[0.11221,51.69969,109],[0.11238,51.69982,109],[0.11248,51.69989,109],[0.11289,51.70019,108.8],[0.11296,51.70024,108.7],[0.11348,51.70061,109],[0.11366,51.70072,109.1],[0.11401,51.70093,108.4],[0.11403,51.70094,108.3],[0.11436,51.70109,107.8],[0.11441,51.70113,107.6],[0.11468,51.70129,107.2],[0.11502,51.70149,106.9],[0.11561,51.70184,105.3],[0.11562,51.70185,105.2],[0.11582,51.70198,104.9],[0.11612,51.70221,104.6],[0.11649,51.70251,104.6],[0.11654,51.70258,105],[0.11689,51.70291,106.9],[0.11735,51.70337,109.7],[0.11743,51.70346,110],[0.11782,51.70389,111.4],[0.11814,51.70425,112.6],[0.11825,51.70435,112.8],[0.11836,51.70445,113],[0.11854,51.70465,113.2],[0.1187,51.70482,113.4],[0.11875,51.70488,113.5],[0.11889,51.70503,113.6],[0.11899,51.70513,113.5],[0.11905,51.70521,113.4],[0.11905,51.70521,113.4],[0.11911,51.7052,113.5],[0.11916,51.70519,113.5],[0.11921,51.70519,113.6],[0.11928,51.70519,113.7],[0.11932,51.7052,113.7],[0.1194,51.70521,113.8],[0.11963,51.70527,113.9],[0.12099,51.70564,116.2],[0.12167,51.70582,118.9],[0.12174,51.70584,118.9],[0.12217,51.70595,118.7],[0.12306,51.70622,117.9],[0.1237,51.7064,117.3],[0.1238,51.70643,117.2],[0.1238,51.70643,117.2],[0.12431,51.70657,116.4],[0.12511,51.70679,115.3],[0.125568,51.70692,115.6],[0.126347,51.70713,116.7],[0.12651,51.70718,117],[0.12692,51.70729,116.9],[0.12752,51.70745,115.8],[0.12817,51.70764,114.4],[0.128288,51.70767,114.1],[0.12895,51.70785,113.3],[0.129317,51.70794,112.6],[0.129957,51.70814,111.1],[0.130207,51.70823,110.7],[0.13059,51.70838,110.2],[0.13095,51.70852,109.3],[0.13147,51.70873,107.5],[0.13177,51.70884,106.8],[0.13238,51.70909,106.2],[0.13245,51.70911,106.1],[0.13325,51.70941,104.5],[0.13398,51.70961,105.5],[0.13532,51.70996,107.5],[0.13558,51.71003,107.7],[0.1356,51.71003,107.7],[0.13568,51.71006,107.8],[0.1372,51.71043,110.1],[0.13747,51.7105,110.4],[0.13749,51.7105,110.4],[0.13779,51.71058,110.8],[0.13835,51.71075,111.2],[0.13851,51.71082,111],[0.13874,51.71092,110.8],[0.13876,51.71093,110.8],[0.13896,51.71101,110.5],[0.13922,51.71113,109.9],[0.13945,51.71123,109.2],[0.13978,51.71137,108.1],[0.13978,51.71137,108.1],[0.14016,51.71154,106.4],[0.14018,51.71155,106.3],[0.1404,51.71165,105.2],[0.14055,51.71172,104.8],[0.1415,51.71213,103.1],[0.14214,51.71236,101.9],[0.14244,51.71245,101.2],[0.14264,51.7125,100.7],[0.14277,51.71253,100.2],[0.14347,51.71262,98.6],[0.14415,51.7127,98.5],[0.14427,51.71272,98.5],[0.14456,51.71275,98.5],[0.14484,51.71278,98.6],[0.14507,51.71281,98.6],[0.14541,51.71284,98.4],[0.14571,51.71288,98.2],[0.1462,51.71291,98],[0.14627,51.71292,98],[0.14677,51.71295,97.8],[0.14753,51.71298,97.7],[0.14828,51.71299,97.8],[0.1483,51.71299,97.8],[0.14859,51.71299,97.5],[0.14903,51.71298,97],[0.14995,51.71292,96.1],[0.15033,51.71289,96.1],[0.15039,51.71288,96.1],[0.15112,51.71284,96.5],[0.15176,51.71283,97.2],[0.15177,51.71283,97.2],[0.15189,51.71283,97.2],[0.1525,51.71285,97.2],[0.15281,51.71287,96.9],[0.15355,51.71291,96.5],[0.15358,51.71291,96.5],[0.15476,51.71296,96.5],[0.15528,51.71296,96.2],[0.15558,51.71295,95.8],[0.1559,51.71291,95.4],[0.15599,51.71289,95.2],[0.15599,51.71289,95.2],[0.15642,51.71278,94.2],[0.15644,51.71278,94.1],[0.15737,51.71266,91.9],[0.15796,51.71258,90.2],[0.15866,51.7125,88.6],[0.15906,51.7125,88.1],[0.15928,51.7125,87.9],[0.15948,51.71251,87.7],[0.15982,51.71255,87.3],[0.16006,51.71258,87.1],[0.16137,51.71276,86],[0.16161,51.7128,85.8],[0.16197,51.71285,85.5],[0.16207,51.71287,85.5],[0.16206,51.71288,85.5],[0.16206,51.71289,85.5],[0.16206,51.7129,85.5],[0.16206,51.71291,85.5],[0.16207,51.71291,85.5],[0.16207,51.71292,85.5],[0.16207,51.71293,85.5],[0.16208,51.71293,85.5],[0.16209,51.71293,85.5],[0.16209,51.71294,85.5],[0.1621,51.71294,85.5],[0.16211,51.71295,85.5],[0.16212,51.71295,85.5],[0.16213,51.71295,85.5],[0.16214,51.71295,85.5],[0.16215,51.71295,85.5],[0.16216,51.71295,85.4],[0.16217,51.71295,85.4],[0.16218,51.71295,85.4],[0.16219,51.71295,85.4],[0.1622,51.71295,85.4],[0.16221,51.71295,85.4],[0.16221,51.71294,85.4],[0.16222,51.71294,85.4],[0.16223,51.71294,85.3],[0.16223,51.71293,85.3],[0.16224,51.71293,85.3],[0.16224,51.71292,85.3],[0.16225,51.71292,85.3],[0.16225,51.71291,85.3],[0.16262,51.71301,84.8],[0.16306,51.71321,83.8],[0.16318,51.71327,83.4],[0.16328,51.71332,83.1],[0.16341,51.71338,83.1],[0.16372,51.71354,83.1],[0.16384,51.7136,83.1],[0.16424,51.7138,82.9],[0.16495,51.71417,82.1],[0.16544,51.71447,82.2],[0.16557,51.71455,82.1],[0.16593,51.71482,81.8],[0.16614,51.71501,81.3],[0.1663,51.71517,80.8],[0.16658,51.71552,80.1],[0.16675,51.71584,80],[0.16683,51.71598,79.8],[0.1669,51.71606,79.7],[0.16696,51.71614,79.6],[0.16705,51.71621,79.5],[0.16723,51.71632,79.4],[0.16747,51.71647,79.2],[0.16748,51.71647,79.2],[0.16764,51.7166,79.2],[0.16768,51.71664,79.2],[0.16777,51.71675,79.3],[0.16786,51.71693,79.4],[0.16786,51.71693,79.4],[0.16794,51.71707,79.5],[0.16809,51.7173,79.7],[0.16816,51.71736,79.8],[0.16828,51.71745,79.9],[0.16832,51.71747,80],[0.16857,51.71755,80.2],[0.16882,51.71761,80.4],[0.16977,51.71786,82],[0.16981,51.71786,82.1],[0.16981,51.71787,82.1],[0.1698,51.71787,82.1],[0.16981,51.71787,82.1],[0.16981,51.71788,82.1],[0.16981,51.71789,82.2],[0.16982,51.71789,82.2],[0.16983,51.71789,82.2],[0.16984,51.71789,82.2],[0.16985,51.71789,82.2],[0.16986,51.71789,82.2],[0.16987,51.71789,82.2],[0.16987,51.71788,82.2],[0.17084,51.71813,83.5],[0.1712,51.71822,83.8],[0.17149,51.7183,84],[0.17222,51.71848,84.9],[0.1735,51.71881,86.8],[0.17366,51.71885,87],[0.17402,51.71894,87.6],[0.1743,51.719,88.1],[0.17479,51.71909,89.4],[0.17505,51.71912,90],[0.17533,51.71915,90.4],[0.17542,51.71916,90.5],[0.17561,51.71918,90.7],[0.17589,51.71924,91.1],[0.17622,51.71933,91.8],[0.17649,51.71944,92.3],[0.17665,51.71951,92.6],[0.17682,51.71961,92.7],[0.17703,51.71977,92.7],[0.17729,51.71998,92.8],[0.17789,51.72048,94.6],[0.17792,51.72051,94.7],[0.17798,51.72055,94.9],[0.17816,51.72071,95.5],[0.17833,51.72085,96],[0.17836,51.72087,96],[0.17856,51.72105,96],[0.17865,51.72114,96],[0.17883,51.72132,96],[0.17907,51.72161,96],[0.17945,51.7221,94.5],[0.17947,51.72212,94.4],[0.17948,51.72214,94.3],[0.1797,51.72242,93.5],[0.17975,51.72248,93.3],[0.17984,51.72261,93.2],[0.17986,51.72262,93.2],[0.17986,51.72262,93.2],[0.18016,51.72296,92.6],[0.18037,51.72315,92.1],[0.18073,51.72343,91.1],[0.18087,51.72355,90.6],[0.180977,51.723672,90.1],[0.181112,51.723751,89.7],[0.181291,51.723899,89],[0.181522,51.723935,88.4],[0.182106,51.72399,87.5],[0.18254,51.724,86.9],[0.18272,51.72399,86.5],[0.182724,51.72399,86.5],[0.18304,51.72399,85.7],[0.18343,51.72399,84.8],[0.18357,51.724,84.4],[0.18386,51.724,83.7],[0.18475,51.72403,81.6],[0.18502,51.72404,81],[0.18522,51.72405,80.8],[0.1856,51.72406,80.4],[0.18589,51.72408,80],[0.18609,51.72408,79.8],[0.18647,51.7241,79.3],[0.1867,51.72411,79.1],[0.18716,51.72413,79.6],[0.18753,51.72414,80.1],[0.18777,51.72414,80.4],[0.18792,51.72415,80.5],[0.18806,51.72415,80.7],[0.18823,51.72415,80.9],[0.18835,51.72415,81],[0.18857,51.72415,81],[0.18863,51.72415,81],[0.18885,51.72413,81.1],[0.18912,51.72411,81.1],[0.18941,51.72408,81.5],[0.18962,51.72407,81.7],[0.18981,51.72407,81.9],[0.18997,51.72408,82.1],[0.19022,51.7241,81.8],[0.19121,51.72419,80.5],[0.19147,51.72421,80.2],[0.19208,51.72425,79.9],[0.19229,51.72426,79.9],[0.19264,51.72428,79.9],[0.19291,51.7243,79.8],[0.19321,51.72433,79.8],[0.19321,51.72433,79.8],[0.19323,51.72433,79.8],[0.1934,51.72435,79.7],[0.19357,51.72438,79.5],[0.19375,51.72441,79.2],[0.19386,51.72444,79],[0.1939,51.72444,79],[0.19404,51.72448,78.8],[0.19413,51.72451,78.6],[0.19418,51.72452,78.6],[0.19435,51.72458,78.2],[0.19451,51.72464,77.8],[0.19492,51.72482,77.1],[0.19523,51.72496,77.3],[0.19534,51.72501,77.4],[0.19553,51.72508,77.5],[0.19558,51.7251,77.5],[0.19567,51.72513,77.5],[0.19583,51.72518,77.6],[0.196,51.72521,77.7],[0.19617,51.72524,77.8],[0.19638,51.72525,78.1],[0.19672,51.72526,78.3],[0.19733,51.72528,77.8],[0.19837,51.72531,77.4],[0.19902,51.72534,77.7],[0.19906,51.72534,77.8],[0.19931,51.72534,77.8],[0.19966,51.72536,77.8],[0.19989,51.72536,77.7],[0.20006,51.72536,77.7],[0.20033,51.72535,77.5],[0.20049,51.72534,77.4],[0.20076,51.72531,77.1],[0.20082,51.7253,77.1],[0.20106,51.72525,76.5],[0.20126,51.7252,76.1],[0.20145,51.72515,75.7],[0.20174,51.72507,75.1],[0.2022,51.72492,73.9],[0.20267,51.72477,72.5],[0.20325,51.72459,70.7],[0.2035,51.72451,70],[0.2035,51.72451,70],[0.20428,51.72426,68.1],[0.20473,51.72411,67.1],[0.20507,51.72398,66],[0.20534,51.72387,64.9],[0.20556,51.72378,64.1],[0.20565,51.72374,63.8],[0.20578,51.72368,63.3],[0.20597,51.72361,62.8],[0.20601,51.72359,62.6],[0.20627,51.72348,61.9],[0.20658,51.72337,61.2],[0.2068,51.72329,60.8],[0.2071,51.72319,60.3],[0.20732,51.72313,60],[0.20739,51.7231,59.9],[0.20775,51.72299,59.2],[0.20784,51.72296,59],[0.20827,51.72283,57.9],[0.20861,51.72271,57.2],[0.20872,51.72267,56.9],[0.20883,51.72263,56.7],[0.20885,51.72261,56.6],[0.20913,51.72248,56.1],[0.20938,51.72235,55.9],[0.20966,51.7222,55.8],[0.20975,51.72215,55.7],[0.20981,51.72212,55.7],[0.20993,51.72206,55.6],[0.21024,51.72192,55.7],[0.21038,51.72187,55.8],[0.21059,51.7218,55.8],[0.21071,51.72177,55.9],[0.21088,51.72172,55.9],[0.21112,51.72166,55.7],[0.21125,51.72163,55.5],[0.21133,51.72161,55.5],[0.21152,51.72157,55.3],[0.21156,51.72156,55.3],[0.21205,51.72144,55.3],[0.21206,51.72144,55.3],[0.21234,51.72137,55.4],[0.21234,51.72137,55.4],[0.21239,51.72136,55.4],[0.21272,51.72128,55.5],[0.21306,51.72121,55.5],[0.21331,51.72116,55.4],[0.21345,51.72114,55.4],[0.21391,51.72109,55.3],[0.21437,51.72105,55.1],[0.2144,51.72105,55.1],[0.21458,51.72104,55],[0.21466,51.72103,54.9],[0.21499,51.72101,54.6],[0.21544,51.72099,53.9],[0.21552,51.72098,53.8],[0.21559,51.72098,53.7],[0.21594,51.72097,53.2],[0.21616,51.72097,52.8],[0.21623,51.72096,52.7],[0.21639,51.72096,52.4],[0.21652,51.72096,52.2],[0.21668,51.72095,52],[0.21681,51.72095,52],[0.21712,51.72094,52],[0.21785,51.72094,52.3],[0.21828,51.72093,52.7],[0.21839,51.72093,52.8],[0.21883,51.72093,52.8],[0.21883,51.72093,52.8],[0.21904,51.72092,52.9],[0.21913,51.72092,52.9],[0.21948,51.72091,53],[0.21974,51.72089,53],[0.22,51.72086,53],[0.2201,51.72084,53],[0.22018,51.72082,53],[0.22032,51.72079,52.8],[0.22044,51.72075,52.7],[0.22056,51.72071,52.6],[0.22077,51.72063,52.3],[0.22152,51.72034,52],[0.22156,51.72033,52.1],[0.22172,51.72027,52],[0.22181,51.72023,52],[0.22206,51.72013,51.9],[0.22216,51.72008,51.8],[0.22231,51.72001,51.8],[0.22243,51.71994,51.9],[0.22255,51.71986,52.1],[0.22267,51.71976,52.2],[0.2228,51.71964,52.4],[0.22298,51.71946,52.6],[0.22304,51.7194,52.6],[0.22315,51.7193,52.8],[0.22321,51.71924,52.9],[0.22329,51.71917,52.9],[0.22331,51.71915,52.9],[0.22343,51.71906,52.6],[0.22352,51.719,52.4],[0.22364,51.71892,52.1],[0.22369,51.71889,52.1],[0.22382,51.71882,51.8],[0.22398,51.71874,51.6],[0.22405,51.71871,51.5],[0.22458,51.71851,51],[0.22478,51.71843,50.9],[0.22499,51.71835,51],[0.22511,51.7183,51],[0.22525,51.71824,51.1],[0.2254,51.71818,51.1],[0.22554,51.71811,51.1],[0.2257,51.71803,51.1],[0.22582,51.71796,51],[0.22596,51.71788,50.8],[0.22607,51.71781,50.5],[0.22621,51.71772,50.2],[0.2264,51.71759,49.7],[0.22661,51.71745,49.2],[0.22678,51.71732,49.4],[0.22688,51.71724,49.6],[0.22696,51.71715,49.8],[0.22703,51.71706,50],[0.22708,51.71699,50.1],[0.22708,51.71698,50.1],[0.22714,51.71687,50.3],[0.22717,51.71678,50.5],[0.2272,51.71667,50.6],[0.22723,51.71657,50.5],[0.22725,51.71645,50.3],[0.22728,51.71628,49.9],[0.2273,51.71614,49.6],[0.22738,51.71578,49],[0.22742,51.71561,49],[0.22747,51.71549,49],[0.22752,51.71539,49],[0.22759,51.7153,48.9],[0.22767,51.71521,48.8],[0.22777,51.71513,48.7],[0.22779,51.71512,48.7],[0.2279,51.71504,48.5],[0.22808,51.71494,48.3],[0.22834,51.71483,48],[0.22847,51.71478,47.9],[0.22872,51.7147,47.7],[0.22883,51.71467,47.6],[0.22898,51.71463,47.6],[0.22901,51.71462,47.6],[0.22956,51.71445,47.2],[0.23054,51.71415,47],[0.23057,51.71414,47],[0.2307,51.71409,47],[0.23093,51.71402,47],[0.2311,51.71395,47],[0.2312,51.71391,47],[0.2313,51.71387,47],[0.23164,51.71369,47],[0.2318,51.7136,46.8],[0.23196,51.71353,46.6],[0.23212,51.71347,46.5],[0.23225,51.71343,46.3],[0.23242,51.71339,46.1],[0.23259,51.71335,45.9],[0.23276,51.71332,45.7],[0.2329,51.7133,45.5],[0.2331,51.71329,45.5],[0.23338,51.71328,45.7],[0.23386,51.71329,45.9],[0.23419,51.7133,46.1],[0.2343,51.7133,46.3],[0.2344,51.7133,46.6],[0.23444,51.7133,46.7],[0.23452,51.7133,46.8],[0.23464,51.71329,47.1],[0.23473,51.71328,47.4],[0.23477,51.71328,47.4],[0.23487,51.71327,47.7],[0.23488,51.71327,47.7],[0.23501,51.71325,48],[0.23513,51.71323,48.3],[0.23536,51.71318,48.9],[0.2357,51.7131,49.7],[0.2358,51.71307,49.9],[0.23588,51.71306,50.1],[0.2361,51.71302,50.6],[0.2363,51.71299,51.1],[0.23635,51.71298,51.2],[0.23645,51.71298,51.5],[0.23659,51.71296,51.8],[0.23692,51.71294,52.6],[0.23716,51.71293,53.2],[0.23779,51.71292,54.9],[0.2386,51.7129,56.9],[0.23889,51.71289,57.4],[0.23962,51.71288,59],[0.24047,51.71286,60.7],[0.24087,51.71285,61.3],[0.24177,51.71283,63.3],[0.24217,51.71282,63.5],[0.24222,51.71282,63.6],[0.24229,51.71282,63.6],[0.24263,51.7128,63.8],[0.24308,51.71277,64.1],[0.24338,51.71275,64.3],[0.24345,51.71274,64.3],[0.24381,51.71271,64.3],[0.2441,51.71268,64.2],[0.24428,51.71266,64.3],[0.24469,51.71275,64.7],[0.24469,51.71275,64.7],[0.2447,51.71276,64.8],[0.24471,51.71278,64.8],[0.24473,51.71279,64.8],[0.24475,51.7128,64.8],[0.24477,51.71281,64.8],[0.24479,51.71282,64.8],[0.24481,51.71283,64.9],[0.24483,51.71284,64.9],[0.24495,51.71303,65],[0.24495,51.71309,65],[0.24495,51.71323,65],[0.24495,51.71342,65.1],[0.24495,51.71352,65.2],[0.24496,51.71383,65.6],[0.245,51.71402,65.8],[0.24505,51.71423,65.9],[0.24511,51.71446,65.9],[0.2452,51.7147,65.9],[0.24523,51.71478,65.9],[0.24524,51.71483,65.9],[0.24527,51.71498,66],[0.24531,51.71508,65.8],[0.24534,51.71516,65.6],[0.24539,51.71527,65.4],[0.24572,51.71566,64.4],[0.24591,51.71589,63.9],[0.24605,51.71613,63.7],[0.24622,51.71639,63.6],[0.24623,51.71641,63.6],[0.24638,51.71662,63.7],[0.24648,51.71674,63.6],[0.24649,51.71675,63.6],[0.24652,51.71678,63.5],[0.24664,51.71689,63.4],[0.24682,51.71702,63],[0.24715,51.71724,62.4],[0.24751,51.71745,62.1],[0.24756,51.71747,62.1],[0.24766,51.71752,62.1],[0.24766,51.71752,62.1],[0.24766,51.71752,62.1],[0.24771,51.71754,62.1],[0.24791,51.71762,62.1],[0.24823,51.71776,62.2],[0.24838,51.71785,62.1],[0.24844,51.71789,62],[0.24848,51.71792,61.9],[0.24882,51.71818,61.3],[0.24923,51.71854,60.8],[0.24946,51.71873,60.5],[0.24967,51.71889,60.3],[0.24969,51.71891,60.3],[0.250139,51.71932,59.8],[0.25034,51.71951,59.6],[0.250529,51.71969,59.4],[0.25063,51.71979,59.2],[0.250699,51.71986,59.2],[0.25084,51.72005,58.9],[0.25091,51.72017,58.4],[0.25095,51.72024,58.2],[0.25099,51.72032,58],[0.251139,51.72064,57.3],[0.25117,51.72072,57.2],[0.25123,51.72087,57],[0.25128,51.72105,57.1],[0.25133,51.72122,57.2],[0.25133,51.72124,57.2],[0.25134,51.72125,57.2],[0.25139,51.72144,57.2],[0.25146,51.72161,57.2],[0.25158,51.72176,57.3],[0.25166,51.72185,57.4],[0.25171,51.72189,57.6],[0.251759,51.72194,57.7],[0.251859,51.72202,57.9],[0.25194,51.7221,58.2],[0.25199,51.72215,58.4],[0.25211,51.72227,58.8],[0.25221,51.72241,59.4],[0.25228,51.72254,59.8],[0.252369,51.72264,60],[0.25249,51.72277,60.3],[0.25254,51.7228,60.4],[0.252589,51.72283,60.5],[0.25272,51.7229,60.7],[0.25274,51.72291,60.8],[0.25282,51.72298,61],[0.25285,51.723,61],[0.25294,51.72306,61.2],[0.25294,51.72307,61.2],[0.25294,51.72308,61.2],[0.25294,51.72309,61.2],[0.25294,51.7231,61.2],[0.25294,51.72311,61.3],[0.25295,51.72311,61.3],[0.25295,51.72312,61.3],[0.25296,51.72313,61.3],[0.252969,51.72314,61.3],[0.252979,51.72315,61.4],[0.25299,51.72315,61.4],[0.253,51.72316,61.4],[0.25301,51.72316,61.4],[0.25302,51.72317,61.4],[0.253029,51.72317,61.4],[0.25304,51.72318,61.5],[0.25305,51.72318,61.5],[0.25306,51.72318,61.5],[0.25307,51.72318,61.5],[0.25308,51.72318,61.5],[0.253089,51.72318,61.5],[0.2531,51.72319,61.5],[0.25311,51.72319,61.6],[0.25313,51.72319,61.6],[0.25321,51.72331,61.8],[0.25322,51.72331,61.8],[0.25327,51.72338,62.1],[0.2533,51.72342,62.3],[0.25341,51.72352,62.7],[0.253479,51.72357,62.9],[0.25363,51.72372,63.4],[0.25372,51.72384,63.8],[0.25385,51.72405,64.6],[0.254029,51.72433,65.4],[0.25422,51.7246,66],[0.25446,51.72491,67.1],[0.25462,51.72513,67.6],[0.25478,51.72529,68],[0.25491,51.72545,68.4],[0.25502,51.72559,68.7],[0.255199,51.72588,69.2],[0.25533,51.72608,69.3],[0.25568,51.7266,69.1],[0.255699,51.72663,69],[0.2559,51.72701,68.2],[0.25617,51.72747,67.4],[0.256249,51.72758,67.6],[0.25634,51.7277,67.8],[0.25654,51.72796,68.4],[0.25688,51.72836,68.5],[0.25722,51.72874,67.8],[0.257469,51.72902,67.8],[0.25754,51.72909,67.9],[0.25776,51.7294,68.4],[0.257969,51.72973,69.1],[0.25813,51.73005,69.8],[0.25824,51.73037,70.3],[0.258249,51.73041,70.4],[0.25827,51.73046,70.5],[0.25834,51.73065,70.8],[0.25837,51.73072,70.8],[0.25844,51.73084,70.9],[0.25857,51.73099,70.4],[0.25874,51.73114,70.1],[0.259,51.73132,70],[0.259249,51.73149,70],[0.259969,51.73182,70.8],[0.260529,51.73206,70.2],[0.260579,51.73208,70.2],[0.26083,51.73218,70],[0.26107,51.73228,69.6],[0.261359,51.73239,69.3],[0.26139,51.7324,69.3],[0.2619,51.73261,68.5],[0.26204,51.73267,68.2],[0.26227,51.73278,67.8],[0.26239,51.73284,67.6],[0.2625,51.73289,67.5],[0.26272,51.73301,67.1],[0.2629,51.73311,66.8],[0.26329,51.73336,66],[0.26343,51.73348,65.4],[0.26365,51.73367,64.4],[0.26383,51.73384,63.6],[0.26384,51.73385,63.5],[0.26406,51.73409,62.4],[0.26424,51.73433,61.6],[0.26445,51.73463,60.8],[0.26461,51.73493,60.5],[0.26467,51.73506,60.5],[0.26477,51.73527,60.6],[0.26483,51.73541,60.7],[0.26488,51.73553,60.8],[0.26496,51.73571,60.9],[0.26498,51.73576,60.9],[0.26504,51.73589,61.2],[0.26507,51.73593,61.3],[0.26517,51.7361,61.8],[0.26527,51.73626,62.2],[0.26529,51.73629,62.3],[0.26544,51.73649,62.8],[0.26567,51.73676,63.2],[0.26568,51.73677,63.2],[0.26579,51.73688,63.1],[0.26587,51.73698,62.9],[0.26596,51.73707,62.7],[0.26597,51.73708,62.7],[0.26603,51.73715,62.5],[0.26622,51.73734,62.1],[0.26639,51.7375,61.7],[0.26643,51.73754,61.5],[0.26658,51.73767,61],[0.26678,51.73781,60.6],[0.26689,51.73788,60.5],[0.26697,51.73793,60.5],[0.26719,51.73805,60.3],[0.26735,51.73815,60.2],[0.26761,51.73828,59.9],[0.26764,51.7383,59.9],[0.26774,51.73834,59.7],[0.26803,51.73848,59],[0.2685,51.73867,58],[0.26882,51.7388,57.3],[0.26895,51.73884,57],[0.26908,51.73888,56.8],[0.26927,51.73893,56.4],[0.26949,51.73899,56],[0.26966,51.73902,55.8],[0.26992,51.73906,55.4],[0.27004,51.73907,55.2],[0.27008,51.73908,55.1],[0.27017,51.73908,55],[0.27043,51.73909,54.7],[0.2707,51.73909,54.3],[0.27098,51.73908,54],[0.2712,51.73907,53.7],[0.27122,51.73907,53.7],[0.27165,51.73906,53.2],[0.27204,51.73908,52.6],[0.2723,51.7391,52.3],[0.27248,51.73913,52],[0.2727,51.73918,51.5],[0.27317,51.73939,50.1],[0.27339,51.7395,49.6],[0.27349,51.73955,49.5],[0.27362,51.73961,49.5],[0.27367,51.73964,49.4],[0.27394,51.73978,49.3],[0.27415,51.73991,49.1],[0.27434,51.74005,49.3],[0.27458,51.74029,49.8],[0.27472,51.74044,50.2],[0.27473,51.74046,50.2],[0.27478,51.74051,50.3],[0.27498,51.74075,50.9],[0.275,51.74078,50.9],[0.27512,51.74093,50.8],[0.27529,51.74117,50.8],[0.27542,51.74142,51.1],[0.27542,51.74143,51.1],[0.27545,51.74148,51.1],[0.27557,51.74172,51.3],[0.27569,51.74194,51.2],[0.27578,51.74209,51.1],[0.27591,51.74229,50.9],[0.27602,51.74242,50.8],[0.27603,51.74243,50.8],[0.27604,51.74244,50.8],[0.27605,51.74246,50.7],[0.27614,51.74258,50.8],[0.27639,51.74287,51.2],[0.27644,51.74292,51.3],[0.27645,51.74293,51.3],[0.27659,51.74309,51.5],[0.27693,51.74347,51.7],[0.27728,51.74386,51.3],[0.27729,51.74388,51.3],[0.27765,51.74428,50.7],[0.27771,51.74435,50.6],[0.27811,51.74486,50.1],[0.27821,51.74507,50.2],[0.27826,51.74523,50.4],[0.27831,51.74536,50.5],[0.27834,51.74563,50.8],[0.27835,51.74583,51],[0.2783,51.74608,51.6],[0.27827,51.74619,51.9],[0.27825,51.74625,52.1],[0.27823,51.74629,52.2],[0.27814,51.7465,52.8],[0.27807,51.74664,53.3],[0.27802,51.74677,53.4],[0.27797,51.74696,53.4],[0.27796,51.7471,53.4],[0.27796,51.74727,53.4],[0.27797,51.74748,53.4],[0.27803,51.74775,53.5],[0.27807,51.74795,53.5],[0.27808,51.74804,53.5],[0.27812,51.74831,53.5],[0.27813,51.74837,53.5],[0.27818,51.74864,53.7],[0.27824,51.74882,53.7],[0.27826,51.74889,53.8],[0.27831,51.74899,53.8],[0.27836,51.74911,54],[0.27845,51.74932,54.8],[0.27846,51.74933,54.9],[0.27849,51.74952,55.6],[0.27852,51.74965,56.1],[0.27854,51.74972,56.3],[0.27854,51.74979,56.6],[0.27855,51.74983,56.7],[0.27856,51.74997,57.2],[0.27855,51.75019,57.9],[0.27855,51.75023,58],[0.27854,51.75037,58.5],[0.27853,51.75051,58.9],[0.27853,51.75055,59.1],[0.27851,51.75077,59.8],[0.27847,51.75094,60.4],[0.27845,51.75102,60.7],[0.27843,51.75108,60.9],[0.27837,51.75124,61.5],[0.27826,51.75143,62.1],[0.27821,51.7515,62.3],[0.27815,51.75157,62.4],[0.27806,51.75166,62.6],[0.27796,51.75174,62.8],[0.27795,51.75174,62.8],[0.27784,51.75182,63],[0.27775,51.75186,63],[0.27772,51.75187,63],[0.27749,51.75197,63.1],[0.27727,51.75205,63.1],[0.27709,51.75212,63.1],[0.27703,51.75216,63.2],[0.27692,51.75222,63.3],[0.27683,51.75229,63.4],[0.27682,51.7523,63.5],[0.2767,51.75241,63.7],[0.27668,51.75244,63.8],[0.27666,51.75248,63.9],[0.27661,51.75259,64.5],[0.27661,51.75262,64.7],[0.27659,51.7527,65.2],[0.2766,51.75279,65.7],[0.2766,51.7528,65.7],[0.27666,51.75306,67.3],[0.27669,51.75315,67.9],[0.27674,51.75333,68.9],[0.27678,51.75346,69],[0.27686,51.75368,69.3],[0.27694,51.75388,69.5],[0.277,51.75403,69.8],[0.27702,51.75407,69.8],[0.27707,51.75426,70.2],[0.27708,51.75438,70.5],[0.27709,51.75449,70.8],[0.27712,51.75473,71.4],[0.27712,51.75474,71.4],[0.27721,51.75546,74],[0.27722,51.7556,74.6],[0.27723,51.75564,74.8],[0.27726,51.75584,75.6],[0.27733,51.75617,75.7],[0.27735,51.75625,75.8],[0.27737,51.75635,75.8],[0.27739,51.75651,76],[0.27741,51.75672,76.1],[0.2774,51.75696,76.1],[0.27734,51.75741,76],[0.27734,51.75743,76],[0.27732,51.75761,76],[0.27729,51.75779,76.1],[0.27728,51.75786,76.1],[0.27724,51.75819,76.3],[0.27722,51.75868,76.9],[0.27721,51.75941,77.2],[0.27721,51.75949,77],[0.2772,51.75976,76.5],[0.2772,51.75978,76.5],[0.27723,51.76005,76.1],[0.27724,51.76012,76.1],[0.27729,51.76046,76.6],[0.27736,51.76076,76.9],[0.27741,51.76096,77],[0.2775,51.76123,77],[0.27759,51.76138,76.9],[0.27767,51.76157,76.8],[0.27774,51.76171,76.6],[0.27778,51.76181,76.3],[0.27782,51.76188,76.1],[0.27803,51.76224,75],[0.27813,51.76239,74.5],[0.27824,51.76255,73.9],[0.27833,51.76272,73.2],[0.27834,51.76273,73.2],[0.2784,51.7629,72.5],[0.27842,51.76295,72.3],[0.27845,51.76307,71.9],[0.27847,51.76316,71.6],[0.27848,51.76325,71.3],[0.27851,51.76345,70.8],[0.27857,51.76379,70.1],[0.2786,51.76397,69.7],[0.27865,51.76422,69.2],[0.27867,51.76432,69.1],[0.27875,51.76468,68.7],[0.27876,51.76471,68.7],[0.27885,51.76507,68.7],[0.27895,51.76535,69.8],[0.27906,51.76556,70.7],[0.27913,51.76565,71.1],[0.2792,51.76571,71.4],[0.27931,51.7658,71.8],[0.27939,51.76585,72],[0.27942,51.76586,72],[0.2795,51.7659,72],[0.27963,51.76595,72.1],[0.27967,51.76597,72.1],[0.2799,51.76603,72],[0.28037,51.76612,71.7],[0.28045,51.76613,71.7],[0.28095,51.76622,71.2],[0.28129,51.7663,70.8],[0.28156,51.76639,70.5],[0.28178,51.76648,70.3],[0.2819,51.76654,70.2],[0.28205,51.76662,70],[0.28207,51.76663,70],[0.28228,51.76675,69.4],[0.2824,51.76685,69],[0.28244,51.7669,68.8],[0.28255,51.76704,68.5],[0.28259,51.76709,68.3],[0.28271,51.76727,68],[0.28284,51.76748,67.6],[0.28285,51.7675,67.6],[0.28298,51.76779,66.7],[0.28318,51.76797,66.1],[0.28338,51.76807,65.6],[0.28343,51.76809,65.5],[0.28354,51.76812,65.3],[0.28374,51.76816,64.9],[0.2841,51.76821,64.4],[0.28426,51.76825,64.1],[0.28453,51.76832,63.6],[0.28483,51.76839,63.5],[0.28514,51.76848,63.7],[0.28532,51.76855,64],[0.28559,51.76865,64.5],[0.28577,51.76879,65.2],[0.28585,51.76886,65.5],[0.28594,51.76894,66],[0.28614,51.76912,67.1],[0.2863,51.7693,67.8],[0.28639,51.76942,68.1],[0.28648,51.76957,68.4],[0.28652,51.76969,68.6],[0.28652,51.76975,68.6],[0.28652,51.76979,68.7],[0.28648,51.7699,68.9],[0.28636,51.77002,69],[0.28623,51.77013,68.9],[0.28614,51.77023,68.9],[0.28603,51.77034,68.9],[0.28596,51.77045,68.9],[0.28593,51.77056,68.9],[0.28591,51.77071,68.9],[0.28592,51.77074,68.9],[0.28595,51.77104,68.4],[0.28597,51.77109,68.2],[0.28602,51.77127,67.7],[0.28605,51.77139,67.4],[0.28622,51.77173,66.4],[0.28632,51.77191,65.8],[0.28637,51.77206,65.4],[0.28652,51.77254,64.1],[0.28657,51.77267,63.7],[0.28663,51.77284,63.2],[0.28667,51.77293,63],[0.28683,51.77334,62],[0.28684,51.77337,62],[0.28684,51.77338,62.1],[0.28697,51.7737,62.4],[0.28702,51.77385,62.6],[0.2871,51.77403,62.8],[0.28716,51.77418,63],[0.28717,51.7742,63.1],[0.28726,51.77437,63.6],[0.28729,51.77444,63.7],[0.28745,51.77471,64.3],[0.28756,51.77485,64.6],[0.28771,51.775,64.7],[0.28788,51.77515,65.3],[0.28809,51.77532,65.8],[0.28848,51.77561,66.8],[0.28869,51.77579,67.4],[0.28878,51.77588,67.6],[0.28879,51.77589,67.6],[0.28895,51.77603,67.9],[0.28903,51.7761,68.1],[0.28911,51.77618,68.3],[0.28922,51.77626,68.5],[0.28929,51.77633,68.7],[0.28942,51.77646,69.2],[0.28944,51.77648,69.3],[0.28955,51.77662,69.8],[0.28965,51.77678,69.9],[0.28972,51.77695,69.8],[0.28977,51.7773,69.4],[0.2898,51.77743,69.3],[0.28981,51.77744,69.3],[0.28982,51.77749,69.2],[0.28983,51.77751,69.2],[0.2899,51.77763,68.8],[0.29,51.77773,68.4],[0.29017,51.77783,68],[0.29073,51.77806,66.8],[0.29082,51.7781,66.6],[0.29102,51.77817,65.9],[0.29133,51.7783,64.9],[0.29143,51.77838,64.6],[0.29148,51.77843,64.4],[0.29152,51.77849,64.4],[0.29156,51.77857,64.3],[0.29156,51.77861,64.3],[0.29159,51.77874,64.2],[0.2916,51.77879,64.2],[0.29163,51.77892,64.1],[0.29165,51.77905,64],[0.29174,51.77932,63.7],[0.29179,51.77948,63.4],[0.29193,51.77983,62.8],[0.29197,51.77998,62.7],[0.29199,51.78002,62.6],[0.29199,51.78003,62.6],[0.29202,51.78015,62.5],[0.29203,51.7802,62.4],[0.29203,51.78021,62.4],[0.29208,51.78056,62.2],[0.2921,51.78066,62.1],[0.29211,51.78092,61.9],[0.29211,51.78098,61.8],[0.29212,51.78121,61.5],[0.29212,51.78128,61.5],[0.29212,51.78136,61.4],[0.29213,51.78141,61.3],[0.29213,51.78145,61.3],[0.29213,51.78146,61.2],[0.29216,51.78156,61.1],[0.29217,51.78159,61.1],[0.2922,51.78166,61],[0.29225,51.78175,60.9],[0.2924,51.78198,60.6],[0.29255,51.7822,60.3],[0.29258,51.78226,60.2],[0.2926,51.7823,60.1],[0.29265,51.78241,59.9],[0.29266,51.78248,59.8],[0.29268,51.78261,59.9],[0.29268,51.78266,60],[0.29268,51.78268,60],[0.29269,51.78284,60.2],[0.29269,51.78289,60.2],[0.2927,51.78315,60.5],[0.29271,51.78318,60.6],[0.29271,51.78333,60.7],[0.29271,51.78338,60.8],[0.29271,51.78356,61],[0.29271,51.7837,61.2],[0.29272,51.78374,61.2],[0.29272,51.78383,61.3],[0.29273,51.78387,61.4],[0.29274,51.7839,61.4],[0.29274,51.78391,61.4],[0.29278,51.78411,61.6],[0.29286,51.78439,61.3],[0.29289,51.78467,60.9],[0.29286,51.78493,60.7],[0.29286,51.78494,60.6],[0.29283,51.78505,60.7],[0.29272,51.78538,61.6],[0.29262,51.78576,62.7],[0.29258,51.78591,63],[0.29257,51.78609,63.2],[0.29257,51.78612,63.3],[0.29258,51.7863,63.5],[0.29259,51.78632,63.5],[0.29262,51.78671,63.9],[0.29262,51.78683,64.1],[0.29263,51.78701,64.4],[0.29265,51.78743,65.1],[0.29267,51.78756,65.2],[0.29275,51.78772,65.1],[0.29276,51.78774,65.1],[0.2929,51.78797,64.9],[0.29296,51.78805,64.8],[0.29299,51.78815,64.7],[0.29301,51.78824,64.5],[0.29302,51.78834,64.4],[0.29303,51.78842,64.1],[0.29303,51.78846,63.9],[0.29301,51.78865,63.2],[0.293,51.78876,62.9],[0.29296,51.78904,61.9],[0.29293,51.78913,61.6],[0.2929,51.78928,61.4],[0.29282,51.78948,61.2],[0.29276,51.78959,61.2],[0.29271,51.78972,61.1],[0.29267,51.78987,61],[0.29266,51.79001,60.8],[0.29266,51.79003,60.9],[0.29266,51.79025,61.4],[0.29269,51.79055,62.1],[0.29269,51.79057,62.1],[0.29273,51.79073,62.5],[0.29276,51.79088,62.7],[0.29285,51.79111,62.9],[0.293,51.79145,63.1],[0.29303,51.79154,63.2],[0.29307,51.79168,63.3],[0.29307,51.79168,63.3],[0.29364,51.79166,63],[0.29382,51.79166,63],[0.29404,51.79167,63],[0.29411,51.79168,63],[0.29441,51.79171,62.7],[0.29468,51.79177,62.3],[0.29512,51.79187,61.6],[0.29547,51.79199,61],[0.29554,51.79201,60.9],[0.29571,51.79209,60.6],[0.29619,51.79229,59.8],[0.29635,51.79238,59.5],[0.29669,51.7925,59],[0.2968,51.79255,59],[0.29729,51.79275,59.2],[0.29744,51.79282,59.4],[0.29761,51.79288,59.6],[0.29777,51.79295,60],[0.29825,51.79316,61.4],[0.29836,51.79322,61.8],[0.29848,51.7933,62.1],[0.29864,51.79344,62.4],[0.2989,51.79369,62.7],[0.29918,51.79394,63],[0.29921,51.79396,63.1],[0.29933,51.79406,63.4],[0.29946,51.79412,63.7],[0.2995,51.79414,63.8],[0.29959,51.79417,64],[0.29972,51.7942,64.3],[0.29982,51.79423,64.5],[0.30025,51.79433,65.4],[0.30084,51.79445,66.7],[0.3011,51.7945,67.4],[0.30151,51.79459,68.5],[0.30154,51.7946,68.6],[0.30197,51.79469,69.2],[0.3021,51.79471,69.4],[0.30232,51.79476,69.7],[0.30253,51.7948,70.1],[0.30279,51.79484,70.6],[0.30294,51.79485,71],[0.30316,51.79485,71.4],[0.30345,51.79485,71.8],[0.30367,51.79487,71.8],[0.30369,51.79487,71.8],[0.304,51.79492,71.9],[0.30415,51.79494,71.9],[0.30431,51.79497,72],[0.30439,51.79499,72],[0.30443,51.795,72],[0.30451,51.79502,72],[0.30454,51.79503,72],[0.30469,51.79508,72],[0.30472,51.79509,72],[0.30485,51.79514,72],[0.30497,51.7952,72],[0.30521,51.79532,72],[0.30541,51.7954,72],[0.30559,51.79545,72],[0.30616,51.79557,72.3],[0.30701,51.79573,72.9],[0.30703,51.79573,72.9],[0.30707,51.79574,72.9],[0.3073,51.79579,72.9],[0.30747,51.79582,73],[0.30752,51.79583,73],[0.30771,51.79587,73],[0.30827,51.796,73],[0.3087,51.79608,73.1],[0.30923,51.79617,73.5],[0.30929,51.79618,73.6],[0.30982,51.79625,74.3],[0.31021,51.79629,74.5],[0.31026,51.79629,74.5],[0.31047,51.79629,74.5],[0.31095,51.79624,74.6],[0.31098,51.79623,74.7],[0.31113,51.79618,74.8],[0.31113,51.79618,74.8],[0.31114,51.79619,74.8],[0.31116,51.79619,74.8],[0.31118,51.7962,74.9],[0.31119,51.7962,74.9],[0.3112,51.7962,74.9],[0.31122,51.7962,74.9],[0.31123,51.79619,74.9],[0.31124,51.79619,74.9],[0.31124,51.79618,74.9],[0.31125,51.79618,74.9],[0.31125,51.79617,74.9],[0.31125,51.79616,74.9],[0.31125,51.79615,74.9],[0.31125,51.79614,74.9],[0.31124,51.79614,74.9],[0.31123,51.79613,74.8],[0.31122,51.79613,74.8],[0.3113,51.79607,74.8],[0.31137,51.79602,74.9],[0.31137,51.79593,74.8],[0.31137,51.79573,74.6],[0.31138,51.79536,74.3],[0.31138,51.7951,74.1],[0.31139,51.79501,74],[0.3114,51.79488,74],[0.31145,51.79447,73.8],[0.31145,51.79445,73.8],[0.31146,51.79437,73.8],[0.31146,51.79435,73.8],[0.31154,51.79409,73.9],[0.31159,51.79393,74.2],[0.3117,51.79356,74.7],[0.31178,51.79329,75],[0.3118,51.79323,75],[0.31191,51.79268,75.2],[0.31197,51.79239,75.4],[0.31201,51.79225,75.4],[0.31213,51.79199,75.6],[0.31214,51.79197,75.6],[0.31238,51.79164,75.9],[0.31243,51.79158,75.9],[0.31282,51.79114,76.4],[0.31293,51.79105,76.5],[0.31308,51.79093,76.7],[0.31324,51.79083,76.9],[0.31347,51.79069,76.8],[0.31376,51.79053,76.6],[0.31384,51.79049,76.5],[0.31398,51.79041,76.4],[0.31415,51.79032,76.1],[0.31455,51.79009,75.8],[0.31463,51.79002,75.6],[0.31479,51.7899,75.4],[0.31481,51.78988,75.4],[0.31483,51.78986,75.4],[0.31493,51.78976,75.1],[0.3151,51.78955,74.3],[0.31529,51.78925,73.3],[0.31529,51.78924,73.2],[0.3154,51.78908,73],[0.31554,51.78889,73],[0.31572,51.78859,73],[0.31591,51.78826,72.7],[0.31592,51.78824,72.7],[0.31593,51.78822,72.6],[0.31597,51.78809,72.3],[0.31598,51.78784,71.8],[0.31601,51.78725,71.3],[0.31601,51.78724,71.3],[0.31605,51.78707,71.4],[0.31608,51.78699,71.5],[0.31611,51.78693,71.6],[0.31615,51.78681,71.7],[0.31619,51.78671,71.8],[0.31624,51.78658,72.2],[0.31624,51.78644,72.5],[0.31619,51.78621,73],[0.31612,51.78611,73],[0.31603,51.78598,73.1],[0.31595,51.78585,73.2],[0.31586,51.78567,72.7],[0.31583,51.78561,72.5],[0.31582,51.7856,72.4],[0.31581,51.78556,72.3],[0.31577,51.78543,72],[0.31575,51.78535,71.7],[0.31573,51.78525,71.5],[0.31567,51.78495,70.7],[0.31563,51.78475,70.1],[0.31559,51.78454,69.4],[0.31558,51.78453,69.4],[0.31557,51.78446,69.2],[0.31556,51.78433,68.8],[0.31554,51.78418,68.3],[0.31554,51.78415,68.2],[0.31553,51.78397,67.7],[0.31557,51.78376,67.2],[0.31559,51.78364,67],[0.3156,51.78362,66.9],[0.31564,51.7835,66.8],[0.31566,51.78346,66.7],[0.31572,51.78338,66.7],[0.31578,51.78331,66.7],[0.31581,51.78328,66.7],[0.31584,51.78324,66.6],[0.3159,51.7832,66.6],[0.31601,51.78316,66.7],[0.31626,51.78308,67],[0.31674,51.78292,67],[0.31677,51.78291,67],[0.31754,51.7827,65.5],[0.31774,51.78265,65.3],[0.31795,51.7826,65.1],[0.31839,51.78249,65],[0.31906,51.78234,64.6],[0.3195,51.78222,64.3],[0.31967,51.78215,64.2],[0.31971,51.78213,64.1],[0.31975,51.78211,64.1],[0.32017,51.78191,63.7],[0.32062,51.78168,63.8],[0.32085,51.78157,63.8],[0.32086,51.78156,63.8],[0.32115,51.78137,63.7],[0.32132,51.78122,63.5],[0.32137,51.78114,63.4],[0.3215,51.78098,63.2],[0.32181,51.78059,63.2],[0.32183,51.78056,63.3],[0.32202,51.78038,63.4],[0.32221,51.78029,63.5],[0.32241,51.78021,63.4],[0.32289,51.7801,63.8],[0.32325,51.78003,64],[0.32341,51.78,64.1],[0.32387,51.77994,64.7],[0.32477,51.77987,65.7],[0.32544,51.77981,66.6],[0.32569,51.77977,66.9],[0.32575,51.77976,67],[0.32591,51.77974,67.3],[0.32597,51.77973,67.4],[0.3266,51.7796,68.4],[0.3268,51.77956,68.6],[0.32685,51.77954,68.6],[0.32707,51.77949,68.8],[0.32715,51.77947,68.9],[0.32717,51.77947,69],[0.32772,51.77929,70],[0.32834,51.77905,71.6],[0.32869,51.77889,70.4],[0.32884,51.77881,70],[0.32904,51.7787,69.6],[0.32994,51.77825,69.1],[0.33035,51.77804,69.4],[0.33052,51.77796,69.4],[0.33173,51.77739,70.2],[0.33178,51.77737,70.2],[0.33267,51.77696,70.1],[0.33358,51.77654,70.2],[0.33388,51.77641,70.3],[0.33456,51.77612,70.8],[0.33506,51.77593,71.6],[0.33528,51.77584,71.6],[0.33559,51.77575,71.3],[0.3357,51.77572,71.1],[0.33588,51.77567,71],[0.33612,51.7756,70.8],[0.33658,51.77546,70.5],[0.33705,51.77526,70.5],[0.338,51.77489,70.4],[0.33845,51.77472,70.3],[0.33938,51.77443,70.5],[0.3394,51.77442,70.5],[0.33951,51.77439,70.4],[0.34,51.77424,70],[0.34045,51.77412,69.9],[0.34088,51.77403,69.6],[0.34112,51.774,69.3],[0.34132,51.77398,69.1],[0.34167,51.77398,68.8],[0.34195,51.77398,69],[0.34217,51.77399,69.3],[0.34233,51.774,69.4],[0.34244,51.774,69.5],[0.34246,51.774,69.6],[0.34302,51.77402,70.1],[0.3439,51.77404,69.2],[0.34408,51.77403,68.8],[0.3442,51.77403,68.6],[0.34428,51.77402,68.4],[0.34438,51.774,68.1],[0.34446,51.77398,67.9],[0.34484,51.77387,67],[0.34487,51.77387,66.9],[0.34526,51.77371,66.3],[0.3458,51.77346,66],[0.34614,51.7733,65.6],[0.34645,51.77321,65.2],[0.34654,51.7732,65.1],[0.34683,51.77317,64.8],[0.3469,51.77317,64.8],[0.34743,51.77313,64.3],[0.34787,51.77308,63.9],[0.34799,51.77306,63.7],[0.34835,51.77298,63.4],[0.34879,51.77289,63.2],[0.34916,51.77286,63],[0.34965,51.77286,62.1],[0.35014,51.77289,61.5],[0.35057,51.77291,61.5],[0.35138,51.77294,61.9],[0.35173,51.77294,62.1],[0.35196,51.77292,62.2],[0.35234,51.77289,62.3],[0.35246,51.77288,62.3],[0.35271,51.77286,62.7],[0.35299,51.77282,63],[0.35318,51.7728,63.2],[0.35331,51.77277,63.3],[0.35332,51.77277,63.3],[0.35347,51.77274,62.9],[0.35365,51.77269,62.4],[0.35379,51.77263,62],[0.35393,51.77257,61.6],[0.35407,51.7725,61.1],[0.35433,51.77235,60.5],[0.3546,51.77219,60.1],[0.35512,51.77189,60.1],[0.35534,51.77177,60.4],[0.35544,51.77171,60.5],[0.35568,51.77158,60.7],[0.35615,51.77129,61.3],[0.35636,51.77113,61.6],[0.35642,51.77109,61.7],[0.35671,51.77089,62.1],[0.35714,51.77057,61.4],[0.3573,51.77045,61.1],[0.35738,51.77037,60.9],[0.35776,51.77009,60.5],[0.35806,51.76988,60.3],[0.35826,51.76974,60.3],[0.35856,51.76957,60],[0.35877,51.76945,59.7],[0.35928,51.7692,59.2],[0.35968,51.76904,58.9],[0.35976,51.76901,58.8],[0.36008,51.76888,58.3],[0.36018,51.76886,58.2],[0.36044,51.76878,57.9],[0.36078,51.76867,57.6],[0.36097,51.76863,57.5],[0.36159,51.76849,57.3],[0.3626,51.76828,58.1],[0.36343,51.76809,59.1],[0.36368,51.76802,58.9],[0.36384,51.76798,58.7],[0.36416,51.76786,58.3],[0.36462,51.76767,58],[0.36492,51.76753,58],[0.36516,51.76742,58.1],[0.36536,51.7673,58.1],[0.36557,51.76718,58.1],[0.36569,51.76711,58.1],[0.36616,51.76678,57.7],[0.3664,51.76659,57.3],[0.36656,51.76645,57.1],[0.36692,51.76611,57],[0.3674,51.76569,56.5],[0.36767,51.7655,55.8],[0.36775,51.76545,55.6],[0.36791,51.76535,55.3],[0.36801,51.76529,55.2],[0.3684,51.76509,55.2],[0.36882,51.7649,55.5],[0.36886,51.76489,55.6],[0.3695,51.76468,56.6],[0.36986,51.76458,57.3],[0.37031,51.76449,57.6],[0.37089,51.7644,57.7],[0.37093,51.76439,57.7],[0.37189,51.76424,57.1],[0.37333,51.76402,57.6],[0.37399,51.76391,57.4],[0.37418,51.76388,57.3],[0.37427,51.76387,57.3],[0.37502,51.76375,57],[0.37563,51.76364,56.7],[0.37671,51.76341,57.1],[0.37675,51.7634,57.1],[0.37782,51.76315,56.7],[0.37808,51.76308,56.8],[0.37828,51.76303,56.8],[0.3787,51.76291,56.5],[0.37968,51.76262,55.9],[0.38031,51.76242,55.1],[0.3811,51.76218,53.1],[0.3812,51.76215,52.9],[0.38121,51.76215,52.9],[0.38168,51.76203,52],[0.382,51.76194,51.6],[0.38201,51.76194,51.6],[0.38248,51.76182,51],[0.38281,51.76174,50.3],[0.38319,51.76164,49.2],[0.38335,51.7616,48.7],[0.38361,51.76153,48.2],[0.38382,51.76147,47.7],[0.38388,51.76146,47.6],[0.38403,51.76142,47.3],[0.38426,51.76133,46.6],[0.38439,51.76128,46.2],[0.3844,51.76128,46.2],[0.38456,51.76119,45.6],[0.38475,51.76109,45],[0.38477,51.76107,44.9],[0.385,51.76089,44.1],[0.38524,51.76062,43.8],[0.38531,51.76049,43.5],[0.38533,51.76045,43.5],[0.3854,51.76032,43.2],[0.38552,51.76007,42.8],[0.38566,51.75977,42.2],[0.38582,51.75952,41.8],[0.38587,51.75947,41.8],[0.38602,51.75932,41.6],[0.38603,51.75931,41.6],[0.38606,51.75928,41.5],[0.38638,51.75901,41.3],[0.38674,51.75875,41],[0.38693,51.75862,40.9],[0.38695,51.7586,40.9],[0.38698,51.75858,40.9],[0.38712,51.75848,40.8],[0.38717,51.75845,40.8],[0.3875,51.75821,41],[0.38754,51.75818,41.1],[0.38766,51.75807,41.3],[0.38767,51.75807,41.3],[0.38773,51.75801,41.4],[0.3878,51.75792,41.5],[0.38786,51.75782,41.7],[0.38799,51.75755,42.1],[0.38822,51.75705,41.7],[0.38826,51.75694,41.5],[0.38838,51.7566,41.1],[0.3884,51.7565,41.2],[0.38842,51.75641,41.2],[0.3885,51.75609,41.4],[0.38859,51.75575,41.5],[0.38859,51.75574,41.5],[0.38868,51.75534,41.2],[0.38877,51.75494,40.9],[0.3888,51.75483,40.7],[0.38893,51.75436,39.9],[0.38893,51.75434,39.8],[0.38905,51.75399,39.5],[0.38927,51.75366,39.6],[0.3893,51.75361,39.5],[0.38961,51.75328,39.4],[0.38973,51.75318,39.3],[0.38984,51.7531,39.2],[0.39002,51.753,39.2],[0.39026,51.75287,38.9],[0.39027,51.75286,38.9],[0.39044,51.75279,38.7],[0.39072,51.75268,38.4],[0.39146,51.75246,38.7],[0.39161,51.75243,38.8],[0.39182,51.75239,38.8],[0.39201,51.75235,38.7],[0.39247,51.75226,38.4],[0.39252,51.75225,38.4],[0.39327,51.75209,37.6],[0.39357,51.75201,37.2],[0.39358,51.75201,37.2],[0.3938,51.75195,37],[0.39471,51.75166,36.6],[0.39507,51.75152,36.7],[0.39512,51.7515,36.7],[0.3953,51.75143,36.7],[0.39595,51.75114,36.2],[0.39613,51.75104,36.1],[0.39675,51.75068,35.7],[0.39679,51.75066,35.6],[0.39752,51.75018,35.2],[0.39801,51.74985,35.5],[0.39836,51.74962,35.5],[0.39836,51.74962,35.5],[0.39838,51.74968,35.6],[0.39839,51.74971,35.7],[0.39841,51.74974,35.7],[0.39843,51.74977,35.7],[0.39841,51.74974,35.7],[0.39839,51.74971,35.7],[0.39838,51.74968,35.6],[0.39836,51.74962,35.5],[0.39836,51.74962,35.5],[0.39876,51.74943,35.3],[0.39914,51.74928,35.1],[0.39924,51.74925,35.1],[0.39951,51.74916,35],[0.40001,51.74905,34.9],[0.40049,51.74898,34.8],[0.4009,51.74894,34.8],[0.40094,51.74893,34.8],[0.4015,51.74886,35.1],[0.40197,51.74878,35.1],[0.40203,51.74877,35],[0.40224,51.74872,34.9],[0.40235,51.74869,34.9],[0.40246,51.74866,34.8],[0.40261,51.74861,34.7],[0.40291,51.74851,34.5],[0.40312,51.74842,34.3],[0.40322,51.74837,34.1],[0.40347,51.74824,33.9],[0.40351,51.74822,33.9],[0.4037,51.74812,33.7],[0.40387,51.74803,33.6],[0.40414,51.74783,33.4],[0.40455,51.74748,33],[0.40522,51.74691,33.8],[0.4057,51.74654,33.8],[0.40586,51.74644,33.7],[0.40613,51.74626,33.7],[0.40646,51.74604,33.8],[0.40649,51.74602,33.8],[0.40702,51.7457,33.9],[0.40706,51.74568,33.9],[0.40782,51.74529,34.4],[0.40784,51.74528,34.4],[0.40791,51.74525,34.5],[0.40869,51.74492,34.9],[0.40879,51.74486,34.8],[0.40953,51.74455,34.9],[0.41061,51.74408,34.8],[0.41132,51.74378,33.8],[0.41193,51.74355,33],[0.41221,51.74346,33],[0.41271,51.7433,33.2],[0.41313,51.74316,33.5],[0.41383,51.74294,34.1],[0.41416,51.74286,34.4],[0.41479,51.74272,35],[0.41545,51.74262,35.1],[0.41571,51.7426,35.1],[0.41611,51.74257,35.1],[0.41665,51.74254,35],[0.41757,51.74255,35],[0.41879,51.74258,34.2],[0.4189,51.74258,34.2],[0.41919,51.74259,34.2],[0.4196,51.7426,34.2],[0.42045,51.7426,34.1],[0.42106,51.74257,34.1],[0.42159,51.74252,34],[0.4217,51.74251,34],[0.42186,51.74249,33.8],[0.4224,51.7424,33],[0.42257,51.74238,32.8],[0.42288,51.7423,32.3],[0.42302,51.74227,32.1],[0.42355,51.74212,31.4],[0.42365,51.74209,31.3],[0.42436,51.74192,30.9],[0.42442,51.74191,30.8],[0.42497,51.74181,30.7],[0.42538,51.74176,30.8],[0.42585,51.74172,31],[0.42605,51.74171,31.2],[0.42672,51.74169,32.1],[0.42719,51.74168,32.6],[0.42805,51.74169,34.3],[0.42864,51.74171,35.3],[0.42892,51.74171,35.7],[0.4294,51.74172,36.2],[0.4297,51.74171,36.6],[0.42991,51.74168,36.9],[0.43007,51.74166,36.9],[0.4303,51.74165,36.6],[0.4303,51.74165,36.6],[0.4303,51.74166,36.6],[0.43031,51.74166,36.6],[0.43031,51.74167,36.6],[0.43032,51.74168,36.6],[0.43032,51.74169,36.6],[0.43033,51.74169,36.6],[0.43034,51.7417,36.6],[0.43035,51.7417,36.6],[0.43036,51.74171,36.5],[0.43037,51.74171,36.5],[0.43038,51.74171,36.5],[0.43039,51.74171,36.5],[0.43039,51.74172,36.5],[0.4304,51.74172,36.5],[0.43041,51.74172,36.5],[0.43042,51.74172,36.5],[0.43043,51.74172,36.5],[0.43044,51.74171,36.4],[0.43045,51.74171,36.4],[0.43046,51.74171,36.4],[0.43047,51.74171,36.4],[0.43048,51.7417,36.4],[0.43049,51.7417,36.4],[0.43049,51.74169,36.4],[0.4305,51.74169,36.4],[0.43051,51.74168,36.4],[0.43051,51.74167,36.4],[0.43052,51.74167,36.4],[0.43052,51.74166,36.4],[0.43053,51.74166,36.3],[0.43053,51.74165,36.3],[0.43053,51.74164,36.3],[0.43053,51.74163,36.2],[0.43052,51.74162,36.2],[0.43052,51.74161,36.2],[0.43051,51.74161,36.2],[0.43051,51.7416,36.2],[0.4305,51.7416,36.2],[0.4305,51.74159,36.1],[0.43049,51.74159,36.2],[0.43048,51.74159,36.2],[0.43048,51.74158,36.1],[0.43047,51.74158,36.1],[0.43046,51.74158,36.1],[0.43045,51.74157,36.1],[0.43044,51.74157,36.1],[0.43043,51.74157,36.1],[0.43042,51.74157,36.1],[0.43041,51.74157,36.2],[0.43037,51.74147,35.8],[0.43034,51.74142,35.6],[0.43028,51.74127,35.1],[0.43027,51.74115,34.6],[0.43026,51.741,34],[0.43026,51.74066,33],[0.43022,51.7402,31.9],[0.4302,51.74008,31.6],[0.43017,51.73978,30.9],[0.43017,51.73972,30.7],[0.43016,51.73967,30.6],[0.43012,51.73942,29.9],[0.43012,51.73937,29.8],[0.4301,51.73923,29.8],[0.43009,51.7392,29.8],[0.43009,51.73919,29.8],[0.43007,51.73908,29.8],[0.43007,51.73906,29.8],[0.43006,51.73902,29.8],[0.43003,51.73888,29.8],[0.43003,51.73887,29.8],[0.43003,51.73887,29.8],[0.43003,51.73887,29.8],[0.43002,51.7388,29.8],[0.42996,51.73848,29.9],[0.42996,51.73847,29.9],[0.42997,51.73836,30],[0.42998,51.73823,30.1],[0.43002,51.73806,30],[0.43006,51.73782,30],[0.43005,51.73768,30],[0.43001,51.73749,30],[0.42994,51.73731,30],[0.42982,51.73704,30.1],[0.42967,51.73681,30.4],[0.4295,51.73655,30.9],[0.42943,51.73647,31.2],[0.42941,51.73645,31.3],[0.42929,51.73631,31.7],[0.42916,51.73616,32],[0.42908,51.73606,32.1],[0.42904,51.73603,32.2],[0.42886,51.73583,32.4],[0.42865,51.73561,32.6],[0.42833,51.73529,33],[0.42828,51.73524,33.1],[0.42802,51.73497,33.4],[0.42776,51.73466,34.1],[0.42772,51.73461,34.2],[0.42757,51.73442,34.6],[0.42748,51.73428,34.9],[0.4274,51.73416,35],[0.42732,51.73404,35],[0.42717,51.7338,35.2],[0.42691,51.73339,35.7],[0.42665,51.73302,37.1],[0.4265,51.73282,38],[0.42639,51.73266,38.8],[0.42637,51.73264,38.9],[0.42614,51.73239,39.6],[0.42605,51.73227,39.7],[0.42597,51.73219,39.8],[0.42565,51.73196,40.1],[0.4255,51.73187,40.3],[0.42524,51.73177,40.6],[0.42505,51.73169,40.9],[0.42499,51.73167,41],[0.42499,51.73167,41],[0.42461,51.73157,42.2],[0.42436,51.73151,43],[0.4243,51.7315,43.1],[0.42408,51.73146,43.6],[0.42389,51.73143,43.8],[0.42386,51.73142,43.9],[0.42384,51.73142,43.9],[0.42345,51.73137,44.3],[0.42337,51.73136,44.3],[0.4233,51.73135,44.4],[0.42326,51.73134,44.4],[0.42312,51.73131,44.5],[0.42293,51.73123,44.8],[0.42247,51.73099,45.7],[0.42231,51.7309,46],[0.4222,51.73086,46.3],[0.42198,51.73081,46.7],[0.42186,51.73079,46.9],[0.4214,51.73074,47.5],[0.42107,51.73071,48],[0.42084,51.73069,48.3],[0.42021,51.73064,49.2],[0.41868,51.73045,51.5],[0.41783,51.73034,52.8],[0.41769,51.73033,53],[0.41704,51.73028,53.7],[0.41688,51.73027,53.9],[0.4166,51.73022,54.2],[0.416,51.73011,54.7],[0.41547,51.72999,55],[0.41538,51.72996,55.1],[0.41416,51.72963,55.9],[0.41361,51.72947,56.3],[0.41214,51.72903,57],[0.41109,51.72875,57.3],[0.41082,51.72867,57.4],[0.41067,51.72862,57.3],[0.41062,51.7286,57.3],[0.41056,51.72858,57.3],[0.41036,51.7285,57.2],[0.41021,51.72841,57.1],[0.41021,51.72841,57.1],[0.41023,51.7284,57.1],[0.41023,51.72839,57.1],[0.41024,51.72839,57.1],[0.41025,51.72838,57.1],[0.41026,51.72837,57],[0.41026,51.72836,57],[0.41027,51.72836,57],[0.41027,51.72835,57],[0.41027,51.72834,57],[0.41028,51.72834,57],[0.41028,51.72833,57],[0.41028,51.72832,57],[0.41028,51.72831,57],[0.41028,51.7283,57],[0.41028,51.72829,56.9],[0.41027,51.72829,56.9],[0.41027,51.72828,56.9],[0.41026,51.72827,56.9],[0.41026,51.72826,56.9],[0.41025,51.72825,56.9],[0.41024,51.72824,56.9],[0.41023,51.72824,56.9],[0.41022,51.72823,56.9],[0.41021,51.72823,56.9],[0.4102,51.72822,56.9],[0.41033,51.72812,56.7],[0.41039,51.72804,56.6],[0.41047,51.72792,56.5],[0.41053,51.72775,56.3],[0.41055,51.72764,56.2],[0.41055,51.72759,56.1],[0.41058,51.72751,56],[0.41058,51.72739,56],[0.41051,51.72709,56],[0.41044,51.72693,56],[0.41044,51.72693,56],[0.41051,51.72709,56],[0.41058,51.72739,56],[0.41058,51.72751,56],[0.41055,51.72759,56.1],[0.41055,51.72764,56.2],[0.41053,51.72775,56.3],[0.41047,51.72792,56.5],[0.41039,51.72804,56.6],[0.41033,51.72812,56.7],[0.4102,51.72822,56.9],[0.4102,51.72822,56.9],[0.41019,51.72822,56.9],[0.41019,51.72821,56.9],[0.41018,51.72821,56.9],[0.41017,51.72821,56.9],[0.41016,51.72821,56.9],[0.41015,51.7282,56.8],[0.41014,51.7282,56.8],[0.41013,51.7282,56.8],[0.41012,51.7282,56.8],[0.41011,51.7282,56.8],[0.4101,51.7282,56.8],[0.41009,51.7282,56.8],[0.41008,51.7282,56.8],[0.41007,51.7282,56.8],[0.41006,51.7282,56.8],[0.41005,51.7282,56.8],[0.41004,51.7282,56.8],[0.41003,51.7282,56.8],[0.41002,51.72821,56.9],[0.41001,51.72821,56.9],[0.41,51.72821,56.9],[0.40999,51.72822,56.9],[0.40998,51.72822,56.9],[0.40997,51.72822,56.9],[0.40997,51.72823,56.9],[0.40996,51.72823,56.9],[0.40995,51.72824,57],[0.40994,51.72824,57],[0.40993,51.72825,57],[0.40993,51.72826,57],[0.40992,51.72826,57],[0.40992,51.72827,57],[0.40991,51.72827,57],[0.40976,51.72823,57.2],[0.40952,51.72817,57.5],[0.40945,51.72814,57.6],[0.40918,51.72803,58],[0.40915,51.72801,58],[0.40901,51.72795,58.1],[0.40873,51.72786,58.3],[0.40864,51.72784,58.4],[0.40822,51.72774,58.8],[0.40754,51.72762,59.7],[0.40712,51.72755,59.9],[0.40669,51.72749,60],[0.40616,51.72742,60.4],[0.40534,51.72738,60.8],[0.40519,51.72738,60.8],[0.40495,51.72738,60.7],[0.40473,51.72738,60.3],[0.40456,51.72737,59.9],[0.40443,51.72723,59.5],[0.40443,51.72723,59.5],[0.4042,51.7273,59.1],[0.40406,51.72734,58.9],[0.40379,51.72743,58.5],[0.40353,51.72751,58.2],[0.40328,51.72759,57.7],[0.40284,51.72774,56.8],[0.40272,51.72778,56.6],[0.40256,51.72783,56.3],[0.40225,51.72793,55.7],[0.40203,51.728,55.2],[0.40199,51.72801,55.2],[0.40184,51.72805,54.9],[0.40165,51.72809,54.6],[0.40145,51.72813,54.9],[0.40109,51.72818,55.6],[0.40084,51.72821,56.1],[0.40063,51.72822,56.4],[0.40034,51.72823,56.7],[0.40009,51.72822,57],[0.39987,51.72822,57.4],[0.39983,51.72821,57.5],[0.39948,51.72818,58.3],[0.39914,51.72814,59],[0.39896,51.72812,59.2],[0.39864,51.72806,59.4],[0.39859,51.72805,59.5],[0.39824,51.72797,59.7],[0.39796,51.7279,59.9],[0.39774,51.72783,60],[0.39757,51.72777,59.9],[0.39745,51.72773,59.8],[0.39724,51.72764,59.6],[0.39682,51.72746,59.1],[0.39658,51.72736,59.5],[0.39632,51.72723,60.3],[0.39586,51.72702,61.5],[0.39549,51.72686,61.9],[0.39521,51.72673,62],[0.39466,51.72647,62.4],[0.39432,51.72632,62.8],[0.39402,51.72618,63.2],[0.39373,51.72606,63.5],[0.39335,51.7259,64],[0.39309,51.72581,64],[0.39281,51.72573,64.3],[0.39239,51.72561,64.8],[0.39226,51.72559,65],[0.39199,51.72553,65.3],[0.39198,51.72552,65.4],[0.39166,51.72547,65.7],[0.39141,51.72543,65.8],[0.39111,51.7254,65.7],[0.39079,51.72537,65.7],[0.39055,51.72536,65.7],[0.39033,51.72535,65.7],[0.3902,51.72534,65.8],[0.39,51.72534,65.8],[0.38983,51.72535,65.8],[0.38961,51.72535,65.9],[0.38933,51.72537,66],[0.389,51.72539,66.1],[0.38868,51.72541,66],[0.38842,51.72541,66],[0.38808,51.72542,66.3],[0.38772,51.72541,66.8],[0.38728,51.72538,67.2],[0.38686,51.72534,67.6],[0.38662,51.7253,67.9],[0.38632,51.72525,67.7],[0.38603,51.72519,67.6],[0.38591,51.72516,67.5],[0.38575,51.72512,67.6],[0.38566,51.7251,67.6],[0.38549,51.72505,67.8],[0.38538,51.72502,67.9],[0.38519,51.72497,68],[0.3848,51.72483,67.6],[0.38472,51.7248,67.5],[0.38447,51.72472,67.2],[0.38363,51.72441,67.2],[0.38306,51.7242,66.9],[0.38251,51.72399,65.2],[0.38218,51.72388,64.7],[0.38193,51.7238,64.4],[0.38172,51.72373,64.1],[0.3817,51.72372,64.1],[0.38149,51.72366,64.3],[0.3811,51.72354,64.7],[0.38061,51.72342,64.9],[0.38037,51.72336,65],[0.3802,51.72332,65],[0.37977,51.72323,65.4],[0.37954,51.72318,65.6],[0.37927,51.72313,65.9],[0.37897,51.72308,66.2],[0.37846,51.723,66.5],[0.37799,51.72294,67.4],[0.37786,51.72292,67.6],[0.37714,51.72283,68.8],[0.37666,51.72277,69.3],[0.37628,51.72272,69.7],[0.37537,51.72259,70.2],[0.37454,51.72248,71.1],[0.37415,51.72242,72],[0.3741,51.72242,72.1],[0.3739,51.72239,72.3],[0.37353,51.72234,72.8],[0.37319,51.72229,73.1],[0.37264,51.7222,73.5],[0.37244,51.72216,73.6],[0.37196,51.72208,73.5],[0.37162,51.72202,73.3],[0.37136,51.72197,72.9],[0.37112,51.72193,72.5],[0.37086,51.72188,72],[0.37042,51.72179,71.9],[0.36962,51.72162,70.7],[0.36847,51.72137,68],[0.36839,51.72135,67.9],[0.36787,51.72123,67.2],[0.36758,51.72116,66.8],[0.3673,51.7211,66.3],[0.36701,51.72104,65.7],[0.36645,51.72091,64.5],[0.36582,51.72077,63.2],[0.36498,51.72058,62.9],[0.36465,51.72051,62.3],[0.36424,51.72041,61.7],[0.36392,51.72034,61.3],[0.36354,51.72026,60.8],[0.36297,51.72013,60.3],[0.3627,51.72007,60.1],[0.36186,51.71989,59.3],[0.3616,51.71983,59.1],[0.36089,51.71967,59.9],[0.36078,51.71965,60.1],[0.36051,51.71958,60.4],[0.3597,51.7194,61.7],[0.35914,51.71928,63.1],[0.35908,51.71926,63.2],[0.35885,51.71922,63.7],[0.3586,51.71917,64.4],[0.35826,51.71911,65.1],[0.35811,51.71908,65.4],[0.35775,51.71902,66.1],[0.35741,51.71896,66.6],[0.35715,51.71892,66.8],[0.35677,51.71886,67.1],[0.35475,51.71854,67.6],[0.35372,51.71839,68.7],[0.35336,51.71834,69],[0.35304,51.71829,69.7],[0.35257,51.71823,70.7],[0.35206,51.71817,71.3],[0.3518,51.71814,71.6],[0.35158,51.71812,71.8],[0.35127,51.7181,72.1],[0.351,51.71808,72.3],[0.3505,51.71806,72.6],[0.34991,51.71805,73],[0.34926,51.71807,73.3],[0.34914,51.71807,73.4],[0.34841,51.71811,73.5],[0.34769,51.71816,73.6],[0.34764,51.71817,73.6],[0.34699,51.71822,73.7],[0.34644,51.71826,73.6],[0.34558,51.71832,73],[0.34474,51.71837,72.8],[0.34441,51.71839,72.5],[0.344,51.71839,72.1],[0.34348,51.71839,71.5],[0.3432,51.71838,71.6],[0.34307,51.71838,71.9],[0.34274,51.71836,72.5],[0.34234,51.71834,73.2],[0.34184,51.7183,73.7],[0.34082,51.7182,73.8],[0.34014,51.71813,73.8],[0.3395,51.71806,74.1],[0.33911,51.71802,74.2],[0.33865,51.71797,74.1],[0.33861,51.71797,74.1],[0.33833,51.71793,74],[0.33832,51.71793,74.1],[0.33799,51.71789,74.8],[0.33749,51.71781,75.8],[0.33712,51.71775,76.1],[0.33681,51.7177,76.3],[0.33654,51.71765,76.5],[0.33624,51.71759,76.7],[0.336,51.71754,76.9],[0.33559,51.71744,76.9],[0.33502,51.71731,77],[0.33441,51.71716,78.1],[0.3342,51.71711,78.5],[0.33405,51.71707,78.6],[0.33302,51.71682,79.6],[0.33108,51.71634,80.3],[0.32974,51.71599,80.9],[0.32948,51.71592,81.4],[0.32947,51.71591,81.4],[0.32855,51.71566,83.3],[0.32794,51.71549,84.3],[0.32754,51.71538,84.9],[0.32722,51.71529,85.3],[0.32709,51.71525,85.5],[0.32638,51.71505,86.4],[0.32544,51.71477,87.7],[0.32462,51.71452,89.5],[0.32387,51.71429,91.3],[0.32343,51.71415,91.8],[0.32297,51.714,92.1],[0.32219,51.71374,92.9],[0.32112,51.71339,94.4],[0.32087,51.7133,95],[0.32061,51.71322,95.4],[0.32002,51.71302,96.4],[0.31864,51.71256,98],[0.3178,51.71228,98.3],[0.3175,51.71218,98.4],[0.31714,51.71206,98.5],[0.31685,51.71197,98.6],[0.31659,51.71188,98.8],[0.31655,51.71187,98.8],[0.31603,51.7117,99],[0.31583,51.71163,99],[0.3158,51.71162,98.9],[0.31557,51.71155,98.9],[0.31518,51.71143,98.7],[0.31479,51.71131,98.7],[0.31441,51.71121,98.8],[0.31428,51.71118,98.9],[0.31414,51.71114,99],[0.31412,51.71114,99],[0.31384,51.71108,99],[0.3136,51.71103,99],[0.31346,51.71101,99],[0.3133,51.71099,99],[0.31293,51.71094,98.5],[0.31289,51.71093,98.4],[0.31257,51.7109,98],[0.31219,51.71086,98],[0.31177,51.71082,98],[0.31151,51.7108,97.6],[0.31135,51.71078,97.2],[0.31107,51.71075,96.5],[0.31088,51.71073,96],[0.31082,51.71072,95.8],[0.31042,51.71067,95.3],[0.30994,51.71061,94.6],[0.30942,51.71053,93.5],[0.30906,51.71048,92.9],[0.3086,51.7104,92.3],[0.30808,51.71031,91.3],[0.308,51.71029,91.1],[0.30796,51.71028,91],[0.30772,51.71024,90.3],[0.30724,51.71015,89.2],[0.30568,51.70987,85.5],[0.30371,51.70951,80.9],[0.30312,51.70941,80],[0.30262,51.70931,79.2],[0.30227,51.70925,78.7],[0.30208,51.70922,78.5],[0.30203,51.70921,78.4],[0.30181,51.70917,78.2],[0.30157,51.70913,78.1],[0.30129,51.7091,78.2],[0.30112,51.70907,78.3],[0.30095,51.70906,78.3],[0.30064,51.70903,78.3],[0.30017,51.709,78.4],[0.29992,51.70899,78.4],[0.29981,51.70899,78.4],[0.29944,51.70898,78.4],[0.29916,51.70898,78.4],[0.29881,51.70898,78.4],[0.29876,51.70898,78.4],[0.29848,51.70898,78.4],[0.2981,51.70899,78.6],[0.29785,51.70899,78.9],[0.29747,51.709,79.2],[0.29711,51.70901,79.2],[0.29686,51.70902,79.2],[0.29644,51.70905,79.6],[0.29619,51.70907,80.2],[0.29592,51.7091,80.8],[0.29571,51.70912,81.1],[0.29478,51.70924,82],[0.29396,51.70934,82.2],[0.29364,51.70937,82],[0.29336,51.70941,81.8],[0.29292,51.70945,81.6],[0.29234,51.70951,81.4],[0.29184,51.70956,81.1],[0.29113,51.7096,80.3],[0.29077,51.70962,79.9],[0.29026,51.70964,79.6],[0.28997,51.70964,79.4],[0.28959,51.70965,78.6],[0.28881,51.70965,77.4],[0.28841,51.70964,77],[0.28752,51.70963,76.5],[0.28704,51.70962,76.2],[0.28659,51.7096,75.9],[0.28618,51.7096,75.1],[0.28562,51.7096,74.2],[0.28526,51.70961,73.7],[0.28488,51.70963,73.1],[0.28438,51.70966,72.2],[0.28388,51.7097,71.4],[0.28314,51.70976,70.3],[0.28297,51.70977,70],[0.28248,51.70979,69.2],[0.28227,51.7098,69],[0.282,51.70981,68.6],[0.28141,51.70982,67.4],[0.28118,51.70983,66.6],[0.28098,51.70983,65.9],[0.28083,51.70983,65.4],[0.28032,51.70984,64.3],[0.28031,51.70984,64.2],[0.27986,51.70985,63.5],[0.27949,51.70985,63.4],[0.2789,51.70987,63.3],[0.27858,51.70989,63.3],[0.27829,51.70993,63.1],[0.27801,51.70998,62.7],[0.27785,51.71001,62.4],[0.27771,51.71004,62.2],[0.27762,51.71007,62],[0.2775,51.7101,61.8],[0.27678,51.71029,61],[0.27624,51.71043,60.2],[0.27602,51.71049,59.9],[0.27584,51.71054,59.7],[0.27547,51.71063,59.4],[0.27508,51.71071,59.2],[0.2748,51.71077,58.6],[0.27476,51.71078,58.5],[0.27439,51.71085,57.5],[0.27401,51.71092,56.4],[0.27368,51.71097,55.6],[0.27328,51.71102,54.9],[0.27287,51.71107,54.3],[0.27283,51.71108,54.3],[0.27249,51.71111,53.7],[0.27197,51.71116,53],[0.27185,51.71117,52.9],[0.27168,51.71118,52.8],[0.27129,51.71121,52.9],[0.27081,51.71125,53],[0.27053,51.71127,52.9],[0.2704,51.71128,52.9],[0.26941,51.71136,53],[0.269,51.71139,53.1],[0.26821,51.71146,53.8],[0.26794,51.71148,54.5],[0.26778,51.71149,54.9],[0.26721,51.71153,56],[0.26669,51.71157,56.7],[0.26635,51.7116,56.9],[0.26605,51.71162,56.9],[0.26604,51.71162,56.9],[0.26548,51.71167,57],[0.26538,51.71168,57],[0.26528,51.71169,57],[0.26496,51.71172,56.9],[0.26461,51.71177,56.4],[0.26445,51.71179,56.2],[0.26425,51.71182,55.9],[0.26402,51.71186,55.6],[0.26365,51.71192,55.3],[0.26333,51.71198,55],[0.26317,51.71202,54.6],[0.26316,51.71202,54.6],[0.263,51.71205,54.2],[0.26274,51.7121,53.6],[0.26269,51.71211,53.5],[0.261689,51.71236,52],[0.26116,51.71248,50.8],[0.26078,51.71258,49.5],[0.26035,51.71268,48],[0.26006,51.71275,46.9],[0.259809,51.71281,46.1],[0.25977,51.71282,46],[0.25938,51.71288,45],[0.25906,51.71293,44.3],[0.25876,51.71297,43.8],[0.25874,51.71297,43.8],[0.25854,51.71299,43.5],[0.258249,51.71301,43.1],[0.257969,51.71302,43.1],[0.257749,51.71303,43],[0.25744,51.71303,43],[0.257089,51.71303,43.4],[0.25696,51.71302,43.6],[0.25667,51.71301,44],[0.25607,51.71297,44.9],[0.25552,51.71294,46.3],[0.25541,51.71293,46.5],[0.25489,51.7129,47.7],[0.25411,51.71285,49.6],[0.25322,51.71281,51.7],[0.25219,51.71277,54.2],[0.25113,51.71273,56.5],[0.25023,51.7127,58.7],[0.24972,51.71269,59.7],[0.24866,51.71267,61.3],[0.24753,51.71268,62.7],[0.24753,51.71268,62.7],[0.24677,51.71269,63.6],[0.24649,51.7127,64],[0.2462,51.7127,64.3],[0.24588,51.71271,64.7],[0.24571,51.71272,64.8],[0.24568,51.71271,64.8],[0.24553,51.71266,64.9],[0.24536,51.71261,64.9],[0.24536,51.71261,64.9],[0.24535,51.71259,65],[0.24534,51.71256,65],[0.24532,51.71254,65],[0.24531,51.71252,65],[0.24528,51.7125,65],[0.24526,51.71249,65],[0.24524,51.71247,65],[0.24521,51.71246,65],[0.24512,51.71225,64.7],[0.24513,51.71221,64.7],[0.24523,51.71196,64.4],[0.24527,51.71185,64.2],[0.24536,51.71162,63.9],[0.24537,51.71156,63.9],[0.24538,51.71155,63.9],[0.24539,51.71142,63.7],[0.2454,51.71133,63.6],[0.24541,51.71127,63.5],[0.24541,51.71119,63.4],[0.24539,51.71113,63.4],[0.24537,51.71107,63.3],[0.24534,51.71095,63.1],[0.24529,51.71083,63],[0.24521,51.71066,62.4],[0.2452,51.71064,62.4],[0.24485,51.71009,60],[0.24478,51.70996,59.4],[0.24471,51.70986,59],[0.24467,51.7098,58.7],[0.24465,51.70975,58.6],[0.24461,51.70961,58.1],[0.2446,51.70948,57.8],[0.2446,51.70936,57.5],[0.24461,51.7093,57.4],[0.24473,51.70867,56.6],[0.24476,51.70851,56.4],[0.24482,51.70815,56],[0.24485,51.70803,55.8],[0.24488,51.70783,55.4],[0.24492,51.70761,55.1],[0.24492,51.7076,55],[0.24509,51.70682,55.2],[0.2451,51.70674,55.2],[0.24515,51.70642,54.9],[0.24516,51.70638,54.9],[0.24519,51.70623,54.8],[0.24538,51.70575,55.1],[0.24541,51.70568,55.2],[0.24543,51.70562,55.2],[0.24546,51.70554,55.2],[0.24547,51.70534,54.9],[0.24554,51.70506,54.7],[0.24558,51.70484,54.7],[0.24558,51.7048,54.6],[0.24559,51.70474,54.6],[0.2456,51.70466,54.6],[0.2456,51.70446,54.4],[0.24559,51.70445,54.4],[0.2456,51.70437,54.3],[0.24557,51.70418,54.1],[0.24557,51.70414,54],[0.24553,51.7039,53.5],[0.24553,51.70387,53.5],[0.24549,51.70374,53.2],[0.24546,51.70359,52.9],[0.24539,51.70346,52.6],[0.24536,51.70342,52.5],[0.24533,51.70336,52.4],[0.24532,51.70333,52.4],[0.24526,51.70326,52],[0.24524,51.70324,51.9],[0.2452,51.7032,51.7],[0.24504,51.70307,51.1],[0.24492,51.70296,50.4],[0.24409,51.70219,45.8],[0.24408,51.70218,45.7],[0.24388,51.70196,44.8],[0.24355,51.7016,44],[0.24346,51.70151,44],[0.24321,51.70123,44.2],[0.24305,51.70107,44.4],[0.24297,51.70099,44.4],[0.24286,51.70085,44.6],[0.24279,51.70077,44.8],[0.24279,51.70074,44.8],[0.24278,51.70068,45],[0.24278,51.70064,45],[0.2428,51.70057,45.2],[0.24282,51.70053,45.2],[0.24282,51.70053,45.2],[0.24283,51.70051,45.2],[0.24286,51.70048,45.2],[0.24304,51.70027,45.3],[0.24312,51.70018,45.2],[0.24326,51.70003,45.1],[0.24339,51.69981,46.4],[0.24343,51.69974,46.9],[0.24362,51.69946,48.9],[0.24365,51.69943,49.1],[0.24376,51.69925,50.4],[0.24385,51.69911,51.3],[0.24389,51.69904,51.8],[0.2439,51.69899,52.1],[0.24392,51.69894,52.4],[0.24392,51.69888,52.7],[0.24393,51.6988,53.2],[0.24389,51.69851,54.9],[0.24374,51.698,57.4],[0.24373,51.69786,58],[0.24371,51.69769,58.7],[0.2437,51.69758,59.2],[0.2437,51.69753,59.4],[0.2437,51.69744,59.7],[0.2437,51.69731,60.1],[0.24371,51.69723,60.3],[0.24372,51.69717,60.5],[0.24372,51.69717,60.5],[0.24373,51.69717,60.5],[0.24374,51.69717,60.5],[0.24375,51.69717,60.5],[0.24376,51.69717,60.5],[0.24376,51.69716,60.5],[0.24377,51.69716,60.5],[0.24378,51.69716,60.5],[0.24379,51.69716,60.5],[0.24379,51.69715,60.5],[0.2438,51.69715,60.5],[0.2438,51.69714,60.5],[0.24381,51.69714,60.5],[0.24382,51.69713,60.6],[0.24382,51.69712,60.6],[0.24383,51.69712,60.6],[0.24383,51.69711,60.6],[0.24383,51.6971,60.6],[0.24383,51.69709,60.7],[0.24383,51.69708,60.7],[0.24383,51.69707,60.7],[0.24383,51.69706,60.8],[0.24382,51.69706,60.8],[0.24382,51.69705,60.8],[0.24381,51.69705,60.8],[0.24381,51.69704,60.8],[0.2438,51.69704,60.9],[0.24379,51.69704,60.9],[0.24379,51.69703,60.9],[0.24378,51.69703,60.9],[0.24377,51.69703,60.9],[0.24377,51.69702,60.9],[0.24376,51.69702,60.9],[0.24375,51.69702,60.9],[0.24374,51.69702,60.9],[0.24373,51.69702,60.9],[0.24372,51.69702,61],[0.24371,51.69701,61],[0.2437,51.69701,61],[0.2437,51.69702,61],[0.24365,51.69683,61.5],[0.24355,51.69646,62.7],[0.24354,51.69634,63.2],[0.24353,51.69623,63.6],[0.24354,51.6961,64],[0.24356,51.69591,64.7],[0.24358,51.69575,65],[0.2436,51.69562,65.1],[0.24361,51.69554,65.1],[0.24362,51.69552,65.1],[0.24363,51.69544,65.1],[0.24364,51.69542,65.1],[0.24365,51.69533,65.1],[0.24367,51.69523,65.1],[0.24366,51.69515,65.2],[0.24365,51.69509,65.2],[0.2436,51.69501,65.4],[0.24354,51.69492,65.2],[0.24352,51.69488,65.1],[0.24341,51.69472,64.8],[0.24327,51.69452,64.1],[0.24312,51.69431,63],[0.24305,51.6942,62.4],[0.24304,51.69419,62.4],[0.24292,51.69401,61.3],[0.24271,51.69371,59.7],[0.2427,51.69368,59.6],[0.24259,51.69352,58.8],[0.2425,51.69335,58.1],[0.24245,51.69324,57.7],[0.24206,51.6926,55.4],[0.24194,51.69248,54.8],[0.24181,51.69238,54],[0.24168,51.6923,53.3],[0.24158,51.69224,52.7],[0.2415,51.6922,52.4],[0.2414,51.69216,52],[0.24133,51.69214,51.9],[0.24123,51.69212,51.7],[0.24106,51.69207,51.4],[0.24101,51.69206,51.4],[0.24079,51.69202,51.3],[0.2407,51.692,51.3],[0.24051,51.69196,51.4],[0.24036,51.69193,51.5],[0.24013,51.69187,51.8],[0.23992,51.69181,52.2],[0.2396,51.69168,53],[0.23939,51.69159,53.6],[0.23916,51.69148,54.2],[0.2388,51.69132,55.3],[0.23846,51.69116,56.3],[0.23823,51.69105,56.9],[0.238,51.69094,57.3],[0.23776,51.69084,57.7],[0.23764,51.69078,57.8],[0.2373,51.69061,57.7],[0.23704,51.69048,57.6],[0.23671,51.69032,57.4],[0.23657,51.69024,57.3],[0.23595,51.68986,56.3],[0.23576,51.68975,55.8],[0.23521,51.68939,54.1],[0.23467,51.68903,53],[0.2346,51.68898,53],[0.23456,51.68895,53],[0.23452,51.68891,53],[0.23444,51.68884,53],[0.23436,51.68874,53],[0.23432,51.68867,53],[0.23428,51.68859,53],[0.23426,51.6885,52.9],[0.23425,51.68846,52.9],[0.23423,51.68839,52.9],[0.23422,51.68826,52.5],[0.23421,51.6881,51.7],[0.2342,51.68807,51.6],[0.23419,51.68787,50.7],[0.23415,51.68757,49.4],[0.23412,51.68744,48.8],[0.23406,51.68728,48.3],[0.23401,51.6872,48.1],[0.23392,51.68708,47.8],[0.23389,51.68706,47.7],[0.23379,51.68696,47.5],[0.23364,51.68684,47.3],[0.23355,51.68676,47.1],[0.23335,51.68662,46.6],[0.23298,51.68634,45.2],[0.23285,51.68624,44.8],[0.23232,51.6858,43.1],[0.23211,51.68559,42.3],[0.23192,51.68538,41.5],[0.23176,51.68516,40.7],[0.23162,51.6849,40.1],[0.23153,51.6847,40.3],[0.23145,51.68446,40.4],[0.23144,51.68445,40.4],[0.23131,51.68404,40],[0.23118,51.68378,39.5],[0.23117,51.68375,39.4],[0.23112,51.68366,39.2],[0.231,51.68347,39],[0.23097,51.68341,38.9],[0.23092,51.68334,38.8],[0.23072,51.68313,39.3],[0.23056,51.68298,39.7],[0.23043,51.68289,40],[0.23018,51.68273,40.5],[0.22988,51.68253,41.1],[0.2298,51.68248,41.2],[0.2297,51.68241,41.3],[0.22927,51.68209,41.8],[0.22905,51.68192,42.1],[0.22897,51.68185,42.2],[0.22876,51.6817,42.5],[0.22858,51.68156,42.9],[0.22832,51.68139,43.7],[0.2281,51.68125,44.7],[0.22781,51.68106,46.2],[0.2278,51.68106,46.2],[0.22758,51.6809,47.5],[0.22734,51.6807,48.2],[0.22719,51.68056,48.4],[0.22703,51.68043,48.6],[0.22695,51.68037,48.8],[0.22679,51.68026,49],[0.22663,51.68017,49.2],[0.22659,51.68014,49.3],[0.22658,51.68013,49.3],[0.22655,51.68011,49.3],[0.22608,51.6798,49.2],[0.22591,51.67969,49.2],[0.2259,51.67968,49.2],[0.22559,51.67947,48.7],[0.22546,51.67939,48.5],[0.22524,51.67926,48.2],[0.22484,51.67902,48],[0.22436,51.67882,48.4],[0.22408,51.67874,48.6],[0.22383,51.67867,48.6],[0.22373,51.67864,48.6],[0.22355,51.67861,48.7],[0.22347,51.67859,48.8],[0.22346,51.67859,48.8],[0.22327,51.67856,48.8],[0.22316,51.67854,48.7],[0.22216,51.67842,48.2],[0.221,51.67834,48.8],[0.22091,51.67834,48.9],[0.22055,51.67831,48.9],[0.22017,51.67829,48.8],[0.21986,51.67826,48.7],[0.21978,51.67826,48.7],[0.21967,51.67825,48.7],[0.21928,51.67822,48.6],[0.21869,51.67818,48.4],[0.21841,51.67816,48.4],[0.2184,51.67816,48.4],[0.21754,51.67807,48.7],[0.21739,51.67806,48.7],[0.21652,51.67791,48],[0.21575,51.67771,47],[0.21537,51.67758,46.4],[0.2151,51.67749,45.9],[0.2147,51.67732,45.1],[0.21454,51.67724,44.8],[0.21445,51.6772,44.7],[0.21436,51.67716,44.6],[0.2138,51.67684,44.3],[0.21373,51.67679,44.3],[0.21306,51.67631,45.4],[0.21303,51.6763,45.5],[0.21277,51.67608,45.8],[0.2126,51.67595,46],[0.2125,51.67588,46.1],[0.21217,51.67561,45.4],[0.21215,51.6756,45.4],[0.21204,51.67551,45.2],[0.21199,51.67547,45.1],[0.21152,51.67509,44.7],[0.21136,51.67496,44.5],[0.2113,51.67492,44.5],[0.21127,51.67489,44.4],[0.21111,51.67477,44.2],[0.21014,51.67399,41.8],[0.21003,51.67391,41.4],[0.20935,51.67334,38],[0.20908,51.67309,37.7],[0.20906,51.67307,37.7],[0.20874,51.67278,37.3],[0.20859,51.67263,37.2],[0.20844,51.67249,37],[0.20842,51.67247,36.9],[0.20809,51.67213,36.2],[0.20773,51.67177,35.9],[0.20704,51.67112,35.3],[0.20688,51.67098,35.2],[0.20678,51.6709,35.1],[0.20653,51.67069,35],[0.20607,51.67036,35.1],[0.2058,51.67017,35.2],[0.20546,51.66995,35],[0.20485,51.66955,35.3],[0.20477,51.6695,35.4],[0.20427,51.66919,36.7],[0.20396,51.669,37.9],[0.20287,51.66836,43],[0.20207,51.66779,46.7],[0.20189,51.66766,47.3],[0.20175,51.66757,47.7],[0.2014,51.66737,48],[0.20124,51.66728,48],[0.20103,51.66717,48],[0.20079,51.66706,47.9],[0.20055,51.66694,47.7],[0.20033,51.66684,47.4],[0.2001,51.66673,47.2],[0.20001,51.66668,47],[0.19962,51.66654,46.6],[0.19955,51.66651,46.5],[0.1993,51.66641,46.1],[0.19901,51.66633,45.7],[0.19882,51.66627,45.4],[0.19877,51.66626,45.3],[0.19851,51.66619,44.8],[0.19803,51.66606,43.6],[0.19775,51.66599,42.9],[0.19738,51.66591,42.1],[0.19716,51.66587,41.7],[0.19688,51.66582,41.2],[0.1966,51.66576,41],[0.19633,51.6657,41.5],[0.1963,51.6657,41.6],[0.19606,51.66563,42],[0.19568,51.66553,42.6],[0.19553,51.66548,42.9],[0.19527,51.66541,43.3],[0.19522,51.6654,43.4],[0.1949,51.66532,44],[0.19473,51.66527,44.2],[0.19457,51.66522,44.4],[0.19447,51.66519,44.6],[0.19413,51.6651,45.2],[0.19393,51.66502,45.6],[0.19369,51.66493,45.7],[0.19341,51.6648,45.6],[0.1928,51.66451,45.5],[0.19161,51.66398,46],[0.19147,51.66392,46.1],[0.19096,51.66371,46.4],[0.19044,51.66348,46.6],[0.19029,51.6634,46.6],[0.18972,51.66312,47.5],[0.18926,51.66289,48.6],[0.18884,51.6627,49.6],[0.18855,51.66259,50.4],[0.18821,51.66248,51.1],[0.18809,51.66244,51],[0.18794,51.6624,51],[0.18782,51.66237,51.1],[0.18779,51.66236,51.1],[0.18753,51.66229,51.2],[0.18712,51.6622,51.5],[0.18686,51.66214,51.8],[0.18686,51.66214,51.8],[0.18686,51.66214,51.8],[0.18671,51.66211,52],[0.18646,51.66204,52.4],[0.18626,51.66199,52.8],[0.18619,51.66197,52.9],[0.18618,51.66197,52.9],[0.18596,51.6619,53.3],[0.18593,51.66189,53.3],[0.18592,51.66188,53.3],[0.18565,51.66179,53.5],[0.18541,51.66171,53.6],[0.18516,51.66162,53.7],[0.18491,51.66154,53.8],[0.1849,51.66154,53.8],[0.18482,51.66151,53.9],[0.18465,51.66144,54],[0.18442,51.66135,54.2],[0.18381,51.66112,54.6],[0.1837,51.66107,54.7],[0.18349,51.66098,54.8],[0.18335,51.66092,55],[0.18333,51.66091,55],[0.18327,51.66088,54.9],[0.18306,51.66079,54.6],[0.18279,51.66065,54.1],[0.18234,51.6604,53.3],[0.18216,51.66028,52.9],[0.18208,51.66023,52.8],[0.18162,51.6599,51.6],[0.18144,51.65978,50.9],[0.18124,51.65965,50.1],[0.18101,51.65952,49.3],[0.18092,51.65948,49],[0.18048,51.65929,47.8],[0.17969,51.65897,45.8],[0.1793,51.65882,44.8],[0.17905,51.65873,44.4],[0.17899,51.6587,44.3],[0.17827,51.65846,43.2],[0.17778,51.65829,40.8],[0.17774,51.65828,40.6],[0.17672,51.65794,36.2],[0.17596,51.65768,34.6],[0.1758,51.65762,34.3],[0.17557,51.65754,34.1],[0.17536,51.65747,33.9],[0.1752,51.65742,33.7],[0.17515,51.6574,33.6],[0.17508,51.65738,33.6],[0.17463,51.65723,32.7],[0.17443,51.65716,32.4],[0.1743,51.6571,32.1],[0.17426,51.65708,32],[0.17397,51.65692,31.6],[0.17379,51.6568,31.3],[0.17361,51.65669,31.1],[0.17339,51.65652,30.5],[0.17323,51.65639,29.9],[0.17309,51.65628,29.5],[0.17307,51.65626,29.4],[0.1729,51.65609,28.8],[0.17277,51.65595,28.3],[0.17234,51.65541,30.3],[0.17211,51.65513,31.3],[0.17211,51.65513,31.3],[0.17214,51.65512,31.4],[0.17218,51.65511,31.5],[0.17221,51.65509,31.6],[0.17224,51.65507,31.7],[0.17227,51.65505,31.8],[0.17229,51.65503,31.8],[0.17231,51.655,32],[0.17232,51.65498,32.1],[0.17233,51.65496,32.2],[0.17234,51.65493,32.3],[0.17234,51.6549,32.4],[0.17233,51.65488,32.5],[0.17232,51.65485,32.6],[0.17231,51.65483,32.7],[0.1723,51.6548,32.8],[0.17228,51.65478,32.9],[0.17225,51.65476,33],[0.17222,51.65474,33],[0.1722,51.65473,33.1],[0.17219,51.65472,33.1],[0.17216,51.65471,33.2],[0.17212,51.65469,33.3],[0.17208,51.65468,33.3],[0.17204,51.65468,33.4],[0.172,51.65467,33.4],[0.17196,51.65467,33.4],[0.17192,51.65467,33.5],[0.17187,51.65467,33.5],[0.17183,51.65468,33.5],[0.17178,51.65469,33.4],[0.17171,51.65456,34.1],[0.17167,51.65446,34.6],[0.1716,51.65428,35.2],[0.1715,51.65405,35.5],[0.17145,51.65392,35.4],[0.17139,51.65377,35.3],[0.17129,51.65353,35.3],[0.17122,51.65335,35.4],[0.17117,51.65324,35.9],[0.17115,51.65318,36.1],[0.1707,51.65208,41],[0.17062,51.65188,42],[0.17058,51.65178,42.5],[0.17053,51.65167,43],[0.17042,51.65134,43.6],[0.17035,51.65118,43.8],[0.17018,51.6508,44.4],[0.17016,51.65076,44.6],[0.17015,51.65074,44.7],[0.17,51.65047,46.2],[0.16985,51.65023,47.5],[0.16923,51.64944,50.7],[0.16918,51.64939,50.9],[0.16907,51.64926,51.6],[0.16906,51.64926,51.6],[0.16888,51.64902,52.6],[0.16884,51.64893,53.1],[0.16877,51.64881,53.7],[0.16877,51.6488,53.7],[0.16867,51.6486,54.9],[0.16859,51.64843,55.9],[0.16858,51.64842,55.9],[0.16857,51.64839,56.1],[0.16842,51.64812,57.8],[0.16841,51.64812,57.8],[0.16839,51.6481,58],[0.16838,51.64808,58.1],[0.16811,51.64773,59.7],[0.1679,51.6475,60.5],[0.16769,51.64731,61],[0.1675,51.64717,61.6],[0.16726,51.64703,62.4],[0.16687,51.64678,64.1],[0.16653,51.64657,65.1],[0.16622,51.64636,65.2],[0.16605,51.64622,65.3],[0.16594,51.64612,65.4],[0.16589,51.64606,65.5],[0.16588,51.64605,65.5],[0.16578,51.64594,65.7],[0.16569,51.64582,65.9],[0.16562,51.6457,66.3],[0.16554,51.64556,66.7],[0.16543,51.64526,67.9],[0.1654,51.64508,68.7],[0.16538,51.64489,69.2],[0.16533,51.64447,69.9],[0.16531,51.64431,70.1],[0.1653,51.6442,70.3],[0.16523,51.6439,70.9],[0.16516,51.64363,71.5],[0.16505,51.64325,72.3],[0.16504,51.64319,72.4],[0.165,51.64307,72.6],[0.16497,51.64293,72.9],[0.16495,51.64274,73.2],[0.16494,51.64255,73.7],[0.16495,51.64247,73.9],[0.16495,51.64245,73.9],[0.16496,51.64235,74],[0.16504,51.64213,74.5],[0.1651,51.64201,74.7],[0.16512,51.64198,74.7],[0.16512,51.64198,74.7],[0.1648,51.64188,74.2],[0.16468,51.64185,73.9],[0.16436,51.64175,73.3],[0.16429,51.64173,73.2],[0.16428,51.64172,73.2],[0.16402,51.64164,72.7],[0.16384,51.64158,72.6],[0.16379,51.64156,72.5],[0.16377,51.64155,72.5],[0.16375,51.64154,72.5],[0.16363,51.64147,72.6],[0.16356,51.64143,72.6],[0.16354,51.64141,72.7],[0.16338,51.64129,72.9],[0.16335,51.64127,72.9],[0.1632,51.64116,73.7],[0.1632,51.64115,73.7],[0.16319,51.64115,73.7],[0.16298,51.64102,74.6],[0.16257,51.64079,76],[0.16244,51.64071,76.4],[0.16235,51.64064,76.6],[0.16232,51.64062,76.7],[0.16218,51.64052,77],[0.16199,51.64036,77.4],[0.16191,51.6403,77.5],[0.16161,51.64006,77.8],[0.1613,51.63979,77.3],[0.16122,51.63972,77.3],[0.16105,51.63957,77.3],[0.16104,51.63956,77.3],[0.16067,51.63926,77.8],[0.16052,51.63917,78],[0.16038,51.63909,78.1],[0.16035,51.63907,78.1],[0.15997,51.6389,78.3],[0.15913,51.6385,77.6],[0.15899,51.63843,77.7],[0.15851,51.63825,78.2],[0.15838,51.6382,78.3],[0.15826,51.63816,78.3],[0.15824,51.63815,78.2],[0.15813,51.6381,78.1],[0.15798,51.63803,78],[0.15778,51.63791,78],[0.15757,51.63777,78.1],[0.15745,51.6377,78.3],[0.15741,51.63767,78.4],[0.15733,51.63763,78.5],[0.1573,51.63762,78.5],[0.1572,51.63759,78.6],[0.15681,51.6375,79],[0.15654,51.63744,79.1],[0.15636,51.63741,79],[0.15598,51.63737,78.9],[0.15562,51.63735,78.9],[0.15548,51.63733,79],[0.15545,51.63733,79],[0.15529,51.6373,79.2],[0.15505,51.63723,79.6],[0.1547,51.63715,80.7],[0.15467,51.63714,80.8],[0.15449,51.6371,81.3],[0.1543,51.63708,81.8],[0.15391,51.63709,82.1],[0.15368,51.63709,82.3],[0.15352,51.6371,82.3],[0.15334,51.63711,82.4],[0.15323,51.63711,82.3],[0.15273,51.63711,82.1],[0.15273,51.63711,82.1],[0.15265,51.63711,82],[0.15245,51.63712,81.9],[0.15207,51.63712,81.9],[0.15197,51.63713,81.9],[0.15194,51.63713,81.9],[0.15178,51.63714,81.9],[0.15166,51.63715,81.8],[0.15165,51.63715,81.8],[0.15132,51.6372,81.7],[0.15093,51.63724,81.6],[0.15092,51.63724,81.6],[0.15073,51.63725,81.6],[0.15064,51.63725,81.6],[0.15054,51.63725,81.6],[0.15035,51.63723,81.6],[0.15008,51.63719,81.7],[0.1498,51.63712,81.7],[0.14968,51.63709,81.6],[0.14967,51.63709,81.6],[0.14954,51.63705,81.5],[0.14931,51.63699,81.4],[0.14888,51.63685,81.5],[0.14876,51.63681,81.6],[0.14864,51.63677,81.7],[0.1486,51.63676,81.7],[0.1485,51.63673,81.8],[0.14849,51.63672,81.8],[0.14834,51.63665,82.1],[0.14827,51.63662,82.1],[0.14823,51.6366,82.1],[0.14816,51.63654,82.2],[0.1481,51.63648,82.4],[0.14808,51.63644,82.5],[0.14803,51.63636,82.7],[0.14801,51.6363,82.9],[0.14798,51.63615,83.4],[0.14797,51.63577,84.7],[0.14796,51.63559,85.1],[0.14794,51.6354,85.6],[0.14791,51.63533,85.7],[0.14791,51.63528,85.8],[0.14791,51.63522,86],[0.14776,51.63486,86.7],[0.14758,51.6344,88.1],[0.14751,51.63424,88.7],[0.1474,51.63399,89.1],[0.14731,51.63378,89.2],[0.14729,51.63373,89.3],[0.14718,51.63358,89.5],[0.14716,51.63355,89.6],[0.14712,51.63352,89.7],[0.14701,51.63342,90.1],[0.14701,51.63342,90.1],[0.1469,51.63345,90.2],[0.14678,51.63349,90.4],[0.14673,51.6335,90.5],[0.1466,51.63351,90.5],[0.14631,51.63353,90.3],[0.14606,51.63354,90.1],[0.1456,51.63355,90.1],[0.14535,51.63356,90.2],[0.14497,51.63359,90.3],[0.1445,51.63363,91],[0.14435,51.63365,91.2],[0.14398,51.63367,91.5],[0.14392,51.63368,91.6],[0.14374,51.63369,91.7],[0.14331,51.63371,92],[0.14309,51.63372,92.3],[0.14299,51.63372,92.4],[0.14277,51.63372,92.7],[0.14261,51.63373,92.9],[0.14249,51.63375,93],[0.14235,51.63376,93.2],[0.14223,51.63378,93.3],[0.14222,51.63378,93.3],[0.14208,51.6338,93.5],[0.14199,51.63382,93.6],[0.1419,51.63385,93.7],[0.14176,51.63389,93.9],[0.14166,51.63393,94],[0.14151,51.63396,94.2],[0.14135,51.63399,94.5],[0.14114,51.63401,94.8],[0.14083,51.63403,95.2],[0.14014,51.63407,95.9],[0.13993,51.63406,96.3],[0.13958,51.63403,97.2],[0.13942,51.63402,97.6],[0.13935,51.63401,97.7],[0.13922,51.63397,98.1],[0.13906,51.63391,98.5],[0.13904,51.63388,98.6],[0.13902,51.63386,98.7],[0.13901,51.63383,98.7],[0.139,51.6338,98.8],[0.13896,51.63368,98.9],[0.13895,51.63365,99],[0.13893,51.63358,99.1],[0.13893,51.63357,99.1],[0.13891,51.63317,98.9],[0.1389,51.63312,98.7],[0.13889,51.63304,98.5],[0.13886,51.63293,98.2],[0.13883,51.63284,98],[0.13876,51.63273,97.7],[0.13865,51.63255,97.2],[0.13855,51.63244,96.8],[0.1385,51.63237,96.5],[0.13848,51.63235,96.5],[0.13841,51.63228,96.2],[0.13817,51.63205,95.2],[0.13807,51.63196,94.8],[0.13795,51.63185,94.5],[0.13778,51.63168,94],[0.13769,51.63158,93.8],[0.1376,51.63149,93.6],[0.13746,51.63132,93.2],[0.13742,51.63126,93],[0.13741,51.63125,93],[0.1374,51.63124,93],[0.13733,51.63112,92.7],[0.13724,51.63097,92.3],[0.13714,51.63073,92],[0.13713,51.6307,92],[0.13708,51.63057,92],[0.13699,51.63034,92],[0.13695,51.63023,92],[0.13694,51.63022,92],[0.13687,51.63007,92],[0.13685,51.63003,92],[0.13683,51.62998,92.1],[0.13679,51.62992,92.4],[0.13676,51.62986,92.7],[0.13675,51.62985,92.7],[0.1366,51.62969,93.2],[0.13653,51.62963,93.2],[0.13651,51.62962,93.2],[0.13644,51.62957,93.1],[0.13637,51.62953,93],[0.13628,51.62949,92.8],[0.13618,51.62944,92.5],[0.13608,51.62941,92.2],[0.13603,51.62939,92.1],[0.13576,51.62931,91.1],[0.13569,51.62929,90.9],[0.13568,51.62929,90.8],[0.13543,51.62922,89.9],[0.13541,51.62921,89.8],[0.13526,51.62917,89.2],[0.13516,51.62914,88.9],[0.13489,51.62907,88.2],[0.13483,51.62906,88],[0.13466,51.62902,87.7],[0.13462,51.62901,87.6],[0.13451,51.62899,87.3],[0.13441,51.62897,87.1],[0.13429,51.62894,86.8],[0.13415,51.62891,86.5],[0.13408,51.62889,86.3],[0.13407,51.62888,86.4],[0.13397,51.62884,86.3],[0.13391,51.62882,86.2],[0.13389,51.62881,86.1],[0.13384,51.62878,86.1],[0.13379,51.62875,86.1],[0.13374,51.62871,86.2],[0.13369,51.62868,86.2],[0.13366,51.62865,86.3],[0.13363,51.62863,86.3],[0.13362,51.62862,86.3],[0.13345,51.62849,86.5],[0.13335,51.62842,86.5],[0.1331,51.62823,85.5],[0.13307,51.6282,85.4],[0.13303,51.62818,85.2],[0.13301,51.62816,85.1],[0.133,51.62815,85.1],[0.13293,51.62809,84.9],[0.13287,51.62805,84.7],[0.13284,51.62803,84.6],[0.13282,51.62801,84.6],[0.13278,51.62798,84.5],[0.13275,51.62796,84.4],[0.13265,51.62787,84.3],[0.13257,51.62782,84.1],[0.13247,51.62775,84],[0.13237,51.62768,84],[0.13221,51.62754,84.3],[0.13212,51.62745,84.6],[0.13205,51.6274,84.6],[0.132,51.62735,84.8],[0.13183,51.6272,85.2],[0.13179,51.62716,85.4],[0.1317,51.6271,85.5],[0.13153,51.62696,85.8],[0.13151,51.62695,85.7],[0.13133,51.62683,85.7],[0.13108,51.62666,85.5],[0.13089,51.62653,85.3],[0.13085,51.62651,85.2],[0.130817,51.62649,85.2],[0.1307,51.6264,85.2],[0.13041,51.62621,85.3],[0.13023,51.62608,85.6],[0.13012,51.62601,85.8],[0.13011,51.626,85.8],[0.13002,51.62594,86.1],[0.12972,51.62573,85.8],[0.12934,51.62547,85.2],[0.12924,51.6254,85.1],[0.12914,51.62533,85.1],[0.12891,51.62518,84.9],[0.12874,51.62506,84.9],[0.12872,51.62505,84.9],[0.12855,51.62494,84.6],[0.12849,51.6249,84.4],[0.128457,51.62489,84.3],[0.128457,51.62488,84.3],[0.12841,51.62486,84.1],[0.12828,51.62479,83.8],[0.12813,51.62472,83.5],[0.128097,51.6247,83.5],[0.12808,51.6247,83.4],[0.12781,51.62458,82.8],[0.12781,51.62458,82.8],[0.12776,51.62456,82.7],[0.12747,51.62444,81.9],[0.12712,51.62429,80.8],[0.126847,51.62418,79.8],[0.12678,51.62415,79.6],[0.12627,51.62393,79.2],[0.125818,51.62376,79],[0.125818,51.62376,79],[0.125517,51.62364,78.7],[0.12543,51.62361,78.5],[0.12494,51.62342,77.8],[0.12447,51.62324,77.1],[0.12442,51.62322,77],[0.12418,51.62314,76.5],[0.12399,51.62307,76.4],[0.12391,51.62304,76.3],[0.12296,51.62271,75.3],[0.12289,51.62269,75.2],[0.12282,51.62266,75.1],[0.1227,51.62262,75.1],[0.12208,51.6224,74.9],[0.12196,51.62236,74.8],[0.12194,51.62236,74.8],[0.12177,51.62229,74.7],[0.12163,51.62225,74.8],[0.12143,51.62219,75],[0.12137,51.62217,75.1],[0.12118,51.62211,75.4],[0.12102,51.62207,75.7],[0.12064,51.62196,76.2],[0.12058,51.62195,76.2],[0.12047,51.62191,76.3],[0.12036,51.62188,76.4],[0.1203,51.62186,76.5],[0.12028,51.62185,76.5],[0.12015,51.6218,76.7],[0.12004,51.62176,76.8],[0.11991,51.62171,77.2],[0.11968,51.62162,77.8],[0.11964,51.6216,77.9],[0.11951,51.62157,78.2],[0.11932,51.62152,78.7],[0.11929,51.62151,78.7],[0.11898,51.62142,79.2],[0.11866,51.62132,79.4],[0.1186,51.6213,79.4],[0.11833,51.62122,79.5],[0.11831,51.62121,79.5],[0.11779,51.62106,79.9],[0.11769,51.62103,80],[0.11734,51.6209,80.3],[0.11709,51.62081,80.5],[0.11683,51.62072,80.8],[0.11679,51.6207,80.9],[0.11654,51.62059,80.9],[0.11632,51.6205,80.9],[0.11628,51.62049,80.9],[0.11592,51.62033,81.2],[0.1158,51.62027,81.4],[0.11562,51.62018,81.6],[0.11558,51.62016,81.6],[0.11555,51.62015,81.6],[0.11552,51.62014,81.7],[0.11547,51.62014,81.7],[0.11529,51.62009,81.8],[0.11509,51.62004,81.9],[0.11507,51.62004,81.9],[0.11479,51.61997,81.8],[0.11464,51.61994,81.6],[0.11454,51.61992,81.5],[0.11453,51.61991,81.5],[0.11437,51.61987,81.4],[0.11421,51.61982,81.3],[0.11419,51.61981,81.3],[0.11393,51.61974,81.2],[0.1138,51.61969,81.2],[0.1135,51.61959,81.1],[0.11335,51.61954,81],[0.11286,51.61938,80.9],[0.11276,51.61935,80.8],[0.11228,51.6192,80.9],[0.11196,51.61909,81],[0.11171,51.61901,81],[0.11145,51.61893,80.8],[0.11139,51.61891,80.8],[0.11055,51.61864,80.5],[0.11045,51.61861,80.5],[0.11033,51.61857,80.5],[0.10924,51.61824,81.8],[0.10922,51.61823,81.8],[0.10906,51.61819,81.9],[0.10892,51.61815,82],[0.10856,51.61807,82.2],[0.10852,51.61806,82.2],[0.10821,51.618,82.4],[0.10797,51.61795,82.7],[0.10764,51.61789,83.2],[0.10754,51.61787,83.4],[0.10747,51.61785,83.5],[0.1071,51.61779,84.1],[0.10652,51.6177,85.2],[0.10601,51.61761,85.8],[0.10554,51.61753,86],[0.10515,51.61747,86],[0.10459,51.61739,86.6],[0.10419,51.61732,87.2],[0.10394,51.61727,87.3],[0.10334,51.61717,87.4],[0.10327,51.61716,87.5],[0.1029,51.61709,87.8],[0.10232,51.61697,88.1],[0.10205,51.61691,88.2],[0.10174,51.61686,88.2],[0.10162,51.61682,88.1],[0.10149,51.61679,87.9],[0.10131,51.61674,87.7],[0.10091,51.61662,86.6],[0.10026,51.61645,84.6],[0.09995,51.61636,83.3],[0.09974,51.6163,82.7],[0.09961,51.61623,82],[0.09948,51.61617,81.4],[0.09948,51.61617,81.4],[0.09933,51.61634,83.4],[0.09907,51.61651,85.3],[0.09907,51.61651,85.3],[0.09902,51.61655,85.8],[0.09882,51.61669,86.9],[0.09858,51.61687,86.4],[0.09843,51.61697,86],[0.09837,51.61701,85.8],[0.09833,51.61704,85.6],[0.09824,51.61711,85.1],[0.0982,51.61714,84.8],[0.09812,51.61719,84.3],[0.09795,51.61731,83.3],[0.09774,51.61747,82],[0.0977,51.61749,81.8],[0.09752,51.61763,80.4],[0.09712,51.61793,77.6],[0.09699,51.61804,76.6],[0.09697,51.61806,76.4],[0.09676,51.61825,74.7],[0.09669,51.61832,74.1],[0.09666,51.61835,73.9],[0.09666,51.61836,73.8],[0.09661,51.61842,73.3],[0.09653,51.61851,72.4],[0.09627,51.61884,69.5],[0.09622,51.61888,69.1],[0.09613,51.61898,68.2],[0.09611,51.619,68],[0.09608,51.61902,67.8],[0.09603,51.61905,67.4],[0.09597,51.61907,67.1],[0.09591,51.61909,66.7],[0.09589,51.61909,66.7],[0.09585,51.6191,66.5],[0.09576,51.61909,66.2],[0.09569,51.61909,65.9],[0.09562,51.61908,65.8],[0.09534,51.61901,65.2],[0.09515,51.61896,64.8],[0.09501,51.61892,64.5],[0.09489,51.6189,64.2],[0.0948,51.61889,63.9],[0.09472,51.61889,63.5],[0.09461,51.61889,63.1],[0.09451,51.61891,62.6],[0.09442,51.61892,62.2],[0.09429,51.61895,61.5],[0.09428,51.61895,61.5],[0.09417,51.61899,60.9],[0.09402,51.61905,60.2],[0.09381,51.61913,59.3],[0.09359,51.61924,58.5],[0.09342,51.61935,58],[0.09341,51.61935,58],[0.09341,51.61936,58],[0.09319,51.61949,57.3],[0.09318,51.6195,57.3],[0.09311,51.61954,57.1],[0.0929,51.61967,56.7],[0.09273,51.61976,56.4],[0.09257,51.61985,56.1],[0.09254,51.61987,56.1],[0.0924,51.61994,56],[0.09232,51.61998,56],[0.09205,51.62012,56.1],[0.09173,51.62028,56.3],[0.09166,51.62031,56.3],[0.09098,51.62063,54.3],[0.09094,51.62065,54.2],[0.09088,51.62067,54],[0.09073,51.62074,53.6],[0.09072,51.62075,53.6],[0.09064,51.62078,53.5],[0.09049,51.62085,53.1],[0.09048,51.62085,53.1],[0.09048,51.62086,53.1],[0.0903,51.62094,52.4],[0.08996,51.62111,51.3],[0.08983,51.62117,50.9],[0.08938,51.62139,49.7],[0.08933,51.62141,49.6],[0.08924,51.62146,49.4],[0.08906,51.62155,49],[0.08894,51.62161,48.8],[0.08889,51.62164,48.7],[0.08879,51.62168,48.5],[0.08872,51.62172,48.4],[0.08865,51.62175,48.3],[0.08848,51.62182,48],[0.08839,51.62185,47.8],[0.08833,51.62188,47.7],[0.08818,51.62191,47.6],[0.08799,51.62195,47.5],[0.08793,51.62197,47.5],[0.08789,51.62198,47.5],[0.08787,51.62198,47.5],[0.08772,51.62202,47.5],[0.08741,51.6221,47.5],[0.0871,51.62219,47.4],[0.08695,51.62223,47.5],[0.08682,51.62226,47.5],[0.0867,51.62229,47.5],[0.08656,51.62232,47.6],[0.08632,51.62237,48],[0.086,51.62244,48.5],[0.08594,51.62245,48.6],[0.08583,51.62248,48.9],[0.0857,51.62251,49.2],[0.08562,51.62254,49.5],[0.08552,51.62258,49.9],[0.08543,51.62262,50.3],[0.08535,51.62268,50.8],[0.08523,51.6228,51.6],[0.08511,51.62295,52.6],[0.08505,51.62306,53.3],[0.08501,51.62317,54],[0.08497,51.62331,54.8],[0.08495,51.62345,55.5],[0.08495,51.62356,56.1],[0.08494,51.62371,56.8],[0.08492,51.6238,57.3],[0.08489,51.62389,57.7],[0.08482,51.62403,58.5],[0.08469,51.62421,59.6],[0.08464,51.62428,60.1],[0.08459,51.62434,60.5],[0.08454,51.62441,61],[0.08447,51.62448,61.4],[0.08442,51.62453,61.7],[0.08437,51.62458,62],[0.08412,51.62481,63.1],[0.08409,51.62483,63.2],[0.08399,51.62492,63.6],[0.08388,51.62502,64],[0.08382,51.62507,64.2],[0.08344,51.62538,64.9],[0.08333,51.62546,65.1],[0.08329,51.62549,65.1],[0.08303,51.62569,65.3],[0.08295,51.62574,65.3],[0.08291,51.62576,65.3],[0.08287,51.62578,65.3],[0.08282,51.6258,65.3],[0.08279,51.62581,65.3],[0.08276,51.62582,65.3],[0.08273,51.62583,65.3],[0.08271,51.62584,65.3],[0.0827,51.62585,65.3],[0.08268,51.62587,65.3],[0.08268,51.62587,65.3],[0.08268,51.62586,65.2],[0.08267,51.62586,65.2],[0.08266,51.62586,65.2],[0.08266,51.62585,65.2],[0.08265,51.62585,65.2],[0.08264,51.62585,65.2],[0.08263,51.62585,65.2],[0.08262,51.62585,65.2],[0.08261,51.62585,65.1],[0.0826,51.62585,65.1],[0.08259,51.62585,65.1],[0.08259,51.62586,65.1],[0.08258,51.62586,65.1],[0.08256,51.62583,65.1],[0.08249,51.62577,64.8],[0.0824,51.6257,64.7],[0.08231,51.62563,64.5],[0.08212,51.62548,64.2],[0.08212,51.62548,64.2],[0.08209,51.62546,64.1],[0.08202,51.6254,64],[0.08193,51.62533,63.8],[0.08179,51.62522,63.5],[0.08168,51.62513,63.3],[0.08149,51.62498,62.9],[0.08146,51.62495,62.7],[0.08132,51.62484,62.1],[0.08123,51.62478,61.8],[0.08115,51.62471,61.5],[0.0811,51.62467,61.3],[0.08098,51.62458,60.9],[0.08093,51.62455,60.8],[0.08086,51.6245,60.6],[0.08086,51.6245,60.6],[0.08018,51.62485,62.3],[0.07996,51.62497,62.8],[0.07958,51.62516,62.1],[0.07951,51.6252,62],[0.07916,51.62536,61.4],[0.07889,51.62549,61.1],[0.07882,51.62552,61.1],[0.07833,51.62573,60.7],[0.07829,51.62574,60.7],[0.07798,51.62587,60.6],[0.07784,51.62593,60.6],[0.07773,51.62599,60.6],[0.07766,51.62604,60.6],[0.07763,51.62606,60.7],[0.07753,51.62612,60.7],[0.07745,51.62616,60.7],[0.07737,51.62621,60.8],[0.07701,51.62639,61.1],[0.07686,51.62647,61.3],[0.07679,51.62651,61.5],[0.07678,51.62651,61.5],[0.07658,51.62664,61.7],[0.07641,51.62673,61.2],[0.07636,51.62675,61],[0.07629,51.62679,60.7],[0.07622,51.62682,60.5],[0.07622,51.62682,60.5],[0.07613,51.62685,60.2],[0.07602,51.62688,59.9],[0.07593,51.62691,59.6],[0.07582,51.62693,59.4],[0.07571,51.62694,59.2],[0.07559,51.62694,59.1],[0.07547,51.62694,59.1],[0.0753,51.62694,58.9],[0.07529,51.62694,58.9],[0.07509,51.62694,58.7],[0.07498,51.62694,58.6],[0.07475,51.62696,57.7],[0.07427,51.627,56],[0.07296,51.62713,52.5],[0.07254,51.62717,51.5],[0.07248,51.62717,51.3],[0.07204,51.62721,50.2],[0.07136,51.62728,47.9],[0.07115,51.6273,46.9],[0.07094,51.62732,45.9],[0.07072,51.62734,45],[0.07053,51.62735,44.3],[0.07038,51.62736,43.8],[0.07022,51.62737,43.2],[0.07002,51.6274,42.4],[0.06984,51.62743,41.6],[0.06947,51.6275,40.1],[0.06946,51.6275,40.1],[0.06923,51.62754,38.9],[0.0692,51.62755,38.7],[0.06918,51.62755,38.6],[0.0689,51.62759,37.3],[0.06874,51.62761,36.5],[0.06846,51.62764,35.3],[0.06835,51.62765,34.8],[0.06823,51.62764,34.4],[0.06812,51.62764,34],[0.06804,51.62762,33.8],[0.06802,51.62762,33.7],[0.06793,51.6276,33.5],[0.06783,51.62757,33.2],[0.06779,51.62755,33.1],[0.06777,51.62755,33],[0.06772,51.62752,33],[0.06765,51.62749,32.7],[0.06759,51.62745,32.5],[0.06754,51.62741,32.3],[0.06748,51.62736,32.1],[0.06739,51.62726,31.8],[0.06706,51.6268,31.2],[0.06703,51.62676,31.1],[0.06702,51.62674,31.1],[0.06637,51.62586,30.9],[0.06632,51.62579,30.8],[0.06601,51.62539,29.7],[0.06601,51.62539,29.7],[0.06587,51.62546,29.2],[0.06581,51.62549,29.1],[0.06581,51.62549,29.1],[0.06566,51.62557,28.6],[0.06543,51.62568,27.9],[0.0653,51.62573,27.6],[0.065268,51.62575,27.5],[0.06524,51.62576,27.4],[0.06515,51.6258,27.2],[0.06504,51.62585,27.1],[0.065018,51.62585,27.1],[0.06481,51.62593,27],[0.06474,51.62596,26.9],[0.06457,51.62601,26.8],[0.06449,51.62604,26.8],[0.06433,51.62609,26.7],[0.06415,51.62615,26.6],[0.06413,51.62615,26.6],[0.06397,51.62619,26.5],[0.06376,51.62625,26.3],[0.06364,51.62628,26.1],[0.063547,51.62629,26],[0.06332,51.62634,25.8],[0.06311,51.62638,25.6],[0.0629,51.62642,25.4],[0.06271,51.62645,25.2],[0.0625,51.62648,24.9],[0.06228,51.62651,24.5],[0.0621,51.62654,24.2],[0.06202,51.62655,24.1],[0.06189,51.62657,23.8],[0.06109,51.62669,21.5],[0.06092,51.62672,21],[0.06081,51.62673,20.7],[0.06062,51.62676,20.2],[0.05999,51.62686,18.5],[0.05969,51.6269,17.8],[0.05963,51.62691,17.7],[0.05948,51.62693,17.3],[0.05936,51.62695,17.1],[0.05929,51.62695,17.1],[0.05925,51.62695,17],[0.05911,51.62696,16.9],[0.05841,51.627,16.3],[0.05796,51.62703,15.9],[0.05776,51.62704,15.9],[0.05767,51.62704,15.9],[0.05727,51.62707,16],[0.05678,51.6271,16],[0.05657,51.62712,16.2],[0.05628,51.62714,16.6],[0.05623,51.62715,16.7],[0.05585,51.62718,17.2],[0.05555,51.6272,17.6],[0.05541,51.62721,17.8],[0.05526,51.62723,18],[0.05518,51.62723,18.1],[0.05486,51.62726,18.7],[0.0548,51.62726,18.7],[0.05465,51.62727,19],[0.05442,51.62728,19.4],[0.0542,51.62729,19.7],[0.05411,51.6273,19.8],[0.05394,51.6273,20],[0.05374,51.62731,20.3],[0.05335,51.62733,20.8],[0.05289,51.62734,22.8],[0.05288,51.62734,22.9],[0.05248,51.62735,24.7],[0.052,51.62736,26.5],[0.05196,51.62736,26.6],[0.05176,51.62736,27.3],[0.05162,51.62736,27.8],[0.05148,51.62736,28.3],[0.05129,51.62735,28.9],[0.05117,51.62735,29.3],[0.05101,51.62734,29.8],[0.05085,51.62733,30.3],[0.05076,51.62732,30.5],[0.05066,51.62731,30.7],[0.0499,51.62724,32.3],[0.04962,51.62721,32.7],[0.04928,51.62718,33.4],[0.04875,51.62716,34.2],[0.04859,51.62715,34.5],[0.04859,51.62715,34.5],[0.04818,51.62713,35.4],[0.04767,51.6271,37.3],[0.04735,51.62708,38.2],[0.04731,51.62708,38.4],[0.04728,51.62708,38.4],[0.04724,51.62708,38.6],[0.04714,51.62709,38.9],[0.047,51.62709,39.3],[0.04621,51.62712,41.7],[0.04616,51.62712,41.9],[0.04612,51.62712,42],[0.04606,51.62712,42.2],[0.04591,51.62711,42.7],[0.04566,51.62709,43.6],[0.04493,51.62704,46.4],[0.04392,51.62696,50.3],[0.04375,51.62695,50.8],[0.04363,51.62694,51.2],[0.04355,51.62694,51.4],[0.04344,51.62694,51.7],[0.04336,51.62694,52],[0.04326,51.62695,52.3],[0.04319,51.62696,52.5],[0.04314,51.62697,52.6],[0.04299,51.62699,53.1],[0.04284,51.62702,53.5],[0.04268,51.62704,54],[0.0425,51.62706,54.6],[0.04236,51.62708,55.1],[0.04223,51.62709,55.6],[0.0421,51.6271,56.1],[0.04206,51.62711,56.2],[0.04192,51.62712,56.7],[0.0412,51.62715,59.4],[0.04118,51.62715,59.4],[0.04115,51.62715,59.5],[0.04111,51.62715,59.7],[0.04094,51.62716,60.2],[0.04077,51.62717,60.8],[0.04059,51.62718,61.4],[0.04044,51.62718,62],[0.04037,51.62719,62.2],[0.04025,51.62719,62.6],[0.04015,51.6272,62.9],[0.04004,51.6272,63.3],[0.03965,51.62722,64.5],[0.03944,51.62722,65.1],[0.03933,51.62722,65.5],[0.03903,51.62721,66.4],[0.03895,51.62721,66.6],[0.03865,51.62721,67.3],[0.03859,51.62721,67.4],[0.03859,51.6272,67.5],[0.03858,51.6272,67.5],[0.03858,51.62719,67.5],[0.03857,51.62719,67.5],[0.03856,51.62719,67.6],[0.03855,51.62719,67.6],[0.03854,51.62719,67.6],[0.03853,51.62719,67.6],[0.03852,51.62719,67.7],[0.03852,51.6272,67.6],[0.03851,51.6272,67.7],[0.03851,51.62721,67.6],[0.03842,51.62721,67.8],[0.03788,51.62718,69.8],[0.03783,51.62718,70],[0.03716,51.62714,72.1],[0.03676,51.62712,73.1],[0.03652,51.62711,73.9],[0.0357,51.62707,76.9],[0.03555,51.62706,77.4],[0.03482,51.62703,79.7],[0.03421,51.627,81.5],[0.03382,51.62698,82.4],[0.03374,51.62698,82.5],[0.03364,51.62697,82.7],[0.03344,51.62696,83.1],[0.03333,51.62695,83.3],[0.03319,51.62695,83],[0.03315,51.62695,82.9],[0.03312,51.62695,82.8],[0.03309,51.62696,82.8],[0.03306,51.62696,82.7],[0.03306,51.62696,82.7],[0.03305,51.62696,82.7],[0.03304,51.62696,82.6],[0.03304,51.62695,82.6],[0.03303,51.62695,82.6],[0.03302,51.62695,82.6],[0.03301,51.62695,82.6],[0.033,51.62695,82.5],[0.033,51.62696,82.6],[0.03299,51.62696,82.5],[0.03296,51.62692,82.4],[0.03297,51.62692,82.4],[0.03297,51.62691,82.4],[0.03298,51.62691,82.4],[0.03299,51.62691,82.5],[0.03299,51.6269,82.5],[0.03299,51.62689,82.4],[0.03299,51.62688,82.4],[0.03299,51.62687,82.4],[0.03298,51.62687,82.4],[0.03298,51.62686,82.4],[0.03297,51.62686,82.4],[0.03296,51.62686,82.3],[0.03296,51.62685,82.3],[0.03295,51.62685,82.3],[0.03294,51.62685,82.3],[0.03293,51.62685,82.3],[0.03292,51.62685,82.2],[0.03262,51.62646,81.5],[0.032488,51.62632,81.4],[0.03229,51.6261,81.4],[0.03216,51.62593,81.5],[0.03196,51.62565,81.7],[0.03194,51.62563,81.7],[0.031759,51.62537,82.2],[0.03155,51.62509,82.4],[0.03143,51.62493,82.1],[0.031399,51.62488,81.9],[0.03123,51.62464,81.2],[0.03113,51.62449,80.9],[0.0311,51.62444,80.7],[0.03094,51.62421,80.3],[0.03079,51.62398,80.2],[0.03071,51.62386,80.3],[0.03063,51.62375,80.4],[0.03052,51.62356,80.6],[0.03034,51.62328,81],[0.03028,51.62317,80.9],[0.03016,51.62295,80.9],[0.02999,51.62266,81],[0.02994,51.62258,80.9],[0.02989,51.62252,80.9],[0.02985,51.62247,80.7],[0.0298,51.62241,80.4],[0.0297,51.62232,80],[0.02948,51.62211,79.4],[0.02941,51.62205,79.3],[0.02931,51.62195,79.2],[0.02928,51.62192,79.2],[0.0292,51.62185,79.2],[0.0292,51.62185,79.2],[0.02914,51.6218,79.2],[0.02897,51.62164,79.1],[0.02895,51.62162,79],[0.02859,51.62129,77.4],[0.02843,51.62114,76.7],[0.0283,51.62102,76.1],[0.0283,51.62097,75.8],[0.02826,51.62092,75.5],[0.02819,51.62086,75.2],[0.02807,51.62077,74.6],[0.02798,51.62071,74.3],[0.0279,51.62066,74.1],[0.0278,51.62061,73.8],[0.0278,51.62061,73.8],[0.02779,51.62057,73.6],[0.02779,51.62051,73.3],[0.02778,51.62046,73.1],[0.02769,51.62024,72],[0.02769,51.62023,71.9],[0.02765,51.62014,71.5],[0.02762,51.62007,71.2],[0.02756,51.61993,70.7],[0.02749,51.61976,70.2],[0.02743,51.61964,69.9],[0.0274,51.61956,69.7],[0.02737,51.61951,69.6],[0.02725,51.61926,69.2],[0.02722,51.61921,69.1],[0.02718,51.61914,69.1],[0.0271,51.61897,69.2],[0.02701,51.6188,69.3],[0.02688,51.61855,69.5],[0.0268,51.61839,69.6],[0.02673,51.61826,69.9],[0.02665,51.61812,70.3],[0.02649,51.61781,70.9],[0.02638,51.61759,71.5],[0.02634,51.61752,71.7],[0.02625,51.61737,72.2],[0.0261,51.61709,72.9],[0.02597,51.61685,73.5],[0.02592,51.61675,73.7],[0.02578,51.61647,74.1],[0.02567,51.61625,74.2],[0.0256,51.61607,74.3],[0.02558,51.61603,74.3],[0.02549,51.61581,74.4],[0.02543,51.61568,74.6],[0.02531,51.6154,75],[0.02516,51.61502,75.6],[0.02515,51.61499,75.6],[0.02509,51.61484,75.6],[0.02502,51.61467,75.6],[0.02497,51.61454,75.5],[0.02489,51.61448,75.4],[0.02485,51.61441,75.3],[0.02483,51.61434,75.3],[0.02478,51.61422,75.1],[0.02477,51.61419,75],[0.0247,51.61404,74.3],[0.02466,51.61397,73.9],[0.02462,51.61388,73.4],[0.02455,51.61375,72.8],[0.02448,51.61364,72.4],[0.02419,51.61318,71.7],[0.02413,51.61308,71.8],[0.024,51.61285,71.8],[0.02401,51.61285,71.8],[0.02401,51.61284,71.8],[0.02402,51.61284,71.8],[0.02403,51.61284,71.7],[0.02403,51.61283,71.7],[0.02404,51.61283,71.7],[0.02404,51.61282,71.7],[0.02404,51.61281,71.7],[0.02404,51.6128,71.7],[0.02404,51.61279,71.7],[0.02403,51.61279,71.7],[0.02403,51.61278,71.7],[0.02402,51.61278,71.7],[0.02401,51.61278,71.7],[0.02401,51.61277,71.7],[0.024,51.61277,71.7],[0.02399,51.61277,71.7],[0.02398,51.61277,71.8],[0.02397,51.61277,71.8],[0.02396,51.61277,71.8],[0.02395,51.61277,71.8],[0.02377,51.61249,71.9],[0.02369,51.61236,71.7],[0.02361,51.61224,71.5],[0.02356,51.61215,71.3],[0.02352,51.6121,71.2],[0.02343,51.61196,70.9],[0.02337,51.61186,70.6],[0.02326,51.61171,70.1],[0.02319,51.61161,69.6],[0.02315,51.61155,69.4],[0.02309,51.61147,69.1],[0.02308,51.61145,69.1],[0.0229,51.61122,68.4],[0.02278,51.61108,68.2],[0.02237,51.61057,67.5],[0.02228,51.61046,67.2],[0.02226,51.61043,67.2],[0.0222,51.61035,67],[0.02207,51.6102,66.6],[0.02194,51.61001,66],[0.02164,51.60959,66],[0.02157,51.60951,65.9],[0.02151,51.60943,65.8],[0.02146,51.60934,65.8],[0.02138,51.60922,65.7],[0.02131,51.60913,65.5],[0.02126,51.60906,65.4],[0.02114,51.60887,65.3],[0.02104,51.60872,65.4],[0.02094,51.60855,65.6],[0.02074,51.60826,66.1],[0.02064,51.60814,66.1],[0.02057,51.60804,66],[0.02044,51.60788,66.1],[0.02043,51.60777,65.9],[0.02043,51.60775,65.9],[0.02042,51.60774,65.9],[0.0202,51.60744,66],[0.02014,51.60737,65.9],[0.02003,51.60723,65.6],[0.01989,51.60707,64.9],[0.01962,51.60692,64.4],[0.01943,51.60676,64],[0.01928,51.60663,63.7],[0.01923,51.60659,63.6],[0.01914,51.60652,63.3],[0.01906,51.60644,62.9],[0.01901,51.60638,62.7],[0.01898,51.60634,62.5],[0.01897,51.60626,62.2],[0.01872,51.60577,60.7],[0.0187,51.60571,60.9],[0.01869,51.60563,61.1],[0.01869,51.60555,61.3],[0.01868,51.60548,61.5],[0.01871,51.60499,62.7],[0.01874,51.60493,62.6],[0.01876,51.60488,62.5],[0.01877,51.60482,62.5],[0.01878,51.60476,62.5],[0.01878,51.60476,62.5],[0.01878,51.60475,62.5],[0.01879,51.60471,62.5],[0.01879,51.60467,62.5],[0.01879,51.60456,62.6],[0.01883,51.60441,62.5],[0.01888,51.60423,62.3],[0.01889,51.60418,62.3],[0.01896,51.60395,61.3],[0.01902,51.60373,60.5],[0.01903,51.60371,60.4],[0.01906,51.60355,59.8],[0.01907,51.60347,59.6],[0.0191,51.60336,59.2],[0.01912,51.60329,59],[0.01917,51.60305,58],[0.01918,51.60301,57.8],[0.01924,51.60284,57],[0.01924,51.60283,57],[0.01927,51.60268,56.4],[0.01928,51.60266,56.3],[0.01929,51.60264,56.2],[0.01929,51.60259,56],[0.01931,51.60248,55.6],[0.01931,51.60246,55.5],[0.01932,51.60239,55.2],[0.01932,51.60225,54.7],[0.01932,51.60209,54.2],[0.01932,51.60201,53.9],[0.01932,51.60172,52.8],[0.01933,51.60171,52.8],[0.01933,51.60162,52.5],[0.01934,51.60158,52.4],[0.01934,51.60153,52.4],[0.01938,51.60134,51.9],[0.01946,51.60113,51.2],[0.01947,51.60109,51.1],[0.01954,51.60087,50.3],[0.01956,51.60084,50.1],[0.01976,51.60048,51],[0.01982,51.60037,51.4],[0.01983,51.60035,51.5],[0.01999,51.60008,52.5],[0.0201,51.5999,52.9],[0.02014,51.59982,52.9],[0.02024,51.59966,52.9],[0.02035,51.59944,53.1],[0.0204,51.59934,53.2],[0.02048,51.59916,53.4],[0.02053,51.59905,53.4],[0.02058,51.59894,53.4],[0.02064,51.59888,53.3],[0.02068,51.59879,53.3],[0.02071,51.59871,53.2],[0.02082,51.59845,53],[0.02091,51.59824,52.7],[0.02096,51.59811,52.6],[0.02102,51.59796,52.4],[0.02107,51.59787,52.3],[0.02114,51.5977,52.2],[0.02121,51.59755,52.1],[0.0213,51.59734,51.7],[0.02138,51.59714,51.3],[0.02143,51.59704,51],[0.02146,51.59699,50.9],[0.02153,51.59689,50.6],[0.02159,51.59678,50.3],[0.02162,51.59673,50.2],[0.02163,51.5967,50.1],[0.02164,51.59668,50.1],[0.02168,51.59658,49.6],[0.02171,51.59648,49.2],[0.02174,51.59632,48.5],[0.02176,51.59624,48.3],[0.02177,51.59622,48.2],[0.02182,51.59612,47.9],[0.02188,51.59601,47.7],[0.02194,51.59588,47.3],[0.02199,51.59577,47],[0.02201,51.59571,46.9],[0.02202,51.59566,46.8],[0.02207,51.59556,46.5],[0.02213,51.59546,46.3],[0.02216,51.59536,46.4],[0.02222,51.59521,46.4],[0.02222,51.5952,46.4],[0.02226,51.59512,46.4],[0.02229,51.59503,46.5],[0.0223,51.59492,46.4],[0.0223,51.59477,46.2],[0.0223,51.59475,46.2],[0.02231,51.59464,46],[0.02231,51.59456,45.9],[0.02229,51.59445,45.8],[0.02229,51.59442,45.8],[0.0223,51.59434,45.7],[0.02236,51.59395,45],[0.02238,51.59382,44.8],[0.02239,51.5937,44.6],[0.0224,51.59365,44.5],[0.02241,51.59356,44.4],[0.02242,51.59343,44.2],[0.02243,51.59336,44.1],[0.02244,51.59328,43.9],[0.02244,51.59305,43.4],[0.02244,51.59261,42.3],[0.02245,51.59258,42.3],[0.02245,51.59256,42.2],[0.02246,51.59248,42],[0.02247,51.59236,42],[0.02249,51.59207,42],[0.02251,51.59193,42],[0.02251,51.59186,42],[0.0225,51.59175,42],[0.02247,51.59145,41.3],[0.02246,51.59135,40.9],[0.02246,51.59133,40.9],[0.02246,51.59131,40.8],[0.02245,51.59127,40.7],[0.02239,51.59095,39.6],[0.02235,51.59076,39],[0.0223,51.59051,38.5],[0.02225,51.59026,37.9],[0.02225,51.59024,37.9],[0.02225,51.59022,37.8],[0.02224,51.59019,37.8],[0.0222,51.58999,37.4],[0.02216,51.58979,37.3],[0.02214,51.58967,37.3],[0.02212,51.58958,37.2],[0.02212,51.58956,37.2],[0.02208,51.5894,37.1],[0.02206,51.58929,37.1],[0.02205,51.58925,37.1],[0.02203,51.58918,37],[0.02201,51.58911,36.9],[0.02199,51.58903,36.8],[0.02197,51.58896,36.8],[0.02193,51.58885,36.6],[0.02192,51.5888,36.6],[0.02186,51.58862,36.3],[0.02185,51.58861,36.3],[0.02177,51.58838,36.1],[0.02158,51.58784,35.5],[0.02152,51.58767,35.4],[0.02145,51.58748,35.2],[0.02144,51.58743,35.2],[0.0214,51.58728,35],[0.02137,51.58719,34.9],[0.02137,51.58718,34.8],[0.02135,51.58712,34.8],[0.02135,51.58708,34.7],[0.02134,51.58706,34.7],[0.02132,51.58697,34.5],[0.02129,51.5868,34.2],[0.02122,51.58649,33.8],[0.02116,51.5863,33.6],[0.02109,51.58605,33.3],[0.02104,51.5859,33.1],[0.021,51.5858,33],[0.02096,51.58569,33],[0.0209,51.58553,33],[0.02086,51.58543,33],[0.02075,51.58516,33],[0.02073,51.58509,33],[0.02062,51.58479,32.9],[0.02056,51.58463,32.8],[0.02055,51.58461,32.9],[0.0205,51.58448,32.9],[0.02041,51.58417,33],[0.02034,51.58393,32],[0.02032,51.5838,31.4],[0.0203,51.58372,31],[0.02027,51.58356,30.2],[0.02026,51.58351,29.9],[0.02025,51.58344,29.6],[0.02024,51.5834,29.4],[0.02023,51.58335,29.1],[0.02022,51.58326,29.1],[0.02022,51.58313,29.4],[0.02023,51.58303,29.5],[0.02024,51.58299,29.6],[0.02025,51.58289,29.7],[0.02026,51.58281,29.9],[0.02027,51.58266,30.1],[0.02027,51.5826,30.2],[0.02028,51.58243,30.3],[0.02029,51.58235,30.3],[0.02029,51.58223,30.3],[0.0203,51.58212,30.3],[0.02029,51.582,30.3],[0.02029,51.58195,30.3],[0.02029,51.58195,30.3],[0.02043,51.5819,30],[0.02048,51.58188,29.8],[0.02057,51.58184,29.6],[0.0206,51.58183,29.6],[0.02065,51.58179,29.4],[0.02076,51.58171,29.2],[0.02088,51.58162,28.9],[0.021,51.58155,28.6],[0.02113,51.58147,28.3],[0.02118,51.58143,28.2],[0.02121,51.58142,28.1],[0.02161,51.58116,27.1],[0.02166,51.58114,27],[0.02182,51.58105,27],[0.0219,51.58101,26.9],[0.02223,51.58079,27.1],[0.0226,51.58056,27.2],[0.02264,51.58054,27.2],[0.023,51.58033,27],[0.02315,51.58023,26.9],[0.02333,51.58011,26.9],[0.02345,51.58004,26.8],[0.02358,51.57996,26.9],[0.02368,51.57989,27.2],[0.02375,51.57985,27.4],[0.02387,51.57977,27.7],[0.02449,51.57939,29],[0.02468,51.57927,29.2],[0.02474,51.57924,29.2],[0.0248,51.5792,29.3],[0.02486,51.57916,29.3],[0.02494,51.57911,29.2],[0.02521,51.57895,29.2],[0.02525,51.57893,29.2],[0.02528,51.57891,29.2],[0.02531,51.57889,29.2],[0.0254,51.57883,29.2],[0.02543,51.57881,29.2],[0.02545,51.57879,29.2],[0.02547,51.57878,29.2],[0.02549,51.57876,29.2],[0.0255,51.57875,29.2],[0.02552,51.57873,29.2],[0.02562,51.5786,29.2],[0.02576,51.5784,29.1],[0.02583,51.57833,29],[0.0259,51.57823,29.4],[0.02614,51.57794,30.3],[0.02638,51.57764,31.1],[0.02641,51.5776,31.2],[0.02651,51.57747,31.4],[0.02653,51.57744,31.4],[0.02671,51.57727,31.2],[0.02682,51.57717,31.1],[0.02686,51.57712,31.1],[0.02689,51.5771,31.1],[0.02707,51.57698,31],[0.02713,51.57695,30.9],[0.02716,51.57692,30.9],[0.0272,51.57689,30.9],[0.02722,51.57686,30.9],[0.02725,51.57683,31],[0.02727,51.5768,31],[0.02731,51.57674,31.1],[0.02742,51.57656,31.1],[0.02743,51.57654,31.1],[0.02745,51.57652,31],[0.02765,51.57617,30.7],[0.02775,51.576,30.6],[0.02782,51.5759,30.6],[0.02783,51.57587,30.6],[0.02797,51.57567,30.6],[0.02803,51.57557,30.7],[0.02803,51.57557,30.7],[0.02794,51.57552,30.9],[0.0279,51.5755,30.9],[0.02788,51.5755,31],[0.02786,51.57549,31],[0.02784,51.57549,31],[0.02774,51.57548,31.1],[0.02756,51.57541,31.4],[0.02742,51.57536,31.6],[0.02722,51.57528,31.7],[0.02709,51.57523,31.7],[0.02671,51.57509,31.9],[0.02666,51.57507,31.9],[0.0266,51.57505,31.9],[0.02642,51.57498,32],[0.02635,51.57496,32],[0.02629,51.57494,32],[0.02607,51.57488,31.9],[0.02588,51.57482,31.8],[0.0255,51.57469,31.5],[0.02538,51.57465,31.4],[0.02507,51.57454,30.9],[0.02507,51.57454,30.9],[0.02496,51.57451,30.9],[0.02449,51.57432,30.9],[0.02406,51.57415,31],[0.02384,51.57407,31.1],[0.02371,51.57402,31.2],[0.02354,51.57395,31.3],[0.02344,51.57391,31.3],[0.02326,51.57385,31.4],[0.02326,51.57385,31.4],[0.02339,51.57372,31.7],[0.02345,51.57365,31.8],[0.02354,51.57355,32],[0.02355,51.57354,32],[0.02357,51.57351,32],[0.0236,51.57348,32.1],[0.02361,51.57345,32.1],[0.02362,51.57342,32.2],[0.02362,51.57339,32.2],[0.02362,51.57316,32.6],[0.02361,51.57294,33.3],[0.0236,51.57278,33.8],[0.02359,51.57265,34.2],[0.02357,51.57216,33.9],[0.02356,51.57191,33.3],[0.02354,51.57143,32.5],[0.02353,51.57121,32.2],[0.02353,51.571,32],[0.02353,51.57096,31.9],[0.02351,51.57073,31.8],[0.02351,51.57068,31.8],[0.02351,51.57068,31.8],[0.0235,51.57054,31.8],[0.02348,51.5703,31.8],[0.02348,51.57017,31.8],[0.02347,51.57004,31.8],[0.02349,51.56973,31.5],[0.02349,51.56968,31.4],[0.0235,51.56964,31.4],[0.02351,51.56958,31.3],[0.02351,51.56955,31.2],[0.02352,51.56948,31.2],[0.02356,51.56932,30.9],[0.02361,51.56917,30.7],[0.02367,51.569,30],[0.0237,51.5689,29.6],[0.02376,51.56874,28.9],[0.02382,51.56859,28.2],[0.02386,51.56848,27.7],[0.02396,51.56824,26.8],[0.02409,51.56791,26.7],[0.02423,51.56758,26.7],[0.02427,51.56747,26.7],[0.02432,51.56736,26.3],[0.02438,51.56724,25.9],[0.02441,51.56719,25.8],[0.02449,51.56703,25.3],[0.02449,51.56702,25.3],[0.02451,51.56698,25.2],[0.0246,51.5668,24.7],[0.02464,51.56673,24.5],[0.02467,51.56667,24.4],[0.02472,51.56656,24.3],[0.0248,51.56638,24.1],[0.02483,51.56633,24],[0.02487,51.56617,24],[0.02489,51.5659,23.9],[0.0249,51.56561,22.8],[0.02492,51.56527,21.2],[0.02494,51.56489,20.1],[0.02496,51.56461,20.4],[0.02496,51.56452,20.5],[0.02497,51.56434,20.8],[0.02497,51.56434,20.8],[0.02498,51.56434,20.8],[0.02499,51.56434,20.8],[0.025,51.56434,20.8],[0.02501,51.56434,20.8],[0.02501,51.56433,20.8],[0.02502,51.56433,20.8],[0.02503,51.56433,20.8],[0.02504,51.56433,20.8],[0.02504,51.56432,20.8],[0.02505,51.56432,20.8],[0.02506,51.56431,20.8],[0.02507,51.56431,20.8],[0.02507,51.5643,20.8],[0.02507,51.56429,20.9],[0.02508,51.56429,20.9],[0.02508,51.56428,20.9],[0.02507,51.56428,20.9],[0.02507,51.56427,20.9],[0.02507,51.56426,20.9],[0.02506,51.56426,20.9],[0.02506,51.56425,20.9],[0.02505,51.56425,20.9],[0.02505,51.56424,20.9],[0.02504,51.56424,20.9],[0.02503,51.56424,20.9],[0.02502,51.56423,20.9],[0.02501,51.56423,20.9],[0.025,51.56423,20.9],[0.02499,51.56423,20.9],[0.02498,51.56423,20.9],[0.02497,51.56423,20.9],[0.02496,51.56418,20.9],[0.02495,51.56414,21],[0.02495,51.56408,21],[0.02495,51.56406,21.1],[0.02497,51.56398,21.2],[0.025,51.56388,21.3],[0.02501,51.56383,21.4],[0.02501,51.56381,21.4],[0.02502,51.5638,21.4],[0.02502,51.56379,21.4],[0.02502,51.56375,21.5],[0.02503,51.56375,21.5],[0.02504,51.56375,21.5],[0.02505,51.56375,21.4],[0.02505,51.56374,21.5],[0.02506,51.56374,21.4],[0.02507,51.56374,21.4],[0.02507,51.56373,21.4],[0.02508,51.56373,21.4],[0.02508,51.56372,21.4],[0.02508,51.56371,21.4],[0.02508,51.5637,21.5],[0.02508,51.56369,21.5],[0.02507,51.56369,21.5],[0.02507,51.56368,21.5],[0.02506,51.56368,21.5],[0.02505,51.56368,21.5],[0.02505,51.56367,21.5],[0.02506,51.56363,21.6],[0.0251,51.56354,21.6],[0.02518,51.56326,21.3],[0.0252,51.56322,21.2],[0.02529,51.56286,20],[0.0254,51.56248,18.9],[0.02542,51.56241,18.7],[0.02545,51.56227,18.2],[0.02551,51.56204,17.3],[0.02556,51.56184,16.6],[0.02557,51.56178,16.4],[0.02558,51.56172,16.2],[0.0256,51.5616,16.3],[0.02561,51.56149,16.8],[0.02561,51.56139,17.3],[0.02559,51.56128,17.9],[0.02557,51.56117,18.4],[0.02555,51.56105,19],[0.02549,51.56084,20],[0.02539,51.56044,17.6],[0.02536,51.56034,17],[0.02535,51.56026,16.6],[0.02533,51.56014,15.8],[0.02531,51.56002,15.1],[0.02531,51.55992,15],[0.02531,51.5599,15],[0.02531,51.55965,15],[0.02531,51.55893,15.2],[0.0253,51.55803,15],[0.0253,51.55747,14.2],[0.0253,51.55721,15.6],[0.0253,51.55713,16.1],[0.0253,51.55704,16.6],[0.0253,51.55687,17.5],[0.0253,51.55658,18.5],[0.02529,51.55619,17.7],[0.02529,51.55572,17],[0.02529,51.55565,17],[0.02529,51.55561,17],[0.02531,51.55511,17],[0.02531,51.55506,17],[0.0253,51.55453,16.4],[0.0253,51.5545,16.4],[0.0253,51.55429,16.1],[0.0253,51.55413,16],[0.0253,51.554,16],[0.0253,51.55394,16],[0.0253,51.55387,16],[0.02529,51.55368,16],[0.02528,51.55352,16],[0.02528,51.55342,16],[0.0253,51.55312,15.5],[0.02531,51.55295,15.1],[0.02532,51.55282,14.8],[0.02533,51.55269,14.5],[0.02534,51.55257,14.2],[0.02535,51.5525,14],[0.02535,51.55239,13.9],[0.02535,51.55234,13.8],[0.02534,51.55226,13.7],[0.02531,51.55211,13.5],[0.02529,51.55199,13.4],[0.02528,51.55198,13.4],[0.02526,51.55188,13.3],[0.02524,51.55176,13.1],[0.02523,51.55165,13],[0.02523,51.55157,13],[0.02522,51.55147,13],[0.02521,51.55133,13],[0.0252,51.55122,13],[0.02519,51.55107,13],[0.02518,51.55097,13],[0.02517,51.55091,13],[0.02516,51.55082,13],[0.02514,51.55072,13],[0.02514,51.55072,13],[0.02507,51.55034,13],[0.02505,51.55026,13],[0.02501,51.55013,13],[0.02497,51.54999,13],[0.0249,51.54977,13.1],[0.02489,51.54966,13.1],[0.02489,51.54961,13.1],[0.02488,51.54957,13.1],[0.02488,51.54953,13.1],[0.02487,51.54949,13.1],[0.02486,51.54939,13],[0.02485,51.54925,13],[0.02483,51.54913,13],[0.02485,51.54903,13],[0.02486,51.54896,13],[0.02487,51.54886,13],[0.02489,51.54871,13],[0.02496,51.54847,13],[0.02498,51.54842,13],[0.02521,51.54783,13.6],[0.0253,51.54754,14],[0.02537,51.5473,13.8],[0.02537,51.54728,13.7],[0.02542,51.54718,13.6],[0.02549,51.54695,13.3],[0.02553,51.54682,13.2],[0.02559,51.54678,13.1],[0.02563,51.54669,13],[0.02572,51.54657,13],[0.02579,51.54649,13],[0.02584,51.54645,13],[0.02586,51.54643,13],[0.02588,51.54639,13],[0.02589,51.54636,13],[0.0259,51.54632,13],[0.02587,51.5462,13],[0.02589,51.5461,13],[0.02593,51.54583,12.9],[0.02594,51.54574,13],[0.02596,51.54556,13.2],[0.02597,51.54545,13.3],[0.02599,51.54535,13.4],[0.026,51.5453,13.4],[0.026,51.5453,13.4],[0.02604,51.5451,13.6],[0.02609,51.5448,13.3],[0.02611,51.5447,13.1],[0.02613,51.54453,12.7],[0.02617,51.54424,12.1],[0.02617,51.54421,12.1],[0.02617,51.54413,12],[0.02617,51.54391,11.8],[0.02617,51.54384,11.8],[0.02616,51.54374,11.7],[0.02616,51.54369,11.7],[0.02617,51.54366,11.6],[0.02618,51.54347,11.5],[0.02618,51.54329,11.5],[0.02618,51.54327,11.6],[0.02617,51.54317,11.8],[0.02618,51.54314,11.9],[0.02619,51.54306,12.1],[0.02621,51.54284,12.6],[0.02622,51.54274,12.9],[0.02623,51.5426,13.2],[0.02625,51.54245,13.4],[0.02625,51.5424,13.3],[0.02626,51.54236,13.3],[0.02627,51.54223,13],[0.02628,51.5421,12.8],[0.02628,51.54208,12.8],[0.02628,51.54204,12.7],[0.02627,51.54202,12.6],[0.02627,51.542,12.6],[0.02626,51.54198,12.6],[0.02625,51.54196,12.5],[0.02624,51.54194,12.5],[0.02623,51.54193,12.5],[0.0262,51.54191,12.4],[0.02614,51.5419,12.4],[0.02611,51.54189,12.4],[0.02605,51.54188,12.3],[0.02602,51.54188,12.3],[0.02597,51.54187,12.3],[0.02591,51.54187,12.3],[0.02583,51.54187,12.2],[0.02565,51.54186,12.2],[0.0255,51.54187,12.1],[0.02534,51.54187,12.1],[0.0247,51.54191,12.3],[0.02465,51.54191,12.3],[0.02455,51.54192,12.4],[0.02446,51.54192,12.5],[0.02437,51.54192,12.5],[0.02421,51.54191,12.7],[0.02387,51.54189,12.7],[0.02363,51.54187,12.8],[0.02341,51.54186,12.8],[0.02327,51.54184,12.7],[0.02318,51.54183,12.7],[0.02316,51.54183,12.6],[0.02309,51.54182,12.6],[0.02304,51.5418,12.5],[0.023,51.54178,12.5],[0.02296,51.54176,12.5],[0.0229,51.54173,12.4],[0.02288,51.5417,12.4],[0.02287,51.54167,12.4],[0.02286,51.54163,12.4],[0.02285,51.54159,12.4],[0.02285,51.54154,12.4],[0.02285,51.54137,12.4],[0.02286,51.54115,12.4],[0.02287,51.54101,12.4],[0.02286,51.54092,12.4],[0.02288,51.54086,12.5],[0.02287,51.54074,12.3],[0.02287,51.54056,12],[0.02286,51.54037,11.6],[0.02286,51.54027,11.5],[0.02286,51.54018,11.3],[0.02287,51.54009,11.2],[0.02287,51.54,11],[0.02288,51.53992,11],[0.02288,51.53987,11.1],[0.02289,51.53975,11.1],[0.02286,51.53952,11.2],[0.02284,51.53928,11.4],[0.02282,51.53913,11.4],[0.02283,51.53898,11.4],[0.02283,51.53888,11.5],[0.02284,51.53872,11.5],[0.02283,51.53868,11.5],[0.02283,51.53865,11.5],[0.02283,51.53862,11.5],[0.02282,51.53859,11.5],[0.02281,51.53856,11.6],[0.0228,51.53853,11.6],[0.02277,51.53847,11.6],[0.02271,51.53836,11.7],[0.0227,51.53836,11.7],[0.02263,51.53825,11.7],[0.0226,51.53818,11.7],[0.02256,51.53813,11.7],[0.02249,51.53803,11.6],[0.02246,51.53797,11.6],[0.0224,51.53788,11.5],[0.02235,51.53781,11.4],[0.02233,51.53776,11.3],[0.02231,51.53772,11.3],[0.02229,51.53768,11.2],[0.02228,51.53767,11.2],[0.02226,51.5376,11.1],[0.02225,51.53753,11],[0.0222,51.53735,11],[0.02216,51.53719,11],[0.02214,51.53711,11],[0.02209,51.5369,11],[0.02209,51.5369,11],[0.02208,51.53687,11],[0.02208,51.53687,11],[0.02206,51.53686,11],[0.02204,51.53685,11],[0.022,51.53684,11],[0.02197,51.53683,11],[0.02194,51.53682,11],[0.02191,51.53682,11],[0.02187,51.53682,11],[0.02184,51.53682,11],[0.02179,51.53682,11],[0.02169,51.53683,11],[0.02123,51.53686,11],[0.02099,51.53687,11],[0.02087,51.53687,11],[0.02075,51.53688,11],[0.0205,51.53689,11],[0.02029,51.5369,11],[0.02002,51.53691,11],[0.01975,51.53692,10.8],[0.01955,51.53693,10.6],[0.01924,51.53695,10.4],[0.01842,51.53699,10.4],[0.01814,51.53701,10.2],[0.01812,51.53701,10.2],[0.01805,51.53702,10.1],[0.018,51.53702,10],[0.0179,51.53702,9.9],[0.0178,51.53701,9.8],[0.01776,51.53701,9.7],[0.01772,51.537,9.7],[0.0176,51.53698,9.5],[0.01755,51.53698,9.4],[0.01745,51.53696,9.3],[0.01716,51.53692,9.2],[0.01704,51.53691,9.1],[0.01697,51.5369,9.1],[0.0169,51.5369,9.1],[0.01683,51.53689,9.1],[0.01671,51.53689,9],[0.01664,51.5369,9],[0.01653,51.53691,9],[0.01641,51.53693,8.9],[0.01624,51.53695,8.8],[0.016119,51.53697,8.8],[0.01589,51.53699,8.6],[0.01567,51.53701,8.6],[0.01542,51.53702,8.6],[0.01517,51.53704,8.6],[0.01492,51.53705,8.5],[0.01473,51.53706,8.5],[0.0146,51.53707,8.5],[0.01435,51.53709,8.5],[0.01429,51.53709,8.5],[0.01408,51.5371,8.5],[0.01379,51.53712,8.5],[0.01357,51.53713,8.4],[0.01328,51.53713,8.4],[0.01319,51.53714,8.3],[0.01293,51.53714,8],[0.01248,51.53716,7.6],[0.01205,51.53718,7.4],[0.01187,51.53719,7.3],[0.01174,51.53719,7.3],[0.01152,51.5372,7.2],[0.01149,51.5372,7.1],[0.01127,51.5372,7],[0.01121,51.5372,6.9],[0.01101,51.5372,6.8],[0.01076,51.5372,6.6],[0.0105,51.5372,6.6],[0.01027,51.5372,6.6],[0.01002,51.53719,6.6],[0.0099,51.53719,6.7],[0.00985,51.53719,6.8],[0.00983,51.53718,6.8],[0.0098,51.53716,6.8],[0.00977,51.53715,6.8],[0.00976,51.53715,6.8],[0.0097,51.53714,6.9],[0.0096,51.53714,7],[0.00938,51.53713,7.2],[0.0093,51.53712,7.3],[0.00919,51.53713,7.4],[0.00906,51.53714,7.5],[0.00891,51.53716,7.5],[0.00885,51.53717,7.5],[0.0088,51.53717,7.6],[0.00879,51.53718,7.6],[0.00877,51.53718,7.6],[0.00876,51.53719,7.6],[0.00874,51.53722,7.5],[0.00871,51.53722,7.5],[0.00866,51.53723,7.5],[0.00862,51.53724,7.5],[0.00855,51.53726,7.5],[0.00844,51.53728,7.5],[0.00832,51.53731,7.4],[0.00823,51.53734,7.3],[0.00817,51.53735,7.2],[0.00813,51.53736,7.1],[0.008109,51.53737,7],[0.00808,51.53737,7],[0.008019,51.53738,6.9],[0.00797,51.53738,6.9],[0.00792,51.53738,6.8],[0.00782,51.53738,6.7],[0.00779,51.53738,6.6],[0.00775,51.53738,6.6],[0.00772,51.53738,6.6],[0.00768,51.53737,6.5],[0.0076,51.53736,6.5],[0.00753,51.53734,6.4],[0.00745,51.53732,6.4],[0.00736,51.53728,6.5],[0.00727,51.53724,6.5],[0.00713,51.53717,6.6],[0.00703,51.53711,6.7],[0.00671,51.537,6.6],[0.00642,51.53689,6.6],[0.00642,51.53689,6.6],[0.00659,51.53661,7],[0.0067,51.53644,7.3],[0.00674,51.53637,7.4],[0.0068,51.53629,7.5],[0.00681,51.53628,7.6],[0.00683,51.53626,7.6],[0.00686,51.53624,7.6],[0.00687,51.53623,7.6],[0.00695,51.53617,7.7],[0.00706,51.5361,7.8],[0.00718,51.536,7.9],[0.00732,51.53589,8],[0.00744,51.53582,8],[0.00755,51.53575,7.8],[0.00765,51.53569,7.7],[0.00826,51.53544,7.5],[0.0084,51.53538,7.4],[0.0084,51.53538,7.4],[0.00842,51.53537,7.4],[0.00854,51.53533,7.2],[0.0088,51.5352,6.8],[0.0089,51.53515,6.6],[0.0089,51.53515,6.6],[0.00884,51.53509,6.6],[0.00877,51.535,6.5],[0.00876,51.53498,6.5],[0.00868,51.5349,6.7],[0.00862,51.53475,7],[0.00853,51.53452,7.3],[0.00836,51.53405,7.3],[0.0082,51.53363,5],[0.0081,51.53336,3.7],[0.008059,51.53327,3.7],[0.00797,51.53305,3.8],[0.0079,51.53285,3.7],[0.00778,51.53251,3.3],[0.00774,51.53239,3.3],[0.00772,51.53233,3.3],[0.0077,51.53228,3.2],[0.00761,51.53207,3.1],[0.00759,51.532,3.1],[0.00755,51.5319,3.1],[0.0075,51.5318,3],[0.00745,51.53172,3],[0.00741,51.53167,3],[0.00739,51.53164,3],[0.00732,51.53156,3],[0.00724,51.53147,3],[0.00719,51.53142,3],[0.00712,51.53137,3],[0.00704,51.53132,3],[0.00694,51.53125,3],[0.00675,51.53115,3],[0.00674,51.53115,3],[0.00653,51.53103,3],[0.00644,51.53098,3],[0.00635,51.53092,3],[0.00603,51.53072,3.1],[0.00593,51.53068,3],[0.00585,51.53063,3],[0.00564,51.53051,2.9],[0.00544,51.53039,2.7],[0.00536,51.53034,2.7],[0.00533,51.53033,2.6],[0.00521,51.53026,2.5],[0.00512,51.5302,2.3],[0.00506,51.53016,2.3],[0.00503,51.53014,2.3],[0.00486,51.53003,2.4],[0.00485,51.53003,2.5],[0.00481,51.53,2.5],[0.00479,51.52998,2.5],[0.00478,51.52996,2.5],[0.00476,51.52994,2.6],[0.00474,51.52992,2.6],[0.00474,51.52991,2.6],[0.00473,51.52989,2.6],[0.00473,51.52987,2.7],[0.00473,51.52986,2.7],[0.00473,51.52984,2.7],[0.00473,51.52981,2.7],[0.00474,51.52978,2.8],[0.00475,51.52976,2.8],[0.00477,51.52968,2.8],[0.00481,51.52955,2.9],[0.00484,51.52946,2.9],[0.00485,51.52943,2.9],[0.00487,51.52937,3],[0.00488,51.52937,2.9],[0.00489,51.52937,2.9],[0.0049,51.52937,2.9],[0.00491,51.52937,2.9],[0.00492,51.52937,2.9],[0.00492,51.52936,2.9],[0.00493,51.52936,2.9],[0.00494,51.52936,2.9],[0.00494,51.52935,2.9],[0.00495,51.52935,2.9],[0.00495,51.52934,2.9],[0.00495,51.52933,2.9],[0.00495,51.52932,2.9],[0.00495,51.52931,2.9],[0.00494,51.52931,2.9],[0.00494,51.5293,2.9],[0.00493,51.5293,2.9],[0.00492,51.5293,3],[0.00492,51.52929,3],[0.00491,51.52929,3],[0.0049,51.52929,3],[0.00489,51.52929,3],[0.0049,51.52922,3.1],[0.0049,51.52906,3.2],[0.00491,51.52886,3.4],[0.00492,51.5288,3.4],[0.00492,51.52873,3.5],[0.00492,51.52866,3.5],[0.00492,51.52864,3.5],[0.00492,51.52862,3.6],[0.00492,51.5286,3.6],[0.00491,51.52859,3.6],[0.00491,51.52858,3.6],[0.00489,51.52856,3.6],[0.00486,51.52851,3.6],[0.00485,51.52849,3.6],[0.00484,51.52847,3.5],[0.00483,51.52845,3.5],[0.00483,51.52843,3.5],[0.00482,51.52841,3.5],[0.00482,51.52839,3.5],[0.00482,51.52836,3.6],[0.00482,51.52834,3.6],[0.00482,51.52829,3.6],[0.00482,51.52821,3.6],[0.00482,51.52813,3.6],[0.00482,51.52803,3.6],[0.00482,51.52784,3.7],[0.00482,51.5278,3.7],[0.00483,51.5278,3.7],[0.00484,51.5278,3.7],[0.00484,51.52779,3.7],[0.00485,51.52779,3.8],[0.00486,51.52779,3.8],[0.00486,51.52778,3.8],[0.00487,51.52778,3.8],[0.00487,51.52777,3.8],[0.00487,51.52776,3.8],[0.00486,51.52776,3.8],[0.00486,51.52775,3.8],[0.00485,51.52775,3.8],[0.00484,51.52775,3.8],[0.00483,51.52775,3.7],[0.00483,51.52762,3.8],[0.00485,51.52659,4.6],[0.00487,51.52576,4.1],[0.00487,51.5257,4.3],[0.00487,51.52554,4.9],[0.00487,51.52544,5.2],[0.00487,51.52533,5.6],[0.00487,51.52527,5.8],[0.00486,51.5252,6.1],[0.00485,51.52511,6.5],[0.00484,51.525,7],[0.00482,51.52486,6.6],[0.00481,51.5248,6.5],[0.00482,51.5248,6.4],[0.00482,51.52479,6.4],[0.00483,51.52479,6.3],[0.00483,51.52478,6.3],[0.00484,51.52478,6.2],[0.00484,51.52477,6.2],[0.00483,51.52477,6.2],[0.00483,51.52476,6.2],[0.00482,51.52476,6.3],[0.00481,51.52476,6.3],[0.0048,51.52475,6.4],[0.00474,51.52435,5.5],[0.00475,51.52435,5.4],[0.00476,51.52435,5.3],[0.00477,51.52435,5.3],[0.00477,51.52434,5.2],[0.00478,51.52433,5.1],[0.00477,51.52432,5.2],[0.00476,51.52431,5.2],[0.00475,51.52431,5.3],[0.00474,51.52431,5.3],[0.00472,51.5242,5.1],[0.00471,51.52413,5],[0.0047,51.52402,5],[0.00468,51.52387,4.8],[0.00467,51.5238,4.8],[0.00467,51.52374,4.7],[0.00468,51.52367,4.5],[0.00468,51.52359,4.4],[0.00469,51.52347,4.2],[0.00469,51.52344,4.2],[0.0047,51.52322,3.6],[0.00471,51.52318,3.4],[0.00471,51.52317,3.4],[0.00471,51.52311,3.1],[0.0047,51.52302,2.8],[0.00469,51.52295,2.5],[0.00469,51.52289,2.3],[0.00467,51.52281,2],[0.00466,51.52277,1.8],[0.00464,51.52269,1.6],[0.00457,51.5225,1],[0.00451,51.52231,1.3],[0.0045,51.52228,1.3],[0.00445,51.52212,1.5],[0.00442,51.52204,1.6],[0.00441,51.52197,1.6],[0.00441,51.52196,1.6],[0.00439,51.52186,1.7],[0.00438,51.52174,1.7],[0.00437,51.52165,1.8],[0.00437,51.5216,1.9],[0.00437,51.52158,1.9],[0.00437,51.52156,1.9],[0.00437,51.52149,2],[0.00437,51.52143,2.1],[0.00438,51.52138,2.2],[0.00439,51.52133,2.2],[0.0044,51.52126,2.3],[0.00441,51.5212,2.4],[0.00445,51.52103,2.7],[0.00445,51.521,2.7],[0.00447,51.52091,2.9],[0.00448,51.52088,2.9],[0.0045,51.52074,3],[0.00451,51.52056,3],[0.00452,51.5205,3],[0.00455,51.5203,3],[0.00456,51.52017,3],[0.00458,51.52005,3],[0.00461,51.51981,2.7],[0.00462,51.5197,2.5],[0.00463,51.51966,2.4],[0.00464,51.51959,2.3],[0.00466,51.51952,2.2],[0.00468,51.51943,2.1],[0.00469,51.51937,2],[0.00471,51.5193,1.9],[0.00473,51.51921,1.7],[0.00476,51.51912,1.8],[0.00479,51.51903,2.1],[0.00483,51.51892,2.4],[0.00487,51.51881,2.7],[0.00492,51.51871,3],[0.00496,51.5186,3.3],[0.005,51.51849,3.6],[0.00502,51.51845,3.7],[0.00504,51.5184,3.8],[0.00507,51.51835,4],[0.0051,51.5183,4],[0.00515,51.51823,4.1],[0.00519,51.51819,4.2],[0.00522,51.51814,4.2],[0.00526,51.5181,4.3],[0.00533,51.51803,4.4],[0.00539,51.51797,4.4],[0.00545,51.51792,4.5],[0.0055,51.51788,4.5],[0.00558,51.51783,4.6],[0.00568,51.51776,4.7],[0.00579,51.51769,4.8],[0.00592,51.51762,4.9],[0.00604,51.51756,4.9],[0.00606,51.51754,5],[0.00615,51.51751,5],[0.00616,51.5175,5],[0.00634,51.51743,4.9],[0.00653,51.51735,4.8],[0.00662,51.51731,4.8],[0.00667,51.51729,4.7],[0.00677,51.51725,4.5],[0.00683,51.51722,4.4],[0.00689,51.51719,4.3],[0.00695,51.51716,4.2],[0.00702,51.51712,4.1],[0.00708,51.51708,4],[0.00711,51.51706,4],[0.00714,51.51704,3.9],[0.00719,51.517,3.9],[0.00725,51.51695,3.9],[0.00729,51.51692,3.8],[0.00732,51.51688,3.9],[0.00738,51.51683,3.9],[0.00742,51.51678,3.9],[0.00743,51.51677,3.9],[0.00748,51.51671,4],[0.00752,51.51665,4],[0.00756,51.51658,4.1],[0.00759,51.51654,4.1],[0.00763,51.51645,4.2],[0.00766,51.51638,4.3],[0.00768,51.51631,4.3],[0.0077,51.51624,4.4],[0.00771,51.51621,4.4],[0.00771,51.51621,4.4],[0.00772,51.51619,4.4],[0.00774,51.51617,4.4],[0.00775,51.51615,4.4],[0.00776,51.51613,4.4],[0.00777,51.51611,4.5],[0.00779,51.51607,4.5],[0.00781,51.51604,4.5],[0.00783,51.51601,4.5],[0.00786,51.51598,4.5],[0.00793,51.51592,4.4],[0.007979,51.51587,4.4],[0.00804,51.51582,4.3],[0.0081,51.51577,4.2],[0.008109,51.51576,4.2],[0.00812,51.51575,4.2],[0.00817,51.51568,4],[0.00817,51.51568,4],[0.00823,51.51566,4],[0.00826,51.51563,3.9],[0.0083,51.5156,3.8],[0.00832,51.51558,3.8],[0.00835,51.51554,3.7],[0.00837,51.51551,3.7],[0.0084,51.51547,3.6],[0.00843,51.51543,3.5],[0.00845,51.51539,3.5],[0.00847,51.51532,3.5],[0.0085,51.51519,3.4],[0.00852,51.51509,3.3],[0.00853,51.51507,3.3],[0.00854,51.51504,3.3],[0.00857,51.515,3.3],[0.0086,51.51495,3.4],[0.00863,51.51491,3.4],[0.00873,51.51479,3.6],[0.00876,51.51474,3.7],[0.00882,51.51467,3.7],[0.00885,51.51463,3.8],[0.00896,51.51447,3.9],[0.00912,51.51427,4],[0.00931,51.51405,4],[0.00936,51.514,4],[0.00946,51.51388,4],[0.00952,51.51381,4],[0.0096,51.51371,4],[0.00976,51.51351,4],[0.01012,51.51307,3.3],[0.01043,51.51271,2.4],[0.01085,51.51222,2],[0.01106,51.51198,2.3],[0.01117,51.51185,2.4],[0.01122,51.51179,2.5],[0.01132,51.51166,2.6],[0.0114,51.51156,2.9],[0.01145,51.5115,3],[0.01147,51.51147,3.1],[0.01161,51.5113,3.4],[0.01166,51.51124,3.4],[0.01172,51.51117,3.4],[0.01175,51.51112,3.4],[0.01189,51.51097,3.4],[0.01191,51.51095,3.4],[0.01192,51.51093,3.4],[0.01193,51.51092,3.4],[0.01194,51.51091,3.4],[0.01194,51.5109,3.4],[0.01193,51.51086,3.4],[0.01195,51.51084,3.4],[0.01198,51.5108,3.4],[0.01206,51.51069,3.5],[0.01231,51.5104,3.5],[0.01249,51.51018,3.5],[0.01279,51.50982,3.6],[0.01307,51.5095,3.7],[0.01327,51.50926,3.7],[0.01347,51.50903,3.8],[0.01376,51.50868,3.8],[0.01393,51.50847,3.9],[0.01399,51.50845,3.9],[0.014,51.50845,3.9],[0.01402,51.50843,3.9],[0.01405,51.5084,3.9],[0.0141,51.50835,3.9],[0.01412,51.50832,3.9],[0.01424,51.5082,3.9],[0.01424,51.5082,3.9],[0.0143,51.50816,3.9],[0.0143,51.50816,3.9],[0.01432,51.50815,3.9],[0.01435,51.50813,3.9],[0.0144,51.50812,3.9],[0.01444,51.50811,4],[0.01452,51.50811,4],[0.01464,51.50811,4],[0.01471,51.50811,4.1],[0.01481,51.50809,4.1],[0.01525,51.50812,4.3],[0.01527,51.50812,4.3],[0.0154,51.50813,4.4],[0.01551,51.50814,4.4],[0.01567,51.50815,4.5],[0.0158,51.50817,4.6],[0.01585,51.50818,4.6],[0.01591,51.50819,4.7],[0.01594,51.50821,4.7],[0.01598,51.50823,4.8],[0.01606,51.50828,4.9],[0.01606,51.50828,4.9],[0.016049,51.50836,5],[0.016039,51.50841,4.9],[0.01603,51.50842,4.9],[0.01598,51.50846,4.8],[0.015949,51.50848,4.8],[0.01589,51.50852,4.8],[0.01581,51.50856,4.7],[0.015789,51.50856,4.7],[0.015689,51.5086,4.7],[0.01565,51.50862,4.7],[0.01556,51.50865,4.6],[0.0155,51.50866,4.6],[0.01523,51.50871,4.5],[0.01522,51.50871,4.5],[0.01514,51.50872,4.5],[0.01502,51.50873,4.5],[0.01491,51.50874,4.5],[0.01489,51.50874,4.5],[0.01479,51.50874,4.5],[0.01474,51.50874,4.5],[0.0147,51.50874,4.5],[0.01461,51.50872,4.5],[0.01457,51.50871,4.5],[0.01447,51.50865,4.5],[0.01447,51.50865,4.5],[0.01448,51.50855,4.4],[0.01448,51.50852,4.4],[0.01447,51.50851,4.4],[0.01447,51.50851,4.4],[0.01447,51.50849,4.4],[0.01446,51.50846,4.4],[0.01444,51.50843,4.4],[0.01442,51.50839,4.3],[0.01436,51.50833,4.2],[0.01428,51.50829,4.1],[0.01423,51.50826,4.1],[0.01414,51.50823,4],[0.01405,51.5082,3.9],[0.01396,51.50818,3.8],[0.01386,51.50817,3.8],[0.0136,51.50815,3.6],[0.01319,51.50815,4],[0.01265,51.50816,5.7],[0.01247,51.50817,6.3],[0.01241,51.50817,6.4],[0.01236,51.50817,6.5],[0.01232,51.50818,6.7],[0.01228,51.5082,6.8],[0.01224,51.50821,7],[0.01221,51.50823,7.2],[0.01217,51.50824,7.3],[0.01214,51.50826,7.5],[0.01211,51.50828,7.7],[0.01209,51.5083,7.8],[0.01207,51.50832,8],[0.01205,51.50834,8.1],[0.01204,51.50837,8],[0.01203,51.50839,8],[0.01202,51.50841,8],[0.01202,51.50842,7.9],[0.01201,51.50843,7.9],[0.01201,51.50844,7.9],[0.01201,51.50845,7.9],[0.01201,51.50846,7.8],[0.01201,51.50848,7.8],[0.01202,51.50849,7.7],[0.01205,51.50856,7.5],[0.01205,51.50856,7.5],[0.012041,51.50866,7.3],[0.012041,51.50866,7.3],[0.011987,51.508815,6.9],[0.011987,51.508815,6.9],[0.011842,51.508924,6.8],[0.011505,51.509126,6.1],[0.010945,51.509318,6],[0.010945,51.509318,6],[0.01043,51.50947,6.4],[0.01043,51.50947,6.4],[0.009807,51.509655,7.1],[0.009807,51.509655,7.1],[0.00911,51.50983,6.9],[0.00911,51.50983,6.9],[0.008391,51.509965,6.1],[0.008391,51.509965,6.1],[0.007554,51.510064,4.2],[0.007554,51.510064,4.2],[0.00668,51.510132,3.2],[0.00668,51.510132,3.2],[0.005897,51.510154,4.9],[0.005897,51.510154,4.9],[0.005092,51.510109,5.9],[0.005092,51.510109,5.9],[0.004421,51.510057,7.2],[0.004421,51.510057,7.2],[0.00366,51.510052,8.9],[0.00366,51.510052,8.9],[0.002823,51.510114,8.2],[0.002823,51.510114,8.2],[0.002115,51.510216,7],[0.002115,51.510216,7],[0.001605,51.510364,6.6],[0.00147,51.51039,6.8],[0.00142,51.51039,6.8],[0.00137,51.51039,6.9],[0.00131,51.51039,7],[0.00122,51.51038,7.1],[0.00122,51.51038,7.1],[0.00117,51.51037,7.2],[0.00115,51.51036,7.2],[0.00113,51.51036,7.2],[0.00111,51.51035,7.2],[0.00108,51.51035,7.3],[0.00106,51.51034,7.3],[0.00104,51.51034,7.3],[0.00096,51.51033,7.5],[0.00084,51.51033,7.6],[0.00079,51.51033,7.6],[0.00075,51.51034,7.6],[0.00071,51.51035,7.6],[0.00063,51.51037,7.6],[0.00063,51.51037,7.6],[0.00042,51.51045,7.5],[0.00042,51.51045,7.5],[0.00037,51.51044,7.5],[0.00032,51.51043,7.5],[0.00023,51.51042,7.5],[0.0001,51.51042,7.5],[0.0001,51.51042,7.5],[0.00002,51.51041,7.5],[-0.00006,51.51041,8],[-0.00017,51.5104,8],[-0.00027,51.5104,8],[-0.00033,51.51039,8],[-0.00049,51.51038,7],[-0.00049,51.51038,7],[-0.00051,51.51037,7],[-0.0006,51.51036,7],[-0.00067,51.51035,7],[-0.00086,51.51033,7],[-0.0009,51.51032,7],[-0.00095,51.51031,7],[-0.00099,51.51031,7],[-0.00114,51.51028,7],[-0.00122,51.51026,7],[-0.00123,51.51026,7],[-0.00134,51.51023,7],[-0.00141,51.51022,7],[-0.00147,51.5102,7],[-0.0015,51.51019,7],[-0.00155,51.51018,7],[-0.00158,51.51017,7],[-0.00161,51.51016,7],[-0.00171,51.51012,7.1],[-0.00173,51.51012,7.1],[-0.00173,51.51012,7.1],[-0.00175,51.51011,7.2],[-0.00179,51.51009,7.3],[-0.00194,51.51003,7.6],[-0.00203,51.50999,7.9],[-0.00206,51.50997,8],[-0.00209,51.50996,8.1],[-0.00213,51.50995,8.3],[-0.00224,51.50992,8.6],[-0.00224,51.50992,8.6],[-0.00248,51.50976,9.8],[-0.00253,51.50972,10.1],[-0.00258,51.50968,10.3],[-0.00258,51.50968,10.3],[-0.00259,51.50967,10.4],[-0.00262,51.50965,10.5],[-0.00267,51.50961,10.7],[-0.00283,51.50947,11.6],[-0.00285,51.50946,11.7],[-0.00299,51.50933,12.5],[-0.00315,51.50918,13.5],[-0.00319,51.50914,13.4],[-0.0033,51.50903,12.6],[-0.00331,51.50903,12.6],[-0.00333,51.50901,12.5],[-0.00333,51.50901,12.5],[-0.00336,51.50899,12.4],[-0.00341,51.50894,12],[-0.00351,51.50885,11.4],[-0.00356,51.50882,11.1],[-0.00369,51.50871,10.2],[-0.00375,51.50867,9.8],[-0.00392,51.50856,8.8],[-0.004028,51.50849,8],[-0.00406,51.50847,7.7],[-0.00408,51.50846,7.6],[-0.00411,51.50844,7.4],[-0.00414,51.50843,7.3],[-0.00416,51.50843,7.3],[-0.00418,51.50842,7.1],[-0.00419,51.50842,7.2],[-0.00422,51.5084,6.9],[-0.00425,51.50839,6.8],[-0.00431,51.50836,6.4],[-0.00448,51.50828,5.9],[-0.00452,51.50826,5.9],[-0.00459,51.50823,5.9],[-0.00466,51.50819,5.8],[-0.00481,51.50813,5.8],[-0.00494,51.50807,5.7],[-0.00501,51.50804,5.6],[-0.00509,51.50801,5.5],[-0.0051,51.50801,5.5],[-0.00517,51.50799,5.4],[-0.00526,51.50796,5.2],[-0.00536,51.50793,5.1],[-0.00541,51.50792,5],[-0.00556,51.50787,4.8],[-0.00564,51.50785,4.7],[-0.00573,51.50783,4.5],[-0.0059,51.5078,4.3],[-0.00591,51.50779,4.3],[-0.00606,51.50776,4.2],[-0.00614,51.50775,4.2],[-0.00617,51.50774,4.2],[-0.00645,51.5077,4.1],[-0.00647,51.5077,4.1],[-0.00655,51.50769,4],[-0.0067,51.50767,4],[-0.00673,51.50767,3.9],[-0.00675,51.50767,3.9],[-0.00732,51.50761,4.1],[-0.00743,51.5076,4.2],[-0.00772,51.50757,4.3],[-0.008,51.50755,4.4],[-0.00824,51.50753,4.5],[-0.00829,51.50752,4.6],[-0.00858,51.5075,4.7],[-0.00886,51.50747,4.8],[-0.00915,51.50744,5],[-0.00946,51.50741,5.1],[-0.00952,51.50741,5.1],[-0.0098,51.50738,5.3],[-0.01,51.50736,5.7],[-0.01038,51.50733,5.4],[-0.01058,51.50731,5.2],[-0.01075,51.50729,5.1],[-0.01081,51.50729,5],[-0.01086,51.50728,5],[-0.01132,51.50724,4.7],[-0.01172,51.50721,4.5],[-0.01208,51.50719,5.1],[-0.01261,51.50716,5.9],[-0.01292,51.50714,6.2],[-0.01305,51.50714,6.2],[-0.01315,51.50713,6.3],[-0.0134,51.50712,6.5],[-0.01368,51.50712,6.6],[-0.01397,51.50712,6.8],[-0.01415,51.50712,6.9],[-0.01472,51.50713,7.2],[-0.01512,51.50715,7.2],[-0.015424,51.507166,6.9],[-0.016131,51.507212,6.4],[-0.01651,51.50724,6.2],[-0.01651,51.50724,6.2],[-0.01674,51.50727,6.1],[-0.01679,51.50728,6.1],[-0.01742,51.50736,5.9],[-0.01742,51.50736,5.9],[-0.01798,51.50744,5.9],[-0.01803,51.50745,5.9],[-0.01817,51.50747,5.9],[-0.01831,51.5075,6],[-0.01831,51.5075,6],[-0.019463,51.507722,7.6],[-0.019463,51.507722,7.6],[-0.019796,51.507837,8.2],[-0.019796,51.507837,8.2],[-0.020246,51.507962,8.8],[-0.020246,51.507962,8.8],[-0.020772,51.508124,9.2],[-0.020772,51.508124,9.2],[-0.021405,51.508269,9.2],[-0.021405,51.508269,9.2],[-0.022306,51.508431,9.4],[-0.022306,51.508431,9.4],[-0.023159,51.508633,8.9],[-0.023159,51.508633,8.9],[-0.023926,51.508799,7.3],[-0.023926,51.508799,7.3],[-0.024457,51.508887,6.4],[-0.024457,51.508887,6.4],[-0.024806,51.508895,6.2],[-0.024806,51.508895,6.2],[-0.025171,51.50889,6],[-0.025171,51.50889,6],[-0.025525,51.508839,6],[-0.025525,51.508839,6],[-0.0259,51.508747,6],[-0.0259,51.508747,6],[-0.026228,51.508632,6],[-0.026228,51.508632,6],[-0.026555,51.508486,6],[-0.026555,51.508486,6],[-0.026893,51.508304,5.5],[-0.026893,51.508304,5.5],[-0.027376,51.508086,5.4],[-0.027376,51.508086,5.4],[-0.027896,51.507847,6.1],[-0.027896,51.507847,6.1],[-0.028298,51.507738,6.6],[-0.028298,51.507738,6.6],[-0.028754,51.507653,7.7],[-0.028754,51.507653,7.7],[-0.029221,51.507602,8.5],[-0.029221,51.507602,8.5],[-0.029757,51.507593,8.7],[-0.029757,51.507593,8.7],[-0.030229,51.507638,9],[-0.030229,51.507638,9],[-0.030685,51.507727,9.5],[-0.030685,51.507727,9.5],[-0.031147,51.507862,9.9],[-0.031147,51.507862,9.9],[-0.031419,51.508011,10.1],[-0.031721,51.508233,10],[-0.032051,51.508515,8.4],[-0.032051,51.508515,8.4],[-0.032354,51.50884,6.7],[-0.032354,51.50884,6.7],[-0.032729,51.509276,6.2],[-0.032729,51.509276,6.2],[-0.03304,51.509798,6.2],[-0.03304,51.509798,6.2],[-0.033362,51.510314,6.4],[-0.033362,51.510314,6.4],[-0.033598,51.510623,6.9],[-0.033598,51.510623,6.9],[-0.033899,51.510942,7.1],[-0.033899,51.510942,7.1],[-0.034306,51.511181,6.9],[-0.034306,51.511181,6.9],[-0.034682,51.511369,6.6],[-0.034682,51.511369,6.6],[-0.035111,51.511535,6.2],[-0.035111,51.511535,6.2],[-0.035835,51.511703,7],[-0.035835,51.511703,7],[-0.036356,51.511722,7],[-0.036356,51.511722,7],[-0.036935,51.51175,6.9],[-0.036935,51.51175,6.9],[-0.037278,51.511728,7],[-0.037278,51.511728,7],[-0.037777,51.511643,7],[-0.037777,51.511643,7],[-0.038271,51.511518,7.3],[-0.038271,51.511518,7.3],[-0.038625,51.511386,8.3],[-0.038625,51.511386,8.3],[-0.039059,51.511207,9.4],[-0.039059,51.511207,9.4],[-0.039547,51.510989,9.9],[-0.039547,51.510989,9.9],[-0.040127,51.510773,9.9],[-0.040127,51.510773,9.9],[-0.040572,51.510682,9.8],[-0.040572,51.510682,9.8],[-0.041141,51.510596,9.7],[-0.041141,51.510596,9.7],[-0.041731,51.510565,9.8],[-0.041731,51.510565,9.8],[-0.04231,51.510506,10.4],[-0.04231,51.510506,10.4],[-0.0429,51.510428,10.7],[-0.04321,51.51038,10.9],[-0.04336,51.51036,11],[-0.04375,51.51032,10.5],[-0.04396,51.51031,10.2],[-0.04403,51.5103,10.2],[-0.04403,51.5103,10.2],[-0.04407,51.5103,10.1],[-0.04439,51.51029,10],[-0.0445,51.51028,10],[-0.04482,51.51026,10],[-0.04534,51.51023,10.9],[-0.04555,51.51022,11.5],[-0.04565,51.5102,11.7],[-0.04573,51.51019,12],[-0.04598,51.51014,12.4],[-0.04599,51.51014,12.4],[-0.04599,51.51014,12.4],[-0.04606,51.51014,12.5],[-0.04615,51.51014,12.6],[-0.04617,51.51014,12.6],[-0.04621,51.51012,12.7],[-0.04629,51.5101,12.7],[-0.04639,51.51007,12.8],[-0.04649,51.51003,12.9],[-0.04662,51.51,12.9],[-0.04668,51.50998,12.9],[-0.04674,51.50997,12.8],[-0.04682,51.50994,12.6],[-0.04683,51.50994,12.6],[-0.047,51.50989,12.2],[-0.04711,51.50988,12],[-0.04726,51.50985,11.6],[-0.04735,51.50984,11.4],[-0.04736,51.50984,11.4],[-0.04738,51.50982,11.3],[-0.04746,51.50979,11.1],[-0.04747,51.50978,11],[-0.04748,51.50978,11],[-0.04753,51.50978,10.9],[-0.04763,51.50977,10.7],[-0.04773,51.50976,10.5],[-0.04779,51.50976,10.4],[-0.0478,51.50977,10.4],[-0.04782,51.50977,10.4],[-0.04784,51.50977,10.4],[-0.04791,51.50979,10.4],[-0.04801,51.50979,10.2],[-0.04807,51.50979,10.1],[-0.04807,51.50979,10.1],[-0.04829,51.5098,9.9],[-0.04847,51.5098,9.9],[-0.04884,51.5098,10.3],[-0.04899,51.5098,10.4],[-0.04905,51.5098,10.5],[-0.04938,51.5098,10.8],[-0.04986,51.5098,11.2],[-0.05028,51.50978,11.6],[-0.05028,51.50978,11.6],[-0.05033,51.50978,11.7],[-0.05057,51.50977,11.9],[-0.05065,51.50977,12.1],[-0.05127,51.50975,12.5],[-0.05224,51.50972,12.2],[-0.05248,51.50971,12],[-0.05271,51.5097,11.8],[-0.05271,51.5097,11.8],[-0.05277,51.5097,11.7],[-0.05306,51.50969,11.5],[-0.05332,51.50968,11.2],[-0.05345,51.50968,11.1],[-0.05399,51.50965,10.4],[-0.0543,51.50964,10.1],[-0.05438,51.50964,10],[-0.05447,51.50964,10],[-0.0546,51.50964,9.9],[-0.05473,51.50963,9.8],[-0.05487,51.50963,9.7],[-0.05493,51.50963,9.7],[-0.05493,51.50963,9.7],[-0.05497,51.50963,9.7],[-0.05505,51.50963,9.7],[-0.05515,51.50963,9.8],[-0.05525,51.50963,9.8],[-0.05555,51.50964,10.1],[-0.0557,51.50965,10.2],[-0.05584,51.50967,10.4],[-0.05606,51.50968,10.6],[-0.05608,51.50969,10.7],[-0.05651,51.50972,11.2],[-0.05668,51.50972,11.3],[-0.05668,51.50972,11.3],[-0.05677,51.50972,11.4],[-0.05693,51.50973,11.7],[-0.05737,51.50973,12.2],[-0.05758,51.50972,12.4],[-0.05778,51.5097,12.4],[-0.05795,51.50969,12.5],[-0.05821,51.50966,12.5],[-0.05823,51.50966,12.5],[-0.05826,51.50966,12.5],[-0.05826,51.50966,12.5],[-0.05841,51.50964,12.5],[-0.0588,51.50961,13],[-0.05889,51.5096,13.1],[-0.05923,51.50957,13.5],[-0.05941,51.50955,13.5],[-0.05968,51.50952,13.5],[-0.05985,51.50951,13.5],[-0.05985,51.50951,13.5],[-0.05988,51.50951,13.6],[-0.06016,51.50948,13.2],[-0.0603,51.50946,12.8],[-0.06048,51.50944,12.3],[-0.06064,51.50943,12],[-0.06076,51.50942,11.7],[-0.06084,51.50941,11.5],[-0.06098,51.5094,11.2],[-0.06113,51.50938,10.9],[-0.06122,51.50938,10.8],[-0.06145,51.50936,10.4],[-0.06145,51.50936,10.4],[-0.06146,51.50936,10.4],[-0.06147,51.50936,10.4],[-0.06162,51.50936,10.2],[-0.06166,51.50936,10.2],[-0.06195,51.50936,11.3],[-0.06207,51.50935,11.7],[-0.06253,51.50934,13.5],[-0.06256,51.50934,13.6],[-0.06302,51.50932,15],[-0.0631,51.50932,15.3],[-0.0631,51.50932,15.3],[-0.063159,51.50933,15.5],[-0.06349,51.50933,15.8],[-0.06389,51.50932,15.2],[-0.063977,51.50931,15.1],[-0.06418,51.50931,14.8],[-0.06446,51.50931,14.8],[-0.06462,51.50931,14.7],[-0.06472,51.50931,14.7],[-0.06472,51.50931,14.7],[-0.064977,51.50932,14.6],[-0.06519,51.50932,14.3],[-0.065268,51.50932,14.2],[-0.06528,51.50933,14.1],[-0.06543,51.50933,13.9],[-0.06554,51.50933,13.7],[-0.06578,51.50935,13.3],[-0.06592,51.50936,13.2],[-0.06605,51.50936,13],[-0.06608,51.50936,13],[-0.06611,51.50936,13],[-0.0662,51.50936,12.9],[-0.06629,51.50936,12.8],[-0.06629,51.50936,12.8],[-0.0663,51.50936,12.8],[-0.06638,51.50935,12.7],[-0.06646,51.50935,12.6],[-0.06656,51.50934,12.5],[-0.06664,51.50933,12.4],[-0.0667,51.50932,12.5],[-0.06674,51.50931,12.6],[-0.06678,51.50931,12.7],[-0.06689,51.50928,13],[-0.06697,51.50927,13.3],[-0.06722,51.5092,14],[-0.06746,51.50914,14.8],[-0.06752,51.50913,15],[-0.0676,51.5091,15.2],[-0.0677,51.50906,15.3],[-0.0678,51.50903,15.5],[-0.0678,51.50903,15.5],[-0.06784,51.50902,15.6],[-0.06796,51.50898,15.8],[-0.06821,51.50891,16.1],[-0.06826,51.50889,16.2],[-0.06845,51.50883,16.1],[-0.06883,51.50871,15.6],[-0.06895,51.50868,15.5],[-0.0691,51.50864,15.4],[-0.06916,51.50862,15.3],[-0.0692,51.50861,15.3],[-0.06932,51.50859,15.3],[-0.06937,51.50858,15.2],[-0.06937,51.50858,15.2],[-0.06941,51.50857,15.2],[-0.06942,51.50857,15.2],[-0.06952,51.50859,15.2],[-0.06953,51.50858,15.2],[-0.06961,51.50855,15.1],[-0.06983,51.5085,15],[-0.07019,51.50845,14.9],[-0.07022,51.50845,14.9],[-0.0704,51.50843,14.8],[-0.07062,51.50839,14.5],[-0.07079,51.50837,14.3],[-0.0709,51.50835,14.1],[-0.07097,51.50834,14],[-0.07101,51.50833,14],[-0.07111,51.50832,14],[-0.07115,51.50832,14],[-0.07121,51.50832,14],[-0.07124,51.50832,14],[-0.07124,51.50832,14],[-0.07128,51.50832,14],[-0.07137,51.50833,14],[-0.0714,51.50833,14],[-0.07144,51.50834,14.1],[-0.07157,51.50836,14.2],[-0.07172,51.50839,14.5],[-0.07199,51.50847,14.7],[-0.07236,51.5086,14.9],[-0.0727,51.50872,14.7],[-0.07288,51.50878,14.3],[-0.07296,51.5088,14.2],[-0.07304,51.50883,14],[-0.07306,51.50883,14],[-0.07306,51.50883,14],[-0.0732,51.50889,13.7],[-0.07327,51.50893,13.5],[-0.07329,51.50893,13.5],[-0.07332,51.50894,13.5],[-0.07334,51.50895,13.5],[-0.07336,51.50896,13.5],[-0.07338,51.50897,13.5],[-0.07341,51.50898,13.4],[-0.07348,51.50902,13.4],[-0.07348,51.50902,13.4],[-0.07353,51.50906,13.4],[-0.07369,51.50919,13.5],[-0.07385,51.5093,14.5],[-0.07385,51.5093,14.5],[-0.07416,51.50957,17.3],[-0.07416,51.50957,17.3],[-0.07426,51.5096,17.6],[-0.07426,51.5096,17.6],[-0.07427,51.50961,17.7],[-0.07434,51.50964,18],[-0.07442,51.50968,18.4],[-0.07447,51.5097,18.5],[-0.07457,51.50975,19.1],[-0.07459,51.50976,19.2],[-0.07462,51.50977,19.3],[-0.07465,51.50978,19.4],[-0.07467,51.50978,19.3],[-0.07472,51.50979,19.4],[-0.07478,51.5098,19.4],[-0.07483,51.50981,19.5],[-0.0749,51.50982,19.6],[-0.0749,51.50982,19.6],[-0.07522,51.50974,18],[-0.07528,51.50973,17.8],[-0.07528,51.50973,17.8],[-0.0754,51.5097,17.2],[-0.07546,51.50969,17],[-0.07557,51.50968,16.8],[-0.0757,51.50965,16.3],[-0.0759,51.5096,15.8],[-0.07601,51.50958,15.5],[-0.07612,51.50955,15.3],[-0.07617,51.50955,15.2],[-0.0763,51.50954,14.9],[-0.07642,51.50953,14.6],[-0.07651,51.50952,14.5],[-0.07651,51.50952,14.5],[-0.07653,51.50952,14.5],[-0.07665,51.50951,14.3],[-0.07672,51.50951,14.5],[-0.07685,51.5095,14.9],[-0.07689,51.50949,15],[-0.07701,51.50949,15.5],[-0.07717,51.50948,16],[-0.07745,51.50946,17],[-0.07764,51.50945,17.6],[-0.07778,51.50944,18],[-0.07781,51.50944,18.1],[-0.07784,51.50944,18.2],[-0.07786,51.50944,18.2],[-0.07789,51.50944,18.4],[-0.07792,51.50944,18.5],[-0.07798,51.50944,18.7],[-0.07802,51.50945,18.9],[-0.07834,51.50951,20.7],[-0.07834,51.50951,20.7],[-0.07845,51.50954,21],[-0.07849,51.50954,21],[-0.07852,51.50955,21.1],[-0.07857,51.50955,21.1],[-0.07867,51.50956,21.2],[-0.0788,51.50957,21.4],[-0.07904,51.50959,21.6],[-0.07905,51.50959,21.6],[-0.07921,51.5096,21.7],[-0.07929,51.50961,21.8],[-0.07937,51.50962,21.9],[-0.07944,51.50962,21.9],[-0.07953,51.50963,22],[-0.07953,51.50963,22],[-0.07983,51.50956,21.2],[-0.07991,51.50954,21],[-0.08,51.50951,20.7],[-0.08,51.50951,20.7],[-0.08008,51.50949,20.6],[-0.08025,51.50943,20.1],[-0.08029,51.50941,20],[-0.08057,51.5093,19.1],[-0.08074,51.50923,18.6],[-0.08078,51.50921,18.4],[-0.08084,51.50919,18.3],[-0.08088,51.50917,18.1],[-0.08103,51.50913,17.8],[-0.08113,51.50911,17.7],[-0.08113,51.50911,17.7],[-0.08121,51.5091,17.7],[-0.08138,51.50907,17.4],[-0.08147,51.50906,17.3],[-0.08165,51.50904,17.2],[-0.0817,51.50904,17.2],[-0.08182,51.50903,17],[-0.08193,51.50902,16.8],[-0.08193,51.50902,16.8],[-0.08198,51.50902,16.8],[-0.08213,51.50903,16.9],[-0.08223,51.50904,17],[-0.08231,51.50905,17.1],[-0.08273,51.50909,17.7],[-0.0832,51.50915,18.7],[-0.08327,51.50916,18.9],[-0.08344,51.50917,19.2],[-0.08353,51.50918,19.3],[-0.08404,51.50924,20.5],[-0.08404,51.50924,20.5],[-0.08431,51.50928,21],[-0.08449,51.5093,21.2],[-0.08517,51.50938,22.4],[-0.08567,51.50944,24],[-0.08579,51.50946,24.4],[-0.08618,51.50951,25.3],[-0.08618,51.50951,25.3],[-0.08643,51.50955,25.9],[-0.0869,51.50961,25.4],[-0.08715,51.50965,25.2],[-0.08722,51.50966,25.2],[-0.08739,51.50969,25],[-0.08802,51.50978,24.5],[-0.08816,51.5098,24.3],[-0.08821,51.50981,24.3],[-0.08821,51.50981,24.3],[-0.08828,51.50982,24.2],[-0.0884,51.50984,24.5],[-0.08856,51.50987,25.3],[-0.08908,51.51001,28.7],[-0.08926,51.51006,29.1],[-0.08938,51.51009,29.3],[-0.08971,51.51019,29.8],[-0.08986,51.51023,29.9],[-0.08986,51.51023,29.9],[-0.09007,51.51028,29.6],[-0.09027,51.51032,28.4],[-0.09064,51.51038,26.1],[-0.09102,51.51044,23.9],[-0.09113,51.51046,23.3],[-0.09123,51.51048,22.7],[-0.09138,51.5105,21.9],[-0.09138,51.5105,21.9],[-0.09201,51.51063,20.2],[-0.09204,51.51063,20.1],[-0.09221,51.51066,20.2],[-0.09248,51.51071,20.4],[-0.09274,51.51076,20.5],[-0.09296,51.5108,20.8],[-0.0931,51.51083,21],[-0.09325,51.51085,21.1],[-0.09371,51.51091,20],[-0.09394,51.51094,19.4],[-0.09407,51.51096,19.1],[-0.09444,51.51101,18.2],[-0.09444,51.51101,18.2],[-0.09454,51.51102,18],[-0.09486,51.51106,17.3],[-0.09497,51.51107,17.1],[-0.09507,51.51108,17.1],[-0.09539,51.5111,17.4],[-0.09566,51.51111,17.6],[-0.09566,51.51111,17.6],[-0.09569,51.51111,17.6],[-0.09583,51.51112,17.7],[-0.09596,51.51112,17.7],[-0.09598,51.51112,17.7],[-0.09623,51.51113,17.6],[-0.09669,51.51114,17.4],[-0.09669,51.51114,17.4],[-0.09682,51.51114,17.2],[-0.09776,51.51117,16.6],[-0.09797,51.51117,16.5],[-0.09813,51.51118,16.4],[-0.09813,51.51118,16.4],[-0.09854,51.51119,16.2],[-0.09886,51.5112,16],[-0.09925,51.51121,15.8],[-0.09925,51.51121,15.8],[-0.0994,51.51121,15.7],[-0.0999,51.51122,15.4],[-0.10006,51.51122,15.3],[-0.1002,51.51122,15.2],[-0.10027,51.51122,15.2],[-0.10034,51.51121,15.2],[-0.10034,51.51121,15.2],[-0.1006,51.51119,14.7],[-0.10088,51.51116,14.2],[-0.10116,51.51112,13.7],[-0.10116,51.51112,13.7],[-0.10145,51.51108,13.2],[-0.10172,51.51103,12.7],[-0.10194,51.511,12.3],[-0.10199,51.511,12.3],[-0.10199,51.511,12.3],[-0.10204,51.51099,12.1],[-0.10211,51.51098,11.9],[-0.10236,51.51097,11.2],[-0.10258,51.51097,10.6],[-0.10267,51.51097,10.4],[-0.10278,51.51097,10.1],[-0.10278,51.51097,10.1],[-0.10284,51.51097,9.9],[-0.10309,51.51097,9.3],[-0.10318,51.51097,9.1],[-0.10321,51.51097,9],[-0.10337,51.51097,8.7],[-0.10348,51.51098,9],[-0.10352,51.51098,9.1],[-0.10366,51.51099,9.4],[-0.10366,51.51099,9.4],[-0.10383,51.51099,9.8],[-0.10413,51.51099,10.2],[-0.10442,51.511,10.6],[-0.10453,51.511,10.7],[-0.10482,51.511,11.2],[-0.10482,51.511,11.2],[-0.10502,51.511,11.5],[-0.10533,51.511,12.3],[-0.1057,51.51101,13.4],[-0.10593,51.51101,13.9],[-0.10611,51.51101,14.2],[-0.10647,51.51101,14.9],[-0.10662,51.51101,15.2],[-0.10662,51.51101,15.2],[-0.10669,51.51101,15.2],[-0.10701,51.51101,14.1],[-0.10724,51.51101,13.4],[-0.10763,51.51102,12.2],[-0.10798,51.51102,11.1],[-0.10823,51.51103,10.4],[-0.10845,51.51103,10],[-0.10845,51.51103,10],[-0.10884,51.51104,9.8],[-0.10894,51.51104,9.7],[-0.10904,51.51107,9.8],[-0.10918,51.51107,9.7],[-0.10989,51.51106,8.9],[-0.11027,51.51106,10],[-0.11027,51.51106,10],[-0.11073,51.51106,12.1],[-0.11128,51.51105,14.4],[-0.11137,51.51105,14.8],[-0.11175,51.51105,16],[-0.11202,51.51104,16.1],[-0.11218,51.51103,16.1],[-0.11228,51.51102,16.1],[-0.11228,51.51102,16.1],[-0.1124,51.51101,16.1],[-0.11252,51.511,16],[-0.11321,51.51094,16.1],[-0.11344,51.51091,16.1],[-0.11393,51.51085,16.6],[-0.11405,51.51083,16.7],[-0.11423,51.51081,16.8],[-0.11423,51.51081,16.8],[-0.11509,51.51068,17.1],[-0.1151,51.51066,17],[-0.11512,51.51065,17],[-0.11514,51.51064,16.9],[-0.1152,51.51062,16.9],[-0.11531,51.5106,17.1],[-0.1155,51.51058,17.4],[-0.11553,51.51058,17.4],[-0.11556,51.51059,17.6],[-0.1156,51.5106,17.8],[-0.11588,51.51053,17.9],[-0.11605,51.51048,17.9],[-0.11605,51.51048,17.9],[-0.1165,51.51038,17.9],[-0.11662,51.51035,17.9],[-0.11681,51.5103,17.8],[-0.11718,51.5102,17.6],[-0.1172,51.5102,17.6],[-0.1177,51.51005,16.6],[-0.11782,51.50998,15.8],[-0.11782,51.50998,15.8],[-0.11823,51.50984,14.4],[-0.11852,51.50974,14.7],[-0.11862,51.50969,14.8],[-0.11885,51.5096,15.3],[-0.11893,51.50956,15.3],[-0.11928,51.5094,15.3],[-0.11928,51.5094,15.3],[-0.11935,51.50936,15.1],[-0.11962,51.50921,14.2],[-0.11972,51.50916,14],[-0.11982,51.5091,14],[-0.12004,51.50896,14.3],[-0.12019,51.50885,15],[-0.12036,51.50873,15.5],[-0.12036,51.50873,15.5],[-0.12047,51.50865,15.6],[-0.12054,51.5086,15.7],[-0.12069,51.50846,15.4],[-0.12091,51.50826,14.4],[-0.12103,51.50814,13.3],[-0.12108,51.50808,12.8],[-0.12108,51.50808,12.8],[-0.12111,51.50805,12.5],[-0.1212,51.50795,11.5],[-0.12131,51.50782,10.2],[-0.12148,51.50763,8.2],[-0.12164,51.50743,6.6],[-0.12169,51.50736,6.6],[-0.12169,51.50736,6.6],[-0.12181,51.5072,7.2],[-0.12192,51.50704,7.9],[-0.12217,51.50672,9.8],[-0.12233,51.50653,11.6],[-0.12238,51.50646,12.3],[-0.12242,51.5064,12.8],[-0.12246,51.50634,13.4],[-0.12251,51.50627,14.1],[-0.12259,51.50614,15.1],[-0.12278,51.50584,17.4],[-0.12282,51.50577,17.6],[-0.12283,51.50575,17.6],[-0.12289,51.50561,17.6],[-0.12297,51.50538,17.4],[-0.12298,51.50537,17.4],[-0.12302,51.5052,17],[-0.12304,51.50517,17.1],[-0.12304,51.50515,17],[-0.12307,51.50503,16.6],[-0.12308,51.50498,16.5],[-0.12312,51.50483,16.6],[-0.12318,51.50463,16.7],[-0.12319,51.50453,16.6],[-0.12325,51.50444,16.9],[-0.1233,51.50432,17.1],[-0.12333,51.50425,17.2],[-0.12335,51.50417,17],[-0.12335,51.50416,17],[-0.1236,51.50336,11.8],[-0.1236,51.50336,11.8],[-0.1236,51.50335,11.7],[-0.12364,51.50321,11.8],[-0.12367,51.50313,12],[-0.12372,51.50292,12.2],[-0.12375,51.50281,12.3],[-0.12379,51.50262,12.5],[-0.12383,51.50247,12.5],[-0.12393,51.50208,11.5],[-0.12394,51.50203,11.4],[-0.124,51.50174,11],[-0.124,51.50169,10.9],[-0.12402,51.50149,11.2],[-0.124,51.50116,11.5],[-0.124,51.50104,11.7],[-0.124,51.50104,11.7],[-0.124032,51.500972,12],[-0.124032,51.500972,12],[-0.124525,51.500967,14.6],[-0.12452,51.50097,14.6],[-0.12481,51.50098,16],[-0.125129,51.50098,16.9],[-0.125489,51.50099,16.7],[-0.12556,51.50099,16.7],[-0.12583,51.501,16.6],[-0.126129,51.50101,16.7],[-0.12641,51.50102,16.8],[-0.126679,51.50103,17],[-0.12675,51.50104,17.1],[-0.126849,51.50104,17.3],[-0.12706,51.50105,17.6],[-0.12706,51.50105,17.6],[-0.127179,51.50108,17.9],[-0.1273,51.50111,18.1],[-0.12745,51.50112,18.3],[-0.12753,51.50113,18.4],[-0.127599,51.50114,18.5],[-0.1277,51.50114,18.7],[-0.12787,51.50115,18.9],[-0.12809,51.50117,19.2],[-0.12845,51.5012,19.4],[-0.128539,51.5012,19.2],[-0.12863,51.50121,19],[-0.12874,51.50122,18.8],[-0.12903,51.50124,18.3],[-0.12911,51.50124,18.1],[-0.12931,51.50126,17.7],[-0.12955,51.50127,17.3],[-0.12955,51.50127,17.3],[-0.129709,51.50128,16.9],[-0.12987,51.50129,16.6],[-0.12997,51.5013,16.4],[-0.13017,51.5013,15.9],[-0.130179,51.5013,15.9],[-0.13039,51.50129,15.4],[-0.13055,51.50129,15],[-0.13066,51.50128,14.8],[-0.13073,51.50128,14.6],[-0.13074,51.50128,14.6],[-0.13172,51.50117,13.7],[-0.13184,51.50116,13.6],[-0.1322,51.50112,13.3],[-0.13386,51.50095,12.4],[-0.1349,51.50084,12],[-0.13586,51.50075,12.3],[-0.13587,51.50074,12.3],[-0.13607,51.50073,12.4],[-0.1363,51.5007,12.5],[-0.13668,51.50065,12.7],[-0.13839,51.50047,12.9],[-0.13841,51.50047,12.9],[-0.1387,51.50044,12.6],[-0.1387,51.50044,12.6],[-0.1388,51.50044,12.4],[-0.13893,51.50045,12.3],[-0.13896,51.50045,12.2],[-0.13899,51.50045,12.2],[-0.13901,51.50045,12.2],[-0.13905,51.50046,12.1],[-0.13907,51.50047,12.1],[-0.13909,51.50048,12.1],[-0.13911,51.50049,12.1],[-0.13913,51.50049,12],[-0.13915,51.5005,12],[-0.13918,51.50052,12],[-0.13919,51.50052,12],[-0.1393,51.50061,11.8],[-0.13958,51.50091,11.3],[-0.13978,51.50107,10.6],[-0.13989,51.50119,10.2],[-0.13992,51.50122,10.1],[-0.13999,51.50131,9.9],[-0.14006,51.50142,9.7],[-0.14008,51.50144,9.7],[-0.14009,51.50146,9.6],[-0.1401,51.50147,9.6],[-0.14011,51.50148,9.6],[-0.14011,51.5015,9.6],[-0.1401,51.50152,9.5],[-0.1401,51.50154,9.4],[-0.1401,51.50156,9.4],[-0.14009,51.5016,9.3],[-0.14006,51.50167,9.1],[-0.14005,51.50172,9.3],[-0.14003,51.50176,9.5],[-0.14002,51.50178,9.6],[-0.14002,51.5018,9.7],[-0.14001,51.50182,9.7],[-0.14001,51.50184,9.8],[-0.14001,51.50187,10],[-0.14001,51.5019,10.1],[-0.14001,51.50194,10.3],[-0.14003,51.50198,10.5],[-0.14005,51.50202,10.7],[-0.14009,51.50207,10.9],[-0.14009,51.50207,10.9],[-0.13982,51.50217,11.5],[-0.13953,51.50229,12.4],[-0.13941,51.50234,12.8],[-0.13939,51.50235,12.9],[-0.13913,51.50246,13.8],[-0.13864,51.50265,14.9],[-0.13806,51.50289,15.2]]},"properties":{"name":"Route E"}},{"type":"Feature","geometry":{"type":"LineString","coordinates":[[-0.087348,51.509662,20.17],[-0.086224,51.509507,22.44],[-0.085456,51.509414,22.15],[-0.082428,51.509048,11.98],[-0.08208,51.509016,11.79],[-0.081824,51.509027,12.27],[-0.081202,51.509098,14.06],[-0.08089,51.509163,15.29],[-0.080747,51.509209,15.98],[-0.080155,51.509458,18.59],[-0.080121,51.509509,19.11],[-0.079997,51.509548,19.38],[-0.07984,51.509585,19.59],[-0.079699,51.509607,19.66],[-0.07955,51.509617,19.59],[-0.079326,51.509609,19.23],[-0.078605,51.509552,18.45],[-0.078406,51.509524,18.14],[-0.078077,51.509459,17.44],[-0.077904,51.509438,17.22],[-0.07775,51.509435,17.18],[-0.077314,51.509456,16.69],[-0.076719,51.509498,15],[-0.076253,51.509546,13.76],[-0.076009,51.509582,13.19],[-0.075509,51.509696,13.8],[-0.07509,51.509818,15.27],[-0.074994,51.509798,15.11],[-0.07487,51.509816,15.36],[-0.074632,51.509758,14.77],[-0.074422,51.509674,13.71],[-0.07406,51.509508,11.56],[-0.073699,51.509193,11.77],[-0.073603,51.509404,11.41],[-0.073474,51.509552,13.48],[-0.073366,51.509684,15.47],[-0.073017,51.509978,20.17],[-0.072974,51.510032,20.98],[-0.07275,51.51039,24.85],[-0.072742,51.510886,26.39],[-0.072796,51.511094,26.93],[-0.072771,51.511142,26.49],[-0.07279,51.51124,25.64],[-0.07276,51.511287,25.18],[-0.072611,51.511382,24.01],[-0.069298,51.511907,26.34],[-0.069217,51.511943,26.73],[-0.069196,51.511968,26.74],[-0.069185,51.512003,26.67],[-0.06919,51.512044,26.49],[-0.06956,51.512499,23.54],[-0.070197,51.513277,23.55],[-0.070727,51.513989,28.38],[-0.071414,51.514696,28.15],[-0.071512,51.514841,26.54],[-0.071611,51.515019,24.61],[-0.071671,51.515155,23.14],[-0.071712,51.515208,22.65],[-0.071227,51.515385,20.18],[-0.07101,51.515468,19.28],[-0.070458,51.515659,18.51],[-0.070192,51.515772,18.38],[-0.069731,51.516009,18.09],[-0.06933,51.516199,17.91],[-0.069285,51.516224,17.88],[-0.069263,51.51626,17.83],[-0.069215,51.516285,17.78],[-0.067746,51.516967,20.2],[-0.067121,51.517221,18.89],[-0.065897,51.51762,17.28],[-0.06406,51.518141,18.13],[-0.063272,51.518341,17.63],[-0.063136,51.518332,17.71],[-0.063064,51.51834,17.73],[-0.062825,51.518396,17.8],[-0.062664,51.518447,17.88],[-0.062286,51.518524,18.02],[-0.062143,51.518586,18],[-0.061269,51.518777,17.35],[-0.061147,51.518747,17.62],[-0.061118,51.518754,17.6],[-0.060973,51.518786,17.48],[-0.060921,51.518851,17.07],[-0.060698,51.518903,16.89],[-0.059927,51.519074,16.63],[-0.059597,51.519161,16.52],[-0.059188,51.519254,16.38],[-0.057059,51.519705,15.28],[-0.056753,51.51972,14.98],[-0.056484,51.519762,14.63],[-0.056072,51.519866,14.06],[-0.055922,51.519896,13.9],[-0.055788,51.519906,13.87],[-0.055206,51.520036,14.09],[-0.055117,51.520072,14.12],[-0.054717,51.520153,14.47],[-0.054176,51.520236,15.02],[-0.053205,51.520419,15],[-0.050978,51.520873,14.53],[-0.050882,51.520904,14.57],[-0.050507,51.520972,14.72],[-0.050368,51.520952,14.67],[-0.049302,51.521176,14.04],[-0.04925,51.521229,13.92],[-0.047461,51.52161,12.37],[-0.046647,51.521766,12.19],[-0.046513,51.521738,12.26],[-0.04619,51.521804,12.22],[-0.046175,51.52185,12.14],[-0.045637,51.521963,12.01],[-0.045529,51.521927,12],[-0.045223,51.521984,12.06],[-0.045173,51.522039,12.11],[-0.044306,51.5222,12.9],[-0.043877,51.522249,13.6],[-0.043331,51.522276,14.59],[-0.042945,51.52231,15.72],[-0.042699,51.522348,16.64],[-0.042249,51.522432,17.53],[-0.042122,51.522422,17.26],[-0.041988,51.522446,17.26],[-0.041919,51.522493,17.52],[-0.041356,51.522598,17.26],[-0.040951,51.522696,16.97],[-0.040503,51.522828,16.91],[-0.040424,51.522819,16.77],[-0.03977,51.523,16.32],[-0.039592,51.523058,16.1],[-0.039545,51.523113,16.18],[-0.039282,51.523203,15.88],[-0.038863,51.523369,15.94],[-0.038425,51.523583,16.09],[-0.03795,51.523833,15.2],[-0.037765,51.523882,14.86],[-0.037634,51.523939,14.66],[-0.037223,51.524134,14.66],[-0.037191,51.524183,14.72],[-0.035624,51.524776,14.83],[-0.035404,51.524843,15.02],[-0.035132,51.52486,15.32],[-0.034691,51.524991,16.07],[-0.034766,51.525199,15.64],[-0.034878,51.525457,15.48],[-0.034928,51.525535,15.46],[-0.034994,51.525581,15.41],[-0.035075,51.525617,15.39],[-0.035219,51.525845,15.63],[-0.035385,51.526044,15.92],[-0.035914,51.526589,14.21],[-0.036701,51.527339,13],[-0.037213,51.527843,12.11],[-0.038119,51.52866,12.44],[-0.039035,51.529568,13.34],[-0.039325,51.529883,13.74],[-0.04004,51.530683,15.51],[-0.040271,51.530996,15.89],[-0.040438,51.531307,16],[-0.04096,51.53219,15.77],[-0.04146,51.533043,14.86],[-0.041416,51.533063,14.99],[-0.041387,51.533089,15.09],[-0.04132,51.533173,15.35],[-0.041324,51.53324,15.42],[-0.041367,51.533274,15.36],[-0.041458,51.533298,15.17],[-0.04151,51.533293,15.04],[-0.041667,51.533404,14.79],[-0.042789,51.535751,17.61],[-0.042977,51.536123,17.52],[-0.043036,51.536205,17.5],[-0.043156,51.536319,17.5],[-0.043267,51.536406,17.53],[-0.043396,51.53649,17.52],[-0.043645,51.536585,17.41],[-0.043812,51.536639,17.34],[-0.04417,51.53674,17.22],[-0.044251,51.536779,17.17],[-0.044318,51.536826,17.12],[-0.044446,51.536959,17.1],[-0.04456,51.537169,17.61],[-0.044708,51.537573,18.34],[-0.044852,51.53792,18.34],[-0.04489,51.537977,18.24],[-0.044819,51.538003,18.39],[-0.044782,51.538039,18.45],[-0.044771,51.538075,18.46],[-0.043947,51.538283,19.01],[-0.043393,51.538427,18.83],[-0.042569,51.538557,18.89],[-0.042444,51.53859,19],[-0.042197,51.538666,19.15],[-0.041705,51.538867,19.34],[-0.041476,51.538978,19.23],[-0.041215,51.539161,19.14],[-0.040719,51.539485,18.86],[-0.040042,51.539947,18.64],[-0.039599,51.540209,18.89],[-0.038748,51.540652,19.23],[-0.038739,51.540679,19.24],[-0.038697,51.54071,19.23],[-0.038636,51.540751,19.21],[-0.038539,51.540793,19.15],[-0.038387,51.540954,19.05],[-0.038074,51.541514,19.03],[-0.038148,51.541531,19.18],[-0.03823,51.541572,19.37],[-0.038292,51.541552,19.47],[-0.038339,51.541523,19.52],[-0.03839,51.541513,19.57],[-0.038616,51.541499,19.82],[-0.038764,51.541498,20],[-0.03918,51.541524,20.51],[-0.039329,51.541543,20.34],[-0.039671,51.541632,19.87],[-0.039893,51.541712,19.46],[-0.040184,51.541848,18.7],[-0.040509,51.542033,18.03],[-0.041399,51.542611,19.04],[-0.041756,51.542786,18.96],[-0.042559,51.543119,18.13],[-0.042725,51.543196,17.95],[-0.044638,51.54408,15.24],[-0.044895,51.544215,14.75],[-0.045375,51.544408,14.06],[-0.045769,51.544729,13.63],[-0.046017,51.544978,13.48],[-0.046051,51.54504,13.45],[-0.046077,51.545141,13.38],[-0.046116,51.545412,13.39],[-0.046175,51.545534,13.53],[-0.046241,51.545619,13.69],[-0.046427,51.545817,14.18],[-0.046844,51.546449,14.69],[-0.04694,51.546552,14.59],[-0.047045,51.546634,14.5],[-0.04722,51.546708,14.43],[-0.04731,51.546736,14.4],[-0.047539,51.54678,14.38],[-0.047676,51.546793,14.52],[-0.047656,51.547115,14.34],[-0.047617,51.547616,14.74],[-0.047559,51.548049,15.64],[-0.047675,51.548051,15.5],[-0.047894,51.548071,15.29],[-0.048466,51.548155,14.95],[-0.049109,51.548255,15.19],[-0.049409,51.54834,15.59],[-0.050014,51.548566,16.91],[-0.050423,51.548728,17.16],[-0.050539,51.5488,17.25],[-0.050591,51.548864,17.33],[-0.051343,51.550777,20.1],[-0.051349,51.550833,20.15],[-0.051405,51.550936,20.2],[-0.051526,51.551138,20.27],[-0.051562,51.551165,20.29],[-0.051633,51.551334,20.6],[-0.051751,51.551532,21.06],[-0.051817,51.551611,21.25],[-0.052616,51.552384,22.55],[-0.052637,51.552405,22.58],[-0.052637,51.552456,22.64],[-0.052688,51.552516,22.71],[-0.052773,51.552562,22.76],[-0.053427,51.553539,23],[-0.053592,51.553752,22.81],[-0.054381,51.554681,22.02],[-0.054627,51.555021,22.21],[-0.054833,51.555383,22.61],[-0.055163,51.555898,23.18],[-0.055151,51.555955,23.17],[-0.05517,51.555988,23.19],[-0.055223,51.556058,23.26],[-0.055266,51.556097,23.32],[-0.055355,51.556139,23.49],[-0.055657,51.556551,24.76],[-0.055771,51.556822,25.59],[-0.055863,51.557434,25.95],[-0.055881,51.557656,25.91],[-0.055876,51.557785,25.86],[-0.055795,51.557899,25.56],[-0.05572,51.557972,25.23],[-0.055615,51.558049,24.85],[-0.055537,51.55814,24.52],[-0.055405,51.558241,24.1],[-0.055317,51.55834,23.78],[-0.054914,51.558508,22.87],[-0.054884,51.558524,22.78],[-0.054856,51.558575,22.65],[-0.054631,51.558621,22.13],[-0.05319,51.558958,20.4],[-0.053026,51.559015,20.11],[-0.051083,51.559845,14.22],[-0.049657,51.560442,13.03],[-0.047521,51.561361,9.38],[-0.046553,51.561784,9.39],[-0.046274,51.561915,9.95],[-0.045934,51.562059,10.39],[-0.045878,51.562087,10.26],[-0.045759,51.562097,10.02],[-0.045482,51.562217,9.41],[-0.045424,51.562275,9.25],[-0.04476,51.562563,7.34],[-0.044412,51.562726,6.38],[-0.044061,51.562851,6.11],[-0.041481,51.563963,6.66],[-0.041,51.56416,6.87],[-0.04012,51.564556,7],[-0.039639,51.564759,6.91],[-0.039337,51.564866,7.04],[-0.035732,51.566371,9.38],[-0.035417,51.566485,9.3],[-0.034948,51.566624,9.38],[-0.03461,51.566755,9.48],[-0.034469,51.566818,9.61],[-0.034184,51.566975,10.04],[-0.033801,51.567147,9.82],[-0.032705,51.567591,8.43],[-0.031312,51.568132,7.32],[-0.030503,51.568423,7.21],[-0.029984,51.56859,7.03],[-0.028769,51.569011,7.5],[-0.028593,51.569081,7.42],[-0.028101,51.569257,7.15],[-0.027605,51.569424,7],[-0.02575,51.570132,9.65],[-0.025284,51.570319,10.82],[-0.024779,51.570481,11.99],[-0.024323,51.57065,13.19],[-0.023478,51.57094,13.97],[-0.022433,51.571312,14.74],[-0.020393,51.571985,14.56],[-0.02,51.572107,15],[-0.019331,51.572297,15.45],[-0.017582,51.572695,15.99],[-0.016996,51.572888,15.85],[-0.016244,51.573162,16.03],[-0.015966,51.573266,16.24],[-0.015645,51.573407,16.23],[-0.015346,51.573576,16.02],[-0.014931,51.573839,15.79],[-0.014795,51.573948,15.83],[-0.014145,51.574404,16.03],[-0.014032,51.574485,16.01],[-0.01384,51.574648,16.1],[-0.013611,51.574815,16.31],[-0.013479,51.574911,16.48],[-0.012947,51.575259,17.46],[-0.012866,51.575347,17.66],[-0.012833,51.575408,17.78],[-0.012701,51.575497,18.04],[-0.012118,51.575933,19.17],[-0.011755,51.576222,20.21],[-0.011313,51.576612,21.66],[-0.011189,51.576718,22.07],[-0.011131,51.576754,22.22],[-0.011012,51.576807,22.49],[-0.01074,51.576897,22.92],[-0.008801,51.577479,24.47],[-0.008509,51.577557,24.7],[-0.008138,51.577657,25.11],[-0.007705,51.577785,25.81],[-0.007606,51.577825,26.02],[-0.007407,51.577934,26.41],[-0.007133,51.578163,26.96],[-0.006807,51.578455,27.66],[-0.006539,51.578662,27.92],[-0.006279,51.578822,27.8],[-0.006064,51.578924,27.67],[-0.005472,51.57916,27.68],[-0.005139,51.579278,27.82],[-0.004202,51.579644,26.8],[-0.003873,51.579759,26.25],[-0.003147,51.580056,24.97],[-0.002843,51.580175,24.45],[-0.002406,51.580353,24.11],[-0.002069,51.580508,24.29],[-0.000457,51.581301,26.83],[-0.000147,51.581451,27.6],[-0.000059,51.581454,27.75],[0.00004,51.581489,30.53],[0.000228,51.581522,31.22],[0.000705,51.581544,32.75],[0.000891,51.581561,33.47],[0.000988,51.581578,33.97],[0.001333,51.581644,35.82],[0.001493,51.581684,36.75],[0.001859,51.581803,38.11],[0.001998,51.581865,38.3],[0.002233,51.581984,38.17],[0.002608,51.582152,37.41],[0.002792,51.582216,37.2],[0.003684,51.582657,37.05],[0.004702,51.583125,37],[0.005481,51.583507,37],[0.005744,51.583652,37.2],[0.005948,51.583783,37.64],[0.006077,51.583898,37.98],[0.006235,51.58407,38.43],[0.006307,51.584165,38.66],[0.006434,51.584371,39.12],[0.006471,51.584466,39.29],[0.006446,51.584529,39.41],[0.006501,51.584716,39.68],[0.006532,51.584978,40.16],[0.006515,51.585163,40.46],[0.006521,51.585341,40.83],[0.006486,51.585789,41.82],[0.006487,51.586019,42.38],[0.006534,51.586249,43.1],[0.006761,51.587013,45.28],[0.006964,51.587554,47.63],[0.007166,51.588046,48.74],[0.007524,51.588857,48.66],[0.007759,51.589319,48.32],[0.008372,51.590601,51.72],[0.008883,51.591597,53.27],[0.008987,51.591817,53.83],[0.009557,51.592908,54.69],[0.010015,51.593842,56.6],[0.010113,51.593921,56.91],[0.010122,51.593938,56.96],[0.010283,51.594221,57.83],[0.010565,51.59465,58.24],[0.01062,51.594699,58.19],[0.010849,51.594814,58.09],[0.011633,51.595132,57.48],[0.011945,51.595296,56.99],[0.012014,51.595346,56.99],[0.012071,51.595418,57],[0.012096,51.595498,57],[0.012088,51.595578,57],[0.012011,51.595734,56.9],[0.01195,51.595893,56.76],[0.011864,51.596033,56.51],[0.011792,51.596238,57.57],[0.011732,51.596367,58.67],[0.011546,51.596669,61.41],[0.0115,51.596796,62.55],[0.011616,51.597049,64.49],[0.012285,51.598377,68.72],[0.012285,51.598377,64.63],[0.012687,51.599103,67],[0.013482,51.600168,67],[0.013836,51.600545,66.81],[0.014746,51.601551,64.38],[0.015655,51.602568,62.35],[0.016438,51.603465,62],[0.017535,51.604675,61],[0.017585,51.604724,60.89],[0.017655,51.604775,61],[0.017925,51.604829,60.42],[0.018213,51.604846,59.11],[0.018287,51.604831,59],[0.018461,51.604822,59],[0.018531,51.604837,59],[0.018588,51.604863,58.93],[0.018629,51.604893,58.73],[0.018692,51.604994,59],[0.018682,51.605477,59.38],[0.018712,51.605706,59.8],[0.018779,51.605896,60.43],[0.018859,51.606064,60.41],[0.019112,51.606473,61.81],[0.019819,51.607078,62.91],[0.019927,51.607119,62.98],[0.020346,51.607638,63],[0.020327,51.607694,63.29],[0.020629,51.608117,64],[0.020963,51.608608,64],[0.021065,51.608637,64],[0.021186,51.608814,63.97],[0.021149,51.608876,64],[0.021624,51.609594,64.38],[0.02233,51.610568,65.26],[0.022891,51.611208,66],[0.023432,51.611949,67.81],[0.024007,51.612805,69],[0.02467,51.614024,72],[0.024904,51.614516,73.22],[0.025003,51.614586,73.56],[0.025113,51.614831,73.99],[0.025414,51.615653,74],[0.025675,51.616248,73],[0.02592,51.61675,71.86],[0.02633,51.617518,69],[0.02689,51.618531,68.66],[0.027393,51.619544,68.82],[0.027543,51.619925,69.74],[0.027736,51.620331,70.74],[0.027774,51.620435,70.83],[0.027804,51.620569,71],[0.027845,51.620624,71.42],[0.027905,51.620669,71.84],[0.028026,51.620739,72],[0.028095,51.620793,72],[0.028788,51.621513,74],[0.029207,51.621904,75],[0.029884,51.622512,77],[0.029974,51.62263,77],[0.03023,51.623083,78],[0.03063,51.623737,79],[0.031435,51.62494,80.77],[0.032283,51.626107,81],[0.032743,51.626619,81],[0.032937,51.62689,81],[0.033356,51.627615,79.11],[0.03365,51.628157,79],[0.033932,51.628589,78],[0.03426,51.629032,77],[0.034972,51.629907,75.24],[0.035218,51.630267,75],[0.03542,51.630504,75.06],[0.036264,51.63155,75.78],[0.036455,51.63177,75.81],[0.037044,51.632538,73],[0.037371,51.632968,70],[0.038297,51.634109,60.29],[0.038547,51.634469,56.81],[0.039375,51.635503,49.02],[0.040089,51.636419,42.92],[0.040427,51.636869,41],[0.040757,51.637235,40],[0.041506,51.638033,36.53],[0.042066,51.638611,35.93],[0.042569,51.639073,36],[0.042865,51.63933,36.92],[0.043165,51.639566,37],[0.043331,51.639685,37.89],[0.04346,51.639765,37.79],[0.043993,51.640045,36.15],[0.044885,51.640409,36],[0.046407,51.640861,38.16],[0.047578,51.641318,39.63],[0.048171,51.641596,36.99],[0.048484,51.641757,36.47],[0.04875,51.641933,36],[0.049033,51.64215,34.92],[0.049714,51.642741,33],[0.050099,51.643093,33],[0.050335,51.64326,33],[0.050689,51.643468,33.11],[0.051243,51.643772,33],[0.051558,51.643957,33],[0.052112,51.644343,33],[0.052538,51.644753,33],[0.053108,51.645343,32],[0.053889,51.64621,34.03],[0.054314,51.646657,36],[0.054506,51.646836,36.05],[0.055291,51.647465,35],[0.055579,51.647757,34],[0.055973,51.648217,33.11],[0.056418,51.64878,33],[0.057082,51.649579,34.65],[0.057222,51.649765,35],[0.057442,51.650016,36],[0.057574,51.650146,36.99],[0.05791,51.650378,38],[0.058346,51.650616,39.51],[0.058549,51.650697,40.48],[0.058726,51.65078,41],[0.059147,51.651082,42],[0.05965,51.651417,44],[0.060358,51.651977,47.93],[0.0615,51.652765,54.79],[0.061941,51.653026,57.12],[0.062866,51.653397,63],[0.063722,51.653815,66],[0.064506,51.654222,63.99],[0.064671,51.654316,63],[0.065704,51.655074,57],[0.066068,51.655356,55],[0.066592,51.655837,54],[0.066892,51.656072,54.04],[0.067031,51.656024,53.79],[0.066892,51.656072,54.04],[0.066592,51.655837,54],[0.066068,51.655356,55],[0.065704,51.655074,57],[0.064671,51.654316,63],[0.064506,51.654222,63.99],[0.063722,51.653815,66],[0.062866,51.653397,63],[0.061941,51.653026,57.12],[0.0615,51.652765,54.79],[0.060358,51.651977,47.93],[0.05965,51.651417,44],[0.059147,51.651082,42],[0.058726,51.65078,41],[0.058549,51.650697,40.48],[0.058346,51.650616,39.51],[0.05791,51.650378,38],[0.057574,51.650146,36.99],[0.057442,51.650016,36],[0.057222,51.649765,35],[0.057082,51.649579,34.65],[0.056418,51.64878,33],[0.055973,51.648217,33.11],[0.055579,51.647757,34],[0.055291,51.647465,35],[0.054506,51.646836,36.05],[0.054314,51.646657,36],[0.053889,51.64621,34.03],[0.053108,51.645343,32],[0.052538,51.644753,33],[0.052112,51.644343,33],[0.051558,51.643957,33],[0.051243,51.643772,33],[0.050689,51.643468,33.11],[0.050335,51.64326,33],[0.050099,51.643093,33],[0.049714,51.642741,33],[0.049033,51.64215,34.92],[0.04875,51.641933,36],[0.048484,51.641757,36.47],[0.048171,51.641596,36.99],[0.047578,51.641318,39.63],[0.046407,51.640861,38.16],[0.044885,51.640409,36],[0.043993,51.640045,36.15],[0.04346,51.639765,37.79],[0.043331,51.639685,37.89],[0.043165,51.639566,37],[0.042865,51.63933,36.92],[0.042569,51.639073,36],[0.042066,51.638611,35.93],[0.041506,51.638033,36.53],[0.040757,51.637235,40],[0.040427,51.636869,41],[0.040089,51.636419,42.92],[0.039375,51.635503,49.02],[0.038547,51.634469,56.81],[0.038297,51.634109,60.29],[0.037371,51.632968,70],[0.037044,51.632538,73],[0.036455,51.63177,75.81],[0.036264,51.63155,75.78],[0.03542,51.630504,75.06],[0.035218,51.630267,75],[0.034972,51.629907,75.24],[0.03426,51.629032,77],[0.033932,51.628589,78],[0.03365,51.628157,79],[0.033356,51.627615,79.11],[0.032937,51.62689,81],[0.032743,51.626619,81],[0.032283,51.626107,81],[0.031435,51.62494,80.77],[0.03063,51.623737,79],[0.03023,51.623083,78],[0.029974,51.62263,77],[0.029884,51.622512,77],[0.029207,51.621904,75],[0.028788,51.621513,74],[0.028238,51.620938,72],[0.028035,51.620828,72],[0.027809,51.620739,72],[0.027716,51.62069,72],[0.027677,51.620647,71.63],[0.027532,51.620136,70],[0.027289,51.619542,69],[0.027,51.618992,69],[0.026747,51.618567,69],[0.026551,51.618203,69],[0.026227,51.617536,69.26],[0.025951,51.617034,71],[0.025709,51.616558,72],[0.025334,51.615733,74],[0.025066,51.615058,74],[0.024884,51.614591,73.93],[0.024904,51.614516,73.22],[0.02467,51.614024,72],[0.024007,51.612805,69],[0.023432,51.611949,67.81],[0.022891,51.611208,66],[0.02233,51.610568,65.26],[0.021624,51.609594,64.38],[0.021149,51.608876,64],[0.021054,51.608844,64],[0.020934,51.608669,64],[0.020963,51.608608,64],[0.020629,51.608117,64],[0.020327,51.607694,63.29],[0.020224,51.607672,63.14],[0.019805,51.607157,63],[0.019819,51.607078,62.91],[0.019112,51.606473,61.81],[0.018969,51.606377,61.03],[0.01886,51.606266,61],[0.018442,51.605739,60.79],[0.018026,51.60524,61],[0.017968,51.605136,60.72],[0.017954,51.605084,60.62],[0.017964,51.605015,60.56],[0.017828,51.604935,61],[0.017535,51.604675,61],[0.016438,51.603465,62],[0.01532,51.602192,62.93],[0.013836,51.600545,66.81],[0.013572,51.600271,67],[0.01339,51.600052,67],[0.012687,51.599103,67],[0.012285,51.598377,64.63],[0.011616,51.597049,61],[0.0115,51.596796,61],[0.011343,51.596613,60],[0.011246,51.596531,60],[0.011081,51.596443,59.42],[0.010893,51.596328,58.95],[0.010567,51.59618,57.56],[0.010207,51.595991,54.04],[0.010117,51.595936,53.62],[0.010053,51.595869,53.28],[0.01002,51.595793,52.98],[0.01002,51.595715,52.67],[0.010062,51.59556,56],[0.010094,51.595484,55.98],[0.010245,51.59524,54.01],[0.010386,51.59492,55.38],[0.010414,51.594813,55.43],[0.01041,51.594725,55],[0.010365,51.594589,54.68],[0.010224,51.594302,54],[0.010118,51.594219,54],[0.010023,51.594179,53.96],[0.009797,51.594109,53.19],[0.009677,51.59406,53],[0.009677,51.59406,56.72],[0.008185,51.593807,55.07],[0.006113,51.593464,52.51],[0.005297,51.593301,50.77],[0.005131,51.593265,50.42],[0.004024,51.593074,47.5],[0.002925,51.592912,44.7],[0.000735,51.592641,36.2],[-0.001438,51.592409,27.43],[-0.002489,51.59226,26.61],[-0.002912,51.59218,26.56],[-0.00326,51.592104,26.61],[-0.005031,51.59161,27.91],[-0.006656,51.591332,28.61],[-0.007345,51.591188,29.46],[-0.007776,51.591055,29.44],[-0.008237,51.590889,28.74],[-0.008371,51.590884,28.43],[-0.008713,51.590762,27.9],[-0.00904,51.590657,27.37],[-0.009306,51.590588,26.99],[-0.009938,51.590444,26.45],[-0.010885,51.59026,27.05],[-0.011389,51.590174,27.91],[-0.012401,51.590064,28.71],[-0.013327,51.589982,28.39],[-0.013894,51.589959,28.15],[-0.014355,51.589931,28.52],[-0.014388,51.589929,28.6],[-0.014642,51.589914,29.17],[-0.014711,51.589868,29.78],[-0.015314,51.58985,30.85],[-0.015549,51.589865,30.97],[-0.015715,51.589888,30.93],[-0.01712,51.590122,25.03],[-0.017609,51.590223,23.29],[-0.018483,51.590424,22.23],[-0.019603,51.590715,20.32],[-0.019952,51.590793,19.53],[-0.020253,51.590841,19.14],[-0.020368,51.59085,19.06],[-0.020594,51.590849,18.98],[-0.02086,51.590824,19],[-0.021282,51.590775,19.37],[-0.021649,51.590704,19.88],[-0.022449,51.590503,20.86],[-0.023002,51.590355,21.04],[-0.02357,51.590243,21.08],[-0.024519,51.590101,22.34],[-0.025521,51.58997,24.73],[-0.026473,51.589865,24.69],[-0.026957,51.589802,24.51],[-0.02749,51.589719,24.63],[-0.028506,51.589594,23.09],[-0.028761,51.589552,22.7],[-0.028984,51.589505,22.32],[-0.029577,51.58934,21.57],[-0.02987,51.589233,21.2],[-0.030113,51.589132,20.87],[-0.030496,51.588944,20.41],[-0.030613,51.588901,20.27],[-0.032981,51.58819,16.99],[-0.033452,51.588028,17.37],[-0.03371,51.587966,17.52],[-0.033979,51.58792,17.63],[-0.034743,51.587815,17.2],[-0.035812,51.587681,16.8],[-0.036527,51.587606,16.62],[-0.037378,51.587534,16.45],[-0.038465,51.587431,14.51],[-0.039266,51.587333,13.78],[-0.040337,51.587242,11.36],[-0.040759,51.587196,10.48],[-0.041508,51.587132,9.25],[-0.04334,51.586911,7.97],[-0.043837,51.586855,7.96],[-0.044074,51.586837,7.99],[-0.044589,51.586768,7.9],[-0.044869,51.586742,7.81],[-0.047638,51.586476,8.47],[-0.050587,51.58618,8.55],[-0.050927,51.586168,8.11],[-0.051074,51.586173,8.3],[-0.051313,51.586203,8.64],[-0.051583,51.58625,9.05],[-0.051717,51.586287,9.28],[-0.051855,51.586343,9.51],[-0.05292,51.586824,10.38],[-0.053415,51.587026,9.89],[-0.053681,51.587112,9.78],[-0.05536,51.587516,8.3],[-0.056182,51.587731,8.86],[-0.056337,51.587763,9.19],[-0.057162,51.587893,10.74],[-0.057596,51.587931,11.1],[-0.057957,51.587953,10.69],[-0.058449,51.58797,10.25],[-0.060649,51.588023,10.69],[-0.06105,51.588046,10.58],[-0.061152,51.588094,10.53],[-0.061945,51.588117,10.24],[-0.062036,51.588086,10.12],[-0.062265,51.588114,10.01],[-0.062367,51.588139,10],[-0.062625,51.588209,9.98],[-0.062692,51.58828,10.05],[-0.063057,51.588464,9.68],[-0.063229,51.588347,9.45],[-0.063292,51.588289,9.43],[-0.063315,51.58825,9.44],[-0.063312,51.588182,9.52],[-0.063403,51.58808,9.6],[-0.06347,51.587971,9.72],[-0.063608,51.587555,10.33],[-0.063716,51.587117,11.12],[-0.063749,51.586932,11.48],[-0.063829,51.5862,10.7],[-0.063919,51.585632,10.3],[-0.063977,51.585291,10.03],[-0.064043,51.585026,9.76],[-0.06407,51.584979,9.7],[-0.064176,51.584895,9.56],[-0.064311,51.584866,9.76],[-0.0645,51.584845,10.08],[-0.065968,51.584724,11.8],[-0.066524,51.58465,12.55],[-0.067506,51.584488,12.85],[-0.06802,51.584396,12.37],[-0.06833,51.584328,12.02],[-0.068793,51.584224,11.59],[-0.069126,51.58413,11.4],[-0.069355,51.58408,11.85],[-0.069854,51.584042,13.09],[-0.070523,51.584049,14.07],[-0.071502,51.584075,13.64],[-0.071605,51.584071,13.52],[-0.071716,51.584096,13.37],[-0.071933,51.584085,13.24],[-0.072111,51.584049,13.18],[-0.072215,51.584014,13.18],[-0.072234,51.583932,13.33],[-0.072236,51.583853,13.49],[-0.072328,51.583229,14.44],[-0.072359,51.583097,14.6],[-0.072374,51.582841,14.91],[-0.072366,51.582783,14.98],[-0.0723,51.582665,15],[-0.072344,51.582291,15],[-0.072754,51.580024,12.29],[-0.07294,51.579184,13.1],[-0.073128,51.5782,16.29],[-0.073141,51.577994,17.1],[-0.073125,51.57778,17.93],[-0.073068,51.577518,18.98],[-0.072972,51.577222,20.24],[-0.072391,51.575689,28.2],[-0.072299,51.575365,30.66],[-0.072264,51.575014,32.09],[-0.072273,51.574785,32.73],[-0.072342,51.574135,34.15],[-0.072335,51.573843,34.49],[-0.072409,51.573791,34.64],[-0.07247,51.573608,34.94],[-0.07271,51.572647,35.45],[-0.07276,51.572421,35.87],[-0.072779,51.572282,36.1],[-0.072782,51.572143,36.33],[-0.07277,51.572004,36.57],[-0.072825,51.571109,35.27],[-0.072846,51.569829,35.3],[-0.072889,51.5686,32.66],[-0.072972,51.566858,31.14],[-0.073048,51.566805,30.73],[-0.073054,51.566671,30.32],[-0.072991,51.566626,30.4],[-0.072976,51.566395,29.77],[-0.07308,51.56554,27.76],[-0.073087,51.565405,27.54],[-0.073081,51.565164,27.24],[-0.073115,51.564601,26.84],[-0.073098,51.564058,26.7],[-0.073083,51.563892,26.69],[-0.073086,51.563745,26.69],[-0.073111,51.563534,26.79],[-0.07313,51.563468,26.89],[-0.073169,51.563432,26.98],[-0.073195,51.563293,27.18],[-0.07336,51.562935,27.81],[-0.073467,51.562659,28.39],[-0.073619,51.56209,29.94],[-0.073929,51.560625,27.44],[-0.074066,51.559817,27],[-0.074294,51.558707,27.61],[-0.074501,51.557502,28.61],[-0.074508,51.557333,28.6],[-0.074559,51.557295,28.54],[-0.074573,51.557142,28.53],[-0.074514,51.557081,28.6],[-0.074512,51.556328,28.17],[-0.07452,51.555909,27.91],[-0.074631,51.555198,27.53],[-0.07473,51.554725,27.98],[-0.074799,51.55421,28.06],[-0.074866,51.552972,27.35],[-0.074948,51.55205,27.16],[-0.07507,51.55099,25.51],[-0.075124,51.550612,24.08],[-0.075206,51.549784,22.33],[-0.075292,51.549178,22],[-0.075332,51.548818,22],[-0.075419,51.548113,22],[-0.075546,51.547403,21.57],[-0.075618,51.547079,21.18],[-0.075649,51.546653,21.33],[-0.075646,51.546199,21.87],[-0.075675,51.546008,21.78],[-0.07589,51.545192,19.95],[-0.075958,51.544842,19.93],[-0.076435,51.541237,20.24],[-0.076509,51.540837,20.2],[-0.07655,51.540552,20.16],[-0.07668,51.53948,20.93],[-0.076701,51.539177,20.71],[-0.07673,51.538241,20],[-0.076826,51.537013,20],[-0.07687,51.536616,20.65],[-0.076912,51.53573,22.15],[-0.076929,51.535095,22.57],[-0.076988,51.534455,22.02],[-0.077139,51.533078,21.61],[-0.077142,51.532833,21.91],[-0.077122,51.53265,21.74],[-0.077035,51.532126,20.6],[-0.07702,51.531776,20.5],[-0.07706,51.531344,21.42],[-0.077089,51.531139,21.88],[-0.077234,51.530408,22],[-0.077299,51.530154,22],[-0.077547,51.529445,22.04],[-0.077789,51.52898,22.16],[-0.077924,51.528573,22.04],[-0.077946,51.528228,22.86],[-0.077995,51.527691,23.95],[-0.078025,51.527439,24.24],[-0.078049,51.527183,24.44],[-0.078113,51.527187,24.49],[-0.0786,51.527223,24.83],[-0.078938,51.527245,25.05],[-0.07965,51.527237,24.65],[-0.079866,51.527234,24.53],[-0.079995,51.527218,24.38],[-0.080151,51.527159,24.17],[-0.080384,51.527004,23.7],[-0.080431,51.526976,23.6],[-0.080395,51.526897,23.51],[-0.080319,51.526095,22.64],[-0.080313,51.525056,22.32],[-0.080298,51.524857,22.64],[-0.080287,51.524538,23.14],[-0.08028,51.524476,23.23],[-0.080307,51.524301,23.11],[-0.080299,51.52433,23.16],[-0.080006,51.524165,22.69],[-0.079712,51.523985,22.72],[-0.079419,51.523806,22.74],[-0.079249,51.523702,22.78],[-0.079059,51.523584,22.39],[-0.07873,51.523386,20.88],[-0.07843,51.523202,19.71],[-0.078145,51.523018,19.09],[-0.078107,51.522967,19.04],[-0.078066,51.522944,19],[-0.077815,51.522857,18.89],[-0.07782,51.522847,18.9],[-0.077875,51.522684,18.87],[-0.077848,51.522616,18.74],[-0.077946,51.522459,18.48],[-0.078077,51.522168,18.07],[-0.07828,51.5218,18.63],[-0.078406,51.521639,19.76],[-0.078559,51.521464,20.99],[-0.078651,51.521395,21.52],[-0.078916,51.520788,28.63],[-0.078972,51.52063,31.56],[-0.078999,51.52051,33.8],[-0.079044,51.5201,39.03],[-0.079073,51.519982,39.51],[-0.079148,51.519718,40.46],[-0.079254,51.519404,40.59],[-0.079405,51.519032,40.71],[-0.079366,51.518995,41.02],[-0.079509,51.518708,41.07],[-0.079527,51.518638,41.19],[-0.07972,51.518312,37.85],[-0.079815,51.51817,36.36],[-0.080052,51.517889,33.95],[-0.080394,51.517544,31.24],[-0.080535,51.517414,30.15],[-0.080646,51.517281,29.04],[-0.080882,51.517043,27.1],[-0.080976,51.516936,26.44],[-0.081133,51.516711,28.44],[-0.081238,51.516596,29.66],[-0.081311,51.51649,30.72],[-0.081417,51.516452,31.29],[-0.081578,51.51628,33.12],[-0.081697,51.516182,34.23],[-0.081665,51.516176,34.2],[-0.081697,51.516182,34.23],[-0.081932,51.515945,35.21],[-0.081922,51.515899,35.07],[-0.082186,51.515647,34.84],[-0.082517,51.515348,34.34],[-0.082948,51.514924,34.46],[-0.083624,51.514434,34.63],[-0.083852,51.514115,34.46],[-0.084007,51.513758,33.91],[-0.084141,51.51341,33.78],[-0.084267,51.513157,34.65],[-0.084454,51.512832,36.04],[-0.084666,51.51253,37.18],[-0.084844,51.512308,37.66],[-0.085111,51.511933,37.76],[-0.085131,51.511937,37.71],[-0.085111,51.511933,37.76],[-0.085512,51.511317,33.35],[-0.085591,51.511202,32.65],[-0.085885,51.511039,31.8],[-0.086064,51.510952,31.16],[-0.086151,51.510919,30.87],[-0.086231,51.510901,30.64],[-0.086398,51.510889,30.21],[-0.086547,51.510899,29.87],[-0.086631,51.510914,29.71],[-0.08667,51.510855,29.47],[-0.086565,51.510837,29.68],[-0.086552,51.510882,29.82],[-0.086547,51.510899,29.87],[-0.086631,51.510914,29.71],[-0.086725,51.510764,29.16],[-0.08688,51.510415,27.96],[-0.087058,51.509945,23.99]]},"properties":{"name":"Route B"}},{"type":"Feature","geometry":{"type":"LineString","coordinates":[[-0.018934,51.545291,10],[-0.018892,51.545305,10.05],[-0.018263,51.545508,10.35],[-0.018168,51.545544,10.05],[-0.018146,51.545568,10],[-0.01813,51.545612,10],[-0.018149,51.545658,10],[-0.018207,51.545727,10.247703394665411],[-0.017957415785446074,51.54577087936531,10.047164890118374],[-0.01756034205220658,51.54594410271676,9.347733188902009],[-0.016931856028778496,51.546166440096435,3.7191645753423055],[-0.01657062095580386,51.546294233009206,10.096815709504263],[-0.015946455371678693,51.54652123457131,11.261469300808354],[-0.015322289787553529,51.5467482361334,11.851314894168377],[-0.015243090862924191,51.546777039835604,11.937930163412355],[-0.014629203177797725,51.54701463892426,12.26510284710848],[-0.014395605134041034,51.54710505071074,12.353999870061184],[-0.013962,51.547111,12],[-0.013952,51.547099,12],[-0.013662,51.547223,12],[-0.013541,51.547296,12],[-0.012939,51.547659,12],[-0.01176,51.548352,12.06],[-0.010265,51.549155,12.1],[-0.00987,51.549348,12],[-0.009719,51.549407,12],[-0.009568,51.549462,12],[-0.008987,51.549616,12],[-0.008899,51.549678,12],[-0.008809,51.549703,12],[-0.008729,51.549727,12],[-0.0084,51.549806,12],[-0.008239,51.549843,12],[-0.008143,51.549831,12],[-0.008051,51.54986,11.757773135153199],[-0.007400235346741228,51.55005606209156,11.464907276053466],[-0.006749470693482456,51.55025212418312,10.92559726067513],[-0.006591123632432527,51.55029983091677,10.817529949157425],[-0.005941012129527743,51.55049673741427,6.095110620338031],[-0.0052909006266229595,51.55069364391177,8.725318021552912],[-0.00502733375680009,51.55077347333943,8.54650343513832],[-0.004375340696649323,51.550967966210294,9.739301789529682],[-0.004173308289978195,51.55102823351248,10.031786767972925],[-0.004121374309136172,51.55109282037151,10.134253957640954],[-0.003921,51.551132,10],[-0.00382,51.551152,10],[-0.00166,51.551752,10.38],[-0.001202,51.551862,10.01],[-0.000941,51.551911,10.29],[-0.000381,51.551987,10],[0.002081,51.552266,10],[0.004863,51.552511,11],[0.005579,51.552591,11],[0.005746,51.552627,11],[0.006066,51.552717,11],[0.006511,51.552865,11],[0.007137,51.553086,12],[0.007481,51.553231,12],[0.007691,51.553335,12],[0.007944,51.553516,12.1],[0.008675,51.554069,13],[0.009635,51.554767,14],[0.009869,51.554885,14],[0.010454,51.55513,14],[0.01089,51.55528,14],[0.011392,51.555434,14],[0.011873,51.555593,14],[0.012923,51.555957,14],[0.013896,51.556305,14.11],[0.014075,51.556376,14.86],[0.015574,51.556929,15],[0.017335,51.557592,15],[0.017919,51.557832,15],[0.018073,51.557913,15],[0.018225,51.55803,15],[0.018293,51.558184,15],[0.018914,51.559271,15.26],[0.019949,51.561044,17.85],[0.020024,51.561119,17.84],[0.020149,51.561198,18],[0.020254,51.561238,18],[0.021172,51.561517,18.93],[0.021262,51.561549,18.74],[0.0214,51.561616,18.66],[0.023436,51.562829,19],[0.024578,51.563498,19],[0.024811,51.563631,19],[0.025026,51.563708,19],[0.025027,51.563781,19],[0.024947,51.564116,19],[0.024987,51.56427,19],[0.02495,51.564487,19],[0.024908,51.565452,19],[0.024879,51.566045,19],[0.024856,51.566225,19],[0.024834,51.566312,19.07],[0.024784,51.566454,19.46],[0.024127,51.567798,23.01],[0.02379,51.568619,25],[0.023584,51.569269,27],[0.023491,51.56973,28.09],[0.023475,51.56983,29],[0.023484,51.570512,29.4],[0.023566,51.572159,31],[0.023617,51.573418,31],[0.023602,51.573461,31],[0.023547,51.573538,27.22],[0.023408,51.573678,25.03],[0.023344,51.573742,28.6],[0.023251,51.573839,30.91],[0.023292,51.573854,30.92],[0.024465,51.574314,30.91],[0.025349,51.574645,31],[0.025873,51.574823,30],[0.026726,51.575091,29.61],[0.02683,51.57515,29.01],[0.027174,51.57527,29],[0.027851,51.575521,27.76],[0.027992,51.57561,27],[0.027772,51.575972,27],[0.027496,51.576468,27.78],[0.027336,51.576746,28],[0.027211,51.576879,28],[0.027083,51.576975,28],[0.026987,51.577034,28],[0.026849,51.577142,28],[0.026424,51.577558,28],[0.025615,51.578601,27],[0.025433,51.578794,27],[0.023242,51.580163,22.91],[0.021602,51.581174,22.68],[0.021449,51.581261,22.02],[0.020749,51.581719,24],[0.020595,51.581834,24],[0.02054,51.581861,24],[0.020466,51.581859,24],[0.020281,51.581906,24],[0.02018,51.581923,24],[0.020222,51.58216,23],[0.02027,51.582207,23],[0.020246,51.582912,24.41],[0.020178,51.582976,25],[0.020169,51.583144,25.58],[0.020169,51.583334,26],[0.020194,51.583432,26],[0.020251,51.583496,26],[0.020396,51.584166,28],[0.020543,51.584603,29.1],[0.021079,51.586034,31],[0.02115,51.586271,31.82],[0.021366,51.587205,32.22],[0.021444,51.587479,32.1],[0.021847,51.588613,33.02],[0.022031,51.589218,34],[0.022157,51.589784,35],[0.02236,51.590866,37],[0.022439,51.591302,38],[0.022485,51.591634,39],[0.022496,51.591926,39.16],[0.022467,51.592165,40],[0.022436,51.592615,41],[0.022426,51.593278,42],[0.022406,51.593549,42],[0.022343,51.593947,42.7],[0.022265,51.594571,43.28],[0.022215,51.594611,43.74],[0.022125,51.594997,44],[0.021965,51.595467,44.36],[0.021882,51.59564,44.37],[0.021832,51.595732,41.62],[0.021796,51.595834,41.46],[0.02184,51.595938,41.03],[0.021745,51.596165,39.98],[0.021695,51.596307,45.36],[0.021607,51.596583,46],[0.021499,51.596654,46],[0.021316,51.597023,47],[0.021182,51.597347,48],[0.021217,51.597423,48],[0.02098,51.597944,49],[0.020561,51.598953,51],[0.020229,51.599674,51],[0.019811,51.600375,50],[0.019645,51.600676,49.86],[0.01956,51.600854,49.28],[0.019453,51.601121,48.92],[0.019389,51.601346,48.32],[0.019342,51.601557,48.55],[0.019333,51.601642,49.29],[0.019329,51.602098,50.96],[0.019311,51.602409,52.88],[0.019283,51.602652,54],[0.019113,51.603298,56],[0.019022,51.603723,57],[0.018757,51.604682,58],[0.018656,51.604761,58.48],[0.018584,51.604796,58.95],[0.018461,51.604822,59],[0.018287,51.604831,59],[0.018213,51.604846,59.11],[0.018077,51.604895,59.92],[0.018028,51.604926,60.18],[0.017964,51.605015,60.56],[0.017954,51.605084,60.62],[0.017968,51.605136,60.72],[0.018026,51.60524,61],[0.018442,51.605739,60.79],[0.018471,51.605765,60.72],[0.018512,51.605783,60.66],[0.01856,51.605791,60.58],[0.018611,51.605789,60.41],[0.018656,51.605776,60.21],[0.018685,51.605756,60.08],[0.018712,51.605706,59.8],[0.018682,51.605477,59.38],[0.018692,51.604994,59],[0.018629,51.604893,58.73],[0.018588,51.604863,58.93],[0.018531,51.604837,59],[0.018461,51.604822,59],[0.018287,51.604831,59],[0.018213,51.604846,59.11],[0.017925,51.604829,60.42],[0.017655,51.604775,61],[0.017585,51.604724,60.89],[0.017535,51.604675,61],[0.016438,51.603465,62],[0.015655,51.602568,62.35],[0.014746,51.601551,64.38],[0.013836,51.600545,66.81],[0.013482,51.600168,67],[0.012687,51.599103,67],[0.012309,51.598421,64.78],[0.011616,51.597049,61],[0.0115,51.596796,61],[0.011546,51.596669,60.02],[0.011732,51.596367,58.79],[0.011792,51.596238,58.44],[0.011864,51.596033,57.22],[0.01195,51.595893,56.22],[0.012011,51.595734,57.9],[0.012088,51.595578,53.09],[0.012096,51.595498,53.11],[0.012071,51.595418,53.13],[0.012014,51.595346,53.16],[0.011945,51.595296,53.18],[0.011844,51.595239,55.34],[0.011633,51.595132,55.85],[0.011213,51.594967,54.48],[0.010849,51.594814,54.98],[0.010691,51.59474,55],[0.01062,51.594699,54.78],[0.010565,51.59465,54.69],[0.010283,51.594221,53.4],[0.01005,51.594117,53.69],[0.009957,51.594089,53.89],[0.009677,51.59406,53],[0.008065,51.593786,52.89],[0.006113,51.593464,51],[0.005297,51.593301,49],[0.005131,51.593265,48.83],[0.004024,51.593074,46.39],[0.002925,51.592912,42.01],[0.000735,51.592641,35.6],[-0.0003,51.592526,33],[-0.000754,51.592483,32.99],[-0.001014,51.592458,30.72],[-0.001438,51.592409,32.36],[-0.002064,51.592321,29.95],[-0.002489,51.59226,28.53],[-0.002912,51.59218,27.07],[-0.00326,51.592104,26],[-0.003995,51.591897,24],[-0.005031,51.59161,24],[-0.006656,51.591332,25.8],[-0.007085,51.591247,26.11],[-0.007345,51.591188,27],[-0.007776,51.591055,27.31],[-0.008172,51.590916,27],[-0.008237,51.590889,27],[-0.008288,51.590823,27],[-0.008449,51.590748,26.65],[-0.008631,51.590673,26],[-0.008971,51.590564,25.84],[-0.00975,51.590414,25],[-0.010207,51.590314,24],[-0.011125,51.59015,24],[-0.011573,51.590083,24],[-0.012383,51.589994,25],[-0.012869,51.589954,25.95],[-0.014627,51.589847,25.99],[-0.014711,51.589868,25.73],[-0.015314,51.58985,25],[-0.015549,51.589865,25],[-0.016837,51.590072,23],[-0.016827,51.590094,23],[-0.016837,51.590072,23],[-0.01712,51.590122,22.12],[-0.017609,51.590223,21.68],[-0.018483,51.590424,20],[-0.019603,51.590715,18],[-0.019952,51.590793,17],[-0.020253,51.590841,17],[-0.020368,51.59085,17],[-0.020594,51.590849,16.27],[-0.02086,51.590824,16],[-0.021282,51.590775,16],[-0.021649,51.590704,16],[-0.022449,51.590503,16],[-0.023002,51.590355,16],[-0.023364,51.590279,16.94],[-0.02357,51.590243,17],[-0.024519,51.590101,19],[-0.025521,51.58997,21.2],[-0.026473,51.589865,23.96],[-0.026957,51.589802,24.76],[-0.02749,51.589719,25],[-0.028593,51.589582,23],[-0.028984,51.589505,23],[-0.029577,51.58934,21.04],[-0.02987,51.589233,20.33],[-0.030113,51.589132,20],[-0.030496,51.588944,19.69],[-0.030613,51.588901,19.01],[-0.032981,51.58819,15],[-0.033452,51.588028,15],[-0.03371,51.587966,15],[-0.033979,51.58792,15],[-0.035272,51.587746,15],[-0.035812,51.587681,14.03],[-0.036427,51.587616,14],[-0.037378,51.587534,14],[-0.038465,51.587431,14.11],[-0.039266,51.587333,13],[-0.040337,51.587242,12],[-0.040759,51.587196,12],[-0.041508,51.587132,10],[-0.04334,51.586911,8],[-0.043837,51.586855,8],[-0.044074,51.586837,8],[-0.044589,51.586768,8],[-0.045782,51.586658,9.54],[-0.047638,51.586476,10],[-0.050587,51.58618,10],[-0.050927,51.586168,10],[-0.051074,51.586173,10],[-0.051313,51.586203,9.79],[-0.051583,51.58625,9.94],[-0.051717,51.586287,10],[-0.051855,51.586343,9.48],[-0.05292,51.586824,8.98],[-0.053313,51.586984,6.99],[-0.053415,51.587026,8.42],[-0.053681,51.587112,9],[-0.05536,51.587516,9],[-0.056182,51.587731,9.64],[-0.056337,51.587763,9.61],[-0.057053,51.587877,10],[-0.057393,51.587916,9],[-0.057957,51.587953,9.97],[-0.058212,51.587963,10],[-0.059681,51.588001,11.96],[-0.060074,51.58801,8.79],[-0.060397,51.588017,11.82],[-0.060556,51.588021,11.72],[-0.06105,51.588046,10],[-0.061149,51.588015,10],[-0.061958,51.588041,8.91],[-0.062036,51.588086,8.43],[-0.062265,51.588114,8],[-0.062498,51.58817,8],[-0.062625,51.588209,8],[-0.062729,51.588209,8],[-0.062783,51.588184,8],[-0.063051,51.588172,8],[-0.063375,51.588114,8],[-0.063434,51.588041,8],[-0.06347,51.587971,8],[-0.063608,51.587555,8],[-0.063716,51.587117,8],[-0.063749,51.586932,8],[-0.063829,51.5862,8],[-0.063977,51.585291,8],[-0.064043,51.585026,8],[-0.06407,51.584979,8],[-0.064176,51.584895,8],[-0.064311,51.584866,8],[-0.0645,51.584845,8],[-0.065968,51.584724,8],[-0.066524,51.58465,8],[-0.067697,51.584456,8],[-0.06802,51.584396,8],[-0.068793,51.584224,8.98],[-0.069158,51.584123,9],[-0.069355,51.58408,9],[-0.069854,51.584042,9],[-0.070523,51.584049,10],[-0.071502,51.584075,10],[-0.071605,51.584071,10],[-0.071677,51.584031,10.08],[-0.072124,51.583969,10.33],[-0.072234,51.583932,10.97],[-0.072419,51.583886,11],[-0.072577,51.583885,11],[-0.072728,51.583915,11],[-0.073551,51.583997,11],[-0.074859,51.584153,11.02],[-0.075296,51.584224,11.63],[-0.075417,51.58425,11],[-0.07596,51.58441,11],[-0.078144,51.585138,11],[-0.078318,51.585179,11.35],[-0.078968,51.585207,12],[-0.080571,51.585223,12.46],[-0.081428,51.585241,13],[-0.082219,51.585301,13],[-0.082996,51.585416,14],[-0.083571,51.585532,14],[-0.084188,51.585669,14.11],[-0.084683,51.585803,15],[-0.085846,51.586079,16],[-0.086772,51.586255,16.69],[-0.087414,51.586332,17],[-0.088334,51.586469,17.69],[-0.088488,51.586471,17.71],[-0.088871,51.586429,17.32],[-0.089195,51.586378,17.49],[-0.089331,51.586332,17.41],[-0.089493,51.586337,17.46],[-0.090405,51.586223,17],[-0.091036,51.586156,17],[-0.091771,51.586092,18],[-0.092325,51.586089,18],[-0.093548,51.586053,18.72],[-0.093986,51.586049,18.9],[-0.094262,51.586085,19],[-0.094456,51.586124,19],[-0.095617,51.586537,20],[-0.096246,51.586736,21.11],[-0.097602,51.58708,22],[-0.098382,51.587349,22.93],[-0.098663,51.587455,22.97],[-0.099085,51.587521,22.99],[-0.099208,51.58754,23],[-0.100935,51.587739,22],[-0.101014,51.587731,22],[-0.101076,51.587706,22],[-0.101119,51.587677,22],[-0.101137,51.587631,22],[-0.10113,51.587594,22],[-0.100939,51.587354,22],[-0.100977,51.58729,22],[-0.101009,51.587267,22],[-0.101186,51.587234,22.3],[-0.101764,51.5883,22],[-0.101988,51.588686,22],[-0.102614,51.589689,22],[-0.102746,51.589853,21.24],[-0.102949,51.590069,21],[-0.103277,51.590383,21],[-0.103412,51.5903,21],[-0.103913,51.590115,21],[-0.10398,51.59011,21],[-0.104052,51.590116,21],[-0.104363,51.590037,21],[-0.105657,51.589758,21],[-0.107364,51.58947,22],[-0.107716,51.589424,22],[-0.108162,51.589351,22],[-0.109796,51.588967,23],[-0.109838,51.588929,23],[-0.109871,51.588919,23],[-0.110065,51.588861,23],[-0.11033,51.588799,23],[-0.110758,51.588762,23],[-0.111069,51.58879,23.9],[-0.111369,51.5887,24],[-0.111992,51.588464,26.17],[-0.112603,51.588243,29.76],[-0.112952,51.588121,30.96],[-0.113058,51.588049,31.52],[-0.113156,51.58801,31.88],[-0.113031,51.587889,32],[-0.112591,51.58733,33.39],[-0.11232,51.586896,34.01],[-0.11228,51.586678,35],[-0.112278,51.586368,36],[-0.112288,51.586218,36],[-0.112323,51.586107,36.05],[-0.112395,51.585961,37.03],[-0.112503,51.585822,37.42],[-0.112676,51.5857,38],[-0.112871,51.585612,38.48],[-0.11312,51.585556,39],[-0.11332,51.585527,39.87],[-0.113787,51.585497,41.56],[-0.114119,51.58546,43],[-0.11438,51.585404,44],[-0.114581,51.58534,44.15],[-0.115001,51.585141,46],[-0.115359,51.584905,47],[-0.115469,51.584824,47.8],[-0.115569,51.584778,48],[-0.1157,51.584628,48],[-0.115979,51.584273,48.31],[-0.116239,51.583997,48],[-0.116599,51.583655,48],[-0.116943,51.583374,47.74],[-0.117143,51.583228,47.42],[-0.117133,51.583197,47.09],[-0.117287,51.583094,47.1],[-0.117343,51.583092,47.31],[-0.117718,51.582918,47],[-0.118028,51.582809,45.88],[-0.119026,51.582432,42],[-0.118994,51.58239,42],[-0.119001,51.58236,42],[-0.11902,51.582341,42],[-0.119056,51.582325,42],[-0.119105,51.582319,42],[-0.119148,51.582326,42],[-0.119199,51.582361,42],[-0.120148,51.582018,41],[-0.12106,51.581662,41.85],[-0.121183,51.581597,41.91],[-0.121497,51.581424,42],[-0.121824,51.581189,42],[-0.123187,51.58011,44],[-0.123362,51.579934,44.45],[-0.123677,51.579539,45],[-0.123762,51.579367,45.34],[-0.12384,51.57877,47],[-0.123888,51.578565,47],[-0.123984,51.57833,48],[-0.124087,51.578192,48],[-0.124533,51.577792,50.02],[-0.124989,51.577336,52.92],[-0.125885,51.576405,62.47],[-0.126065,51.576176,64.61],[-0.126386,51.575747,67.51],[-0.126586,51.575408,69],[-0.126742,51.575117,69.88],[-0.126858,51.574894,69.73],[-0.126919,51.574783,67.39],[-0.127027,51.574592,67.6],[-0.127112,51.574469,69.02],[-0.127145,51.574365,68.57],[-0.12725,51.574353,68.89],[-0.127397,51.574302,69.55],[-0.127476,51.574248,69.36],[-0.127623,51.574178,69.01],[-0.128591,51.574003,71.69],[-0.129192,51.573885,73.13],[-0.129948,51.573773,75.05],[-0.130817,51.573623,77],[-0.131409,51.573489,78.75],[-0.131749,51.573391,79.71],[-0.132208,51.573259,81],[-0.132637,51.573145,82.15],[-0.133413,51.572893,84.67],[-0.135112,51.571985,90.45],[-0.135886,51.571606,94.02],[-0.136226,51.571481,95.02],[-0.136265,51.571446,95.25],[-0.136793,51.571212,96.35],[-0.137652,51.570898,98.31],[-0.137945,51.570759,98.66],[-0.138091,51.570692,93.17],[-0.138599,51.57048,91.94],[-0.13876,51.570385,99.7],[-0.138845,51.570332,100.59],[-0.138945,51.570288,100.77],[-0.139449,51.570008,101.14],[-0.140037,51.569688,99.57],[-0.140281,51.569582,99.24],[-0.140461,51.569504,99],[-0.140761,51.569417,99.49],[-0.140922,51.569382,99.89],[-0.141856,51.569232,100.43],[-0.142166,51.56916,100.31],[-0.142193,51.569168,100.55],[-0.14233,51.569146,100.82],[-0.142385,51.569109,100.88],[-0.14242,51.569064,100.96],[-0.142465,51.568958,100.17],[-0.142464,51.568928,99.88],[-0.142419,51.568857,98.95],[-0.142189,51.568682,96.39],[-0.142053,51.56853,94.8],[-0.141757,51.568013,90.06],[-0.141667,51.567824,88.51],[-0.141517,51.567427,85.22],[-0.141427,51.567,82.15],[-0.141366,51.566481,77.52],[-0.141261,51.56591,72.11],[-0.14117,51.565599,69.58],[-0.141097,51.565367,68.28],[-0.140989,51.565146,67.72],[-0.140656,51.564574,65.81],[-0.140618,51.564405,66],[-0.140619,51.564343,66],[-0.140661,51.564156,66],[-0.140733,51.563914,66],[-0.14077,51.563736,66],[-0.140778,51.563556,66],[-0.140657,51.563189,67.02],[-0.140572,51.562869,68.08],[-0.140555,51.562783,68.88],[-0.140551,51.562561,69.8],[-0.140611,51.562257,70.38],[-0.140678,51.562034,70.19],[-0.1407,51.561981,70.38],[-0.140832,51.561771,70.26],[-0.140947,51.561551,70.02],[-0.140987,51.561425,69.59],[-0.141021,51.561215,69.25],[-0.141044,51.560824,68],[-0.141045,51.560634,67.02],[-0.14101,51.560408,67],[-0.140965,51.560309,66.99],[-0.140879,51.560179,66.06],[-0.140757,51.560041,65.47],[-0.14049,51.559795,62.84],[-0.139467,51.558323,49.54],[-0.139384,51.558204,44.28],[-0.139217,51.557963,47.49],[-0.138618,51.557137,46],[-0.138472,51.556968,46],[-0.138363,51.556941,45.45],[-0.138404,51.556862,45.69],[-0.138477,51.556796,46],[-0.139573,51.555267,49.09],[-0.140528,51.553966,44.97],[-0.140679,51.553709,44],[-0.140748,51.553553,43.31],[-0.14089,51.553231,41.89],[-0.140974,51.552977,41],[-0.141106,51.551942,39],[-0.141152,51.55172,38],[-0.141134,51.551682,38],[-0.140986,51.551529,38],[-0.140719,51.551221,36.85],[-0.140663,51.551052,36.59],[-0.140659,51.551003,36.51],[-0.140708,51.550578,36.98],[-0.140772,51.550171,36],[-0.141099,51.548599,34],[-0.141177,51.548274,33.08],[-0.141543,51.547341,32],[-0.141731,51.546721,31],[-0.141795,51.546362,30],[-0.14179,51.546192,30],[-0.141765,51.545976,30],[-0.141721,51.545791,30],[-0.141689,51.545704,30],[-0.141616,51.545498,30],[-0.141575,51.545456,30],[-0.141481,51.545114,29],[-0.141452,51.544912,29],[-0.141447,51.544772,28.89],[-0.14148,51.544728,28.59],[-0.141495,51.544113,27],[-0.141517,51.544001,27],[-0.141609,51.543813,27],[-0.141668,51.54373,26.97],[-0.141725,51.543596,26.01],[-0.141831,51.542729,26],[-0.141873,51.54252,26],[-0.141929,51.542026,26],[-0.142006,51.541533,25.48],[-0.141982,51.541496,25.39],[-0.142037,51.54114,25.86],[-0.142081,51.541109,26],[-0.1421,51.541143,26.164464813201906],[-0.1421726161763351,51.54069561379513,25.68318891964866],[-0.14224523235267014,51.540248227590254,25.7713576106247],[-0.14231784852900523,51.539800841385386,25.86980242109206],[-0.1423904647053403,51.53935345518052,26.615004946918535],[-0.1424363839557543,51.539070547979804,27.121440385824013],[-0.14233414414234438,51.53862540711044,27.65256127479169],[-0.1423215405473286,51.53857053244806,27.73010293163066],[-0.14198681098665555,51.53817197666381,28.30457984745489],[-0.14165208142598254,51.53777342087956,28.70490170307032],[-0.1413173518653095,51.53737486509531,28.576976660801694],[-0.14117310646230408,51.53720311498276,28.257675237159624],[-0.14078370765384088,51.536824265877684,27.111206544252827],[-0.14039430884537765,51.53644541677261,25.955903465678606],[-0.14000491003691445,51.53606656766754,25.069790094415183],[-0.13961551122845123,51.535687718562464,24.48653607967422],[-0.13922611241998803,51.53530886945739,24.13468279326877],[-0.1390495246363912,51.5351370658403,24.0073979048782],[-0.1390495246363912,51.53468740565844,23.915315107760737],[-0.1390495246363912,51.534362583921194,23.673942361032505],[-0.13918603631755733,51.53392101472365,23.685301482740737],[-0.1392889607843415,51.533588088824445,23.957081629021843],[-0.1392632556635081,51.533138713044636,24.394389887772626],[-0.13923755054267473,51.53268933726483,24.951731329087586],[-0.1392177532717369,51.532343242254285,25.250949084028623],[-0.139171,51.53234,25],[-0.139116,51.532113,25.17],[-0.139087,51.532077,25.34],[-0.139024,51.531862,26],[-0.138949,51.53163,23.67],[-0.138783,51.531123,22.25],[-0.138741,51.531009,24.16],[-0.138661,51.530751,24.53],[-0.138623,51.530379,23.2],[-0.138679,51.530333,23],[-0.138624,51.529591,22.97],[-0.138585,51.529564,22.74],[-0.13859,51.529245,23.1],[-0.138594,51.529229,23.12],[-0.138631,51.529211,23],[-0.138629,51.528349,23.99],[-0.138639,51.527642,26],[-0.138617,51.526397,27],[-0.138593,51.525915,27],[-0.138531,51.525713,27],[-0.138417,51.525492,27],[-0.138295,51.525451,27],[-0.138236,51.525369,27.46],[-0.138044,51.525056,23.45],[-0.137977,51.524962,27.12],[-0.137894,51.524838,27.72],[-0.137845,51.524745,27.44],[-0.137828,51.524691,27.34],[-0.137861,51.52465,27.33],[-0.137791,51.524525,27],[-0.137523,51.524109,27],[-0.137186,51.523636,27],[-0.13658,51.522935,28],[-0.136237,51.52256,28],[-0.135553,51.521866,27.94],[-0.1353,51.521605,27.94],[-0.135031,51.521303,27.95],[-0.134667,51.520933,28],[-0.133807,51.520121,28],[-0.132633,51.518966,28],[-0.132221,51.518559,27],[-0.131356,51.51767,26.41],[-0.130907,51.517223,26],[-0.130778,51.517086,26],[-0.130609,51.516868,26],[-0.130498,51.516699,25.595777302450895],[-0.1303357308824392,51.51626082504821,25.45110685499676],[-0.13017346176487837,51.51582265009641,25.05582277805125],[-0.13001119264731759,51.515384475144614,24.959900179617676],[-0.12984892352975677,51.51494630019282,24.82302017160748],[-0.12974081446327546,51.51465437351135,24.388041779559366],[-0.12954954308027364,51.514220754440345,23.83409949426904],[-0.12935827169727182,51.51378713536934,22.662998196553172],[-0.12916700031426998,51.51335351629834,23.33759169210133],[-0.12915315143808925,51.513322120400375,23.30501277770023],[-0.12889535405655236,51.512902056022696,22.93221117076128],[-0.12863755667501545,51.51248199164501,21.525530457504992],[-0.1285287185516495,51.51230464687026,21.27469146961083],[-0.128548,51.5123,21.5],[-0.128443,51.512113,21],[-0.128388,51.511926,20.86],[-0.12837,51.511733,20],[-0.128413,51.510888,19],[-0.128397,51.510565,18],[-0.128314,51.510257,18],[-0.128161,51.510005,17],[-0.128042,51.509866,17],[-0.127872,51.50973,16.1],[-0.127441,51.509493,16],[-0.12737,51.509439,16],[-0.12732,51.509367,15.83],[-0.127286,51.509271,15],[-0.127238,51.509039,14.18],[-0.127224,51.50885,14],[-0.127191,51.508748,13.53],[-0.127174,51.508476,12],[-0.127041,51.50796,9.69],[-0.127012,51.507804,9],[-0.127054,51.507683,9],[-0.127222,51.507509,8],[-0.127284,51.507463,8],[-0.127301,51.50736,7.09],[-0.127341,51.507302,7],[-0.127413,51.507254,7],[-0.12757,51.5072,6.59],[-0.127737,51.507163,6.75],[-0.127765,51.507163,6.634378693842582],[-0.12807858693770413,51.507005803864615,7.568485761434281],[-0.12826018382389748,51.50684283103445,7.143856304100852],[-0.12885659972092797,51.50658908364415,7.043059350246146],[-0.12892744680229384,51.506558941486475,7.14522809115342],[-0.12946603986523542,51.50640171036625,7.0016642619851766],[-0.13007448172082625,51.506159285572174,6.697713744162559],[-0.13068292357641706,51.5059168607781,6.3382586914355885],[-0.1312913654320079,51.505674435984034,6.313764231845691],[-0.13158884706413687,51.50555590876118,6.190744078793586],[-0.1321896581435635,51.50530623546765,6.130397741027467],[-0.13279046922299018,51.50505656217412,6.116008262754578],[-0.13339128030241681,51.50480688888059,6.065229964850051],[-0.13399209138184348,51.50455721558705,6.039859175733327],[-0.13459290246127012,51.50430754229352,6.0702462237514325],[-0.13519371354069679,51.504057868999986,6.194533449856438],[-0.13579452462012342,51.503808195706455,6.384310041542953],[-0.13581496328637854,51.503799702206095,6.4044000826770375],[-0.13641874412949181,51.503552842162925,6.532636597708928],[-0.1370225249726051,51.50330598211976,6.567562117829146],[-0.13762630581571839,51.50305912207659,6.545561533713266],[-0.13823008665883166,51.50281226203342,6.366650619365877],[-0.13883386750194493,51.50256540199025,6.127687771858771],[-0.1394376483450582,51.50231854194709,5.92296704050583],[-0.14004142918817147,51.50207168190392,5.841936872522131],[-0.14007710538714946,51.50205709543911,5.831789702165672]]},"properties":{"name":"Route C (unused)"}},{"type":"Feature","properties":{"name":"Route D"},"geometry":{"type":"LineString","coordinates":[[-0.156019,51.48478,4.92],[-0.155082,51.484912,5],[-0.154573,51.484993,4.76],[-0.153449,51.485189,5],[-0.152082,51.48539,5.19],[-0.151274,51.485541,7.48],[-0.151083,51.485627,8],[-0.150652,51.485738,9],[-0.150262,51.485825,9.39],[-0.150141,51.485847,9.83],[-0.149912,51.485871,9.36],[-0.149711,51.485864,8.81],[-0.14953,51.485838,8.79],[-0.149443,51.485794,8.6],[-0.149115,51.485772,2.23],[-0.148686,51.485768,7.03],[-0.14775,51.485765,5.99],[-0.146951,51.48578,5],[-0.146598,51.485778,5.31],[-0.146305,51.485767,5],[-0.145449,51.485697,5],[-0.144408,51.485578,5],[-0.143459,51.485447,4.96],[-0.142768,51.485346,6],[-0.142562,51.485315,5],[-0.14108,51.485069,5],[-0.140115,51.484931,5],[-0.139708,51.484912,5],[-0.139243,51.484932,5],[-0.138973,51.484963,5],[-0.137543,51.485204,5],[-0.137139,51.485263,5],[-0.134786,51.485669,5],[-0.134705,51.485725,4.96],[-0.134434,51.485775,5],[-0.133917,51.485867,5],[-0.133821,51.485839,5],[-0.132849,51.486019,5],[-0.132773,51.486072,5],[-0.13262,51.486107,5],[-0.132167,51.486231,5],[-0.131839,51.486343,5],[-0.131666,51.486412,5],[-0.131473,51.486502,5.11],[-0.131354,51.486568,5],[-0.131158,51.48671,5.66],[-0.131037,51.486823,5.71],[-0.130911,51.486979,5.75],[-0.130506,51.487695,6],[-0.130228,51.488071,5.86],[-0.130083,51.48824,6],[-0.129817,51.488496,6],[-0.129536,51.488706,6],[-0.129431,51.488794,6],[-0.129247,51.488905,6],[-0.128962,51.489058,5.84],[-0.128631,51.489221,5],[-0.128244,51.489389,4.84],[-0.127754,51.489575,5],[-0.127701,51.489603,4.64],[-0.127517,51.489668,4.66],[-0.127301,51.489785,4.05],[-0.127185,51.48986,4],[-0.127076,51.489952,4],[-0.12687,51.490156,4],[-0.126831,51.490196,4],[-0.126601,51.490498,4],[-0.12583,51.491417,4],[-0.125728,51.491555,4],[-0.125331,51.492425,4],[-0.125224,51.492744,4],[-0.12513,51.492827,4],[-0.125111,51.49293,4],[-0.125119,51.493416,4.85],[-0.125153,51.493826,5],[-0.125168,51.494192,5.73],[-0.125161,51.494491,5.97],[-0.125228,51.494537,6],[-0.125224,51.494854,6.67],[-0.125206,51.494994,6.02],[-0.12516,51.495055,5.95],[-0.125173,51.495182,5.5],[-0.125241,51.495407,5],[-0.125388,51.495981,5],[-0.125606,51.496944,4],[-0.1257,51.497563,4.65],[-0.12573,51.497915,5],[-0.125742,51.498258,4.07],[-0.125863,51.498697,5],[-0.126156,51.4995,4.532420586177314],[-0.1261233579410921,51.49994920080926,3.61056713407255],[-0.126109193180298,51.50014412791327,3.48123989421373],[-0.12616880986306,51.5003915415096,4.644129266709035],[-0.1261545791638274,51.50084111442128,5.27478495305799],[-0.12614893761067947,51.50101934104484,5.625744796039729],[-0.1254283229417891,51.50098824312394,5.931067154245981],[-0.12470770827289875,51.50095714520304,7.246535900636546],[-0.1242587806334825,51.50093777185856,7.821480106358072],[-0.12412566019760266,51.50137973034485,7.581118855577758],[-0.124085,51.501481,7],[-0.124064,51.501495,7],[-0.124051,51.501692,7],[-0.123995,51.501953,6.41],[-0.123857,51.502491,5.39],[-0.123485,51.503786,4.54],[-0.123225,51.504655,4.46],[-0.122701,51.506046,4],[-0.122588,51.506265,4.63],[-0.122522,51.50632,4.59],[-0.12248,51.506393,5],[-0.122418,51.506463,4.74],[-0.122112,51.506907,4],[-0.121267,51.507944,4],[-0.121028,51.508197,4.37],[-0.120801,51.508419,4.65],[-0.120586,51.508613,4.19],[-0.11986,51.509113,4.94],[-0.11928,51.509442,4.77],[-0.119058,51.509553,5],[-0.119047,51.509596,5],[-0.118924,51.509651,5],[-0.118767,51.509709,5],[-0.11867,51.509723,5],[-0.118565,51.509765,5],[-0.117864,51.509997,4.47],[-0.117348,51.510157,4],[-0.116858,51.510299,4.27],[-0.116489,51.510391,4.44],[-0.115652,51.510572,4.96],[-0.115572,51.510619,5],[-0.115271,51.510679,5],[-0.115092,51.510669,5],[-0.114602,51.51075,5],[-0.113454,51.510912,4.54],[-0.112485,51.511009,5],[-0.112026,51.511044,5],[-0.111562,51.51106,4.65],[-0.110721,51.511072,4.2],[-0.107798,51.511048,5],[-0.107019,51.511032,5],[-0.105888,51.511026,4.36],[-0.104093,51.511016,2.8],[-0.102855,51.511004,4.13],[-0.102657,51.511033,4.34],[-0.102363,51.511057,4.34],[-0.102348,51.511058,4.34],[-0.102375,51.511099,4.01],[-0.102365,51.511145,4.38],[-0.102297,51.511382,5],[-0.102179,51.511896,6.5],[-0.102127,51.51198,7],[-0.102042,51.512174,7.73],[-0.10204,51.512179,7.76],[-0.101942,51.512178,8],[-0.101735,51.512175,8],[-0.101332,51.512149,8.82],[-0.101248,51.512105,8.55],[-0.099734,51.512015,10],[-0.099557,51.512036,10],[-0.098816,51.511994,11],[-0.09875,51.511964,11],[-0.097847,51.511912,12],[-0.097793,51.511929,12],[-0.09765,51.511924,12],[-0.097535,51.511906,12],[-0.097347,51.511904,12],[-0.097235,51.511915,12],[-0.096694,51.511925,13],[-0.096427,51.511946,13.92],[-0.095965,51.511995,14],[-0.095798,51.511977,14],[-0.09432,51.512262,14],[-0.094264,51.512316,14],[-0.093898,51.512385,14],[-0.093732,51.512435,14],[-0.093274,51.512524,14.1],[-0.092499,51.512695,13],[-0.092255,51.512744,13],[-0.092198,51.512729,13],[-0.091621,51.51287,11.949169272446106],[-0.0909368684739106,51.51301464972636,12.276087485162504],[-0.09025273694782118,51.51315929945272,12.377371083919357],[-0.08956860542173178,51.51330394917907,12.822924394736745],[-0.08898860515776619,51.51342658185462,13.789666104799611],[-0.08896,51.513432,13.71],[-0.088946,51.513406,13.87],[-0.088706,51.513403,14],[-0.088538,51.513382,14],[-0.088268,51.513372,14.2],[-0.088135,51.51336,14.13],[-0.088059,51.513372,14.26],[-0.087933,51.51337,14.81],[-0.087878,51.513361,15],[-0.087815,51.513331,15],[-0.087446,51.513323,15],[-0.086412,51.513363,16],[-0.086071,51.513367,16.12],[-0.084963,51.513406,17.02],[-0.084138,51.513416,18],[-0.083605,51.513428,17.02],[-0.082503,51.513468,15.9],[-0.081729,51.513505,16],[-0.08133,51.513519,16.38],[-0.081168,51.513513,16.45],[-0.080343,51.513448,16],[-0.079838,51.513389,16],[-0.079306,51.513317,16.27],[-0.078618,51.513273,16],[-0.077991,51.513244,16],[-0.077692,51.513252,16],[-0.077653,51.513296,16],[-0.077527,51.513346,15.98],[-0.077117,51.513489,15.76],[-0.076771,51.513581,16],[-0.076713,51.513573,16],[-0.076106,51.513759,16],[-0.075297,51.514028,16],[-0.074432,51.514333,15],[-0.074345,51.514408,15],[-0.074001,51.514536,15],[-0.07386,51.514589,15],[-0.07368,51.514635,15],[-0.073561,51.514637,15],[-0.072691,51.51494,14],[-0.072368,51.515044,14],[-0.072331,51.515094,14],[-0.07191,51.515246,14],[-0.071861,51.515268,14],[-0.071773,51.515325,14],[-0.071658,51.515364,14],[-0.071521,51.515397,13.86],[-0.070263,51.515837,13],[-0.070114,51.515899,13],[-0.069746,51.516079,13],[-0.069383,51.51624,13],[-0.069335,51.516259,13],[-0.069263,51.51626,13.23],[-0.068104,51.516797,13.01],[-0.067883,51.516907,13.49],[-0.0674,51.517113,13.8],[-0.067121,51.517221,13],[-0.065897,51.51762,13],[-0.06406,51.518141,13],[-0.063272,51.518341,13],[-0.063191,51.5184,13],[-0.063011,51.51843,13],[-0.062937,51.518445,13],[-0.062819,51.518493,13],[-0.062842,51.518603,12.88],[-0.062904,51.518718,11.65],[-0.063112,51.519122,13],[-0.06334,51.519607,13],[-0.063394,51.519692,13],[-0.063428,51.519705,13],[-0.063457,51.519741,13],[-0.063443,51.519774,13.01],[-0.063499,51.519856,13],[-0.063783,51.520347,12.93],[-0.064069,51.520964,12],[-0.064394,51.521809,11],[-0.064381,51.52204,10.92],[-0.064317,51.522401,11],[-0.064203,51.522936,11],[-0.064142,51.523147,11],[-0.064087,51.523304,11],[-0.063991,51.523521,11],[-0.063948,51.523662,11],[-0.06394,51.523737,11.09],[-0.063957,51.524084,12.05],[-0.063976,51.524166,12.13],[-0.064037,51.524327,12.88],[-0.064246,51.525101,13],[-0.064413,51.525658,14],[-0.064648,51.526538,15],[-0.064622,51.526462,15],[-0.063684,51.52656,15],[-0.063139,51.526608,15],[-0.060564,51.526905,15],[-0.060185,51.52694,14.02],[-0.058798,51.527111,14],[-0.058146,51.527184,14.65],[-0.056962,51.527335,14],[-0.056689,51.527375,14],[-0.055995,51.527454,14],[-0.05584,51.527465,14],[-0.05551,51.527474,14],[-0.055509,51.527517,14],[-0.055505,51.527993,14],[-0.0556,51.528615,14],[-0.05566,51.528799,14],[-0.055921,51.529483,14],[-0.05627,51.530524,14],[-0.056328,51.530652,14],[-0.056392,51.530676,14],[-0.056434,51.530766,14],[-0.056404,51.530806,14],[-0.056723,51.531442,14],[-0.056905,51.532019,15],[-0.056997,51.532361,15],[-0.057057,51.532399,15.04],[-0.057132,51.532548,16],[-0.057187,51.532761,16],[-0.057147,51.532806,16],[-0.057259,51.533323,16],[-0.057289,51.533526,16],[-0.057312,51.533887,16],[-0.057298,51.534246,17],[-0.05729,51.534421,15.94],[-0.057274,51.534601,16.61],[-0.057211,51.534877,16.7],[-0.057189,51.535153,17],[-0.057219,51.535193,17],[-0.057219,51.535225,17],[-0.057183,51.536002,17],[-0.057128,51.536052,17],[-0.057123,51.536162,17],[-0.057098,51.536303,17],[-0.056966,51.536858,17],[-0.056893,51.537379,17],[-0.05691,51.537598,17],[-0.056927,51.537659,17],[-0.05699,51.537756,17],[-0.057019,51.537887,17],[-0.057082,51.537977,17],[-0.05712,51.538055,17.01],[-0.05714,51.538127,17],[-0.057147,51.538299,17],[-0.057139,51.538361,17],[-0.057086,51.538515,17],[-0.057003,51.538555,17],[-0.056804,51.538811,17.02],[-0.055973,51.539764,16],[-0.055971,51.539826,16],[-0.055638,51.540253,16],[-0.05557,51.540282,16],[-0.055524,51.540335,16],[-0.055231,51.540744,16],[-0.055209,51.540797,16.01],[-0.055197,51.540892,16.47],[-0.055225,51.541538,17],[-0.055283,51.541575,17],[-0.0553,51.541886,17],[-0.055312,51.54234,17],[-0.055259,51.542395,17],[-0.055311,51.543214,17],[-0.055328,51.54336,17],[-0.055392,51.543395,17],[-0.055399,51.543499,16.2],[-0.0554,51.543552,16],[-0.055332,51.543585,16.12],[-0.055346,51.544433,16],[-0.055326,51.54474,16],[-0.05521,51.54568,14.01],[-0.055216,51.545743,14],[-0.055239,51.545779,14],[-0.055234,51.545992,13.99],[-0.055138,51.546728,12.01],[-0.055098,51.546894,12],[-0.055042,51.546938,12],[-0.05501,51.547096,12.1],[-0.055023,51.54717,12],[-0.055062,51.547193,11.857101722704273],[-0.05480251284129167,51.54746612561729,12.26057448868555],[-0.05493822741891607,51.54790779483398,13.928777562772268],[-0.05507394199654047,51.54834946405067,14.982772572439677],[-0.055100793983655194,51.54843685109725,15.101640129771651],[-0.05508090857463799,51.548789274968414,15.619006268481826],[-0.05499779752712459,51.54923595522168,16.175261969728346],[-0.054943,51.549536,16],[-0.054978,51.549554,16],[-0.05494,51.549582,16],[-0.054721,51.549627,16],[-0.054638,51.549629,16],[-0.054542,51.549657,16],[-0.054301,51.549789,16],[-0.053854,51.550118,16.29],[-0.053462,51.550479,17],[-0.05325,51.55063,17.68],[-0.053192,51.550648,17.9],[-0.052872,51.550704,17],[-0.052331,51.550794,17],[-0.052006,51.55084,17.28],[-0.051944,51.550859,17.61],[-0.051889,51.550921,18],[-0.051696,51.550989,18],[-0.051649,51.551012,18],[-0.051588,51.551071,18],[-0.051578,51.551083,18],[-0.051583,51.551135,18],[-0.051562,51.551165,18],[-0.051633,51.551334,18],[-0.051751,51.551532,18],[-0.051817,51.551611,18],[-0.052616,51.552384,19],[-0.052637,51.552405,19],[-0.05271,51.552431,19.14],[-0.052763,51.552491,19.66],[-0.052779,51.552515,19.87],[-0.052773,51.552562,19.92],[-0.053427,51.553539,20],[-0.053592,51.553752,20],[-0.054381,51.554681,20],[-0.054627,51.555021,20],[-0.054833,51.555383,20],[-0.055163,51.555898,20],[-0.055258,51.555927,20],[-0.055362,51.556068,20],[-0.055355,51.556139,20],[-0.055657,51.55655,20],[-0.055771,51.556822,20.37],[-0.055863,51.557434,21],[-0.055881,51.557656,21],[-0.055876,51.557785,21],[-0.055922,51.55784,20.903876519071616],[-0.05547701934632443,51.558194481212496,20.666494082497906],[-0.055330956918908214,51.55831083770113,20.497138419019393],[-0.054793364340882965,51.558611644503955,19.219871185018004],[-0.054789,51.558614,19.46],[-0.054779,51.558591,19.53],[-0.05319,51.558958,16],[-0.053026,51.559015,15.38],[-0.051083,51.559845,10.37],[-0.049429,51.56054,8],[-0.047521,51.561361,7],[-0.046553,51.561784,7],[-0.046274,51.561915,8],[-0.045934,51.562059,6.72],[-0.045878,51.562087,6.78],[-0.045827,51.562144,6.84],[-0.045561,51.562261,7.08],[-0.045424,51.562275,7.2],[-0.04476,51.562563,7],[-0.044412,51.562726,7],[-0.044061,51.562851,7],[-0.041481,51.563963,6.02],[-0.041,51.56416,7],[-0.04012,51.564556,6.18],[-0.039639,51.564759,7],[-0.039337,51.564866,7],[-0.038655,51.565151,6.52],[-0.038409,51.565258,7.92],[-0.037548,51.565608,7.31],[-0.036231,51.566166,6],[-0.035732,51.566371,7.67],[-0.035417,51.566485,10],[-0.035028,51.566597,9],[-0.03461,51.566755,8.22],[-0.034469,51.566818,8],[-0.034184,51.566975,7.92],[-0.033801,51.567147,7],[-0.032705,51.567591,6],[-0.031552,51.568041,6],[-0.031159,51.568189,6],[-0.030503,51.568423,6],[-0.029984,51.56859,6],[-0.028769,51.569011,6],[-0.028593,51.569081,6],[-0.028101,51.569257,6],[-0.027605,51.569424,6],[-0.02575,51.570132,9.24],[-0.025284,51.570319,11],[-0.024779,51.570481,12],[-0.024323,51.57065,12],[-0.023478,51.57094,13],[-0.022433,51.571312,14],[-0.020349,51.571999,14],[-0.019588,51.572228,14.46],[-0.019331,51.572297,14],[-0.017582,51.572695,14],[-0.016996,51.572888,14],[-0.015966,51.573266,14.32],[-0.015645,51.573407,15],[-0.015233,51.573644,15],[-0.015173,51.573689,15],[-0.014931,51.573839,15],[-0.014795,51.573948,15],[-0.014145,51.574404,15],[-0.014032,51.574485,15.51],[-0.01384,51.574648,16],[-0.013611,51.574815,16],[-0.013479,51.574911,16],[-0.012947,51.575259,17],[-0.012866,51.575347,17],[-0.012833,51.575408,17],[-0.012701,51.575497,17],[-0.012118,51.575933,18],[-0.011755,51.576222,19],[-0.011313,51.576612,20],[-0.011189,51.576718,20],[-0.011131,51.576754,20.23],[-0.011012,51.576807,20.98],[-0.01074,51.576897,21],[-0.008801,51.577479,23],[-0.008509,51.577557,24],[-0.008138,51.577657,24],[-0.007705,51.577785,25],[-0.007606,51.577825,25],[-0.007407,51.577934,25],[-0.007133,51.578163,25.99],[-0.006807,51.578455,26],[-0.006539,51.578662,26],[-0.006279,51.578822,26.07],[-0.006064,51.578924,26],[-0.005472,51.57916,25],[-0.005139,51.579278,25],[-0.004325,51.579588,24],[-0.004202,51.579644,23.53],[-0.003873,51.579759,23],[-0.003147,51.580056,23],[-0.002843,51.580175,23],[-0.002406,51.580353,23],[-0.002069,51.580508,23],[-0.001885,51.580603,24],[-0.000944,51.581056,26.03],[-0.000147,51.581451,29],[-0.000108,51.581517,29],[-0.000001,51.581551,29],[0.000189,51.581595,30.1],[0.000772,51.581639,31],[0.001157,51.581697,32],[0.001345,51.581744,32],[0.00174,51.581873,33],[0.001918,51.581947,33],[0.002101,51.582027,33],[0.002896,51.582406,34],[0.003568,51.582746,34],[0.004665,51.583284,36],[0.004862,51.583364,36.17],[0.005541,51.583695,37],[0.005623,51.583698,37],[0.005732,51.583758,37],[0.005782,51.583794,37],[0.005858,51.583825,37],[0.005948,51.583783,37],[0.006059,51.583731,36.77],[0.006225,51.583638,36.8],[0.006301,51.583605,36.94],[0.006443,51.583564,36.28],[0.006632,51.583537,36],[0.006922,51.583522,36],[0.010161,51.583419,35],[0.012358,51.583368,33],[0.015034,51.583298,28],[0.015805,51.583287,27],[0.018727,51.583228,27.37],[0.019881,51.583216,26],[0.019968,51.583233,26],[0.020171,51.583231,26],[0.020169,51.583336,26],[0.020194,51.583432,26],[0.020251,51.583496,26],[0.020396,51.584166,28],[0.020543,51.584603,29.1],[0.021086,51.586053,31],[0.021208,51.586501,32],[0.021313,51.586985,32],[0.021444,51.587479,32.1],[0.021847,51.588613,33.02],[0.022031,51.589218,34],[0.022157,51.589784,35],[0.022439,51.591302,38],[0.022485,51.591634,39],[0.022496,51.591926,39.16],[0.022467,51.592165,40],[0.022436,51.592615,41],[0.022426,51.593278,42],[0.022406,51.593549,42],[0.022343,51.593947,42.7],[0.022265,51.594571,43.28],[0.022215,51.594611,43.74],[0.022125,51.594997,44],[0.021965,51.595467,44.36],[0.021882,51.59564,44.37],[0.021832,51.595732,41.62],[0.021796,51.595834,41.46],[0.02184,51.595938,41.03],[0.021745,51.596165,39.98],[0.021695,51.596307,45.36],[0.021607,51.596583,46],[0.021499,51.596654,46],[0.021316,51.597023,47],[0.021182,51.597347,48],[0.021217,51.597423,48],[0.02098,51.597944,49],[0.020522,51.599045,51],[0.020229,51.599674,51],[0.019811,51.600375,50],[0.019645,51.600676,49.86],[0.01956,51.600854,49.28],[0.019453,51.601121,48.92],[0.019389,51.601346,48.32],[0.019342,51.601557,48.55],[0.019333,51.601642,49.29],[0.019329,51.602098,50.96],[0.019311,51.602409,52.88],[0.019283,51.602652,54],[0.019113,51.603298,56],[0.019022,51.603723,57],[0.018757,51.604682,58],[0.018722,51.604709,58.26593338583273],[0.018713737901091463,51.60515863090194,58.684384497859135],[0.018705475802182927,51.60560826180389,59.36540605617215],[0.01870202113866526,51.60579626771988,59.9540270986329],[0.018964438037303577,51.606215353109846,60.757718958107205],[0.019118,51.606478,61.8],[0.019819,51.607078,62.91],[0.019805,51.607157,63],[0.020224,51.607672,63.14],[0.020327,51.607694,63.29],[0.020629,51.608117,64],[0.020963,51.608608,64],[0.020934,51.608669,64],[0.021054,51.608844,64],[0.021149,51.608876,64],[0.021624,51.609594,64.38],[0.02233,51.610568,65.26],[0.022891,51.611208,66],[0.023432,51.611949,67.81],[0.024007,51.612805,69],[0.02467,51.614024,72],[0.024904,51.614516,73.22],[0.024884,51.614591,73.93],[0.025066,51.615058,74],[0.025334,51.615733,74],[0.025709,51.616558,72],[0.025951,51.617034,71],[0.026227,51.617536,69.26],[0.026551,51.618203,69],[0.026747,51.618567,69],[0.027,51.618992,69],[0.027289,51.619542,69],[0.027532,51.620136,70],[0.027677,51.620647,71.63],[0.027728,51.620883,72],[0.02777,51.620917,72.09],[0.028305,51.622759,74],[0.028851,51.624633,72],[0.028878,51.624769,71.9],[0.02917,51.625768,70],[0.029395,51.626393,69.9],[0.029577,51.626966,69],[0.029738,51.627404,69],[0.030323,51.629137,67.9],[0.03097,51.630994,64.99],[0.031323,51.631999,66.24],[0.031878,51.633623,64],[0.032255,51.634683,62],[0.032417,51.635219,60.53],[0.032757,51.636245,59.09],[0.033201,51.637515,60],[0.03327,51.637903,59.32],[0.033544,51.638966,58.02],[0.033673,51.639601,58],[0.033741,51.639748,58.17],[0.033801,51.6402,58],[0.033895,51.640654,57.07],[0.034123,51.641534,56.45],[0.034364,51.642081,55],[0.034621,51.642749,53.71],[0.035387,51.644844,52.39],[0.036567,51.648052,54],[0.036887,51.648973,55.52],[0.03725,51.649911,57.86],[0.037491,51.650572,59.72],[0.038031,51.652053,63.89],[0.03829,51.652722,66.44],[0.038834,51.654279,72.93],[0.038934,51.654538,73.8],[0.039242,51.65516,75.32],[0.039283,51.65542,76],[0.039253,51.655522,76],[0.039268,51.655646,76],[0.039304,51.65569,76],[0.039492,51.655754,76],[0.039608,51.655812,76],[0.039754,51.655906,75.99],[0.039966,51.656209,75.92],[0.040881,51.657427,81.68],[0.041796,51.658644,82.58],[0.042395,51.659431,85.02],[0.042698,51.659869,87.31],[0.043227,51.660581,88.68],[0.043702,51.661155,88.9],[0.04534,51.663063,95.01],[0.046145,51.663882,96.98],[0.04663,51.664303,96.46],[0.047575,51.66494,96.23],[0.048187,51.665339,95],[0.048923,51.665852,94.27],[0.050961,51.667235,95.46],[0.052444,51.668242,94.21],[0.053968,51.669284,94.9],[0.055422,51.670269,99.56],[0.056136,51.670762,102],[0.0602,51.67352,111.99],[0.062127,51.674826,112],[0.062202,51.674888,112],[0.062253,51.674956,112],[0.062262,51.675018,112],[0.062248,51.675082,112],[0.062109,51.675197,112],[0.061899,51.675269,112],[0.061834,51.675273,112],[0.061866,51.675377,112],[0.061895,51.675414,112],[0.06196,51.675428,112],[0.062027,51.67542,112],[0.062156,51.675386,112],[0.062212,51.67538,112],[0.062515,51.675393,112],[0.062585,51.67541,112],[0.062633,51.675441,112.14],[0.062665,51.675481,112.19],[0.062673,51.675523,112.07],[0.062661,51.675652,112.01],[0.062673,51.675523,112.07],[0.062665,51.675481,112.19],[0.062633,51.675441,112.14],[0.062585,51.67541,112],[0.062515,51.675393,112],[0.062212,51.67538,112],[0.062156,51.675386,112],[0.062027,51.67542,112],[0.06196,51.675428,112],[0.061895,51.675414,112],[0.061866,51.675377,112],[0.061834,51.675273,112],[0.062127,51.675257,112],[0.062311,51.675255,112],[0.062494,51.675265,112],[0.062578,51.675273,112],[0.062749,51.675272,112],[0.062848,51.675221,112],[0.06287,51.675197,112.11],[0.062863,51.675107,112.51],[0.062819,51.674998,112.7],[0.062791,51.674957,112.49],[0.062611,51.674911,112.08],[0.062478,51.67491,112.08],[0.062406,51.674925,112.18],[0.062313,51.674912,112.03],[0.062232,51.674882,112],[0.062127,51.674826,112],[0.0602,51.67352,111.99],[0.056136,51.670762,102],[0.055422,51.670269,99.56],[0.053968,51.669284,94.9],[0.052444,51.668242,94.21],[0.050961,51.667235,95.46],[0.048923,51.665852,94.27],[0.048187,51.665339,95],[0.047575,51.66494,96.23],[0.04663,51.664303,96.46],[0.046145,51.663882,96.98],[0.04534,51.663063,95.01],[0.043702,51.661155,88.9],[0.043227,51.660581,88.68],[0.042698,51.659869,87.31],[0.042395,51.659431,85.02],[0.041796,51.658644,82.58],[0.040881,51.657427,81.68],[0.03982,51.65601,76],[0.039754,51.655906,75.99],[0.039709,51.655712,76],[0.039756,51.655637,75.86],[0.039764,51.655536,75.91],[0.039738,51.655457,76.27],[0.039602,51.655377,76.27],[0.039537,51.655357,76.18],[0.039467,51.655349,76.13],[0.039242,51.65516,75.32],[0.038934,51.654538,73.8],[0.038834,51.654279,72.93],[0.03829,51.652722,66.44],[0.038031,51.652053,63.89],[0.03725,51.649911,57.86],[0.036887,51.648973,55.52],[0.036567,51.648052,54],[0.035387,51.644844,52.39],[0.034621,51.642749,53.71],[0.034364,51.642081,55],[0.034123,51.641534,56.45],[0.033895,51.640654,57.07],[0.033801,51.6402,58],[0.033741,51.639748,58.17],[0.033673,51.639601,58],[0.033544,51.638966,58.02],[0.03327,51.637903,59.32],[0.033201,51.637515,60],[0.032757,51.636245,59.09],[0.032417,51.635219,60.53],[0.032255,51.634683,62],[0.031878,51.633623,64],[0.031323,51.631999,66.24],[0.03097,51.630994,64.99],[0.030323,51.629137,67.9],[0.029738,51.627404,69],[0.029577,51.626966,69],[0.029395,51.626393,69.9],[0.02917,51.625768,70],[0.028878,51.624769,71.9],[0.028851,51.624633,72],[0.028305,51.622759,74],[0.02777,51.620917,72.09],[0.027798,51.620882,72],[0.027809,51.620739,72],[0.027804,51.620569,71],[0.027774,51.620435,70.83],[0.027736,51.620331,70.74],[0.027543,51.619925,69.74],[0.027393,51.619544,68.82],[0.02689,51.618531,68.66],[0.02633,51.617518,69],[0.02592,51.61675,71.86],[0.025675,51.616248,73],[0.025414,51.615653,74],[0.025113,51.614831,73.99],[0.025003,51.614586,73.56],[0.024904,51.614516,73.22],[0.02467,51.614024,72],[0.024007,51.612805,69],[0.023432,51.611949,67.81],[0.022891,51.611208,66],[0.02233,51.610568,65.26],[0.021624,51.609594,64.38],[0.021149,51.608876,64],[0.021186,51.608814,63.97],[0.021065,51.608637,64],[0.020963,51.608608,64],[0.020629,51.608117,64],[0.020327,51.607694,63.29],[0.020346,51.607638,63],[0.019927,51.607119,62.98],[0.019819,51.607078,62.91],[0.019112,51.606473,61.81],[0.018859,51.606064,60.41],[0.018779,51.605896,60.43],[0.018712,51.605706,59.8],[0.018682,51.605477,59.38],[0.018692,51.604994,59],[0.018629,51.604893,58.73],[0.018588,51.604863,58.93],[0.018531,51.604837,59],[0.018461,51.604822,59],[0.018287,51.604831,59],[0.018213,51.604846,59.11],[0.017925,51.604829,60.42],[0.017655,51.604775,61],[0.017585,51.604724,60.89],[0.016438,51.603465,62],[0.015655,51.602568,62.35],[0.014746,51.601551,64.38],[0.013836,51.600545,66.81],[0.013482,51.600168,67],[0.012687,51.599103,67],[0.012285,51.598377,64.63],[0.011575,51.596959,61],[0.0115,51.596796,61],[0.011546,51.596669,60.02],[0.011732,51.596367,58.79],[0.011792,51.596238,58.44],[0.011864,51.596033,57.22],[0.01195,51.595893,56.22],[0.012011,51.595734,57.9],[0.012088,51.595578,53.09],[0.012096,51.595498,53.11],[0.012071,51.595418,53.13],[0.012014,51.595346,53.16],[0.011945,51.595296,53.18],[0.011844,51.595239,55.34],[0.011633,51.595132,55.85],[0.011213,51.594967,54.48],[0.010849,51.594814,54.98],[0.010691,51.59474,55],[0.01062,51.594699,54.78],[0.010565,51.59465,54.69],[0.010283,51.594221,53.4],[0.01005,51.594117,53.69],[0.009957,51.594089,53.89],[0.009677,51.59406,53],[0.008065,51.593786,52.89],[0.006113,51.593464,51],[0.005297,51.593301,49],[0.005131,51.593265,48.83],[0.004024,51.593074,46.39],[0.002925,51.592912,42.01],[0.00195,51.592793,39.1],[0.000735,51.592641,35.6],[-0.0003,51.592526,33],[-0.000754,51.592483,32.99],[-0.001014,51.592458,30.72],[-0.001438,51.592409,32.36],[-0.002489,51.59226,28.53],[-0.002912,51.59218,27.07],[-0.00326,51.592104,26],[-0.003995,51.591897,24],[-0.005031,51.59161,24],[-0.006656,51.591332,25.8],[-0.007085,51.591247,26.11],[-0.007345,51.591188,27],[-0.007776,51.591055,27.31],[-0.008172,51.590916,27],[-0.008237,51.590889,27],[-0.008288,51.590823,27],[-0.008449,51.590748,26.65],[-0.008631,51.590673,26],[-0.008905,51.590582,26],[-0.00975,51.590414,25],[-0.010207,51.590314,24],[-0.011125,51.59015,24],[-0.011573,51.590083,24],[-0.012383,51.589994,25],[-0.012869,51.589954,25.95],[-0.014627,51.589847,25.99],[-0.014711,51.589868,25.73],[-0.015314,51.58985,25],[-0.015549,51.589865,25],[-0.015715,51.589888,25],[-0.01712,51.590122,22.12],[-0.017609,51.590223,21.68],[-0.018483,51.590424,20],[-0.019603,51.590715,18],[-0.019952,51.590793,17],[-0.020253,51.590841,17],[-0.020368,51.59085,17],[-0.020594,51.590849,16.27],[-0.02086,51.590824,16],[-0.021282,51.590775,16],[-0.021649,51.590704,16],[-0.022449,51.590503,16],[-0.023002,51.590355,16],[-0.023364,51.590279,16.94],[-0.02357,51.590243,17],[-0.024519,51.590101,19],[-0.025521,51.58997,21.2],[-0.026473,51.589865,23.96],[-0.026957,51.589802,24.76],[-0.02749,51.589719,25],[-0.028593,51.589582,23],[-0.028984,51.589505,23],[-0.029577,51.58934,21.04],[-0.02987,51.589233,20.33],[-0.030113,51.589132,20],[-0.030496,51.588944,19.69],[-0.030613,51.588901,19.01],[-0.032981,51.58819,15],[-0.033452,51.588028,15],[-0.03371,51.587966,15],[-0.033979,51.58792,15],[-0.035272,51.587746,15],[-0.035812,51.587681,14.03],[-0.036427,51.587616,14],[-0.037378,51.587534,14],[-0.038465,51.587431,14.11],[-0.039266,51.587333,13],[-0.040337,51.587242,12],[-0.040759,51.587196,12],[-0.041508,51.587132,10],[-0.04334,51.586911,8],[-0.043837,51.586855,8],[-0.044074,51.586837,8],[-0.044589,51.586768,8],[-0.045782,51.586658,9.54],[-0.049613,51.586278,10],[-0.050587,51.58618,10],[-0.050927,51.586168,10],[-0.051074,51.586173,10],[-0.051313,51.586203,9.79],[-0.051583,51.58625,9.94],[-0.051717,51.586287,10],[-0.051855,51.586343,9.48],[-0.05292,51.586824,8.98],[-0.053313,51.586984,6.99],[-0.053415,51.587026,8.42],[-0.053681,51.587112,9],[-0.05536,51.587516,9],[-0.056182,51.587731,9.64],[-0.056337,51.587763,9.61],[-0.056894,51.587854,9.49],[-0.057162,51.587893,9.66],[-0.057393,51.587916,9],[-0.057957,51.587953,9.97],[-0.058212,51.587963,10],[-0.059681,51.588001,11.96],[-0.060074,51.58801,8.79],[-0.060397,51.588017,11.82],[-0.060556,51.588021,11.72],[-0.06105,51.588046,10],[-0.061149,51.588015,10],[-0.061958,51.588041,8.91],[-0.062036,51.588086,8.43],[-0.062265,51.588114,8],[-0.062498,51.58817,8],[-0.062625,51.588209,8],[-0.062729,51.588209,8],[-0.062783,51.588184,8],[-0.063051,51.588172,8],[-0.063375,51.588114,8],[-0.063434,51.588041,8],[-0.06347,51.587971,8],[-0.063608,51.587555,8],[-0.063716,51.587117,8],[-0.063749,51.586932,8],[-0.063829,51.5862,8],[-0.063977,51.585291,8],[-0.064043,51.585026,8],[-0.06407,51.584979,8],[-0.064176,51.584895,8],[-0.064311,51.584866,8],[-0.0645,51.584845,8],[-0.065968,51.584724,8],[-0.066524,51.58465,8],[-0.067697,51.584456,8],[-0.06802,51.584396,8],[-0.068793,51.584224,8.98],[-0.069126,51.58413,9],[-0.069355,51.58408,9],[-0.069854,51.584042,9],[-0.070523,51.584049,10],[-0.070892,51.584059,10],[-0.071502,51.584075,10],[-0.071605,51.584071,10],[-0.071677,51.584031,10.08],[-0.072124,51.583969,10.33],[-0.072234,51.583932,10.97],[-0.072419,51.583886,11],[-0.072577,51.583885,11],[-0.072728,51.583915,11],[-0.073551,51.583997,11],[-0.074859,51.584153,11.02],[-0.075296,51.584224,11.63],[-0.075417,51.58425,11],[-0.07596,51.58441,11],[-0.078144,51.585138,11],[-0.078318,51.585179,11.35],[-0.078968,51.585207,12],[-0.080571,51.585223,12.46],[-0.081428,51.585241,13],[-0.082219,51.585301,13],[-0.082996,51.585416,14],[-0.083571,51.585532,14],[-0.084188,51.585669,14.11],[-0.084683,51.585803,15],[-0.085736,51.586056,15.91],[-0.086225,51.586155,16],[-0.086772,51.586255,16.69],[-0.087414,51.586332,17],[-0.088334,51.586469,17.69],[-0.088488,51.586471,17.71],[-0.088871,51.586429,17.32],[-0.089195,51.586378,17.49],[-0.089331,51.586332,17.41],[-0.089493,51.586337,17.46],[-0.090405,51.586223,17],[-0.091036,51.586156,17],[-0.091771,51.586092,18],[-0.092325,51.586089,18],[-0.093548,51.586053,18.72],[-0.093986,51.586049,18.9],[-0.094262,51.586085,19],[-0.094456,51.586124,19],[-0.095617,51.586537,20],[-0.096246,51.586736,21.11],[-0.097602,51.58708,22],[-0.09849,51.58739,22.544113104848314],[-0.09910197460050925,51.58763004295381,22.76880809613899],[-0.0997139492010185,51.58787008590763,22.58680033095912],[-0.10032592380152777,51.588110128861445,22.28076971685442],[-0.10079182322860447,51.58829287480313,22.187798044603547],[-0.10138355421715728,51.58855177952184,22.145202414391235],[-0.10197528520571009,51.58881068424056,22.23999640757772],[-0.1021678312051506,51.588894930407804,22.21556727891732],[-0.102124,51.588905,22],[-0.102614,51.589689,22],[-0.102746,51.589853,21.24],[-0.102949,51.590069,21],[-0.103277,51.590383,21],[-0.103412,51.5903,21],[-0.103913,51.590115,21],[-0.10398,51.59011,21],[-0.104052,51.590116,21],[-0.104363,51.590037,21],[-0.104912,51.589918,21],[-0.105657,51.589758,21],[-0.107364,51.58947,22],[-0.107716,51.589424,22],[-0.10822,51.58934,22],[-0.109796,51.588967,23],[-0.109838,51.588929,23],[-0.109871,51.588919,23],[-0.110065,51.588861,23],[-0.11033,51.588799,23],[-0.110758,51.588762,23],[-0.111069,51.58879,23.9],[-0.111369,51.5887,24],[-0.111992,51.588464,26.17],[-0.112752,51.58819,30.29],[-0.112952,51.588121,30.96],[-0.113058,51.588049,31.52],[-0.113156,51.58801,31.88],[-0.113031,51.587889,32],[-0.112591,51.58733,33.39],[-0.11232,51.586896,34.01],[-0.11228,51.586678,35],[-0.112278,51.586368,36],[-0.112288,51.586218,36],[-0.112323,51.586107,36.05],[-0.112395,51.585961,37.03],[-0.112503,51.585822,37.42],[-0.112676,51.5857,38],[-0.112871,51.585612,38.48],[-0.11312,51.585556,39],[-0.11332,51.585527,39.87],[-0.113787,51.585497,41.56],[-0.114119,51.58546,43],[-0.114376,51.585405,43.98],[-0.114581,51.58534,44.15],[-0.115001,51.585141,46],[-0.115359,51.584905,47],[-0.115469,51.584824,47.8],[-0.115569,51.584778,48],[-0.115783,51.584518,48],[-0.116032,51.584215,48.37],[-0.116239,51.583997,48],[-0.11653,51.583717,48],[-0.116943,51.583374,47.74],[-0.117143,51.583228,47.42],[-0.117133,51.583197,47.09],[-0.117287,51.583094,47.1],[-0.117343,51.583092,47.31],[-0.117718,51.582918,47],[-0.118028,51.582809,45.88],[-0.119026,51.582432,42],[-0.118994,51.58239,42],[-0.119001,51.58236,42],[-0.11902,51.582341,42],[-0.119056,51.582325,42],[-0.119105,51.582319,42],[-0.119148,51.582326,42],[-0.119199,51.582361,42],[-0.120148,51.582018,41],[-0.12106,51.581662,41.85],[-0.121379,51.581494,42],[-0.121497,51.581424,42],[-0.121824,51.581189,42],[-0.123187,51.58011,44],[-0.123362,51.579934,44.45],[-0.123677,51.579539,45],[-0.123762,51.579367,45.34],[-0.12384,51.57877,47],[-0.123888,51.578565,47],[-0.123984,51.57833,48],[-0.124087,51.578192,48],[-0.124533,51.577792,50.02],[-0.124989,51.577336,52.92],[-0.125885,51.576405,62.47],[-0.126065,51.576176,64.61],[-0.126386,51.575747,67.51],[-0.126586,51.575408,69],[-0.126742,51.575117,69.88],[-0.126858,51.574894,69.73],[-0.126919,51.574783,67.39],[-0.127027,51.574592,67.6],[-0.127112,51.574469,69.02],[-0.127145,51.574365,68.57],[-0.12725,51.574353,68.89],[-0.127397,51.574302,69.55],[-0.127476,51.574248,69.36],[-0.127623,51.574178,69.01],[-0.128306,51.574052,70.8],[-0.129192,51.573885,73.13],[-0.129948,51.573773,75.05],[-0.130504,51.57368,76.03],[-0.131022,51.57358,77.69],[-0.131409,51.573489,78.75],[-0.132208,51.573259,81],[-0.132637,51.573145,82.15],[-0.133367,51.572909,84.4],[-0.13353,51.572832,85],[-0.135245,51.571916,91.32],[-0.135886,51.571606,94.02],[-0.136226,51.571481,95.02],[-0.136265,51.571446,95.25],[-0.136793,51.571212,96.35],[-0.137652,51.570898,98.31],[-0.137945,51.570759,98.66],[-0.138091,51.570692,93.17],[-0.138599,51.57048,91.94],[-0.13876,51.570385,99.7],[-0.138845,51.570332,100.59],[-0.138945,51.570288,100.77],[-0.139449,51.570008,101.14],[-0.140037,51.569688,99.57],[-0.140461,51.569504,99],[-0.140761,51.569417,99.49],[-0.140922,51.569382,99.89],[-0.141856,51.569232,100.43],[-0.142166,51.56916,100.31],[-0.142193,51.569168,100.55],[-0.14233,51.569146,100.82],[-0.142385,51.569109,100.88],[-0.14242,51.569064,100.96],[-0.142465,51.568958,100.17],[-0.142464,51.568928,99.88],[-0.142419,51.568857,98.95],[-0.142189,51.568682,96.39],[-0.142053,51.56853,94.8],[-0.141757,51.568013,90.06],[-0.141667,51.567824,88.51],[-0.141517,51.567427,85.22],[-0.141424,51.566976,81.93],[-0.141366,51.566481,77.52],[-0.141311,51.566178,74.45],[-0.141261,51.56591,72.11],[-0.14117,51.565599,69.58],[-0.141097,51.565367,68.28],[-0.140989,51.565146,67.72],[-0.140656,51.564574,65.81],[-0.140618,51.564405,66],[-0.140619,51.564343,66],[-0.140661,51.564156,66],[-0.140733,51.563914,66],[-0.14077,51.563736,66],[-0.140778,51.563556,66],[-0.140657,51.563189,67.02],[-0.140572,51.562869,68.08],[-0.140555,51.562783,68.88],[-0.140547,51.562658,69.05],[-0.140559,51.562495,69.79],[-0.140611,51.562257,70.38],[-0.140693,51.561997,70.32],[-0.140832,51.561771,70.26],[-0.140947,51.561551,70.02],[-0.140987,51.561425,69.59],[-0.141021,51.561215,69.25],[-0.141045,51.560634,67.02],[-0.14101,51.560408,67],[-0.140965,51.560309,66.99],[-0.140879,51.560179,66.06],[-0.140757,51.560041,65.47],[-0.14049,51.559795,62.84],[-0.140392,51.559663,61.23],[-0.139467,51.558323,49.54],[-0.139384,51.558204,44.28],[-0.139217,51.557963,47.49],[-0.138618,51.557137,46],[-0.138472,51.556968,46],[-0.138363,51.556941,45.45],[-0.138404,51.556862,45.69],[-0.138477,51.556796,46],[-0.139504,51.555358,49],[-0.139677,51.555131,48.96],[-0.139729,51.555145,48.9],[-0.139677,51.555131,48.96],[-0.140528,51.553966,44.97],[-0.140679,51.553709,44],[-0.14089,51.553231,41.89],[-0.140974,51.552977,41],[-0.141106,51.551942,39],[-0.141152,51.55172,38],[-0.141134,51.551682,38],[-0.140986,51.551529,38],[-0.140719,51.551221,36.85],[-0.140663,51.551052,36.59],[-0.140659,51.551003,36.51],[-0.140686,51.550744,36.68],[-0.140772,51.550171,36],[-0.141099,51.548599,34],[-0.141177,51.548274,33.08],[-0.141543,51.547341,32],[-0.141731,51.546721,31],[-0.141795,51.546362,30],[-0.14179,51.546192,30],[-0.141765,51.545976,30],[-0.141721,51.545791,30],[-0.141689,51.545704,30],[-0.141616,51.545498,30],[-0.141575,51.545456,30],[-0.141481,51.545114,29],[-0.141452,51.544912,29],[-0.141447,51.544772,28.89],[-0.14148,51.544728,28.59],[-0.141495,51.544113,27],[-0.141517,51.544001,27],[-0.141609,51.543813,27],[-0.141668,51.54373,26.97],[-0.1417,51.543662,26.43],[-0.141725,51.543596,26.01],[-0.141751,51.543434,26.300201360688863],[-0.14182444815749082,51.542986666212556,26.333922244728406],[-0.14189789631498165,51.542539332425115,26.067985307093743],[-0.14197134447247245,51.54209199863767,26.075240263846275],[-0.14204479262996328,51.54164466485023,26.45184010873319],[-0.1421182407874541,51.54119733106279,26.300050670459964],[-0.14219168894494494,51.54074999727535,25.789890350507967],[-0.14226513710243577,51.54030266348791,25.871924993878725],[-0.1423385852599266,51.539855329700465,25.908958075948703],[-0.1424120334174174,51.539407995913024,26.539587685716604],[-0.14244525128120245,51.539205683515746,26.92112626883054],[-0.14241849383383645,51.538756331425866,27.510054002782702],[-0.1424125245413279,51.538656085911896,27.659748549118376],[-0.14209667077046842,51.538251612909725,28.19125938434793],[-0.14185616997170314,51.53794363469615,28.574047864927266],[-0.14148422684570383,51.53755805427118,28.713099858494868],[-0.1414634490990636,51.53753651470822,28.70572718548074],[-0.14107197558928028,51.53715849303351,28.11442215825859],[-0.14068050207949692,51.536780471358796,26.973611646258238],[-0.1402890285697136,51.53640244968408,25.824545377246725],[-0.13989755505993026,51.53602442800937,24.972551184448548],[-0.1395060815501469,51.535646406334656,24.43864592487425],[-0.13911460804036357,51.53526838465994,24.043840436512006],[-0.1390826322991927,51.53523750767101,24.034534437521316],[-0.1390332209504095,51.53480720864761,24.038663305002874],[-0.1391415111930249,51.534362622654164,23.663774980942772],[-0.1392498014356403,51.53391803666072,23.686289344542054],[-0.13928027769074447,51.53379291628215,23.798589784256734],[-0.13931386251366043,51.53334374169459,24.14868674429477],[-0.1393474473365764,51.532894567107014,24.62075695451651],[-0.139379100387373,51.53247122868203,25.169136068570804],[-0.13924001717917397,51.53202997096288,25.600433219410217],[-0.13910093397097498,51.53158871324374,19.65757258242309],[-0.13896185076277595,51.5311474555246,24.174511035203636],[-0.13888498690675988,51.53090359596578,24.497354419286978],[-0.138858,51.530907,24.77],[-0.138917,51.531084,24.5],[-0.13896,51.531213,21.01],[-0.139111,51.531695,22.86],[-0.139131,51.531767,25.2],[-0.139174,51.531911,26],[-0.139041,51.531912,26],[-0.138783,51.531123,22.25],[-0.138741,51.531009,24.16],[-0.138661,51.530751,24.53],[-0.138623,51.530379,23.2],[-0.138679,51.530333,23],[-0.138624,51.529591,22.97],[-0.138585,51.529564,22.74],[-0.13859,51.529245,23.1],[-0.138594,51.529229,23.12],[-0.138631,51.529211,23],[-0.138629,51.528349,23.99],[-0.138641,51.527783,25.1],[-0.138625,51.526573,27],[-0.138593,51.525915,27],[-0.13854,51.525739,27],[-0.138417,51.525492,27],[-0.138295,51.525451,27],[-0.138236,51.525369,27.46],[-0.138044,51.525056,23.45],[-0.137977,51.524962,27.12],[-0.137894,51.524838,27.72],[-0.137845,51.524745,27.44],[-0.137828,51.524691,27.34],[-0.137861,51.52465,27.33],[-0.137791,51.524525,27],[-0.137523,51.524109,27],[-0.137186,51.523636,27],[-0.13658,51.522935,28],[-0.136307,51.522636,28],[-0.1353,51.521605,27.94],[-0.135031,51.521303,27.95],[-0.134667,51.520933,28],[-0.133807,51.520121,28],[-0.132633,51.518966,28],[-0.132221,51.518559,27],[-0.131356,51.51767,26.41],[-0.130907,51.517223,26],[-0.130778,51.517086,26],[-0.130609,51.516868,26],[-0.130434,51.516603,25.589779761924724],[-0.13028827578455604,51.51616257904393,25.381484090966964],[-0.13014255156911209,51.515722158087854,24.9925922412894],[-0.12999682735366813,51.51528173713178,24.955503857538066],[-0.12985110313822418,51.5148413161757,24.70524693870429],[-0.12977071888616365,51.51459837159001,24.348144518018387],[-0.12957457450285023,51.51416559629363,23.80204531408011],[-0.12937843011953679,51.51373282099725,23.021812235826182],[-0.12936725098811053,51.513708155228926,23.034736639223738],[-0.1291335941119649,51.51328265610167,23.261226782136674],[-0.12890317118296934,51.51286304612998,22.829966282171785],[-0.12866496638194488,51.512438525662695,21.567581249143196],[-0.12851577669118797,51.51217264488716,20.917154109165118],[-0.12842117148332102,51.511726856050096,20.206869628547597],[-0.12839251480772873,51.51159182303897,20.011221732954215],[-0.1284439913430485,51.51114330557859,19.185359811246162],[-0.12846295016950648,51.510978116436746,18.868330037002554],[-0.12837490596757561,51.5105835863979,17.741124922034523],[-0.12826925292418423,51.51022193086126,17.242438952632632],[-0.12795124535882182,51.50981817166565,16.361252487299684],[-0.12782903191200035,51.50966300302076,15.589512794034897],[-0.12730085950351222,51.509356191672374,15.18866667776898],[-0.1273007666965782,51.50935613776153,15.188492963495891],[-0.12725824229641328,51.508907257177405,13.911827630441714],[-0.12721571789624836,51.508458376593275,12.059861416246232],[-0.12718974831042829,51.508184245910485,10.421297268195866],[-0.127216,51.508182,10.29],[-0.127235,51.508256,10.59],[-0.127326,51.508465,11.67],[-0.127279,51.508556,12.26],[-0.127248,51.508569,12.38],[-0.12718,51.508574,12.42],[-0.127174,51.508476,12],[-0.127041,51.50796,9.69],[-0.127012,51.507804,9],[-0.127054,51.507683,9],[-0.127222,51.507509,8],[-0.127284,51.507463,8],[-0.127301,51.50736,7.09],[-0.127341,51.507302,7],[-0.127413,51.507254,7],[-0.12757,51.5072,6.59],[-0.127761,51.507163,6.626173139519441],[-0.1282934169834086,51.50685906406644,7.23890223785142],[-0.1285094875176469,51.50673571788931,6.551410832376587],[-0.12913825371616316,51.50651428967218,7.281445318597504],[-0.12976701991467943,51.50629286145506,6.819622982578633],[-0.13039578611319572,51.50607143323793,6.58990433170281],[-0.13061883714888722,51.505992882906696,6.482263851298278],[-0.13121847975448347,51.50574211211098,6.382639847303244],[-0.13181812236007973,51.50549134131526,6.234885227848115],[-0.13239513157537885,51.505250035813106,6.157255037936507],[-0.13298880204867297,51.504993828604775,6.094372168298554],[-0.1335824725219671,51.504737621396444,6.08732817032233],[-0.13417614299526118,51.50448141418812,6.018588234625524],[-0.1344767266068061,51.50435169291774,6.037902035690638],[-0.1350691810378972,51.50409440563722,6.184441148435593],[-0.1356616354689883,51.5038371183567,6.363249095543989],[-0.13567017442500173,51.50383341011408,6.36386041705835],[-0.13627882054508822,51.503591223299686,6.504033126291006],[-0.1368874666651747,51.50334903648529,6.581134376099488],[-0.1374961127852612,51.503106849670885,6.572167784233714],[-0.13810475890534768,51.50286466285649,6.388162023734708],[-0.13871340502543417,51.50262247604209,6.1704574097161355],[-0.13932205114552065,51.502380289227695,5.981850946914185],[-0.13993069726560714,51.5021381024133,5.824190980029034],[-0.14005540129045357,51.50208848134528,5.859501893432735]]}},{"type":"Feature","properties":{"name":"Route B Line"},"geometry":{"type":"LineString","coordinates":[[-0.14009217801844898,51.50204952163523,5.823],[-0.13974317013224213,51.50219259072123,5.873],[-0.13913985531129286,51.50243990805536,6.03],[-0.13853654049034358,51.50268722538949,6.223],[-0.13793322566939434,51.502934542723615,6.479],[-0.13732991084844506,51.50318186005774,6.535],[-0.1367265960274958,51.503429177391865,6.559],[-0.13612328120654654,51.503676494725994,6.5],[-0.13551996638559727,51.503923812060115,6.297],[-0.13491665156464802,51.504171129394244,6.113],[-0.13431333674369875,51.50441844672837,6.056],[-0.13371002192274947,51.504665764062494,6.053],[-0.13310670710180023,51.50491308139662,6.066],[-0.13250339228085095,51.50516039873075,6.135],[-0.13190007745990168,51.50540771606487,6.162],[-0.13129676263895243,51.505655033399,6.29],[-0.13069344781800316,51.50590235073313,6.31],[-0.1300901329970539,51.50614966806725,6.692],[-0.12948681817610463,51.50639698540138,6.991],[-0.1292531042109033,51.50642287411259,6.985],[-0.12912901130042087,51.50647533456407,7.132],[-0.12864402871787206,51.50666370056513,6.795],[-0.1283069849724825,51.50681948141121,7.071],[-0.12820993425876281,51.50686632720485,7.247],[-0.1281326898128441,51.5069341302426,7.575],[-0.12810694166415715,51.506990838159936,7.582],[-0.1280376197252906,51.507031519883526,7.459],[-0.12794254963782237,51.507089460457024,7.028],[-0.127754,51.507163,6.612],[-0.127737,51.507163,18.97],[-0.127703,51.507144,18.9],[-0.127609,51.507094,18.7],[-0.127445,51.506927,18.97],[-0.127396,51.506851,19],[-0.127231,51.506483,19],[-0.127097,51.50625,19],[-0.1269705780890149,51.506152021786306,4.545],[-0.12691934426506696,51.50604823535161,4.577],[-0.1267071612936661,51.50561840770243,4.409],[-0.12665782813257198,51.50550882581809,4.115],[-0.12646290208303412,51.50507584395882,4.153],[-0.12629,51.504739,4.169],[-0.12623,51.504777,14.69],[-0.125907,51.504862,14.56],[-0.125875,51.504892,14.58],[-0.125855,51.504895,14.6],[-0.125481,51.504938,15.63],[-0.125281,51.504952,16.21],[-0.125105,51.504953,16.7],[-0.124836,51.504935,17.58],[-0.124591,51.504892,17.72],[-0.123225,51.504655,18.05],[-0.123044,51.505134,20.03],[-0.122701,51.506046,23.79],[-0.122588,51.506265,24.25],[-0.122522,51.50632,24.28],[-0.12248,51.506393,23.87],[-0.122418,51.506463,23.17],[-0.122112,51.506907,19.6],[-0.121455,51.507721,13.4],[-0.121248,51.507964,13.38],[-0.121028,51.508197,14.1],[-0.120586,51.508613,17.4],[-0.11986,51.509113,18.82],[-0.11928,51.509442,16.23],[-0.119058,51.509553,16.57],[-0.118988,51.509553,16.27],[-0.118699,51.509664,16.56],[-0.11867,51.509723,17.21],[-0.118565,51.509765,17.25],[-0.117864,51.509997,15.78],[-0.117348,51.510157,15.05],[-0.116858,51.510299,16.54],[-0.116489,51.510391,17.19],[-0.11572,51.510561,17.38],[-0.115652,51.510572,17.35],[-0.115535,51.510562,17.08],[-0.11519,51.510624,16.98],[-0.115092,51.510669,17.14],[-0.114602,51.51075,16.59],[-0.113454,51.510912,15.33],[-0.112485,51.511009,13.91],[-0.112026,51.511044,14.41],[-0.111562,51.51106,14.78],[-0.110721,51.511072,15.17],[-0.107798,51.511048,7.78],[-0.107019,51.511032,9.36],[-0.102855,51.511004,7.88],[-0.10259,51.510964,7.35],[-0.102119,51.510979,8.19],[-0.101833,51.511012,9.05],[-0.101463,51.511069,10.38],[-0.100673,51.511144,11.18],[-0.0989,51.511187,12.95],[-0.096849,51.511144,15.01],[-0.095454,51.511104,16.1],[-0.095084,51.51108,15.93],[-0.0948,51.511047,15.55],[-0.093084,51.510835,16.75],[-0.09273,51.510774,17.34],[-0.091494,51.510536,18.88],[-0.091172,51.510465,19.69],[-0.09092,51.510423,20.15],[-0.090865,51.51044,20.18],[-0.090299,51.510349,24.1],[-0.089946,51.510284,26.33],[-0.089758,51.510236,27.31],[-0.089697,51.510179,26.83],[-0.089061,51.509999,26.86],[-0.088564,51.509867,24.2],[-0.088359,51.50982,23.31],[-0.088267,51.509838,23.35],[-0.087657,51.50974,20.77],[-0.087565,51.509695,20.09],[-0.087348,51.509662,20.17]]}}]}